solid OpenSCAD_Model
  facet normal -0.9987954562861785 -0.04906767267850405 0
    outer loop
      vertex 20.25884409248829 -0.09115880727767944 0
      vertex 20.112370498478413 2.8903797939419746 6
      vertex 20.112370498478413 2.8903797939419746 0
    endloop
  endfacet
  facet normal -0.9891765099037807 -0.1467304748665927 0
    outer loop
      vertex 18.953215070068836 10.704770922660828 0
      vertex 20.112370498478413 2.8903797939419746 0
      vertex 18.953215070068836 10.704770922660828 6
    endloop
  endfacet
  facet normal -0.9700312531748002 -0.24298017998208588 0
    outer loop
      vertex 18.953215070068836 10.704770922660828 0
      vertex 17.03369702398777 18.367916516959667 6
      vertex 17.03369702398777 18.367916516959667 0
    endloop
  endfacet
  facet normal -0.803207531420664 -0.5956993045733083 0
    outer loop
      vertex 6.933303788304329 39.72340375930071 0
      vertex 2.2273414954543114 46.068659372627735 6
      vertex 2.2273414954543114 46.068659372627735 0
    endloop
  endfacet
  facet normal -0.8577286099725008 -0.5141027442395554 0
    outer loop
      vertex 6.933303788304329 39.72340375930071 0
      vertex 10.994661778211594 32.947437316179276 0
      vertex 6.933303788304329 39.72340375930071 6
    endloop
  endfacet
  facet normal -0.9415440653301117 -0.3368898529811283 0
    outer loop
      vertex 17.03369702398777 18.367916516959667 0
      vertex 14.372302368283272 25.80601630359888 6
      vertex 14.372302368283272 25.80601630359888 0
    endloop
  endfacet
  facet normal -0.9039892930593008 -0.4275550935659001 0
    outer loop
      vertex 14.372302368283272 25.80601630359888 0
      vertex 10.994661778211594 32.947437316179276 6
      vertex 10.994661778211594 32.947437316179276 0
    endloop
  endfacet
  facet normal 0 0 -1
    outer loop
      vertex 20.25884409248829 -0.09115880727767944 0
      vertex 20.112370498478413 2.8903797939419746 0
      vertex 79.08209628611803 3.506625421345234 0
    endloop
  endfacet
  facet normal 0 0 1
    outer loop
      vertex 21.71927109360695 0.7143680974841118 1.5
      vertex 77.52755379676819 4.616863384842873 1.5
      vertex 21.60514758527279 3.0374055057764053 1.5
    endloop
  endfacet
  facet normal 0.06104853951267387 -0.9981347984232237 0
    outer loop
      vertex 20.25884409248829 -0.09115880727767944 0
      vertex 79.08209628611803 3.506625421345234 0
      vertex 20.25884409248829 -0.09115880727767944 6
    endloop
  endfacet
  facet normal 0 0 -1
    outer loop
      vertex 18.953215070068836 10.704770922660828 0
      vertex 76.81954661756754 22.215099923312664 0
      vertex 20.112370498478413 2.8903797939419746 0
    endloop
  endfacet
  facet normal 0 0 -1
    outer loop
      vertex 18.953215070068836 10.704770922660828 0
      vertex 17.03369702398777 18.367916516959667 0
      vertex 73.49317683279514 35.494712479412556 0
    endloop
  endfacet
  facet normal 0 0 1
    outer loop
      vertex 18.469107531011105 18.803343534469604 1.5
      vertex 20.424392990767956 10.997406408190727 1.5
      vertex 75.34836869686842 21.922464437782764 1.5
    endloop
  endfacet
  facet normal 0 0 1
    outer loop
      vertex 21.60514758527279 3.0374055057764053 1.5
      vertex 75.34836869686842 21.922464437782764 1.5
      vertex 20.424392990767956 10.997406408190727 1.5
    endloop
  endfacet
  facet normal 0 0 -1
    outer loop
      vertex 6.933303788304329 39.72340375930071 0
      vertex 63.02801637351513 60.75984478741884 0
      vertex 10.994661778211594 32.947437316179276 0
    endloop
  endfacet
  facet normal 0 0 1
    outer loop
      vertex 8.180508211255074 40.55675910413265 1.5
      vertex 12.317543677985668 33.65453241765499 1.5
      vertex 61.705134481191635 60.052749678492546 1.5
    endloop
  endfacet
  facet normal 0 0 -1
    outer loop
      vertex 17.03369702398777 18.367916516959667 0
      vertex 14.372302368283272 25.80601630359888 0
      vertex 73.49317683279514 35.494712479412556 0
    endloop
  endfacet
  facet normal 0 0 1
    outer loop
      vertex 18.469107531011105 18.803343534469604 1.5
      vertex 72.05776633322239 35.05928546190262 1.5
      vertex 15.75812166929245 26.38004145026207 1.5
    endloop
  endfacet
  facet normal 0 0 -1
    outer loop
      vertex 14.372302368283272 25.80601630359888 0
      vertex 10.994661778211594 32.947437316179276 0
      vertex 68.88119478523731 48.384338818490505 0
    endloop
  endfacet
  facet normal 0 0 1
    outer loop
      vertex 15.75812166929245 26.38004145026207 1.5
      vertex 67.49537548422813 47.810313664376736 1.5
      vertex 12.317543677985668 33.65453241765499 1.5
    endloop
  endfacet
  facet normal -0.9987954562861785 -0.04906767267850405 0
    outer loop
      vertex 20.25884409248829 -0.09115880727767944 0
      vertex 20.25884409248829 -0.09115880727767944 6
      vertex 20.112370498478413 2.8903797939419746 6
    endloop
  endfacet
  facet normal -0.9891765099037807 -0.1467304748665927 0
    outer loop
      vertex 18.953215070068836 10.704770922660828 6
      vertex 20.112370498478413 2.8903797939419746 0
      vertex 20.112370498478413 2.8903797939419746 6
    endloop
  endfacet
  facet normal 0 0 1
    outer loop
      vertex 19.867826309771104 5.165644128742397 4.5
      vertex 21.25952106176362 5.367430264380037 4.5
      vertex 19.466046968195812 7.936668011837472 4.5
    endloop
  endfacet
  facet normal 0 0 1
    outer loop
      vertex 19.466046968195812 7.936668011837472 4.5
      vertex 21.25952106176362 5.367430264380037 4.5
      vertex 20.848673533419955 8.137139322968794 4.5
    endloop
  endfacet
  facet normal 0.9896513868196707 0.1434926219911758 0
    outer loop
      vertex 19.867826309771104 5.165644128742397 4.5
      vertex 19.466046968195812 7.936668011837472 4.5
      vertex 19.466046968195812 7.936668011837472 6
    endloop
  endfacet
  facet normal 0.1434926219911791 -0.9896513868196702 0
    outer loop
      vertex 19.466046968195812 7.936668011837472 4.5
      vertex 20.848673533419955 8.137139322968794 4.5
      vertex 20.848673533419955 8.137139322968794 6
    endloop
  endfacet
  facet normal 0.9700312532662808 0.24298017961687496 9.404657099569882e-16
    outer loop
      vertex 18.469107531011105 18.803343534469604 1.5
      vertex 18.5050884038847 18.659699837842894 4.5
      vertex 20.424392990767956 10.997406408190727 1.5
    endloop
  endfacet
  facet normal 0.9700312532662854 0.24298017961685647 0
    outer loop
      vertex 18.469107531011105 18.803343534469604 1.5
      vertex 18.469107531011105 18.803343534469604 4.5
      vertex 18.5050884038847 18.659699837842894 4.5
    endloop
  endfacet
  facet normal 0.941544065231257 0.3368898532574087 0
    outer loop
      vertex 18.469107531011105 18.803343534469604 1.5
      vertex 17.57508870980776 21.30195875594346 4.5
      vertex 18.469107531011105 18.803343534469604 4.5
    endloop
  endfacet
  facet normal -0.9700312531748002 -0.24298017998208588 0
    outer loop
      vertex 18.953215070068836 10.704770922660828 0
      vertex 18.953215070068836 10.704770922660828 6
      vertex 17.03369702398777 18.367916516959667 6
    endloop
  endfacet
  facet normal 0.9700312532662806 0.2429801796168753 0
    outer loop
      vertex 20.424392990767956 10.997406408190727 1.5
      vertex 18.5050884038847 18.659699837842894 6
      vertex 20.424392990767956 10.997406408190727 6
    endloop
  endfacet
  facet normal 0.9700312532662806 0.2429801796168753 0
    outer loop
      vertex 20.424392990767956 10.997406408190727 1.5
      vertex 18.5050884038847 18.659699837842894 4.5
      vertex 18.5050884038847 18.659699837842894 6
    endloop
  endfacet
  facet normal 0 0 1
    outer loop
      vertex 17.09467188992312 18.208221952254277 4.5
      vertex 18.5050884038847 18.659699837842894 4.5
      vertex 18.469107531011105 18.803343534469604 4.5
    endloop
  endfacet
  facet normal 0 0 1
    outer loop
      vertex 17.09467188992312 18.208221952254277 4.5
      vertex 18.469107531011105 18.803343534469604 4.5
      vertex 16.241051852644688 20.87493019125546 4.5
    endloop
  endfacet
  facet normal -0.9415440653301117 -0.3368898529811283 0
    outer loop
      vertex 17.03369702398777 18.367916516959667 0
      vertex 17.03369702398777 18.367916516959667 6
      vertex 14.372302368283272 25.80601630359888 6
    endloop
  endfacet
  facet normal 0.9415440652312564 0.33688985325741017 -1.3832903850373586e-15
    outer loop
      vertex 18.469107531011105 18.803343534469604 1.5
      vertex 15.75812166929245 26.38004145026207 6
      vertex 17.57508870980776 21.30195875594346 4.5
    endloop
  endfacet
  facet normal 0 0 1
    outer loop
      vertex 16.241051852644688 20.87493019125546 4.5
      vertex 18.469107531011105 18.803343534469604 4.5
      vertex 17.57508870980776 21.30195875594346 4.5
    endloop
  endfacet
  facet normal 0.9523957996432783 0.3048642990280112 0
    outer loop
      vertex 17.09467188992312 18.208221952254277 4.5
      vertex 16.241051852644688 20.87493019125546 4.5
      vertex 16.241051852644688 20.87493019125546 6
    endloop
  endfacet
  facet normal -0.3048642990280105 0.9523957996432785 0
    outer loop
      vertex 17.09467188992312 18.208221952254277 4.5
      vertex 18.5050884038847 18.659699837842894 6
      vertex 18.5050884038847 18.659699837842894 4.5
    endloop
  endfacet
  facet normal 0.304864299028011 -0.9523957996432783 0
    outer loop
      vertex 16.241051852644688 20.87493019125546 4.5
      vertex 17.57508870980776 21.30195875594346 4.5
      vertex 17.57508870980776 21.30195875594346 6
    endloop
  endfacet
  facet normal -0.14349262199118085 0.9896513868196699 0
    outer loop
      vertex 19.867826309771104 5.165644128742397 4.5
      vertex 19.867826309771104 5.165644128742397 6
      vertex 21.25952106176362 5.367430264380037 6
    endloop
  endfacet
  facet normal 0 0 1
    outer loop
      vertex 20.112370498478413 2.8903797939419746 6
      vertex 21.60514758527279 3.0374055057764053 6
      vertex 19.867826309771104 5.165644128742397 6
    endloop
  endfacet
  facet normal 0 0 1
    outer loop
      vertex 20.112370498478413 2.8903797939419746 6
      vertex 19.867826309771104 5.165644128742397 6
      vertex 19.466046968195812 7.936668011837472 6
    endloop
  endfacet
  facet normal 0.9896513868196707 0.1434926219911758 0
    outer loop
      vertex 19.867826309771104 5.165644128742397 4.5
      vertex 19.466046968195812 7.936668011837472 6
      vertex 19.867826309771104 5.165644128742397 6
    endloop
  endfacet
  facet normal 0.1434926219911791 -0.9896513868196702 0
    outer loop
      vertex 19.466046968195812 7.936668011837472 4.5
      vertex 20.848673533419955 8.137139322968794 6
      vertex 19.466046968195812 7.936668011837472 6
    endloop
  endfacet
  facet normal 0 0 1
    outer loop
      vertex 18.953215070068836 10.704770922660828 6
      vertex 20.112370498478413 2.8903797939419746 6
      vertex 19.466046968195812 7.936668011837472 6
    endloop
  endfacet
  facet normal 0 0 1
    outer loop
      vertex 18.953215070068836 10.704770922660828 6
      vertex 19.466046968195812 7.936668011837472 6
      vertex 20.848673533419955 8.137139322968794 6
    endloop
  endfacet
  facet normal 0 0 1
    outer loop
      vertex 18.953215070068836 10.704770922660828 6
      vertex 20.848673533419955 8.137139322968794 6
      vertex 20.424392990767956 10.997406408190727 6
    endloop
  endfacet
  facet normal 0 0 1
    outer loop
      vertex 18.953215070068836 10.704770922660828 6
      vertex 17.09467188992312 18.208221952254277 6
      vertex 17.03369702398777 18.367916516959667 6
    endloop
  endfacet
  facet normal 0 0 1
    outer loop
      vertex 18.953215070068836 10.704770922660828 6
      vertex 20.424392990767956 10.997406408190727 6
      vertex 17.09467188992312 18.208221952254277 6
    endloop
  endfacet
  facet normal 0 0 1
    outer loop
      vertex 20.424392990767956 10.997406408190727 6
      vertex 18.5050884038847 18.659699837842894 6
      vertex 17.09467188992312 18.208221952254277 6
    endloop
  endfacet
  facet normal -0.3048642990280105 0.9523957996432785 0
    outer loop
      vertex 17.09467188992312 18.208221952254277 4.5
      vertex 17.09467188992312 18.208221952254277 6
      vertex 18.5050884038847 18.659699837842894 6
    endloop
  endfacet
  facet normal 0.9523957996432783 0.3048642990280112 0
    outer loop
      vertex 17.09467188992312 18.208221952254277 4.5
      vertex 16.241051852644688 20.87493019125546 6
      vertex 17.09467188992312 18.208221952254277 6
    endloop
  endfacet
  facet normal 0.304864299028011 -0.9523957996432783 0
    outer loop
      vertex 16.241051852644688 20.87493019125546 4.5
      vertex 17.57508870980776 21.30195875594346 6
      vertex 16.241051852644688 20.87493019125546 6
    endloop
  endfacet
  facet normal 0.9415440652312568 0.3368898532574099 0
    outer loop
      vertex 15.75812166929245 26.38004145026207 6
      vertex 17.57508870980776 21.30195875594346 6
      vertex 17.57508870980776 21.30195875594346 4.5
    endloop
  endfacet
  facet normal 0 0 1
    outer loop
      vertex 17.03369702398777 18.367916516959667 6
      vertex 17.09467188992312 18.208221952254277 6
      vertex 16.241051852644688 20.87493019125546 6
    endloop
  endfacet
  facet normal 0 0 1
    outer loop
      vertex 17.03369702398777 18.367916516959667 6
      vertex 16.241051852644688 20.87493019125546 6
      vertex 14.372302368283272 25.80601630359888 6
    endloop
  endfacet
  facet normal 0 0 1
    outer loop
      vertex 14.372302368283272 25.80601630359888 6
      vertex 16.241051852644688 20.87493019125546 6
      vertex 17.57508870980776 21.30195875594346 6
    endloop
  endfacet
  facet normal 0.8032075313291459 0.5956993046967061 8.45879679868768e-16
    outer loop
      vertex 3.3868571743369102 47.02024929970503 1.5
      vertex 4.79003862249553 45.12827813556851 4.5
      vertex 6.4580056069381016 42.879285005393974 4.5
    endloop
  endfacet
  facet normal 0.8577286100105702 0.5141027441760403 0
    outer loop
      vertex 8.180508211255074 40.55675910413265 1.5
      vertex 8.180508211255074 40.55675910413265 6
      vertex 12.317543677985668 33.65453241765499 1.5
    endloop
  endfacet
  facet normal 0.8032075313291461 0.5956993046967057 1.4716333833710002e-16
    outer loop
      vertex 8.180508211255074 40.55675910413265 1.5
      vertex 3.3868571743369102 47.02024929970503 1.5
      vertex 6.4580056069381016 42.879285005393974 4.5
    endloop
  endfacet
  facet normal 0 0 1
    outer loop
      vertex 5.338586362429311 42.043375008170564 4.5
      vertex 6.4580056069381016 42.879285005393974 4.5
      vertex 3.6632774808314608 44.28688568370553 4.5
    endloop
  endfacet
  facet normal 0.8032075313291466 0.5956993046967053 0
    outer loop
      vertex 3.3868571743369102 47.02024929970503 1.5
      vertex 3.3868571743369102 47.02024929970503 6
      vertex 4.79003862249553 45.12827813556851 4.5
    endloop
  endfacet
  facet normal 0 0 1
    outer loop
      vertex 3.6632774808314608 44.28688568370553 4.5
      vertex 6.4580056069381016 42.879285005393974 4.5
      vertex 4.79003862249553 45.12827813556851 4.5
    endloop
  endfacet
  facet normal 0.8012538126910591 0.5983246005706612 0
    outer loop
      vertex 5.338586362429311 42.043375008170564 4.5
      vertex 3.6632774808314608 44.28688568370553 4.5
      vertex 3.6632774808314608 44.28688568370553 6
    endloop
  endfacet
  facet normal 0.5983246005706582 -0.8012538126910613 0
    outer loop
      vertex 3.6632774808314608 44.28688568370553 4.5
      vertex 4.79003862249553 45.12827813556851 4.5
      vertex 4.79003862249553 45.12827813556851 6
    endloop
  endfacet
  facet normal -0.8577286099725008 -0.5141027442395554 0
    outer loop
      vertex 10.994661778211594 32.947437316179276 0
      vertex 10.994661778211594 32.947437316179276 6
      vertex 6.933303788304329 39.72340375930071 6
    endloop
  endfacet
  facet normal -0.803207531420664 -0.5956993045733083 0
    outer loop
      vertex 6.933303788304329 39.72340375930071 0
      vertex 6.933303788304329 39.72340375930071 6
      vertex 2.2273414954543114 46.068659372627735 6
    endloop
  endfacet
  facet normal 0.803207531329146 0.595699304696706 0
    outer loop
      vertex 8.180508211255074 40.55675910413265 1.5
      vertex 6.4580056069381016 42.879285005393974 4.5
      vertex 6.4580056069381016 42.879285005393974 6
    endloop
  endfacet
  facet normal 0.803207531329146 0.595699304696706 0
    outer loop
      vertex 8.180508211255074 40.55675910413265 1.5
      vertex 6.4580056069381016 42.879285005393974 6
      vertex 8.180508211255074 40.55675910413265 6
    endloop
  endfacet
  facet normal -0.5983246005706594 0.8012538126910604 0
    outer loop
      vertex 5.338586362429311 42.043375008170564 4.5
      vertex 6.4580056069381016 42.879285005393974 6
      vertex 6.4580056069381016 42.879285005393974 4.5
    endloop
  endfacet
  facet normal 0.9039892930662701 0.427555093551165 -1.7659600603596498e-15
    outer loop
      vertex 15.75812166929245 26.38004145026207 1.5
      vertex 12.317543677985668 33.65453241765499 1.5
      vertex 13.452164672306054 31.255577882849323 4.5
    endloop
  endfacet
  facet normal 0.9039892930662692 0.4275550935511668 0
    outer loop
      vertex 12.317543677985668 33.65453241765499 1.5
      vertex 12.317543677985668 33.65453241765499 4.5
      vertex 13.452164672306054 31.255577882849323 4.5
    endloop
  endfacet
  facet normal 0.8577286100105668 0.5141027441760461 0
    outer loop
      vertex 12.317543677985668 33.65453241765499 1.5
      vertex 12.241414563636695 33.78154617156236 4.5
      vertex 12.317543677985668 33.65453241765499 4.5
    endloop
  endfacet
  facet normal 0.9415440652312568 0.3368898532574095 0
    outer loop
      vertex 18.469107531011105 18.803343534469604 1.5
      vertex 15.75812166929245 26.38004145026207 1.5
      vertex 15.75812166929245 26.38004145026207 6
    endloop
  endfacet
  facet normal -0.9039892930593008 -0.4275550935659001 0
    outer loop
      vertex 14.372302368283272 25.80601630359888 0
      vertex 14.372302368283272 25.80601630359888 6
      vertex 10.994661778211594 32.947437316179276 6
    endloop
  endfacet
  facet normal 0.9039892930662704 0.42755509355116406 0
    outer loop
      vertex 15.75812166929245 26.38004145026207 1.5
      vertex 13.452164672306054 31.255577882849323 6
      vertex 15.75812166929245 26.38004145026207 6
    endloop
  endfacet
  facet normal 0 0 1
    outer loop
      vertex 12.206903370765517 30.61422616883499 4.5
      vertex 13.452164672306054 31.255577882849323 4.5
      vertex 10.924856408438032 33.10347416499505 4.5
    endloop
  endfacet
  facet normal 0 0 1
    outer loop
      vertex 10.924856408438032 33.10347416499505 4.5
      vertex 13.452164672306054 31.255577882849323 4.5
      vertex 12.317543677985668 33.65453241765499 4.5
    endloop
  endfacet
  facet normal 0 0 1
    outer loop
      vertex 10.924856408438032 33.10347416499505 4.5
      vertex 12.317543677985668 33.65453241765499 4.5
      vertex 12.241414563636695 33.78154617156236 4.5
    endloop
  endfacet
  facet normal 0.9039892930662704 0.42755509355116406 0
    outer loop
      vertex 15.75812166929245 26.38004145026207 1.5
      vertex 13.452164672306054 31.255577882849323 4.5
      vertex 13.452164672306054 31.255577882849323 6
    endloop
  endfacet
  facet normal 0.8890171414857355 0.4578739151169587 0
    outer loop
      vertex 12.206903370765517 30.61422616883499 4.5
      vertex 10.924856408438032 33.10347416499505 4.5
      vertex 10.924856408438032 33.10347416499505 6
    endloop
  endfacet
  facet normal 0.45787391511695646 -0.8890171414857366 0
    outer loop
      vertex 10.924856408438032 33.10347416499505 4.5
      vertex 12.241414563636695 33.78154617156236 4.5
      vertex 12.241414563636695 33.78154617156236 6
    endloop
  endfacet
  facet normal -0.4578739151169553 0.8890171414857373 0
    outer loop
      vertex 12.206903370765517 30.61422616883499 4.5
      vertex 13.452164672306054 31.255577882849323 6
      vertex 13.452164672306054 31.255577882849323 4.5
    endloop
  endfacet
  facet normal 0.8577286100105703 0.5141027441760402 3.405167188750425e-16
    outer loop
      vertex 12.317543677985668 33.65453241765499 1.5
      vertex 8.180508211255074 40.55675910413265 6
      vertex 12.241414563636695 33.78154617156236 4.5
    endloop
  endfacet
  facet normal 0.8012538126910591 0.5983246005706612 0
    outer loop
      vertex 5.338586362429311 42.043375008170564 4.5
      vertex 3.6632774808314608 44.28688568370553 6
      vertex 5.338586362429311 42.043375008170564 6
    endloop
  endfacet
  facet normal 0.5983246005706582 -0.8012538126910613 0
    outer loop
      vertex 3.6632774808314608 44.28688568370553 4.5
      vertex 4.79003862249553 45.12827813556851 6
      vertex 3.6632774808314608 44.28688568370553 6
    endloop
  endfacet
  facet normal 0.8032075313291465 0.5956993046967052 0
    outer loop
      vertex 3.3868571743369102 47.02024929970503 6
      vertex 4.79003862249553 45.12827813556851 6
      vertex 4.79003862249553 45.12827813556851 4.5
    endloop
  endfacet
  facet normal 0 0 1
    outer loop
      vertex 6.933303788304329 39.72340375930071 6
      vertex 5.338586362429311 42.043375008170564 6
      vertex 2.2273414954543114 46.068659372627735 6
    endloop
  endfacet
  facet normal 0 0 1
    outer loop
      vertex 2.2273414954543114 46.068659372627735 6
      vertex 5.338586362429311 42.043375008170564 6
      vertex 3.6632774808314608 44.28688568370553 6
    endloop
  endfacet
  facet normal 0 0 1
    outer loop
      vertex 2.2273414954543114 46.068659372627735 6
      vertex 3.6632774808314608 44.28688568370553 6
      vertex 4.79003862249553 45.12827813556851 6
    endloop
  endfacet
  facet normal 0 0 1
    outer loop
      vertex 2.2273414954543114 46.068659372627735 6
      vertex 4.79003862249553 45.12827813556851 6
      vertex 3.3868571743369102 47.02024929970503 6
    endloop
  endfacet
  facet normal 0 0 1
    outer loop
      vertex 6.933303788304329 39.72340375930071 6
      vertex 10.994661778211594 32.947437316179276 6
      vertex 10.924856408438032 33.10347416499505 6
    endloop
  endfacet
  facet normal 0 0 1
    outer loop
      vertex 6.933303788304329 39.72340375930071 6
      vertex 10.924856408438032 33.10347416499505 6
      vertex 12.241414563636695 33.78154617156236 6
    endloop
  endfacet
  facet normal 0 0 1
    outer loop
      vertex 6.933303788304329 39.72340375930071 6
      vertex 12.241414563636695 33.78154617156236 6
      vertex 8.180508211255074 40.55675910413265 6
    endloop
  endfacet
  facet normal -0.5983246005706594 0.8012538126910604 0
    outer loop
      vertex 5.338586362429311 42.043375008170564 4.5
      vertex 5.338586362429311 42.043375008170564 6
      vertex 6.4580056069381016 42.879285005393974 6
    endloop
  endfacet
  facet normal 0 0 1
    outer loop
      vertex 6.933303788304329 39.72340375930071 6
      vertex 8.180508211255074 40.55675910413265 6
      vertex 5.338586362429311 42.043375008170564 6
    endloop
  endfacet
  facet normal 0 0 1
    outer loop
      vertex 8.180508211255074 40.55675910413265 6
      vertex 6.4580056069381016 42.879285005393974 6
      vertex 5.338586362429311 42.043375008170564 6
    endloop
  endfacet
  facet normal 0 0 1
    outer loop
      vertex 14.372302368283272 25.80601630359888 6
      vertex 15.75812166929245 26.38004145026207 6
      vertex 12.206903370765517 30.61422616883499 6
    endloop
  endfacet
  facet normal 0.8890171414857355 0.4578739151169587 0
    outer loop
      vertex 12.206903370765517 30.61422616883499 4.5
      vertex 10.924856408438032 33.10347416499505 6
      vertex 12.206903370765517 30.61422616883499 6
    endloop
  endfacet
  facet normal -0.4578739151169553 0.8890171414857373 0
    outer loop
      vertex 12.206903370765517 30.61422616883499 4.5
      vertex 12.206903370765517 30.61422616883499 6
      vertex 13.452164672306054 31.255577882849323 6
    endloop
  endfacet
  facet normal 0.45787391511695646 -0.8890171414857366 0
    outer loop
      vertex 10.924856408438032 33.10347416499505 4.5
      vertex 12.241414563636695 33.78154617156236 6
      vertex 10.924856408438032 33.10347416499505 6
    endloop
  endfacet
  facet normal 0 0 1
    outer loop
      vertex 14.372302368283272 25.80601630359888 6
      vertex 12.206903370765517 30.61422616883499 6
      vertex 10.994661778211594 32.947437316179276 6
    endloop
  endfacet
  facet normal 0 0 1
    outer loop
      vertex 10.994661778211594 32.947437316179276 6
      vertex 12.206903370765517 30.61422616883499 6
      vertex 10.924856408438032 33.10347416499505 6
    endloop
  endfacet
  facet normal 0 0 1
    outer loop
      vertex 15.75812166929245 26.38004145026207 6
      vertex 13.452164672306054 31.255577882849323 6
      vertex 12.206903370765517 30.61422616883499 6
    endloop
  endfacet
  facet normal 0 0 1
    outer loop
      vertex 14.372302368283272 25.80601630359888 6
      vertex 17.57508870980776 21.30195875594346 6
      vertex 15.75812166929245 26.38004145026207 6
    endloop
  endfacet
  facet normal 0.8577286100105703 0.5141027441760402 0
    outer loop
      vertex 8.180508211255074 40.55675910413265 6
      vertex 12.241414563636695 33.78154617156236 6
      vertex 12.241414563636695 33.78154617156236 4.5
    endloop
  endfacet
  facet normal 0.9987954562353438 0.0490676737132651 0
    outer loop
      vertex 21.71927109360695 0.7143680974841118 1.5
      vertex 21.60514758527279 3.0374055057764053 1.5
      vertex 21.60514758527279 3.0374055057764053 6
    endloop
  endfacet
  facet normal 0.989176509967684 0.14673047443579113 3.912193519390051e-15
    outer loop
      vertex 21.60514758527279 3.0374055057764053 1.5
      vertex 20.848673533419955 8.137139322968794 4.5
      vertex 21.25952106176362 5.367430264380037 4.5
    endloop
  endfacet
  facet normal 0.9891765099676836 0.14673047443579357 0
    outer loop
      vertex 21.60514758527279 3.0374055057764053 1.5
      vertex 20.424392990767956 10.997406408190727 1.5
      vertex 20.424392990767956 10.997406408190727 6
    endloop
  endfacet
  facet normal 0.9987954562353438 0.0490676737132651 0
    outer loop
      vertex 21.71927109360695 0.7143680974841118 1.5
      vertex 21.60514758527279 3.0374055057764053 6
      vertex 21.71927109360695 0.7143680974841118 6
    endloop
  endfacet
  facet normal 0.9891765099676832 0.14673047443579607 0
    outer loop
      vertex 21.60514758527279 3.0374055057764053 1.5
      vertex 21.25952106176362 5.367430264380037 4.5
      vertex 21.25952106176362 5.367430264380037 6
    endloop
  endfacet
  facet normal 0.9891765099676832 0.14673047443579607 0
    outer loop
      vertex 21.60514758527279 3.0374055057764053 1.5
      vertex 21.25952106176362 5.367430264380037 6
      vertex 21.60514758527279 3.0374055057764053 6
    endloop
  endfacet
  facet normal -0.14349262199118085 0.9896513868196699 0
    outer loop
      vertex 19.867826309771104 5.165644128742397 4.5
      vertex 21.25952106176362 5.367430264380037 6
      vertex 21.25952106176362 5.367430264380037 4.5
    endloop
  endfacet
  facet normal 0.9891765099676829 0.1467304744357982 -8.491282823787512e-15
    outer loop
      vertex 21.60514758527279 3.0374055057764053 1.5
      vertex 20.424392990767956 10.997406408190727 6
      vertex 20.848673533419955 8.137139322968794 4.5
    endloop
  endfacet
  facet normal -0.06975647370649579 0.9975640502624555 0
    outer loop
      vertex 21.71927109360695 0.7143680974841118 1.5
      vertex 21.71927109360695 0.7143680974841118 6
      vertex 77.52755379676819 4.616863384842873 1.5
    endloop
  endfacet
  facet normal 0 0 1
    outer loop
      vertex 20.25884409248829 -0.09115880727767944 6
      vertex 21.71927109360695 0.7143680974841118 6
      vertex 20.112370498478413 2.8903797939419746 6
    endloop
  endfacet
  facet normal 0 0 1
    outer loop
      vertex 21.71927109360695 0.7143680974841118 6
      vertex 21.60514758527279 3.0374055057764053 6
      vertex 20.112370498478413 2.8903797939419746 6
    endloop
  endfacet
  facet normal 0 0 1
    outer loop
      vertex 21.60514758527279 3.0374055057764053 6
      vertex 21.25952106176362 5.367430264380037 6
      vertex 19.867826309771104 5.165644128742397 6
    endloop
  endfacet
  facet normal 0.9891765099676836 0.1467304744357939 0
    outer loop
      vertex 20.424392990767956 10.997406408190727 6
      vertex 20.848673533419955 8.137139322968794 6
      vertex 20.848673533419955 8.137139322968794 4.5
    endloop
  endfacet
  facet normal 0 0 1
    outer loop
      vertex 20.25884409248829 -0.09115880727767944 6
      vertex 79.08209628611803 3.506625421345234 6
      vertex 21.71927109360695 0.7143680974841118 6
    endloop
  endfacet
  facet normal -0.9238795325112861 -0.3826834323650914 0
    outer loop
      vertex 35.92495871339271 32.56863446858168 5.9
      vertex 35.92495871339271 32.56863446858168 6.9
      vertex 34.39422498393235 36.26415259862682 5.9
    endloop
  endfacet
  facet normal 0.38268343236508934 -0.923879532511287 0
    outer loop
      vertex 35.92495871339271 32.56863446858168 5.9
      vertex 48.85927216855073 37.92620252169293 6.9
      vertex 35.92495871339271 32.56863446858168 6.9
    endloop
  endfacet
  facet normal -0.9238795325112861 -0.3826834323650914 0
    outer loop
      vertex 35.92495871339271 32.56863446858168 6.9
      vertex 34.39422498393235 36.26415259862682 6.9
      vertex 34.39422498393235 36.26415259862682 5.9
    endloop
  endfacet
  facet normal 0 0 -1
    outer loop
      vertex 35.92495871339271 32.56863446858168 5.9
      vertex 34.39422498393235 36.26415259862682 5.9
      vertex 48.85927216855073 37.92620252169293 5.9
    endloop
  endfacet
  facet normal -0.38268343236508934 0.923879532511287 0
    outer loop
      vertex 34.39422498393235 36.26415259862682 5.9
      vertex 34.39422498393235 36.26415259862682 6.9
      vertex 47.328538439090366 41.62172065173807 6.9
    endloop
  endfacet
  facet normal -0.7409511246091106 -0.6715589556699355 0
    outer loop
      vertex 2.2273414954543114 46.068659372627735 0
      vertex 0.2226478010416031 48.28049801290035 6
      vertex 0.2226478010416031 48.28049801290035 0
    endloop
  endfacet
  facet normal 0 0 -1
    outer loop
      vertex 2.2273414954543114 46.068659372627735 0
      vertex 0.2226478010416031 48.28049801290035 0
      vertex 44.360985949635506 87.33080090582371 0
    endloop
  endfacet
  facet normal 0 0 1
    outer loop
      vertex 1.8249191790819168 48.74358230084181 1.5
      vertex 3.3868571743369102 47.02024929970503 1.5
      vertex 44.04681520164013 85.44651656597853 1.5
    endloop
  endfacet
  facet normal 0 0 -1
    outer loop
      vertex 6.933303788304329 39.72340375930071 0
      vertex 2.2273414954543114 46.068659372627735 0
      vertex 55.99001091718674 72.502047508955 0
    endloop
  endfacet
  facet normal 0 0 1
    outer loop
      vertex 8.180508211255074 40.55675910413265 1.5
      vertex 54.74280649423599 71.66869215667248 1.5
      vertex 3.3868571743369102 47.02024929970503 1.5
    endloop
  endfacet
  facet normal 0 0 -1
    outer loop
      vertex 2.2273414954543114 46.068659372627735 0
      vertex 47.834958240389824 83.49786314368248 0
      vertex 55.99001091718674 72.502047508955 0
    endloop
  endfacet
  facet normal 0 0 1
    outer loop
      vertex 3.3868571743369102 47.02024929970503 1.5
      vertex 54.74280649423599 71.66869215667248 1.5
      vertex 46.675442561507225 82.54627321660519 1.5
    endloop
  endfacet
  facet normal -0.662620048190504 0.7489557208113269 0
    outer loop
      vertex 0.2226478010416031 48.28049801290035 0
      vertex 44.360985949635506 87.33080090582371 6
      vertex 44.360985949635506 87.33080090582371 0
    endloop
  endfacet
  facet normal 0 0 -1
    outer loop
      vertex 2.2273414954543114 46.068659372627735 0
      vertex 44.360985949635506 87.33080090582371 0
      vertex 47.834958240389824 83.49786314368248 0
    endloop
  endfacet
  facet normal 0 0 1
    outer loop
      vertex 3.3868571743369102 47.02024929970503 1.5
      vertex 46.675442561507225 82.54627321660519 1.5
      vertex 44.04681520164013 85.44651656597853 1.5
    endloop
  endfacet
  facet normal 0.7409511235584102 0.6715589568292045 0
    outer loop
      vertex 1.8249191790819168 48.74358230084181 1.5
      vertex 1.8249191790819168 48.74358230084181 6
      vertex 3.3868571743369102 47.02024929970503 1.5
    endloop
  endfacet
  facet normal -0.7409511246091106 -0.6715589556699355 0
    outer loop
      vertex 2.2273414954543114 46.068659372627735 0
      vertex 2.2273414954543114 46.068659372627735 6
      vertex 0.2226478010416031 48.28049801290035 6
    endloop
  endfacet
  facet normal 0.7409511235584102 0.6715589568292045 0
    outer loop
      vertex 3.3868571743369102 47.02024929970503 1.5
      vertex 1.8249191790819168 48.74358230084181 6
      vertex 3.3868571743369102 47.02024929970503 6
    endloop
  endfacet
  facet normal -0.662620048190504 0.7489557208113269 0
    outer loop
      vertex 0.2226478010416031 48.28049801290035 0
      vertex 0.2226478010416031 48.28049801290035 6
      vertex 44.360985949635506 87.33080090582371 6
    endloop
  endfacet
  facet normal 0.6560590290645371 -0.7547095801584189 0
    outer loop
      vertex 1.8249191790819168 48.74358230084181 1.5
      vertex 44.04681520164013 85.44651656597853 6
      vertex 1.8249191790819168 48.74358230084181 6
    endloop
  endfacet
  facet normal 0 0 1
    outer loop
      vertex 2.2273414954543114 46.068659372627735 6
      vertex 1.8249191790819168 48.74358230084181 6
      vertex 0.2226478010416031 48.28049801290035 6
    endloop
  endfacet
  facet normal 0 0 1
    outer loop
      vertex 2.2273414954543114 46.068659372627735 6
      vertex 3.3868571743369102 47.02024929970503 6
      vertex 1.8249191790819168 48.74358230084181 6
    endloop
  endfacet
  facet normal 0 0 1
    outer loop
      vertex 0.2226478010416031 48.28049801290035 6
      vertex 1.8249191790819168 48.74358230084181 6
      vertex 44.04681520164013 85.44651656597853 6
    endloop
  endfacet
  facet normal 0.6560590290645371 -0.7547095801584189 0
    outer loop
      vertex 1.8249191790819168 48.74358230084181 1.5
      vertex 44.04681520164013 85.44651656597853 1.5
      vertex 44.04681520164013 85.44651656597853 6
    endloop
  endfacet
  facet normal 0 0 1
    outer loop
      vertex 0.2226478010416031 48.28049801290035 6
      vertex 44.04681520164013 85.44651656597853 6
      vertex 44.360985949635506 87.33080090582371 6
    endloop
  endfacet
  facet normal 0 0 -1
    outer loop
      vertex 20.112370498478413 2.8903797939419746 0
      vertex 78.82826936990023 8.673391073942184 0
      vertex 79.08209628611803 3.506625421345234 0
    endloop
  endfacet
  facet normal 0 0 -1
    outer loop
      vertex 20.112370498478413 2.8903797939419746 0
      vertex 76.81954661756754 22.215099923312664 0
      vertex 78.82826936990023 8.673391073942184 0
    endloop
  endfacet
  facet normal 0 0 1
    outer loop
      vertex 21.60514758527279 3.0374055057764053 1.5
      vertex 77.52755379676819 4.616863384842873 1.5
      vertex 77.33549228310585 8.526365362107754 1.5
    endloop
  endfacet
  facet normal 0 0 1
    outer loop
      vertex 21.60514758527279 3.0374055057764053 1.5
      vertex 77.33549228310585 8.526365362107754 1.5
      vertex 75.34836869686842 21.922464437782764 1.5
    endloop
  endfacet
  facet normal 0 0 -1
    outer loop
      vertex 18.953215070068836 10.704770922660828 0
      vertex 73.49317683279514 35.494712479412556 0
      vertex 76.81954661756754 22.215099923312664 0
    endloop
  endfacet
  facet normal 0 0 1
    outer loop
      vertex 18.469107531011105 18.803343534469604 1.5
      vertex 75.34836869686842 21.922464437782764 1.5
      vertex 72.05776633322239 35.05928546190262 1.5
    endloop
  endfacet
  facet normal 0 0 -1
    outer loop
      vertex 14.372302368283272 25.80601630359888 0
      vertex 68.88119478523731 48.384338818490505 0
      vertex 73.49317683279514 35.494712479412556 0
    endloop
  endfacet
  facet normal 0 0 1
    outer loop
      vertex 15.75812166929245 26.38004145026207 1.5
      vertex 72.05776633322239 35.05928546190262 1.5
      vertex 67.49537548422813 47.810313664376736 1.5
    endloop
  endfacet
  facet normal 0.9987954562410916 0.04906767359626704 0
    outer loop
      vertex 79.08209628611803 3.506625421345234 0
      vertex 78.82826936990023 8.673391073942184 0
      vertex 79.08209628611803 3.506625421345234 6
    endloop
  endfacet
  facet normal 0.989176509994419 0.14673047425555905 0
    outer loop
      vertex 78.82826936990023 8.673391073942184 0
      vertex 76.81954661756754 22.215099923312664 0
      vertex 78.82826936990023 8.673391073942184 6
    endloop
  endfacet
  facet normal 0.9700312531415735 0.2429801801147339 0
    outer loop
      vertex 76.81954661756754 22.215099923312664 0
      vertex 73.49317683279514 35.494712479412556 0
      vertex 76.81954661756754 22.215099923312664 6
    endloop
  endfacet
  facet normal 0.9415440652333149 0.3368898532516573 2.4077117754431697e-15
    outer loop
      vertex 73.49317683279514 35.494712479412556 0
      vertex 68.88119478523731 48.384338818490505 0
      vertex 73.24700216517894 36.1827245850537 4.5
    endloop
  endfacet
  facet normal 0.06104853951267387 -0.9981347984232237 0
    outer loop
      vertex 20.25884409248829 -0.09115880727767944 6
      vertex 79.08209628611803 3.506625421345234 0
      vertex 79.08209628611803 3.506625421345234 6
    endloop
  endfacet
  facet normal -0.06975647370649579 0.9975640502624555 0
    outer loop
      vertex 21.71927109360695 0.7143680974841118 6
      vertex 77.52755379676819 4.616863384842873 6
      vertex 77.52755379676819 4.616863384842873 1.5
    endloop
  endfacet
  facet normal 0 0 1
    outer loop
      vertex 21.71927109360695 0.7143680974841118 6
      vertex 79.08209628611803 3.506625421345234 6
      vertex 77.52755379676819 4.616863384842873 6
    endloop
  endfacet
  facet normal 0 0 -1
    outer loop
      vertex 34.39422498393235 36.26415259862682 5.9
      vertex 47.328538439090366 41.62172065173807 5.9
      vertex 48.85927216855073 37.92620252169293 5.9
    endloop
  endfacet
  facet normal -0.38268343236508934 0.923879532511287 0
    outer loop
      vertex 34.39422498393235 36.26415259862682 5.9
      vertex 47.328538439090366 41.62172065173807 6.9
      vertex 47.328538439090366 41.62172065173807 5.9
    endloop
  endfacet
  facet normal 0.38268343236508934 -0.923879532511287 0
    outer loop
      vertex 35.92495871339271 32.56863446858168 5.9
      vertex 48.85927216855073 37.92620252169293 5.9
      vertex 48.85927216855073 37.92620252169293 6.9
    endloop
  endfacet
  facet normal 0.9238795325112861 0.3826834323650914 0
    outer loop
      vertex 48.85927216855073 37.92620252169293 5.9
      vertex 47.328538439090366 41.62172065173807 5.9
      vertex 47.328538439090366 41.62172065173807 6.9
    endloop
  endfacet
  facet normal 0.9238795325112861 0.3826834323650914 0
    outer loop
      vertex 48.85927216855073 37.92620252169293 5.9
      vertex 47.328538439090366 41.62172065173807 6.9
      vertex 48.85927216855073 37.92620252169293 6.9
    endloop
  endfacet
  facet normal -0.9987954562383294 -0.04906767365249044 0
    outer loop
      vertex 77.52755379676819 4.616863384842873 1.5
      vertex 77.52755379676819 4.616863384842873 6
      vertex 77.33549228310585 8.526365362107754 1.5
    endloop
  endfacet
  facet normal 0.9987954562410916 0.04906767359626704 0
    outer loop
      vertex 78.82826936990023 8.673391073942184 0
      vertex 78.82826936990023 8.673391073942184 6
      vertex 79.08209628611803 3.506625421345234 6
    endloop
  endfacet
  facet normal -0.9987954562383294 -0.04906767365249044 0
    outer loop
      vertex 77.33549228310585 8.526365362107754 1.5
      vertex 77.52755379676819 4.616863384842873 6
      vertex 77.33549228310585 8.526365362107754 6
    endloop
  endfacet
  facet normal -0.989176509957433 -0.14673047450489782 3.806458559405658e-15
    outer loop
      vertex 75.34836869686842 21.922464437782764 1.5
      vertex 76.61353873322363 13.393380855879776 4.5
      vertex 76.20269120468637 16.16308991444047 4.5
    endloop
  endfacet
  facet normal -0.9891765099574328 -0.14673047450489946 0
    outer loop
      vertex 77.33549228310585 8.526365362107754 1.5
      vertex 77.33549228310585 8.526365362107754 6
      vertex 75.34836869686842 21.922464437782764 1.5
    endloop
  endfacet
  facet normal 0.9891765099944193 0.1467304742555558 -7.559777379846004e-15
    outer loop
      vertex 78.82826936990023 8.673391073942184 6
      vertex 76.81954661756754 22.215099923312664 0
      vertex 78.09623563333341 13.608361675033333 4.5
    endloop
  endfacet
  facet normal 0.989176509994419 0.14673047425555877 -1.6917593597372433e-15
    outer loop
      vertex 76.81954661756754 22.215099923312664 0
      vertex 77.68538810549464 16.378070733695303 4.5
      vertex 78.09623563333341 13.608361675033333 4.5
    endloop
  endfacet
  facet normal 0.9891765099944188 0.14673047425556004 0
    outer loop
      vertex 76.81954661756754 22.215099923312664 0
      vertex 76.81954661756754 22.215099923312664 6
      vertex 77.68538810549464 16.378070733695303 4.5
    endloop
  endfacet
  facet normal -0.9891765099574318 -0.14673047450490623 -2.0415684791345502e-14
    outer loop
      vertex 77.33549228310585 8.526365362107754 6
      vertex 76.61353873322363 13.393380855879776 4.5
      vertex 75.34836869686842 21.922464437782764 1.5
    endloop
  endfacet
  facet normal -0.9891765099574328 -0.14673047450489976 0
    outer loop
      vertex 75.34836869686842 21.922464437782764 1.5
      vertex 76.20269120468637 16.16308991444047 4.5
      vertex 76.20269120468637 16.16308991444047 6
    endloop
  endfacet
  facet normal -0.9891765099574328 -0.14673047450489976 0
    outer loop
      vertex 75.34836869686842 21.922464437782764 1.5
      vertex 76.20269120468637 16.16308991444047 6
      vertex 75.34836869686842 21.922464437782764 6
    endloop
  endfacet
  facet normal 0 0 1
    outer loop
      vertex 76.20269120468637 16.16308991444047 4.5
      vertex 76.61353873322363 13.393380855879776 4.5
      vertex 78.09623563333341 13.608361675033333 4.5
    endloop
  endfacet
  facet normal 0 0 1
    outer loop
      vertex 76.20269120468637 16.16308991444047 4.5
      vertex 78.09623563333341 13.608361675033333 4.5
      vertex 77.68538810549464 16.378070733695303 4.5
    endloop
  endfacet
  facet normal -0.14349262199117982 0.9896513868196701 0
    outer loop
      vertex 76.61353873322363 13.393380855879776 6
      vertex 78.09623563333341 13.608361675033333 4.5
      vertex 76.61353873322363 13.393380855879776 4.5
    endloop
  endfacet
  facet normal 0.14349262199118026 -0.98965138681967 0
    outer loop
      vertex 76.20269120468637 16.16308991444047 4.5
      vertex 77.68538810549464 16.378070733695303 4.5
      vertex 76.20269120468637 16.16308991444047 6
    endloop
  endfacet
  facet normal 0 0 1
    outer loop
      vertex 77.52755379676819 4.616863384842873 6
      vertex 79.08209628611803 3.506625421345234 6
      vertex 78.82826936990023 8.673391073942184 6
    endloop
  endfacet
  facet normal 0 0 1
    outer loop
      vertex 77.52755379676819 4.616863384842873 6
      vertex 78.82826936990023 8.673391073942184 6
      vertex 77.33549228310585 8.526365362107754 6
    endloop
  endfacet
  facet normal 0 0 1
    outer loop
      vertex 77.33549228310585 8.526365362107754 6
      vertex 78.82826936990023 8.673391073942184 6
      vertex 76.61353873322363 13.393380855879776 6
    endloop
  endfacet
  facet normal 0 0 1
    outer loop
      vertex 75.34836869686842 21.922464437782764 6
      vertex 76.20269120468637 16.16308991444047 6
      vertex 77.68538810549464 16.378070733695303 6
    endloop
  endfacet
  facet normal -0.9891765099574327 -0.1467304745049 0
    outer loop
      vertex 77.33549228310585 8.526365362107754 6
      vertex 76.61353873322363 13.393380855879776 6
      vertex 76.61353873322363 13.393380855879776 4.5
    endloop
  endfacet
  facet normal -0.14349262199117982 0.9896513868196701 0
    outer loop
      vertex 78.09623563333341 13.608361675033333 6
      vertex 78.09623563333341 13.608361675033333 4.5
      vertex 76.61353873322363 13.393380855879776 6
    endloop
  endfacet
  facet normal 0.9891765099944191 0.14673047425555802 0
    outer loop
      vertex 78.82826936990023 8.673391073942184 6
      vertex 78.09623563333341 13.608361675033333 4.5
      vertex 78.09623563333341 13.608361675033333 6
    endloop
  endfacet
  facet normal 0.14349262199118026 -0.98965138681967 0
    outer loop
      vertex 77.68538810549464 16.378070733695303 6
      vertex 76.20269120468637 16.16308991444047 6
      vertex 77.68538810549464 16.378070733695303 4.5
    endloop
  endfacet
  facet normal 0 0 1
    outer loop
      vertex 78.82826936990023 8.673391073942184 6
      vertex 78.09623563333341 13.608361675033333 6
      vertex 76.61353873322363 13.393380855879776 6
    endloop
  endfacet
  facet normal 0.9891765099944188 0.14673047425556004 0
    outer loop
      vertex 76.81954661756754 22.215099923312664 6
      vertex 77.68538810549464 16.378070733695303 6
      vertex 77.68538810549464 16.378070733695303 4.5
    endloop
  endfacet
  facet normal 0 0 1
    outer loop
      vertex 75.34836869686842 21.922464437782764 6
      vertex 77.68538810549464 16.378070733695303 6
      vertex 76.81954661756754 22.215099923312664 6
    endloop
  endfacet
  facet normal -0.9415440650540554 -0.3368898537526542 -2.798236231929427e-15
    outer loop
      vertex 72.05776633322239 35.05928546190262 1.5
      vertex 70.87548188787247 38.36354912649559 4.5
      vertex 67.49537548422813 47.810313664376736 1.5
    endloop
  endfacet
  facet normal 0.9415440652333154 0.33688985325165627 0
    outer loop
      vertex 68.88119478523731 48.384338818490505 0
      vertex 68.88119478523731 48.384338818490505 6
      vertex 72.30317098955473 38.82055601100445 4.5
    endloop
  endfacet
  facet normal 0.3048642990280128 -0.9523957996432777 0
    outer loop
      vertex 70.87548188787247 38.36354912649559 4.5
      vertex 72.30317098955473 38.82055601100445 4.5
      vertex 70.87548188787247 38.36354912649559 6
    endloop
  endfacet
  facet normal -0.9415440650540556 -0.33688985375265335 0
    outer loop
      vertex 67.49537548422813 47.810313664376736 1.5
      vertex 70.87548188787247 38.36354912649559 6
      vertex 67.49537548422813 47.810313664376736 6
    endloop
  endfacet
  facet normal -0.9415440650540556 -0.3368898537526534 0
    outer loop
      vertex 67.49537548422813 47.810313664376736 1.5
      vertex 70.87548188787247 38.36354912649559 4.5
      vertex 70.87548188787247 38.36354912649559 6
    endloop
  endfacet
  facet normal -0.9700312532165252 -0.24298017981551032 0
    outer loop
      vertex 75.34836869686842 21.922464437782764 1.5
      vertex 75.34836869686842 21.922464437782764 6
      vertex 72.05776633322239 35.05928546190262 1.5
    endloop
  endfacet
  facet normal -0.9700312532165252 -0.24298017981551032 0
    outer loop
      vertex 72.05776633322239 35.05928546190262 1.5
      vertex 75.34836869686842 21.922464437782764 6
      vertex 72.05776633322239 35.05928546190262 6
    endloop
  endfacet
  facet normal 0.9700312531415735 0.2429801801147339 0
    outer loop
      vertex 73.49317683279514 35.494712479412556 0
      vertex 73.49317683279514 35.494712479412556 6
      vertex 76.81954661756754 22.215099923312664 6
    endloop
  endfacet
  facet normal -0.9415440650540531 -0.3368898537526606 5.257335098169312e-15
    outer loop
      vertex 72.05776633322239 35.05928546190262 1.5
      vertex 71.81931306491728 35.725717700999574 4.5
      vertex 70.87548188787247 38.36354912649559 4.5
    endloop
  endfacet
  facet normal 0.94154406523331 0.3368898532516713 0
    outer loop
      vertex 73.49317683279514 35.494712479412556 0
      vertex 73.24700216517894 36.1827245850537 4.5
      vertex 73.49317683279514 35.494712479412556 6
    endloop
  endfacet
  facet normal 0.9415440652333148 0.3368898532516577 2.81800206272105e-15
    outer loop
      vertex 68.88119478523731 48.384338818490505 0
      vertex 72.30317098955473 38.82055601100445 4.5
      vertex 73.24700216517894 36.1827245850537 4.5
    endloop
  endfacet
  facet normal -0.9415440650540605 -0.3368898537526397 0
    outer loop
      vertex 72.05776633322239 35.05928546190262 1.5
      vertex 72.05776633322239 35.05928546190262 6
      vertex 71.81931306491728 35.725717700999574 4.5
    endloop
  endfacet
  facet normal 0 0 1
    outer loop
      vertex 73.24700216517894 36.1827245850537 4.5
      vertex 70.87548188787247 38.36354912649559 4.5
      vertex 71.81931306491728 35.725717700999574 4.5
    endloop
  endfacet
  facet normal 0 0 1
    outer loop
      vertex 72.30317098955473 38.82055601100445 4.5
      vertex 70.87548188787247 38.36354912649559 4.5
      vertex 73.24700216517894 36.1827245850537 4.5
    endloop
  endfacet
  facet normal -0.30486429902801593 0.9523957996432767 0
    outer loop
      vertex 73.24700216517894 36.1827245850537 6
      vertex 73.24700216517894 36.1827245850537 4.5
      vertex 71.81931306491728 35.725717700999574 4.5
    endloop
  endfacet
  facet normal 0.9415440652333154 0.33688985325165627 0
    outer loop
      vertex 68.88119478523731 48.384338818490505 6
      vertex 72.30317098955473 38.82055601100445 6
      vertex 72.30317098955473 38.82055601100445 4.5
    endloop
  endfacet
  facet normal 0 0 1
    outer loop
      vertex 67.49537548422813 47.810313664376736 6
      vertex 70.87548188787247 38.36354912649559 6
      vertex 72.30317098955473 38.82055601100445 6
    endloop
  endfacet
  facet normal 0 0 1
    outer loop
      vertex 67.49537548422813 47.810313664376736 6
      vertex 72.30317098955473 38.82055601100445 6
      vertex 68.88119478523731 48.384338818490505 6
    endloop
  endfacet
  facet normal 0 0 1
    outer loop
      vertex 75.34836869686842 21.922464437782764 6
      vertex 76.81954661756754 22.215099923312664 6
      vertex 73.49317683279514 35.494712479412556 6
    endloop
  endfacet
  facet normal 0 0 1
    outer loop
      vertex 75.34836869686842 21.922464437782764 6
      vertex 73.49317683279514 35.494712479412556 6
      vertex 72.05776633322239 35.05928546190262 6
    endloop
  endfacet
  facet normal -0.9415440650540605 -0.3368898537526397 0
    outer loop
      vertex 72.05776633322239 35.05928546190262 6
      vertex 71.81931306491728 35.725717700999574 6
      vertex 71.81931306491728 35.725717700999574 4.5
    endloop
  endfacet
  facet normal -0.30486429902801593 0.9523957996432767 0
    outer loop
      vertex 71.81931306491728 35.725717700999574 4.5
      vertex 71.81931306491728 35.725717700999574 6
      vertex 73.24700216517894 36.1827245850537 6
    endloop
  endfacet
  facet normal 0.94154406523331 0.3368898532516713 0
    outer loop
      vertex 73.49317683279514 35.494712479412556 6
      vertex 73.24700216517894 36.1827245850537 4.5
      vertex 73.24700216517894 36.1827245850537 6
    endloop
  endfacet
  facet normal 0.3048642990280128 -0.9523957996432777 0
    outer loop
      vertex 70.87548188787247 38.36354912649559 6
      vertex 72.30317098955473 38.82055601100445 4.5
      vertex 72.30317098955473 38.82055601100445 6
    endloop
  endfacet
  facet normal 0 0 1
    outer loop
      vertex 72.05776633322239 35.05928546190262 6
      vertex 73.49317683279514 35.494712479412556 6
      vertex 71.81931306491728 35.725717700999574 6
    endloop
  endfacet
  facet normal 0 0 1
    outer loop
      vertex 73.49317683279514 35.494712479412556 6
      vertex 73.24700216517894 36.1827245850537 6
      vertex 71.81931306491728 35.725717700999574 6
    endloop
  endfacet
  facet normal 0 0 -1
    outer loop
      vertex 6.933303788304329 39.72340375930071 0
      vertex 55.99001091718674 72.502047508955 0
      vertex 63.02801637351513 60.75984478741884 0
    endloop
  endfacet
  facet normal 0 0 -1
    outer loop
      vertex 10.994661778211594 32.947437316179276 0
      vertex 63.02801637351513 60.75984478741884 0
      vertex 68.88119478523731 48.384338818490505 0
    endloop
  endfacet
  facet normal 0 0 1
    outer loop
      vertex 8.180508211255074 40.55675910413265 1.5
      vertex 61.705134481191635 60.052749678492546 1.5
      vertex 54.74280649423599 71.66869215667248 1.5
    endloop
  endfacet
  facet normal 0 0 1
    outer loop
      vertex 12.317543677985668 33.65453241765499 1.5
      vertex 67.49537548422813 47.810313664376736 1.5
      vertex 61.705134481191635 60.052749678492546 1.5
    endloop
  endfacet
  facet normal 0.857728610179927 0.5141027438934856 0
    outer loop
      vertex 55.99001091718674 72.502047508955 0
      vertex 63.02801637351513 60.75984478741884 6
      vertex 63.02801637351513 60.75984478741884 0
    endloop
  endfacet
  facet normal 0.7409511252577077 0.6715589549543188 0
    outer loop
      vertex 44.360985949635506 87.33080090582371 0
      vertex 47.834958240389824 83.49786314368248 6
      vertex 47.834958240389824 83.49786314368248 0
    endloop
  endfacet
  facet normal 0.8032075313200574 0.5956993047089604 0
    outer loop
      vertex 47.834958240389824 83.49786314368248 0
      vertex 55.99001091718674 72.502047508955 6
      vertex 55.99001091718674 72.502047508955 0
    endloop
  endfacet
  facet normal 0.9039892929939586 0.42755509370405426 0
    outer loop
      vertex 68.88119478523731 48.384338818490505 0
      vertex 63.02801637351513 60.75984478741884 0
      vertex 68.88119478523731 48.384338818490505 6
    endloop
  endfacet
  facet normal -0.8577286099169636 -0.5141027443322135 0
    outer loop
      vertex 54.74280649423599 71.66869215667248 1.5
      vertex 61.705134481191635 60.052749678492546 1.5
      vertex 61.705134481191635 60.052749678492546 6
    endloop
  endfacet
  facet normal 0.857728610179927 0.5141027438934856 0
    outer loop
      vertex 55.99001091718674 72.502047508955 0
      vertex 55.99001091718674 72.502047508955 6
      vertex 63.02801637351513 60.75984478741884 6
    endloop
  endfacet
  facet normal -0.8577286099169636 -0.5141027443322135 0
    outer loop
      vertex 54.74280649423599 71.66869215667248 1.5
      vertex 61.705134481191635 60.052749678492546 6
      vertex 54.74280649423599 71.66869215667248 6
    endloop
  endfacet
  facet normal 0 0 1
    outer loop
      vertex 54.74280649423599 71.66869215667248 6
      vertex 61.705134481191635 60.052749678492546 6
      vertex 55.99001091718674 72.502047508955 6
    endloop
  endfacet
  facet normal 0 0 1
    outer loop
      vertex 55.99001091718674 72.502047508955 6
      vertex 61.705134481191635 60.052749678492546 6
      vertex 63.02801637351513 60.75984478741884 6
    endloop
  endfacet
  facet normal 0.8032075313200568 0.5956993047089613 8.458796798688089e-16
    outer loop
      vertex 47.834958240389824 83.49786314368248 0
      vertex 50.80688340002615 79.4906859456065 4.5
      vertex 52.47485038450296 77.24169281545753 4.5
    endloop
  endfacet
  facet normal -0.8032075315685709 -0.5956993043738789 -8.458796798676523e-16
    outer loop
      vertex 46.675442561507225 82.54627321660519 1.5
      vertex 51.27441095331267 76.34528217528359 4.5
      vertex 49.60644396977182 78.59427530613148 4.5
    endloop
  endfacet
  facet normal -0.8032075315685713 -0.5956993043738785 0
    outer loop
      vertex 46.675442561507225 82.54627321660519 1.5
      vertex 49.60644396977182 78.59427530613148 6
      vertex 46.675442561507225 82.54627321660519 6
    endloop
  endfacet
  facet normal -0.8032075315685706 -0.5956993043738792 -1.2070200054756763e-15
    outer loop
      vertex 46.675442561507225 82.54627321660519 1.5
      vertex 54.74280649423599 71.66869215667248 6
      vertex 51.27441095331267 76.34528217528359 4.5
    endloop
  endfacet
  facet normal 0 0 1
    outer loop
      vertex 49.60644396977182 78.59427530613148 4.5
      vertex 52.47485038450296 77.24169281545753 4.5
      vertex 50.80688340002615 79.4906859456065 4.5
    endloop
  endfacet
  facet normal -0.8032075315685712 -0.5956993043738785 0
    outer loop
      vertex 46.675442561507225 82.54627321660519 1.5
      vertex 49.60644396977182 78.59427530613148 4.5
      vertex 49.60644396977182 78.59427530613148 6
    endloop
  endfacet
  facet normal 0.5983246005706584 -0.8012538126910612 0
    outer loop
      vertex 49.60644396977182 78.59427530613148 4.5
      vertex 50.80688340002615 79.4906859456065 4.5
      vertex 49.60644396977182 78.59427530613148 6
    endloop
  endfacet
  facet normal -0.740951123995242 -0.6715589563472352 0
    outer loop
      vertex 44.04681520164013 85.44651656597853 1.5
      vertex 46.675442561507225 82.54627321660519 1.5
      vertex 46.675442561507225 82.54627321660519 6
    endloop
  endfacet
  facet normal 0.8032075313200573 0.5956993047089607 0
    outer loop
      vertex 47.834958240389824 83.49786314368248 0
      vertex 47.834958240389824 83.49786314368248 6
      vertex 50.80688340002615 79.4906859456065 4.5
    endloop
  endfacet
  facet normal 0.7409511252577077 0.6715589549543188 0
    outer loop
      vertex 44.360985949635506 87.33080090582371 0
      vertex 44.360985949635506 87.33080090582371 6
      vertex 47.834958240389824 83.49786314368248 6
    endloop
  endfacet
  facet normal -0.740951123995242 -0.6715589563472352 0
    outer loop
      vertex 44.04681520164013 85.44651656597853 1.5
      vertex 46.675442561507225 82.54627321660519 6
      vertex 44.04681520164013 85.44651656597853 6
    endloop
  endfacet
  facet normal -0.8032075315685709 -0.5956993043738786 0
    outer loop
      vertex 46.675442561507225 82.54627321660519 1.5
      vertex 54.74280649423599 71.66869215667248 1.5
      vertex 54.74280649423599 71.66869215667248 6
    endloop
  endfacet
  facet normal 0.8032075313200585 0.5956993047089589 -3.8225464600695645e-15
    outer loop
      vertex 47.834958240389824 83.49786314368248 0
      vertex 52.47485038450296 77.24169281545753 4.5
      vertex 55.99001091718674 72.502047508955 6
    endloop
  endfacet
  facet normal 0 0 1
    outer loop
      vertex 49.60644396977182 78.59427530613148 4.5
      vertex 51.27441095331267 76.34528217528359 4.5
      vertex 52.47485038450296 77.24169281545753 4.5
    endloop
  endfacet
  facet normal -0.5983246005706615 0.8012538126910589 0
    outer loop
      vertex 51.27441095331267 76.34528217528359 6
      vertex 52.47485038450296 77.24169281545753 4.5
      vertex 51.27441095331267 76.34528217528359 4.5
    endloop
  endfacet
  facet normal 0.8032075313200573 0.5956993047089607 0
    outer loop
      vertex 47.834958240389824 83.49786314368248 6
      vertex 50.80688340002615 79.4906859456065 6
      vertex 50.80688340002615 79.4906859456065 4.5
    endloop
  endfacet
  facet normal 0.5983246005706584 -0.8012538126910612 0
    outer loop
      vertex 50.80688340002615 79.4906859456065 6
      vertex 49.60644396977182 78.59427530613148 6
      vertex 50.80688340002615 79.4906859456065 4.5
    endloop
  endfacet
  facet normal 0 0 1
    outer loop
      vertex 46.675442561507225 82.54627321660519 6
      vertex 49.60644396977182 78.59427530613148 6
      vertex 50.80688340002615 79.4906859456065 6
    endloop
  endfacet
  facet normal 0 0 1
    outer loop
      vertex 44.04681520164013 85.44651656597853 6
      vertex 47.834958240389824 83.49786314368248 6
      vertex 44.360985949635506 87.33080090582371 6
    endloop
  endfacet
  facet normal 0 0 1
    outer loop
      vertex 44.04681520164013 85.44651656597853 6
      vertex 46.675442561507225 82.54627321660519 6
      vertex 47.834958240389824 83.49786314368248 6
    endloop
  endfacet
  facet normal 0 0 1
    outer loop
      vertex 46.675442561507225 82.54627321660519 6
      vertex 50.80688340002615 79.4906859456065 6
      vertex 47.834958240389824 83.49786314368248 6
    endloop
  endfacet
  facet normal -0.803207531568571 -0.5956993043738789 0
    outer loop
      vertex 54.74280649423599 71.66869215667248 6
      vertex 51.27441095331267 76.34528217528359 6
      vertex 51.27441095331267 76.34528217528359 4.5
    endloop
  endfacet
  facet normal 0 0 1
    outer loop
      vertex 55.99001091718674 72.502047508955 6
      vertex 52.47485038450296 77.24169281545753 6
      vertex 51.27441095331267 76.34528217528359 6
    endloop
  endfacet
  facet normal 0 0 1
    outer loop
      vertex 54.74280649423599 71.66869215667248 6
      vertex 55.99001091718674 72.502047508955 6
      vertex 51.27441095331267 76.34528217528359 6
    endloop
  endfacet
  facet normal -0.5983246005706615 0.8012538126910589 0
    outer loop
      vertex 52.47485038450296 77.24169281545753 6
      vertex 52.47485038450296 77.24169281545753 4.5
      vertex 51.27441095331267 76.34528217528359 6
    endloop
  endfacet
  facet normal 0.803207531320058 0.5956993047089598 0
    outer loop
      vertex 55.99001091718674 72.502047508955 6
      vertex 52.47485038450296 77.24169281545753 4.5
      vertex 52.47485038450296 77.24169281545753 6
    endloop
  endfacet
  facet normal -0.9039892932017454 -0.42755509326472635 0
    outer loop
      vertex 67.49537548422813 47.810313664376736 1.5
      vertex 67.49537548422813 47.810313664376736 6
      vertex 61.705134481191635 60.052749678492546 1.5
    endloop
  endfacet
  facet normal 0.9039892929939588 0.42755509370405403 -7.033250334110828e-16
    outer loop
      vertex 63.02801637351513 60.75984478741884 0
      vertex 64.53828168884624 57.56665706788608 4.5
      vertex 68.88119478523731 48.384338818490505 6
    endloop
  endfacet
  facet normal 0 0 1
    outer loop
      vertex 62.007761312257685 59.412899003272315 4.5
      vertex 63.20560037576685 56.88028108934972 4.5
      vertex 64.53828168884624 57.56665706788608 4.5
    endloop
  endfacet
  facet normal -0.9039892932017451 -0.42755509326472674 -1.430487107385982e-15
    outer loop
      vertex 61.705134481191635 60.052749678492546 1.5
      vertex 67.49537548422813 47.810313664376736 6
      vertex 63.20560037576685 56.88028108934972 4.5
    endloop
  endfacet
  facet normal -0.4578739151169551 0.8890171414857372 0
    outer loop
      vertex 63.20560037576685 56.88028108934972 6
      vertex 64.53828168884624 57.56665706788608 4.5
      vertex 63.20560037576685 56.88028108934972 4.5
    endloop
  endfacet
  facet normal 0.9039892929939587 0.42755509370405437 -3.610565142880074e-16
    outer loop
      vertex 63.02801637351513 60.75984478741884 0
      vertex 63.34044262412594 60.099274981184905 4.5
      vertex 64.53828168884624 57.56665706788608 4.5
    endloop
  endfacet
  facet normal -0.9039892932017455 -0.42755509326472607 -4.491190787411149e-16
    outer loop
      vertex 61.705134481191635 60.052749678492546 1.5
      vertex 63.20560037576685 56.88028108934972 4.5
      vertex 62.007761312257685 59.412899003272315 4.5
    endloop
  endfacet
  facet normal 0.9039892929939577 0.42755509370405637 0
    outer loop
      vertex 63.02801637351513 60.75984478741884 0
      vertex 63.02801637351513 60.75984478741884 6
      vertex 63.34044262412594 60.099274981184905 4.5
    endloop
  endfacet
  facet normal -0.9039892932017464 -0.42755509326472435 0
    outer loop
      vertex 61.705134481191635 60.052749678492546 1.5
      vertex 62.007761312257685 59.412899003272315 4.5
      vertex 62.007761312257685 59.412899003272315 6
    endloop
  endfacet
  facet normal -0.9039892932017463 -0.42755509326472435 0
    outer loop
      vertex 61.705134481191635 60.052749678492546 1.5
      vertex 62.007761312257685 59.412899003272315 6
      vertex 61.705134481191635 60.052749678492546 6
    endloop
  endfacet
  facet normal 0 0 1
    outer loop
      vertex 62.007761312257685 59.412899003272315 4.5
      vertex 64.53828168884624 57.56665706788608 4.5
      vertex 63.34044262412594 60.099274981184905 4.5
    endloop
  endfacet
  facet normal 0.45787391511696096 -0.8890171414857344 0
    outer loop
      vertex 62.007761312257685 59.412899003272315 4.5
      vertex 63.34044262412594 60.099274981184905 4.5
      vertex 62.007761312257685 59.412899003272315 6
    endloop
  endfacet
  facet normal -0.9039892932017453 -0.42755509326472657 0
    outer loop
      vertex 67.49537548422813 47.810313664376736 6
      vertex 63.20560037576685 56.88028108934972 6
      vertex 63.20560037576685 56.88028108934972 4.5
    endloop
  endfacet
  facet normal 0.9039892929939588 0.42755509370405415 0
    outer loop
      vertex 68.88119478523731 48.384338818490505 6
      vertex 64.53828168884624 57.56665706788608 4.5
      vertex 64.53828168884624 57.56665706788608 6
    endloop
  endfacet
  facet normal -0.4578739151169551 0.8890171414857372 0
    outer loop
      vertex 64.53828168884624 57.56665706788608 6
      vertex 64.53828168884624 57.56665706788608 4.5
      vertex 63.20560037576685 56.88028108934972 6
    endloop
  endfacet
  facet normal 0 0 1
    outer loop
      vertex 68.88119478523731 48.384338818490505 6
      vertex 64.53828168884624 57.56665706788608 6
      vertex 63.20560037576685 56.88028108934972 6
    endloop
  endfacet
  facet normal 0 0 1
    outer loop
      vertex 67.49537548422813 47.810313664376736 6
      vertex 68.88119478523731 48.384338818490505 6
      vertex 63.20560037576685 56.88028108934972 6
    endloop
  endfacet
  facet normal 0.45787391511696096 -0.8890171414857344 0
    outer loop
      vertex 63.34044262412594 60.099274981184905 6
      vertex 62.007761312257685 59.412899003272315 6
      vertex 63.34044262412594 60.099274981184905 4.5
    endloop
  endfacet
  facet normal 0.9039892929939577 0.42755509370405637 0
    outer loop
      vertex 63.02801637351513 60.75984478741884 6
      vertex 63.34044262412594 60.099274981184905 6
      vertex 63.34044262412594 60.099274981184905 4.5
    endloop
  endfacet
  facet normal 0 0 1
    outer loop
      vertex 61.705134481191635 60.052749678492546 6
      vertex 62.007761312257685 59.412899003272315 6
      vertex 63.34044262412594 60.099274981184905 6
    endloop
  endfacet
  facet normal 0 0 1
    outer loop
      vertex 61.705134481191635 60.052749678492546 6
      vertex 63.34044262412594 60.099274981184905 6
      vertex 63.02801637351513 60.75984478741884 6
    endloop
  endfacet
  facet normal -0.9206935140037499 -0.38136374028929826 0.08297680919379385
    outer loop
      vertex 35.92495871339271 32.56863446858168 6.9
      vertex 35.50944623262619 36.18489626473627 18.91
      vertex 34.39422498393235 36.26415259862682 6.9
    endloop
  endfacet
  facet normal -0.38235222532427793 0.9230799279814068 0.0415959414776665
    outer loop
      vertex 34.39422498393235 36.26415259862682 6.9
      vertex 35.50944623262619 36.18489626473627 18.91
      vertex 47.328538439090366 41.62172065173807 6.9
    endloop
  endfacet
  facet normal -0.9206935140037512 -0.3813637402892954 0.08297680919379295
    outer loop
      vertex 35.92495871339271 32.56863446858168 6.9
      vertex 36.657496529721456 33.4132576672024 18.91
      vertex 35.50944623262619 36.18489626473627 18.91
    endloop
  endfacet
  facet normal 0.382352225324279 -0.9230799279814063 0.04159594147766523
    outer loop
      vertex 35.92495871339271 32.56863446858168 6.9
      vertex 47.74405091985689 38.005458855583484 18.91
      vertex 36.657496529721456 33.4132576672024 18.91
    endloop
  endfacet
  facet normal 0 0 1
    outer loop
      vertex 36.657496529721456 33.4132576672024 18.91
      vertex 47.74405091985689 38.005458855583484 18.91
      vertex 35.50944623262619 36.18489626473627 18.91
    endloop
  endfacet
  facet normal 0.38235222532427793 -0.9230799279814068 0.041595941477666494
    outer loop
      vertex 35.92495871339271 32.56863446858168 6.9
      vertex 48.85927216855073 37.92620252169293 6.9
      vertex 47.74405091985689 38.005458855583484 18.91
    endloop
  endfacet
  facet normal 0.9206935140037499 0.38136374028929826 0.08297680919379385
    outer loop
      vertex 48.85927216855073 37.92620252169293 6.9
      vertex 47.328538439090366 41.62172065173807 6.9
      vertex 47.74405091985689 38.005458855583484 18.91
    endloop
  endfacet
  facet normal -0.382352225324279 0.9230799279814063 0.04159594147766521
    outer loop
      vertex 35.50944623262619 36.18489626473627 18.91
      vertex 46.59600062276162 40.77709745311735 18.91
      vertex 47.328538439090366 41.62172065173807 6.9
    endloop
  endfacet
  facet normal 0.9206935140037512 0.3813637402892954 0.08297680919379295
    outer loop
      vertex 47.328538439090366 41.62172065173807 6.9
      vertex 46.59600062276162 40.77709745311735 18.91
      vertex 47.74405091985689 38.005458855583484 18.91
    endloop
  endfacet
  facet normal 0 0 1
    outer loop
      vertex 35.50944623262619 36.18489626473627 18.91
      vertex 47.74405091985689 38.005458855583484 18.91
      vertex 46.59600062276162 40.77709745311735 18.91
    endloop
  endfacet
  facet normal -0.9700312531748002 -0.24298017998208588 0
    outer loop
      vertex 102.95321507006884 10.704770922660828 0
      vertex 101.03369702398777 18.367916516959667 6
      vertex 101.03369702398777 18.367916516959667 0
    endloop
  endfacet
  facet normal -0.803207531420664 -0.5956993045733083 0
    outer loop
      vertex 90.93330378830433 39.72340375930071 0
      vertex 86.22734149545431 46.068659372627735 6
      vertex 86.22734149545431 46.068659372627735 0
    endloop
  endfacet
  facet normal -0.9039892930593008 -0.4275550935659001 0
    outer loop
      vertex 98.37230236828327 25.80601630359888 0
      vertex 94.9946617782116 32.947437316179276 6
      vertex 94.9946617782116 32.947437316179276 0
    endloop
  endfacet
  facet normal -0.9415440653301117 -0.3368898529811283 0
    outer loop
      vertex 101.03369702398777 18.367916516959667 0
      vertex 98.37230236828327 25.80601630359888 6
      vertex 98.37230236828327 25.80601630359888 0
    endloop
  endfacet
  facet normal -0.8577286099725008 -0.5141027442395554 0
    outer loop
      vertex 90.93330378830433 39.72340375930071 0
      vertex 94.9946617782116 32.947437316179276 0
      vertex 90.93330378830433 39.72340375930071 6
    endloop
  endfacet
  facet normal -0.9987954562861785 -0.04906767267850405 0
    outer loop
      vertex 104.25884409248829 -0.09115880727767944 0
      vertex 104.11237049847841 2.8903797939419746 6
      vertex 104.11237049847841 2.8903797939419746 0
    endloop
  endfacet
  facet normal -0.9891765099037807 -0.1467304748665927 0
    outer loop
      vertex 102.95321507006884 10.704770922660828 0
      vertex 104.11237049847841 2.8903797939419746 0
      vertex 102.95321507006884 10.704770922660828 6
    endloop
  endfacet
  facet normal 0 0 -1
    outer loop
      vertex 102.95321507006884 10.704770922660828 0
      vertex 101.03369702398777 18.367916516959667 0
      vertex 157.49317683279514 35.494712479412556 0
    endloop
  endfacet
  facet normal 0 0 1
    outer loop
      vertex 102.4691075310111 18.803343534469604 1.5
      vertex 104.42439299076796 10.997406408190727 1.5
      vertex 159.34836869686842 21.922464437782764 1.5
    endloop
  endfacet
  facet normal 0 0 -1
    outer loop
      vertex 90.93330378830433 39.72340375930071 0
      vertex 147.02801637351513 60.75984478741884 0
      vertex 94.9946617782116 32.947437316179276 0
    endloop
  endfacet
  facet normal 0 0 1
    outer loop
      vertex 92.18050821125507 40.55675910413265 1.5
      vertex 96.31754367798567 33.65453241765499 1.5
      vertex 145.70513448119164 60.052749678492546 1.5
    endloop
  endfacet
  facet normal 0 0 -1
    outer loop
      vertex 101.03369702398777 18.367916516959667 0
      vertex 98.37230236828327 25.80601630359888 0
      vertex 157.49317683279514 35.494712479412556 0
    endloop
  endfacet
  facet normal 0 0 1
    outer loop
      vertex 102.4691075310111 18.803343534469604 1.5
      vertex 156.0577663332224 35.05928546190262 1.5
      vertex 99.75812166929245 26.38004145026207 1.5
    endloop
  endfacet
  facet normal 0 0 -1
    outer loop
      vertex 98.37230236828327 25.80601630359888 0
      vertex 94.9946617782116 32.947437316179276 0
      vertex 152.8811947852373 48.384338818490505 0
    endloop
  endfacet
  facet normal 0 0 1
    outer loop
      vertex 99.75812166929245 26.38004145026207 1.5
      vertex 151.49537548422813 47.810313664376736 1.5
      vertex 96.31754367798567 33.65453241765499 1.5
    endloop
  endfacet
  facet normal 0 0 1
    outer loop
      vertex 101.09467188992312 18.208221952254277 4.5
      vertex 102.4691075310111 18.803343534469604 4.5
      vertex 100.24105185264469 20.87493019125546 4.5
    endloop
  endfacet
  facet normal -0.9415440653301117 -0.3368898529811283 0
    outer loop
      vertex 101.03369702398777 18.367916516959667 0
      vertex 101.03369702398777 18.367916516959667 6
      vertex 98.37230236828327 25.80601630359888 6
    endloop
  endfacet
  facet normal 0.9415440652312564 0.33688985325741017 -1.3832903850373586e-15
    outer loop
      vertex 102.4691075310111 18.803343534469604 1.5
      vertex 99.75812166929245 26.38004145026207 6
      vertex 101.57508870980776 21.30195875594346 4.5
    endloop
  endfacet
  facet normal 0 0 1
    outer loop
      vertex 100.24105185264469 20.87493019125546 4.5
      vertex 102.4691075310111 18.803343534469604 4.5
      vertex 101.57508870980776 21.30195875594346 4.5
    endloop
  endfacet
  facet normal 0.9523957996432783 0.3048642990280112 0
    outer loop
      vertex 101.09467188992312 18.208221952254277 4.5
      vertex 100.24105185264469 20.87493019125546 4.5
      vertex 100.24105185264469 20.87493019125546 6
    endloop
  endfacet
  facet normal 0.304864299028011 -0.9523957996432783 0
    outer loop
      vertex 100.24105185264469 20.87493019125546 4.5
      vertex 101.57508870980776 21.30195875594346 4.5
      vertex 101.57508870980776 21.30195875594346 6
    endloop
  endfacet
  facet normal 0 0 1
    outer loop
      vertex 102.95321507006884 10.704770922660828 6
      vertex 101.09467188992312 18.208221952254277 6
      vertex 101.03369702398777 18.367916516959667 6
    endloop
  endfacet
  facet normal -0.3048642990280105 0.9523957996432785 0
    outer loop
      vertex 101.09467188992312 18.208221952254277 4.5
      vertex 101.09467188992312 18.208221952254277 6
      vertex 102.5050884038847 18.659699837842894 6
    endloop
  endfacet
  facet normal 0.9523957996432783 0.3048642990280112 0
    outer loop
      vertex 101.09467188992312 18.208221952254277 4.5
      vertex 100.24105185264469 20.87493019125546 6
      vertex 101.09467188992312 18.208221952254277 6
    endloop
  endfacet
  facet normal 0.304864299028011 -0.9523957996432783 0
    outer loop
      vertex 100.24105185264469 20.87493019125546 4.5
      vertex 101.57508870980776 21.30195875594346 6
      vertex 100.24105185264469 20.87493019125546 6
    endloop
  endfacet
  facet normal 0.9415440652312568 0.3368898532574099 0
    outer loop
      vertex 99.75812166929245 26.38004145026207 6
      vertex 101.57508870980776 21.30195875594346 6
      vertex 101.57508870980776 21.30195875594346 4.5
    endloop
  endfacet
  facet normal 0 0 1
    outer loop
      vertex 101.03369702398777 18.367916516959667 6
      vertex 101.09467188992312 18.208221952254277 6
      vertex 100.24105185264469 20.87493019125546 6
    endloop
  endfacet
  facet normal 0 0 1
    outer loop
      vertex 101.03369702398777 18.367916516959667 6
      vertex 100.24105185264469 20.87493019125546 6
      vertex 98.37230236828327 25.80601630359888 6
    endloop
  endfacet
  facet normal 0 0 1
    outer loop
      vertex 98.37230236828327 25.80601630359888 6
      vertex 100.24105185264469 20.87493019125546 6
      vertex 101.57508870980776 21.30195875594346 6
    endloop
  endfacet
  facet normal 0.8032075313291461 0.5956993046967057 1.4716333833710002e-16
    outer loop
      vertex 92.18050821125507 40.55675910413265 1.5
      vertex 87.38685717433691 47.02024929970503 1.5
      vertex 90.4580056069381 42.879285005393974 4.5
    endloop
  endfacet
  facet normal 0.8032075313291459 0.5956993046967061 8.45879679868768e-16
    outer loop
      vertex 87.38685717433691 47.02024929970503 1.5
      vertex 88.79003862249553 45.12827813556851 4.5
      vertex 90.4580056069381 42.879285005393974 4.5
    endloop
  endfacet
  facet normal 0 0 1
    outer loop
      vertex 89.33858636242931 42.043375008170564 4.5
      vertex 90.4580056069381 42.879285005393974 4.5
      vertex 87.66327748083145 44.28688568370553 4.5
    endloop
  endfacet
  facet normal 0.8032075313291466 0.5956993046967053 0
    outer loop
      vertex 87.38685717433691 47.02024929970503 1.5
      vertex 87.38685717433691 47.02024929970503 6
      vertex 88.79003862249553 45.12827813556851 4.5
    endloop
  endfacet
  facet normal 0 0 1
    outer loop
      vertex 87.66327748083145 44.28688568370553 4.5
      vertex 90.4580056069381 42.879285005393974 4.5
      vertex 88.79003862249553 45.12827813556851 4.5
    endloop
  endfacet
  facet normal -0.803207531420664 -0.5956993045733083 0
    outer loop
      vertex 90.93330378830433 39.72340375930071 0
      vertex 90.93330378830433 39.72340375930071 6
      vertex 86.22734149545431 46.068659372627735 6
    endloop
  endfacet
  facet normal 0.803207531329146 0.595699304696706 0
    outer loop
      vertex 92.18050821125507 40.55675910413265 1.5
      vertex 90.4580056069381 42.879285005393974 4.5
      vertex 90.4580056069381 42.879285005393974 6
    endloop
  endfacet
  facet normal 0.803207531329146 0.595699304696706 0
    outer loop
      vertex 92.18050821125507 40.55675910413265 1.5
      vertex 90.4580056069381 42.879285005393974 6
      vertex 92.18050821125507 40.55675910413265 6
    endloop
  endfacet
  facet normal 0.8012538126910578 0.5983246005706627 0
    outer loop
      vertex 89.33858636242931 42.043375008170564 4.5
      vertex 87.66327748083145 44.28688568370553 4.5
      vertex 87.66327748083145 44.28688568370553 6
    endloop
  endfacet
  facet normal 0.5983246005706557 -0.8012538126910631 0
    outer loop
      vertex 87.66327748083145 44.28688568370553 4.5
      vertex 88.79003862249553 45.12827813556851 4.5
      vertex 88.79003862249553 45.12827813556851 6
    endloop
  endfacet
  facet normal -0.5983246005706594 0.8012538126910604 0
    outer loop
      vertex 89.33858636242931 42.043375008170564 4.5
      vertex 90.4580056069381 42.879285005393974 6
      vertex 90.4580056069381 42.879285005393974 4.5
    endloop
  endfacet
  facet normal 0.9039892930662692 0.4275550935511668 0
    outer loop
      vertex 96.31754367798567 33.65453241765499 1.5
      vertex 96.31754367798567 33.65453241765499 4.5
      vertex 97.45216467230605 31.255577882849323 4.5
    endloop
  endfacet
  facet normal 0.8577286100105668 0.5141027441760461 0
    outer loop
      vertex 96.31754367798567 33.65453241765499 1.5
      vertex 96.2414145636367 33.78154617156236 4.5
      vertex 96.31754367798567 33.65453241765499 4.5
    endloop
  endfacet
  facet normal 0.9415440652312568 0.3368898532574095 0
    outer loop
      vertex 102.4691075310111 18.803343534469604 1.5
      vertex 99.75812166929245 26.38004145026207 1.5
      vertex 99.75812166929245 26.38004145026207 6
    endloop
  endfacet
  facet normal 0.9039892930662701 0.427555093551165 -1.7659600603596498e-15
    outer loop
      vertex 99.75812166929245 26.38004145026207 1.5
      vertex 96.31754367798567 33.65453241765499 1.5
      vertex 97.45216467230605 31.255577882849323 4.5
    endloop
  endfacet
  facet normal 0 0 1
    outer loop
      vertex 96.20690337076552 30.61422616883499 4.5
      vertex 97.45216467230605 31.255577882849323 4.5
      vertex 94.92485640843803 33.10347416499505 4.5
    endloop
  endfacet
  facet normal 0 0 1
    outer loop
      vertex 94.92485640843803 33.10347416499505 4.5
      vertex 97.45216467230605 31.255577882849323 4.5
      vertex 96.31754367798567 33.65453241765499 4.5
    endloop
  endfacet
  facet normal 0 0 1
    outer loop
      vertex 94.92485640843803 33.10347416499505 4.5
      vertex 96.31754367798567 33.65453241765499 4.5
      vertex 96.2414145636367 33.78154617156236 4.5
    endloop
  endfacet
  facet normal 0.8890171414857355 0.4578739151169587 0
    outer loop
      vertex 96.20690337076552 30.61422616883499 4.5
      vertex 94.92485640843803 33.10347416499505 4.5
      vertex 94.92485640843803 33.10347416499505 6
    endloop
  endfacet
  facet normal 0.45787391511695646 -0.8890171414857366 0
    outer loop
      vertex 94.92485640843803 33.10347416499505 4.5
      vertex 96.2414145636367 33.78154617156236 4.5
      vertex 96.2414145636367 33.78154617156236 6
    endloop
  endfacet
  facet normal -0.9039892930593008 -0.4275550935659001 0
    outer loop
      vertex 98.37230236828327 25.80601630359888 0
      vertex 98.37230236828327 25.80601630359888 6
      vertex 94.9946617782116 32.947437316179276 6
    endloop
  endfacet
  facet normal 0.9039892930662704 0.42755509355116406 0
    outer loop
      vertex 99.75812166929245 26.38004145026207 1.5
      vertex 97.45216467230605 31.255577882849323 6
      vertex 99.75812166929245 26.38004145026207 6
    endloop
  endfacet
  facet normal 0.9039892930662704 0.42755509355116406 0
    outer loop
      vertex 99.75812166929245 26.38004145026207 1.5
      vertex 97.45216467230605 31.255577882849323 4.5
      vertex 97.45216467230605 31.255577882849323 6
    endloop
  endfacet
  facet normal -0.4578739151169553 0.8890171414857373 0
    outer loop
      vertex 96.20690337076552 30.61422616883499 4.5
      vertex 97.45216467230605 31.255577882849323 6
      vertex 97.45216467230605 31.255577882849323 4.5
    endloop
  endfacet
  facet normal 0.8577286100105702 0.5141027441760403 0
    outer loop
      vertex 92.18050821125507 40.55675910413265 1.5
      vertex 92.18050821125507 40.55675910413265 6
      vertex 96.31754367798567 33.65453241765499 1.5
    endloop
  endfacet
  facet normal -0.8577286099725008 -0.5141027442395554 0
    outer loop
      vertex 94.9946617782116 32.947437316179276 0
      vertex 94.9946617782116 32.947437316179276 6
      vertex 90.93330378830433 39.72340375930071 6
    endloop
  endfacet
  facet normal 0.8577286100105703 0.5141027441760402 3.405167188750425e-16
    outer loop
      vertex 96.31754367798567 33.65453241765499 1.5
      vertex 92.18050821125507 40.55675910413265 6
      vertex 96.2414145636367 33.78154617156236 4.5
    endloop
  endfacet
  facet normal 0.8012538126910578 0.5983246005706627 0
    outer loop
      vertex 89.33858636242931 42.043375008170564 4.5
      vertex 87.66327748083145 44.28688568370553 6
      vertex 89.33858636242931 42.043375008170564 6
    endloop
  endfacet
  facet normal 0.5983246005706557 -0.8012538126910631 0
    outer loop
      vertex 87.66327748083145 44.28688568370553 4.5
      vertex 88.79003862249553 45.12827813556851 6
      vertex 87.66327748083145 44.28688568370553 6
    endloop
  endfacet
  facet normal 0.8032075313291465 0.5956993046967052 0
    outer loop
      vertex 87.38685717433691 47.02024929970503 6
      vertex 88.79003862249553 45.12827813556851 6
      vertex 88.79003862249553 45.12827813556851 4.5
    endloop
  endfacet
  facet normal -0.5983246005706594 0.8012538126910604 0
    outer loop
      vertex 89.33858636242931 42.043375008170564 4.5
      vertex 89.33858636242931 42.043375008170564 6
      vertex 90.4580056069381 42.879285005393974 6
    endloop
  endfacet
  facet normal 0 0 1
    outer loop
      vertex 90.93330378830433 39.72340375930071 6
      vertex 89.33858636242931 42.043375008170564 6
      vertex 86.22734149545431 46.068659372627735 6
    endloop
  endfacet
  facet normal 0 0 1
    outer loop
      vertex 86.22734149545431 46.068659372627735 6
      vertex 89.33858636242931 42.043375008170564 6
      vertex 87.66327748083145 44.28688568370553 6
    endloop
  endfacet
  facet normal 0 0 1
    outer loop
      vertex 86.22734149545431 46.068659372627735 6
      vertex 87.66327748083145 44.28688568370553 6
      vertex 88.79003862249553 45.12827813556851 6
    endloop
  endfacet
  facet normal 0 0 1
    outer loop
      vertex 86.22734149545431 46.068659372627735 6
      vertex 88.79003862249553 45.12827813556851 6
      vertex 87.38685717433691 47.02024929970503 6
    endloop
  endfacet
  facet normal 0 0 1
    outer loop
      vertex 90.93330378830433 39.72340375930071 6
      vertex 92.18050821125507 40.55675910413265 6
      vertex 89.33858636242931 42.043375008170564 6
    endloop
  endfacet
  facet normal 0 0 1
    outer loop
      vertex 92.18050821125507 40.55675910413265 6
      vertex 90.4580056069381 42.879285005393974 6
      vertex 89.33858636242931 42.043375008170564 6
    endloop
  endfacet
  facet normal 0.8890171414857355 0.4578739151169587 0
    outer loop
      vertex 96.20690337076552 30.61422616883499 4.5
      vertex 94.92485640843803 33.10347416499505 6
      vertex 96.20690337076552 30.61422616883499 6
    endloop
  endfacet
  facet normal -0.4578739151169553 0.8890171414857373 0
    outer loop
      vertex 96.20690337076552 30.61422616883499 4.5
      vertex 96.20690337076552 30.61422616883499 6
      vertex 97.45216467230605 31.255577882849323 6
    endloop
  endfacet
  facet normal 0.45787391511695646 -0.8890171414857366 0
    outer loop
      vertex 94.92485640843803 33.10347416499505 4.5
      vertex 96.2414145636367 33.78154617156236 6
      vertex 94.92485640843803 33.10347416499505 6
    endloop
  endfacet
  facet normal 0 0 1
    outer loop
      vertex 98.37230236828327 25.80601630359888 6
      vertex 96.20690337076552 30.61422616883499 6
      vertex 94.9946617782116 32.947437316179276 6
    endloop
  endfacet
  facet normal 0 0 1
    outer loop
      vertex 94.9946617782116 32.947437316179276 6
      vertex 96.20690337076552 30.61422616883499 6
      vertex 94.92485640843803 33.10347416499505 6
    endloop
  endfacet
  facet normal 0 0 1
    outer loop
      vertex 98.37230236828327 25.80601630359888 6
      vertex 99.75812166929245 26.38004145026207 6
      vertex 96.20690337076552 30.61422616883499 6
    endloop
  endfacet
  facet normal 0 0 1
    outer loop
      vertex 98.37230236828327 25.80601630359888 6
      vertex 101.57508870980776 21.30195875594346 6
      vertex 99.75812166929245 26.38004145026207 6
    endloop
  endfacet
  facet normal 0 0 1
    outer loop
      vertex 99.75812166929245 26.38004145026207 6
      vertex 97.45216467230605 31.255577882849323 6
      vertex 96.20690337076552 30.61422616883499 6
    endloop
  endfacet
  facet normal 0.8577286100105703 0.5141027441760402 0
    outer loop
      vertex 92.18050821125507 40.55675910413265 6
      vertex 96.2414145636367 33.78154617156236 6
      vertex 96.2414145636367 33.78154617156236 4.5
    endloop
  endfacet
  facet normal 0 0 1
    outer loop
      vertex 90.93330378830433 39.72340375930071 6
      vertex 94.9946617782116 32.947437316179276 6
      vertex 94.92485640843803 33.10347416499505 6
    endloop
  endfacet
  facet normal 0 0 1
    outer loop
      vertex 90.93330378830433 39.72340375930071 6
      vertex 94.92485640843803 33.10347416499505 6
      vertex 96.2414145636367 33.78154617156236 6
    endloop
  endfacet
  facet normal 0 0 1
    outer loop
      vertex 90.93330378830433 39.72340375930071 6
      vertex 96.2414145636367 33.78154617156236 6
      vertex 92.18050821125507 40.55675910413265 6
    endloop
  endfacet
  facet normal 0.9987954562353438 0.0490676737132651 0
    outer loop
      vertex 105.71927109360695 0.7143680974841118 1.5
      vertex 105.60514758527279 3.0374055057764053 1.5
      vertex 105.60514758527279 3.0374055057764053 6
    endloop
  endfacet
  facet normal 0.989176509967684 0.14673047443579113 3.912193519390051e-15
    outer loop
      vertex 105.60514758527279 3.0374055057764053 1.5
      vertex 104.84867353341996 8.137139322968794 4.5
      vertex 105.25952106176362 5.367430264380037 4.5
    endloop
  endfacet
  facet normal 0.9891765099676836 0.14673047443579357 0
    outer loop
      vertex 105.60514758527279 3.0374055057764053 1.5
      vertex 104.42439299076796 10.997406408190727 1.5
      vertex 104.42439299076796 10.997406408190727 6
    endloop
  endfacet
  facet normal -0.9987954562861785 -0.04906767267850405 0
    outer loop
      vertex 104.25884409248829 -0.09115880727767944 0
      vertex 104.25884409248829 -0.09115880727767944 6
      vertex 104.11237049847841 2.8903797939419746 6
    endloop
  endfacet
  facet normal -0.9891765099037807 -0.1467304748665927 0
    outer loop
      vertex 102.95321507006884 10.704770922660828 6
      vertex 104.11237049847841 2.8903797939419746 0
      vertex 104.11237049847841 2.8903797939419746 6
    endloop
  endfacet
  facet normal 0.9987954562353438 0.0490676737132651 0
    outer loop
      vertex 105.71927109360695 0.7143680974841118 1.5
      vertex 105.60514758527279 3.0374055057764053 6
      vertex 105.71927109360695 0.7143680974841118 6
    endloop
  endfacet
  facet normal 0.9891765099676832 0.14673047443579607 0
    outer loop
      vertex 105.60514758527279 3.0374055057764053 1.5
      vertex 105.25952106176362 5.367430264380037 4.5
      vertex 105.25952106176362 5.367430264380037 6
    endloop
  endfacet
  facet normal 0.9891765099676832 0.14673047443579607 0
    outer loop
      vertex 105.60514758527279 3.0374055057764053 1.5
      vertex 105.25952106176362 5.367430264380037 6
      vertex 105.60514758527279 3.0374055057764053 6
    endloop
  endfacet
  facet normal -0.14349262199118085 0.9896513868196699 0
    outer loop
      vertex 103.8678263097711 5.165644128742397 4.5
      vertex 105.25952106176362 5.367430264380037 6
      vertex 105.25952106176362 5.367430264380037 4.5
    endloop
  endfacet
  facet normal 0 0 1
    outer loop
      vertex 103.8678263097711 5.165644128742397 4.5
      vertex 105.25952106176362 5.367430264380037 4.5
      vertex 103.46604696819581 7.936668011837472 4.5
    endloop
  endfacet
  facet normal 0 0 1
    outer loop
      vertex 103.46604696819581 7.936668011837472 4.5
      vertex 105.25952106176362 5.367430264380037 4.5
      vertex 104.84867353341996 8.137139322968794 4.5
    endloop
  endfacet
  facet normal 0.9891765099676829 0.1467304744357982 -8.491282823787512e-15
    outer loop
      vertex 105.60514758527279 3.0374055057764053 1.5
      vertex 104.42439299076796 10.997406408190727 6
      vertex 104.84867353341996 8.137139322968794 4.5
    endloop
  endfacet
  facet normal 0.9896513868196707 0.1434926219911758 0
    outer loop
      vertex 103.8678263097711 5.165644128742397 4.5
      vertex 103.46604696819581 7.936668011837472 4.5
      vertex 103.46604696819581 7.936668011837472 6
    endloop
  endfacet
  facet normal 0.1434926219911791 -0.9896513868196702 0
    outer loop
      vertex 103.46604696819581 7.936668011837472 4.5
      vertex 104.84867353341996 8.137139322968794 4.5
      vertex 104.84867353341996 8.137139322968794 6
    endloop
  endfacet
  facet normal 0.9700312532662808 0.24298017961687496 9.404657099569882e-16
    outer loop
      vertex 102.4691075310111 18.803343534469604 1.5
      vertex 102.5050884038847 18.659699837842894 4.5
      vertex 104.42439299076796 10.997406408190727 1.5
    endloop
  endfacet
  facet normal 0.9700312532662854 0.24298017961685647 0
    outer loop
      vertex 102.4691075310111 18.803343534469604 1.5
      vertex 102.4691075310111 18.803343534469604 4.5
      vertex 102.5050884038847 18.659699837842894 4.5
    endloop
  endfacet
  facet normal 0.941544065231257 0.3368898532574087 0
    outer loop
      vertex 102.4691075310111 18.803343534469604 1.5
      vertex 101.57508870980776 21.30195875594346 4.5
      vertex 102.4691075310111 18.803343534469604 4.5
    endloop
  endfacet
  facet normal -0.9700312531748002 -0.24298017998208588 0
    outer loop
      vertex 102.95321507006884 10.704770922660828 0
      vertex 102.95321507006884 10.704770922660828 6
      vertex 101.03369702398777 18.367916516959667 6
    endloop
  endfacet
  facet normal 0.9700312532662806 0.2429801796168753 0
    outer loop
      vertex 104.42439299076796 10.997406408190727 1.5
      vertex 102.5050884038847 18.659699837842894 6
      vertex 104.42439299076796 10.997406408190727 6
    endloop
  endfacet
  facet normal 0.9700312532662806 0.2429801796168753 0
    outer loop
      vertex 104.42439299076796 10.997406408190727 1.5
      vertex 102.5050884038847 18.659699837842894 4.5
      vertex 102.5050884038847 18.659699837842894 6
    endloop
  endfacet
  facet normal 0 0 1
    outer loop
      vertex 101.09467188992312 18.208221952254277 4.5
      vertex 102.5050884038847 18.659699837842894 4.5
      vertex 102.4691075310111 18.803343534469604 4.5
    endloop
  endfacet
  facet normal -0.3048642990280105 0.9523957996432785 0
    outer loop
      vertex 101.09467188992312 18.208221952254277 4.5
      vertex 102.5050884038847 18.659699837842894 6
      vertex 102.5050884038847 18.659699837842894 4.5
    endloop
  endfacet
  facet normal -0.14349262199118085 0.9896513868196699 0
    outer loop
      vertex 103.8678263097711 5.165644128742397 4.5
      vertex 103.8678263097711 5.165644128742397 6
      vertex 105.25952106176362 5.367430264380037 6
    endloop
  endfacet
  facet normal 0 0 1
    outer loop
      vertex 104.11237049847841 2.8903797939419746 6
      vertex 105.60514758527279 3.0374055057764053 6
      vertex 103.8678263097711 5.165644128742397 6
    endloop
  endfacet
  facet normal 0 0 1
    outer loop
      vertex 104.11237049847841 2.8903797939419746 6
      vertex 103.8678263097711 5.165644128742397 6
      vertex 103.46604696819581 7.936668011837472 6
    endloop
  endfacet
  facet normal 0 0 1
    outer loop
      vertex 104.25884409248829 -0.09115880727767944 6
      vertex 105.71927109360695 0.7143680974841118 6
      vertex 104.11237049847841 2.8903797939419746 6
    endloop
  endfacet
  facet normal 0 0 1
    outer loop
      vertex 105.71927109360695 0.7143680974841118 6
      vertex 105.60514758527279 3.0374055057764053 6
      vertex 104.11237049847841 2.8903797939419746 6
    endloop
  endfacet
  facet normal 0 0 1
    outer loop
      vertex 105.60514758527279 3.0374055057764053 6
      vertex 105.25952106176362 5.367430264380037 6
      vertex 103.8678263097711 5.165644128742397 6
    endloop
  endfacet
  facet normal 0.9896513868196707 0.1434926219911758 0
    outer loop
      vertex 103.8678263097711 5.165644128742397 4.5
      vertex 103.46604696819581 7.936668011837472 6
      vertex 103.8678263097711 5.165644128742397 6
    endloop
  endfacet
  facet normal 0.1434926219911791 -0.9896513868196702 0
    outer loop
      vertex 103.46604696819581 7.936668011837472 4.5
      vertex 104.84867353341996 8.137139322968794 6
      vertex 103.46604696819581 7.936668011837472 6
    endloop
  endfacet
  facet normal 0.9891765099676836 0.1467304744357939 0
    outer loop
      vertex 104.42439299076796 10.997406408190727 6
      vertex 104.84867353341996 8.137139322968794 6
      vertex 104.84867353341996 8.137139322968794 4.5
    endloop
  endfacet
  facet normal 0 0 1
    outer loop
      vertex 102.95321507006884 10.704770922660828 6
      vertex 104.11237049847841 2.8903797939419746 6
      vertex 103.46604696819581 7.936668011837472 6
    endloop
  endfacet
  facet normal 0 0 1
    outer loop
      vertex 102.95321507006884 10.704770922660828 6
      vertex 103.46604696819581 7.936668011837472 6
      vertex 104.84867353341996 8.137139322968794 6
    endloop
  endfacet
  facet normal 0 0 1
    outer loop
      vertex 102.95321507006884 10.704770922660828 6
      vertex 104.84867353341996 8.137139322968794 6
      vertex 104.42439299076796 10.997406408190727 6
    endloop
  endfacet
  facet normal 0 0 1
    outer loop
      vertex 102.95321507006884 10.704770922660828 6
      vertex 104.42439299076796 10.997406408190727 6
      vertex 101.09467188992312 18.208221952254277 6
    endloop
  endfacet
  facet normal 0 0 1
    outer loop
      vertex 104.42439299076796 10.997406408190727 6
      vertex 102.5050884038847 18.659699837842894 6
      vertex 101.09467188992312 18.208221952254277 6
    endloop
  endfacet
  facet normal -0.9238795325112861 -0.3826834323650914 0
    outer loop
      vertex 119.92495871339271 32.56863446858168 5.9
      vertex 119.92495871339271 32.56863446858168 6.9
      vertex 118.39422498393235 36.26415259862682 5.9
    endloop
  endfacet
  facet normal -0.9238795325112861 -0.3826834323650914 0
    outer loop
      vertex 119.92495871339271 32.56863446858168 6.9
      vertex 118.39422498393235 36.26415259862682 6.9
      vertex 118.39422498393235 36.26415259862682 5.9
    endloop
  endfacet
  facet normal -0.7409511246091106 -0.6715589556699355 0
    outer loop
      vertex 86.22734149545431 46.068659372627735 0
      vertex 84.2226478010416 48.28049801290035 6
      vertex 84.2226478010416 48.28049801290035 0
    endloop
  endfacet
  facet normal 0 0 -1
    outer loop
      vertex 86.22734149545431 46.068659372627735 0
      vertex 84.2226478010416 48.28049801290035 0
      vertex 128.3609859496355 87.33080090582371 0
    endloop
  endfacet
  facet normal 0 0 1
    outer loop
      vertex 85.82491917908192 48.74358230084181 1.5
      vertex 87.38685717433691 47.02024929970503 1.5
      vertex 128.04681520164013 85.44651656597853 1.5
    endloop
  endfacet
  facet normal 0 0 -1
    outer loop
      vertex 90.93330378830433 39.72340375930071 0
      vertex 86.22734149545431 46.068659372627735 0
      vertex 139.99001091718674 72.502047508955 0
    endloop
  endfacet
  facet normal 0 0 1
    outer loop
      vertex 92.18050821125507 40.55675910413265 1.5
      vertex 138.742806494236 71.66869215667248 1.5
      vertex 87.38685717433691 47.02024929970503 1.5
    endloop
  endfacet
  facet normal 0 0 -1
    outer loop
      vertex 86.22734149545431 46.068659372627735 0
      vertex 131.83495824038982 83.49786314368248 0
      vertex 139.99001091718674 72.502047508955 0
    endloop
  endfacet
  facet normal 0 0 1
    outer loop
      vertex 87.38685717433691 47.02024929970503 1.5
      vertex 138.742806494236 71.66869215667248 1.5
      vertex 130.67544256150723 82.54627321660519 1.5
    endloop
  endfacet
  facet normal 0 0 -1
    outer loop
      vertex 86.22734149545431 46.068659372627735 0
      vertex 128.3609859496355 87.33080090582371 0
      vertex 131.83495824038982 83.49786314368248 0
    endloop
  endfacet
  facet normal 0 0 1
    outer loop
      vertex 87.38685717433691 47.02024929970503 1.5
      vertex 130.67544256150723 82.54627321660519 1.5
      vertex 128.04681520164013 85.44651656597853 1.5
    endloop
  endfacet
  facet normal -0.662620048190504 0.7489557208113269 0
    outer loop
      vertex 84.2226478010416 48.28049801290035 0
      vertex 128.3609859496355 87.33080090582371 6
      vertex 128.3609859496355 87.33080090582371 0
    endloop
  endfacet
  facet normal 0.7409511235584102 0.6715589568292045 0
    outer loop
      vertex 85.82491917908192 48.74358230084181 1.5
      vertex 85.82491917908192 48.74358230084181 6
      vertex 87.38685717433691 47.02024929970503 1.5
    endloop
  endfacet
  facet normal -0.7409511246091106 -0.6715589556699355 0
    outer loop
      vertex 86.22734149545431 46.068659372627735 0
      vertex 86.22734149545431 46.068659372627735 6
      vertex 84.2226478010416 48.28049801290035 6
    endloop
  endfacet
  facet normal 0.7409511235584102 0.6715589568292045 0
    outer loop
      vertex 87.38685717433691 47.02024929970503 1.5
      vertex 85.82491917908192 48.74358230084181 6
      vertex 87.38685717433691 47.02024929970503 6
    endloop
  endfacet
  facet normal -0.662620048190504 0.7489557208113269 0
    outer loop
      vertex 84.2226478010416 48.28049801290035 0
      vertex 84.2226478010416 48.28049801290035 6
      vertex 128.3609859496355 87.33080090582371 6
    endloop
  endfacet
  facet normal 0.6560590290645371 -0.7547095801584189 0
    outer loop
      vertex 85.82491917908192 48.74358230084181 1.5
      vertex 128.04681520164013 85.44651656597853 6
      vertex 85.82491917908192 48.74358230084181 6
    endloop
  endfacet
  facet normal 0 0 1
    outer loop
      vertex 86.22734149545431 46.068659372627735 6
      vertex 85.82491917908192 48.74358230084181 6
      vertex 84.2226478010416 48.28049801290035 6
    endloop
  endfacet
  facet normal 0 0 1
    outer loop
      vertex 86.22734149545431 46.068659372627735 6
      vertex 87.38685717433691 47.02024929970503 6
      vertex 85.82491917908192 48.74358230084181 6
    endloop
  endfacet
  facet normal 0 0 1
    outer loop
      vertex 84.2226478010416 48.28049801290035 6
      vertex 85.82491917908192 48.74358230084181 6
      vertex 128.04681520164013 85.44651656597853 6
    endloop
  endfacet
  facet normal 0.6560590290645371 -0.7547095801584189 0
    outer loop
      vertex 85.82491917908192 48.74358230084181 1.5
      vertex 128.04681520164013 85.44651656597853 1.5
      vertex 128.04681520164013 85.44651656597853 6
    endloop
  endfacet
  facet normal 0 0 1
    outer loop
      vertex 84.2226478010416 48.28049801290035 6
      vertex 128.04681520164013 85.44651656597853 6
      vertex 128.3609859496355 87.33080090582371 6
    endloop
  endfacet
  facet normal 0 0 -1
    outer loop
      vertex 104.25884409248829 -0.09115880727767944 0
      vertex 104.11237049847841 2.8903797939419746 0
      vertex 163.08209628611803 3.506625421345234 0
    endloop
  endfacet
  facet normal 0 0 1
    outer loop
      vertex 105.71927109360695 0.7143680974841118 1.5
      vertex 161.5275537967682 4.616863384842873 1.5
      vertex 105.60514758527279 3.0374055057764053 1.5
    endloop
  endfacet
  facet normal 0.06104853951267387 -0.9981347984232237 0
    outer loop
      vertex 104.25884409248829 -0.09115880727767944 0
      vertex 163.08209628611803 3.506625421345234 0
      vertex 104.25884409248829 -0.09115880727767944 6
    endloop
  endfacet
  facet normal 0 0 -1
    outer loop
      vertex 102.95321507006884 10.704770922660828 0
      vertex 160.81954661756754 22.215099923312664 0
      vertex 104.11237049847841 2.8903797939419746 0
    endloop
  endfacet
  facet normal 0 0 1
    outer loop
      vertex 105.60514758527279 3.0374055057764053 1.5
      vertex 159.34836869686842 21.922464437782764 1.5
      vertex 104.42439299076796 10.997406408190727 1.5
    endloop
  endfacet
  facet normal 0 0 -1
    outer loop
      vertex 104.11237049847841 2.8903797939419746 0
      vertex 160.81954661756754 22.215099923312664 0
      vertex 162.82826936990023 8.673391073942184 0
    endloop
  endfacet
  facet normal 0 0 1
    outer loop
      vertex 105.60514758527279 3.0374055057764053 1.5
      vertex 161.33549228310585 8.526365362107754 1.5
      vertex 159.34836869686842 21.922464437782764 1.5
    endloop
  endfacet
  facet normal 0 0 -1
    outer loop
      vertex 102.95321507006884 10.704770922660828 0
      vertex 157.49317683279514 35.494712479412556 0
      vertex 160.81954661756754 22.215099923312664 0
    endloop
  endfacet
  facet normal 0 0 1
    outer loop
      vertex 102.4691075310111 18.803343534469604 1.5
      vertex 159.34836869686842 21.922464437782764 1.5
      vertex 156.0577663332224 35.05928546190262 1.5
    endloop
  endfacet
  facet normal 0 0 -1
    outer loop
      vertex 98.37230236828327 25.80601630359888 0
      vertex 152.8811947852373 48.384338818490505 0
      vertex 157.49317683279514 35.494712479412556 0
    endloop
  endfacet
  facet normal 0 0 1
    outer loop
      vertex 99.75812166929245 26.38004145026207 1.5
      vertex 156.0577663332224 35.05928546190262 1.5
      vertex 151.49537548422813 47.810313664376736 1.5
    endloop
  endfacet
  facet normal 0 0 -1
    outer loop
      vertex 104.11237049847841 2.8903797939419746 0
      vertex 162.82826936990023 8.673391073942184 0
      vertex 163.08209628611803 3.506625421345234 0
    endloop
  endfacet
  facet normal 0 0 1
    outer loop
      vertex 105.60514758527279 3.0374055057764053 1.5
      vertex 161.5275537967682 4.616863384842873 1.5
      vertex 161.33549228310585 8.526365362107754 1.5
    endloop
  endfacet
  facet normal 0.9987954562410916 0.04906767359626704 0
    outer loop
      vertex 163.08209628611803 3.506625421345234 0
      vertex 162.82826936990023 8.673391073942184 0
      vertex 163.08209628611803 3.506625421345234 6
    endloop
  endfacet
  facet normal 0.989176509994419 0.14673047425555905 0
    outer loop
      vertex 162.82826936990023 8.673391073942184 0
      vertex 160.81954661756754 22.215099923312664 0
      vertex 162.82826936990023 8.673391073942184 6
    endloop
  endfacet
  facet normal 0.9700312531415735 0.2429801801147339 0
    outer loop
      vertex 160.81954661756754 22.215099923312664 0
      vertex 157.49317683279514 35.494712479412556 0
      vertex 160.81954661756754 22.215099923312664 6
    endloop
  endfacet
  facet normal 0.9415440652333149 0.3368898532516573 2.4077117754431697e-15
    outer loop
      vertex 157.49317683279514 35.494712479412556 0
      vertex 152.8811947852373 48.384338818490505 0
      vertex 157.24700216517894 36.1827245850537 4.5
    endloop
  endfacet
  facet normal -0.06975647370649579 0.9975640502624555 0
    outer loop
      vertex 105.71927109360695 0.7143680974841118 1.5
      vertex 105.71927109360695 0.7143680974841118 6
      vertex 161.5275537967682 4.616863384842873 1.5
    endloop
  endfacet
  facet normal 0 0 1
    outer loop
      vertex 104.25884409248829 -0.09115880727767944 6
      vertex 163.08209628611803 3.506625421345234 6
      vertex 105.71927109360695 0.7143680974841118 6
    endloop
  endfacet
  facet normal 0.38268343236508967 -0.9238795325112867 0
    outer loop
      vertex 119.92495871339271 32.56863446858168 5.9
      vertex 132.85927216855072 37.92620252169293 6.9
      vertex 119.92495871339271 32.56863446858168 6.9
    endloop
  endfacet
  facet normal 0 0 -1
    outer loop
      vertex 119.92495871339271 32.56863446858168 5.9
      vertex 118.39422498393235 36.26415259862682 5.9
      vertex 132.85927216855072 37.92620252169293 5.9
    endloop
  endfacet
  facet normal -0.38268343236508895 0.9238795325112872 0
    outer loop
      vertex 118.39422498393235 36.26415259862682 5.9
      vertex 118.39422498393235 36.26415259862682 6.9
      vertex 131.32853843909038 41.62172065173807 6.9
    endloop
  endfacet
  facet normal -0.38268343236508895 0.9238795325112872 0
    outer loop
      vertex 118.39422498393235 36.26415259862682 5.9
      vertex 131.32853843909038 41.62172065173807 6.9
      vertex 131.32853843909038 41.62172065173807 5.9
    endloop
  endfacet
  facet normal 0 0 -1
    outer loop
      vertex 118.39422498393235 36.26415259862682 5.9
      vertex 131.32853843909038 41.62172065173807 5.9
      vertex 132.85927216855072 37.92620252169293 5.9
    endloop
  endfacet
  facet normal 0.38268343236508967 -0.9238795325112867 0
    outer loop
      vertex 119.92495871339271 32.56863446858168 5.9
      vertex 132.85927216855072 37.92620252169293 5.9
      vertex 132.85927216855072 37.92620252169293 6.9
    endloop
  endfacet
  facet normal 0.9238795325112886 0.38268343236508534 0
    outer loop
      vertex 132.85927216855072 37.92620252169293 5.9
      vertex 131.32853843909038 41.62172065173807 5.9
      vertex 131.32853843909038 41.62172065173807 6.9
    endloop
  endfacet
  facet normal 0.9238795325112886 0.38268343236508534 0
    outer loop
      vertex 132.85927216855072 37.92620252169293 5.9
      vertex 131.32853843909038 41.62172065173807 6.9
      vertex 132.85927216855072 37.92620252169293 6.9
    endloop
  endfacet
  facet normal 0.06104853951267387 -0.9981347984232237 0
    outer loop
      vertex 104.25884409248829 -0.09115880727767944 6
      vertex 163.08209628611803 3.506625421345234 0
      vertex 163.08209628611803 3.506625421345234 6
    endloop
  endfacet
  facet normal -0.06975647370649579 0.9975640502624555 0
    outer loop
      vertex 105.71927109360695 0.7143680974841118 6
      vertex 161.5275537967682 4.616863384842873 6
      vertex 161.5275537967682 4.616863384842873 1.5
    endloop
  endfacet
  facet normal -0.9987954562383294 -0.04906767365249044 0
    outer loop
      vertex 161.5275537967682 4.616863384842873 1.5
      vertex 161.5275537967682 4.616863384842873 6
      vertex 161.33549228310585 8.526365362107754 1.5
    endloop
  endfacet
  facet normal 0.9987954562410916 0.04906767359626704 0
    outer loop
      vertex 162.82826936990023 8.673391073942184 0
      vertex 162.82826936990023 8.673391073942184 6
      vertex 163.08209628611803 3.506625421345234 6
    endloop
  endfacet
  facet normal -0.9987954562383294 -0.04906767365249044 0
    outer loop
      vertex 161.33549228310585 8.526365362107754 1.5
      vertex 161.5275537967682 4.616863384842873 6
      vertex 161.33549228310585 8.526365362107754 6
    endloop
  endfacet
  facet normal -0.9891765099574328 -0.14673047450489946 0
    outer loop
      vertex 161.33549228310585 8.526365362107754 1.5
      vertex 161.33549228310585 8.526365362107754 6
      vertex 159.34836869686842 21.922464437782764 1.5
    endloop
  endfacet
  facet normal -0.989176509957433 -0.14673047450489782 3.806458559405658e-15
    outer loop
      vertex 159.34836869686842 21.922464437782764 1.5
      vertex 160.61353873322363 13.393380855879776 4.5
      vertex 160.20269120468637 16.16308991444047 4.5
    endloop
  endfacet
  facet normal 0.9891765099944193 0.1467304742555558 -7.559777379846004e-15
    outer loop
      vertex 162.82826936990023 8.673391073942184 6
      vertex 160.81954661756754 22.215099923312664 0
      vertex 162.0962356333334 13.608361675033333 4.5
    endloop
  endfacet
  facet normal 0.989176509994419 0.14673047425555877 -1.6917593597372433e-15
    outer loop
      vertex 160.81954661756754 22.215099923312664 0
      vertex 161.68538810549464 16.378070733695303 4.5
      vertex 162.0962356333334 13.608361675033333 4.5
    endloop
  endfacet
  facet normal 0.9891765099944188 0.14673047425556004 0
    outer loop
      vertex 160.81954661756754 22.215099923312664 0
      vertex 160.81954661756754 22.215099923312664 6
      vertex 161.68538810549464 16.378070733695303 4.5
    endloop
  endfacet
  facet normal -0.9891765099574318 -0.14673047450490623 -2.0415684791345502e-14
    outer loop
      vertex 161.33549228310585 8.526365362107754 6
      vertex 160.61353873322363 13.393380855879776 4.5
      vertex 159.34836869686842 21.922464437782764 1.5
    endloop
  endfacet
  facet normal 0 0 1
    outer loop
      vertex 160.20269120468637 16.16308991444047 4.5
      vertex 160.61353873322363 13.393380855879776 4.5
      vertex 162.0962356333334 13.608361675033333 4.5
    endloop
  endfacet
  facet normal 0 0 1
    outer loop
      vertex 160.20269120468637 16.16308991444047 4.5
      vertex 162.0962356333334 13.608361675033333 4.5
      vertex 161.68538810549464 16.378070733695303 4.5
    endloop
  endfacet
  facet normal -0.14349262199117982 0.9896513868196701 0
    outer loop
      vertex 160.61353873322363 13.393380855879776 6
      vertex 162.0962356333334 13.608361675033333 4.5
      vertex 160.61353873322363 13.393380855879776 4.5
    endloop
  endfacet
  facet normal 0.14349262199118026 -0.98965138681967 0
    outer loop
      vertex 160.20269120468637 16.16308991444047 4.5
      vertex 161.68538810549464 16.378070733695303 4.5
      vertex 160.20269120468637 16.16308991444047 6
    endloop
  endfacet
  facet normal -0.9891765099574328 -0.14673047450489976 0
    outer loop
      vertex 159.34836869686842 21.922464437782764 1.5
      vertex 160.20269120468637 16.16308991444047 4.5
      vertex 160.20269120468637 16.16308991444047 6
    endloop
  endfacet
  facet normal -0.9891765099574328 -0.14673047450489976 0
    outer loop
      vertex 159.34836869686842 21.922464437782764 1.5
      vertex 160.20269120468637 16.16308991444047 6
      vertex 159.34836869686842 21.922464437782764 6
    endloop
  endfacet
  facet normal 0 0 1
    outer loop
      vertex 105.71927109360695 0.7143680974841118 6
      vertex 163.08209628611803 3.506625421345234 6
      vertex 161.5275537967682 4.616863384842873 6
    endloop
  endfacet
  facet normal 0 0 1
    outer loop
      vertex 161.5275537967682 4.616863384842873 6
      vertex 163.08209628611803 3.506625421345234 6
      vertex 162.82826936990023 8.673391073942184 6
    endloop
  endfacet
  facet normal 0 0 1
    outer loop
      vertex 161.5275537967682 4.616863384842873 6
      vertex 162.82826936990023 8.673391073942184 6
      vertex 161.33549228310585 8.526365362107754 6
    endloop
  endfacet
  facet normal 0 0 1
    outer loop
      vertex 161.33549228310585 8.526365362107754 6
      vertex 162.82826936990023 8.673391073942184 6
      vertex 160.61353873322363 13.393380855879776 6
    endloop
  endfacet
  facet normal -0.9891765099574327 -0.1467304745049 0
    outer loop
      vertex 161.33549228310585 8.526365362107754 6
      vertex 160.61353873322363 13.393380855879776 6
      vertex 160.61353873322363 13.393380855879776 4.5
    endloop
  endfacet
  facet normal -0.14349262199117982 0.9896513868196701 0
    outer loop
      vertex 162.0962356333334 13.608361675033333 6
      vertex 162.0962356333334 13.608361675033333 4.5
      vertex 160.61353873322363 13.393380855879776 6
    endloop
  endfacet
  facet normal 0.9891765099944191 0.14673047425555802 0
    outer loop
      vertex 162.82826936990023 8.673391073942184 6
      vertex 162.0962356333334 13.608361675033333 4.5
      vertex 162.0962356333334 13.608361675033333 6
    endloop
  endfacet
  facet normal 0.14349262199118026 -0.98965138681967 0
    outer loop
      vertex 161.68538810549464 16.378070733695303 6
      vertex 160.20269120468637 16.16308991444047 6
      vertex 161.68538810549464 16.378070733695303 4.5
    endloop
  endfacet
  facet normal 0 0 1
    outer loop
      vertex 162.82826936990023 8.673391073942184 6
      vertex 162.0962356333334 13.608361675033333 6
      vertex 160.61353873322363 13.393380855879776 6
    endloop
  endfacet
  facet normal 0.9891765099944188 0.14673047425556004 0
    outer loop
      vertex 160.81954661756754 22.215099923312664 6
      vertex 161.68538810549464 16.378070733695303 6
      vertex 161.68538810549464 16.378070733695303 4.5
    endloop
  endfacet
  facet normal 0 0 1
    outer loop
      vertex 159.34836869686842 21.922464437782764 6
      vertex 160.20269120468637 16.16308991444047 6
      vertex 161.68538810549464 16.378070733695303 6
    endloop
  endfacet
  facet normal 0 0 1
    outer loop
      vertex 159.34836869686842 21.922464437782764 6
      vertex 161.68538810549464 16.378070733695303 6
      vertex 160.81954661756754 22.215099923312664 6
    endloop
  endfacet
  facet normal -0.9415440650540556 -0.33688985375265335 0
    outer loop
      vertex 151.49537548422813 47.810313664376736 1.5
      vertex 154.87548188787247 38.36354912649559 6
      vertex 151.49537548422813 47.810313664376736 6
    endloop
  endfacet
  facet normal -0.9700312532165252 -0.24298017981551032 0
    outer loop
      vertex 159.34836869686842 21.922464437782764 1.5
      vertex 159.34836869686842 21.922464437782764 6
      vertex 156.0577663332224 35.05928546190262 1.5
    endloop
  endfacet
  facet normal -0.9700312532165252 -0.24298017981551032 0
    outer loop
      vertex 156.0577663332224 35.05928546190262 1.5
      vertex 159.34836869686842 21.922464437782764 6
      vertex 156.0577663332224 35.05928546190262 6
    endloop
  endfacet
  facet normal 0.9700312531415735 0.2429801801147339 0
    outer loop
      vertex 157.49317683279514 35.494712479412556 0
      vertex 157.49317683279514 35.494712479412556 6
      vertex 160.81954661756754 22.215099923312664 6
    endloop
  endfacet
  facet normal -0.9415440650540554 -0.3368898537526542 -2.798236231929427e-15
    outer loop
      vertex 156.0577663332224 35.05928546190262 1.5
      vertex 154.87548188787247 38.36354912649559 4.5
      vertex 151.49537548422813 47.810313664376736 1.5
    endloop
  endfacet
  facet normal -0.9415440650540531 -0.3368898537526606 5.257335098169312e-15
    outer loop
      vertex 156.0577663332224 35.05928546190262 1.5
      vertex 155.81931306491728 35.725717700999574 4.5
      vertex 154.87548188787247 38.36354912649559 4.5
    endloop
  endfacet
  facet normal 0.94154406523331 0.3368898532516713 0
    outer loop
      vertex 157.49317683279514 35.494712479412556 0
      vertex 157.24700216517894 36.1827245850537 4.5
      vertex 157.49317683279514 35.494712479412556 6
    endloop
  endfacet
  facet normal 0.9415440652333148 0.3368898532516577 2.81800206272105e-15
    outer loop
      vertex 152.8811947852373 48.384338818490505 0
      vertex 156.30317098955473 38.82055601100445 4.5
      vertex 157.24700216517894 36.1827245850537 4.5
    endloop
  endfacet
  facet normal 0.9415440652333154 0.33688985325165627 0
    outer loop
      vertex 152.8811947852373 48.384338818490505 0
      vertex 152.8811947852373 48.384338818490505 6
      vertex 156.30317098955473 38.82055601100445 4.5
    endloop
  endfacet
  facet normal -0.9415440650540605 -0.3368898537526397 0
    outer loop
      vertex 156.0577663332224 35.05928546190262 1.5
      vertex 156.0577663332224 35.05928546190262 6
      vertex 155.81931306491728 35.725717700999574 4.5
    endloop
  endfacet
  facet normal 0 0 1
    outer loop
      vertex 157.24700216517894 36.1827245850537 4.5
      vertex 154.87548188787247 38.36354912649559 4.5
      vertex 155.81931306491728 35.725717700999574 4.5
    endloop
  endfacet
  facet normal 0 0 1
    outer loop
      vertex 156.30317098955473 38.82055601100445 4.5
      vertex 154.87548188787247 38.36354912649559 4.5
      vertex 157.24700216517894 36.1827245850537 4.5
    endloop
  endfacet
  facet normal 0.3048642990280128 -0.9523957996432777 0
    outer loop
      vertex 154.87548188787247 38.36354912649559 4.5
      vertex 156.30317098955473 38.82055601100445 4.5
      vertex 154.87548188787247 38.36354912649559 6
    endloop
  endfacet
  facet normal -0.30486429902801593 0.9523957996432767 0
    outer loop
      vertex 157.24700216517894 36.1827245850537 6
      vertex 157.24700216517894 36.1827245850537 4.5
      vertex 155.81931306491728 35.725717700999574 4.5
    endloop
  endfacet
  facet normal -0.9415440650540556 -0.3368898537526534 0
    outer loop
      vertex 151.49537548422813 47.810313664376736 1.5
      vertex 154.87548188787247 38.36354912649559 4.5
      vertex 154.87548188787247 38.36354912649559 6
    endloop
  endfacet
  facet normal 0 0 1
    outer loop
      vertex 159.34836869686842 21.922464437782764 6
      vertex 157.49317683279514 35.494712479412556 6
      vertex 156.0577663332224 35.05928546190262 6
    endloop
  endfacet
  facet normal 0 0 1
    outer loop
      vertex 159.34836869686842 21.922464437782764 6
      vertex 160.81954661756754 22.215099923312664 6
      vertex 157.49317683279514 35.494712479412556 6
    endloop
  endfacet
  facet normal -0.9415440650540605 -0.3368898537526397 0
    outer loop
      vertex 156.0577663332224 35.05928546190262 6
      vertex 155.81931306491728 35.725717700999574 6
      vertex 155.81931306491728 35.725717700999574 4.5
    endloop
  endfacet
  facet normal -0.30486429902801593 0.9523957996432767 0
    outer loop
      vertex 155.81931306491728 35.725717700999574 4.5
      vertex 155.81931306491728 35.725717700999574 6
      vertex 157.24700216517894 36.1827245850537 6
    endloop
  endfacet
  facet normal 0.94154406523331 0.3368898532516713 0
    outer loop
      vertex 157.49317683279514 35.494712479412556 6
      vertex 157.24700216517894 36.1827245850537 4.5
      vertex 157.24700216517894 36.1827245850537 6
    endloop
  endfacet
  facet normal 0.3048642990280128 -0.9523957996432777 0
    outer loop
      vertex 154.87548188787247 38.36354912649559 6
      vertex 156.30317098955473 38.82055601100445 4.5
      vertex 156.30317098955473 38.82055601100445 6
    endloop
  endfacet
  facet normal 0 0 1
    outer loop
      vertex 156.0577663332224 35.05928546190262 6
      vertex 157.49317683279514 35.494712479412556 6
      vertex 155.81931306491728 35.725717700999574 6
    endloop
  endfacet
  facet normal 0 0 1
    outer loop
      vertex 157.49317683279514 35.494712479412556 6
      vertex 157.24700216517894 36.1827245850537 6
      vertex 155.81931306491728 35.725717700999574 6
    endloop
  endfacet
  facet normal 0.9415440652333154 0.33688985325165627 0
    outer loop
      vertex 152.8811947852373 48.384338818490505 6
      vertex 156.30317098955473 38.82055601100445 6
      vertex 156.30317098955473 38.82055601100445 4.5
    endloop
  endfacet
  facet normal 0 0 1
    outer loop
      vertex 151.49537548422813 47.810313664376736 6
      vertex 154.87548188787247 38.36354912649559 6
      vertex 156.30317098955473 38.82055601100445 6
    endloop
  endfacet
  facet normal 0 0 1
    outer loop
      vertex 151.49537548422813 47.810313664376736 6
      vertex 156.30317098955473 38.82055601100445 6
      vertex 152.8811947852373 48.384338818490505 6
    endloop
  endfacet
  facet normal 0 0 -1
    outer loop
      vertex 90.93330378830433 39.72340375930071 0
      vertex 139.99001091718674 72.502047508955 0
      vertex 147.02801637351513 60.75984478741884 0
    endloop
  endfacet
  facet normal 0 0 -1
    outer loop
      vertex 94.9946617782116 32.947437316179276 0
      vertex 147.02801637351513 60.75984478741884 0
      vertex 152.8811947852373 48.384338818490505 0
    endloop
  endfacet
  facet normal 0 0 1
    outer loop
      vertex 92.18050821125507 40.55675910413265 1.5
      vertex 145.70513448119164 60.052749678492546 1.5
      vertex 138.742806494236 71.66869215667248 1.5
    endloop
  endfacet
  facet normal 0 0 1
    outer loop
      vertex 96.31754367798567 33.65453241765499 1.5
      vertex 151.49537548422813 47.810313664376736 1.5
      vertex 145.70513448119164 60.052749678492546 1.5
    endloop
  endfacet
  facet normal 0.7409511252577077 0.6715589549543188 0
    outer loop
      vertex 128.3609859496355 87.33080090582371 0
      vertex 131.83495824038982 83.49786314368248 6
      vertex 131.83495824038982 83.49786314368248 0
    endloop
  endfacet
  facet normal 0.8032075313200574 0.5956993047089604 0
    outer loop
      vertex 131.83495824038982 83.49786314368248 0
      vertex 139.99001091718674 72.502047508955 6
      vertex 139.99001091718674 72.502047508955 0
    endloop
  endfacet
  facet normal 0.9039892929939586 0.42755509370405426 0
    outer loop
      vertex 152.8811947852373 48.384338818490505 0
      vertex 147.02801637351513 60.75984478741884 0
      vertex 152.8811947852373 48.384338818490505 6
    endloop
  endfacet
  facet normal 0.857728610179927 0.5141027438934856 0
    outer loop
      vertex 139.99001091718674 72.502047508955 0
      vertex 147.02801637351513 60.75984478741884 6
      vertex 147.02801637351513 60.75984478741884 0
    endloop
  endfacet
  facet normal 0.857728610179927 0.5141027438934856 0
    outer loop
      vertex 139.99001091718674 72.502047508955 0
      vertex 139.99001091718674 72.502047508955 6
      vertex 147.02801637351513 60.75984478741884 6
    endloop
  endfacet
  facet normal -0.8577286099169636 -0.5141027443322135 0
    outer loop
      vertex 138.742806494236 71.66869215667248 1.5
      vertex 145.70513448119164 60.052749678492546 6
      vertex 138.742806494236 71.66869215667248 6
    endloop
  endfacet
  facet normal 0 0 1
    outer loop
      vertex 138.742806494236 71.66869215667248 6
      vertex 145.70513448119164 60.052749678492546 6
      vertex 139.99001091718674 72.502047508955 6
    endloop
  endfacet
  facet normal -0.8032075315685713 -0.5956993043738785 0
    outer loop
      vertex 130.67544256150723 82.54627321660519 1.5
      vertex 133.60644396977182 78.59427530613148 6
      vertex 130.67544256150723 82.54627321660519 6
    endloop
  endfacet
  facet normal -0.740951123995242 -0.6715589563472352 0
    outer loop
      vertex 128.04681520164013 85.44651656597853 1.5
      vertex 130.67544256150723 82.54627321660519 1.5
      vertex 130.67544256150723 82.54627321660519 6
    endloop
  endfacet
  facet normal 0.7409511252577077 0.6715589549543188 0
    outer loop
      vertex 128.3609859496355 87.33080090582371 0
      vertex 128.3609859496355 87.33080090582371 6
      vertex 131.83495824038982 83.49786314368248 6
    endloop
  endfacet
  facet normal -0.740951123995242 -0.6715589563472352 0
    outer loop
      vertex 128.04681520164013 85.44651656597853 1.5
      vertex 130.67544256150723 82.54627321660519 6
      vertex 128.04681520164013 85.44651656597853 6
    endloop
  endfacet
  facet normal -0.8032075315685709 -0.5956993043738786 0
    outer loop
      vertex 130.67544256150723 82.54627321660519 1.5
      vertex 138.742806494236 71.66869215667248 1.5
      vertex 138.742806494236 71.66869215667248 6
    endloop
  endfacet
  facet normal 0.8032075313200568 0.5956993047089613 8.458796798688089e-16
    outer loop
      vertex 131.83495824038982 83.49786314368248 0
      vertex 134.80688340002615 79.4906859456065 4.5
      vertex 136.47485038450296 77.24169281545753 4.5
    endloop
  endfacet
  facet normal -0.8032075315685709 -0.5956993043738789 -8.458796798676523e-16
    outer loop
      vertex 130.67544256150723 82.54627321660519 1.5
      vertex 135.27441095331267 76.34528217528359 4.5
      vertex 133.60644396977182 78.59427530613148 4.5
    endloop
  endfacet
  facet normal 0.8032075313200585 0.5956993047089589 -3.8225464600695645e-15
    outer loop
      vertex 131.83495824038982 83.49786314368248 0
      vertex 136.47485038450296 77.24169281545753 4.5
      vertex 139.99001091718674 72.502047508955 6
    endloop
  endfacet
  facet normal -0.8032075315685706 -0.5956993043738792 -1.2070200054756763e-15
    outer loop
      vertex 130.67544256150723 82.54627321660519 1.5
      vertex 138.742806494236 71.66869215667248 6
      vertex 135.27441095331267 76.34528217528359 4.5
    endloop
  endfacet
  facet normal 0 0 1
    outer loop
      vertex 133.60644396977182 78.59427530613148 4.5
      vertex 136.47485038450296 77.24169281545753 4.5
      vertex 134.80688340002615 79.4906859456065 4.5
    endloop
  endfacet
  facet normal -0.8032075315685712 -0.5956993043738785 0
    outer loop
      vertex 130.67544256150723 82.54627321660519 1.5
      vertex 133.60644396977182 78.59427530613148 4.5
      vertex 133.60644396977182 78.59427530613148 6
    endloop
  endfacet
  facet normal 0 0 1
    outer loop
      vertex 133.60644396977182 78.59427530613148 4.5
      vertex 135.27441095331267 76.34528217528359 4.5
      vertex 136.47485038450296 77.24169281545753 4.5
    endloop
  endfacet
  facet normal 0.5983246005706584 -0.8012538126910612 0
    outer loop
      vertex 133.60644396977182 78.59427530613148 4.5
      vertex 134.80688340002615 79.4906859456065 4.5
      vertex 133.60644396977182 78.59427530613148 6
    endloop
  endfacet
  facet normal -0.5983246005706615 0.8012538126910589 0
    outer loop
      vertex 135.27441095331267 76.34528217528359 6
      vertex 136.47485038450296 77.24169281545753 4.5
      vertex 135.27441095331267 76.34528217528359 4.5
    endloop
  endfacet
  facet normal 0.8032075313200573 0.5956993047089607 0
    outer loop
      vertex 131.83495824038982 83.49786314368248 0
      vertex 131.83495824038982 83.49786314368248 6
      vertex 134.80688340002615 79.4906859456065 4.5
    endloop
  endfacet
  facet normal 0 0 1
    outer loop
      vertex 128.04681520164013 85.44651656597853 6
      vertex 131.83495824038982 83.49786314368248 6
      vertex 128.3609859496355 87.33080090582371 6
    endloop
  endfacet
  facet normal 0 0 1
    outer loop
      vertex 128.04681520164013 85.44651656597853 6
      vertex 130.67544256150723 82.54627321660519 6
      vertex 131.83495824038982 83.49786314368248 6
    endloop
  endfacet
  facet normal 0 0 1
    outer loop
      vertex 130.67544256150723 82.54627321660519 6
      vertex 134.80688340002615 79.4906859456065 6
      vertex 131.83495824038982 83.49786314368248 6
    endloop
  endfacet
  facet normal -0.803207531568571 -0.5956993043738789 0
    outer loop
      vertex 138.742806494236 71.66869215667248 6
      vertex 135.27441095331267 76.34528217528359 6
      vertex 135.27441095331267 76.34528217528359 4.5
    endloop
  endfacet
  facet normal 0 0 1
    outer loop
      vertex 139.99001091718674 72.502047508955 6
      vertex 136.47485038450296 77.24169281545753 6
      vertex 135.27441095331267 76.34528217528359 6
    endloop
  endfacet
  facet normal 0.8032075313200573 0.5956993047089607 0
    outer loop
      vertex 131.83495824038982 83.49786314368248 6
      vertex 134.80688340002615 79.4906859456065 6
      vertex 134.80688340002615 79.4906859456065 4.5
    endloop
  endfacet
  facet normal 0.5983246005706584 -0.8012538126910612 0
    outer loop
      vertex 134.80688340002615 79.4906859456065 6
      vertex 133.60644396977182 78.59427530613148 6
      vertex 134.80688340002615 79.4906859456065 4.5
    endloop
  endfacet
  facet normal -0.5983246005706615 0.8012538126910589 0
    outer loop
      vertex 136.47485038450296 77.24169281545753 6
      vertex 136.47485038450296 77.24169281545753 4.5
      vertex 135.27441095331267 76.34528217528359 6
    endloop
  endfacet
  facet normal 0 0 1
    outer loop
      vertex 130.67544256150723 82.54627321660519 6
      vertex 133.60644396977182 78.59427530613148 6
      vertex 134.80688340002615 79.4906859456065 6
    endloop
  endfacet
  facet normal 0 0 1
    outer loop
      vertex 138.742806494236 71.66869215667248 6
      vertex 139.99001091718674 72.502047508955 6
      vertex 135.27441095331267 76.34528217528359 6
    endloop
  endfacet
  facet normal 0.803207531320058 0.5956993047089598 0
    outer loop
      vertex 139.99001091718674 72.502047508955 6
      vertex 136.47485038450296 77.24169281545753 4.5
      vertex 136.47485038450296 77.24169281545753 6
    endloop
  endfacet
  facet normal -0.9039892932017454 -0.42755509326472635 0
    outer loop
      vertex 151.49537548422813 47.810313664376736 1.5
      vertex 151.49537548422813 47.810313664376736 6
      vertex 145.70513448119164 60.052749678492546 1.5
    endloop
  endfacet
  facet normal 0.9039892929939588 0.42755509370405403 -7.033250334110828e-16
    outer loop
      vertex 147.02801637351513 60.75984478741884 0
      vertex 148.53828168884624 57.56665706788608 4.5
      vertex 152.8811947852373 48.384338818490505 6
    endloop
  endfacet
  facet normal 0 0 1
    outer loop
      vertex 146.00776131225768 59.412899003272315 4.5
      vertex 147.20560037576683 56.88028108934972 4.5
      vertex 148.53828168884624 57.56665706788608 4.5
    endloop
  endfacet
  facet normal -0.45787391511695125 0.8890171414857393 0
    outer loop
      vertex 147.20560037576683 56.88028108934972 6
      vertex 148.53828168884624 57.56665706788608 4.5
      vertex 147.20560037576683 56.88028108934972 4.5
    endloop
  endfacet
  facet normal -0.9039892932017443 -0.4275550932647289 -8.439873933577286e-15
    outer loop
      vertex 145.70513448119164 60.052749678492546 1.5
      vertex 151.49537548422813 47.810313664376736 6
      vertex 147.20560037576683 56.88028108934972 4.5
    endloop
  endfacet
  facet normal -0.8577286099169636 -0.5141027443322135 0
    outer loop
      vertex 138.742806494236 71.66869215667248 1.5
      vertex 145.70513448119164 60.052749678492546 1.5
      vertex 145.70513448119164 60.052749678492546 6
    endloop
  endfacet
  facet normal 0.9039892929939606 0.4275550937040502 -3.962815400722041e-15
    outer loop
      vertex 147.02801637351513 60.75984478741884 0
      vertex 147.34044262412596 60.099274981184905 4.5
      vertex 148.53828168884624 57.56665706788608 4.5
    endloop
  endfacet
  facet normal -0.9039892932017476 -0.42755509326472196 6.340504641051049e-16
    outer loop
      vertex 145.70513448119164 60.052749678492546 1.5
      vertex 147.20560037576683 56.88028108934972 4.5
      vertex 146.00776131225768 59.412899003272315 4.5
    endloop
  endfacet
  facet normal 0.9039892929939501 0.4275550937040723 0
    outer loop
      vertex 147.02801637351513 60.75984478741884 0
      vertex 147.02801637351513 60.75984478741884 6
      vertex 147.34044262412596 60.099274981184905 4.5
    endloop
  endfacet
  facet normal -0.9039892932017464 -0.42755509326472435 0
    outer loop
      vertex 145.70513448119164 60.052749678492546 1.5
      vertex 146.00776131225768 59.412899003272315 4.5
      vertex 146.00776131225768 59.412899003272315 6
    endloop
  endfacet
  facet normal -0.9039892932017463 -0.42755509326472435 0
    outer loop
      vertex 145.70513448119164 60.052749678492546 1.5
      vertex 146.00776131225768 59.412899003272315 6
      vertex 145.70513448119164 60.052749678492546 6
    endloop
  endfacet
  facet normal 0 0 1
    outer loop
      vertex 146.00776131225768 59.412899003272315 4.5
      vertex 148.53828168884624 57.56665706788608 4.5
      vertex 147.34044262412596 60.099274981184905 4.5
    endloop
  endfacet
  facet normal 0.4578739151169571 -0.8890171414857363 0
    outer loop
      vertex 146.00776131225768 59.412899003272315 4.5
      vertex 147.34044262412596 60.099274981184905 4.5
      vertex 146.00776131225768 59.412899003272315 6
    endloop
  endfacet
  facet normal 0 0 1
    outer loop
      vertex 151.49537548422813 47.810313664376736 6
      vertex 152.8811947852373 48.384338818490505 6
      vertex 147.20560037576683 56.88028108934972 6
    endloop
  endfacet
  facet normal -0.9039892932017447 -0.42755509326472774 0
    outer loop
      vertex 151.49537548422813 47.810313664376736 6
      vertex 147.20560037576683 56.88028108934972 6
      vertex 147.20560037576683 56.88028108934972 4.5
    endloop
  endfacet
  facet normal 0.9039892929939588 0.42755509370405415 0
    outer loop
      vertex 152.8811947852373 48.384338818490505 6
      vertex 148.53828168884624 57.56665706788608 4.5
      vertex 148.53828168884624 57.56665706788608 6
    endloop
  endfacet
  facet normal -0.45787391511695125 0.8890171414857393 0
    outer loop
      vertex 148.53828168884624 57.56665706788608 6
      vertex 148.53828168884624 57.56665706788608 4.5
      vertex 147.20560037576683 56.88028108934972 6
    endloop
  endfacet
  facet normal 0 0 1
    outer loop
      vertex 152.8811947852373 48.384338818490505 6
      vertex 148.53828168884624 57.56665706788608 6
      vertex 147.20560037576683 56.88028108934972 6
    endloop
  endfacet
  facet normal 0.4578739151169571 -0.8890171414857363 0
    outer loop
      vertex 147.34044262412596 60.099274981184905 6
      vertex 146.00776131225768 59.412899003272315 6
      vertex 147.34044262412596 60.099274981184905 4.5
    endloop
  endfacet
  facet normal 0.9039892929939501 0.4275550937040723 0
    outer loop
      vertex 147.02801637351513 60.75984478741884 6
      vertex 147.34044262412596 60.099274981184905 6
      vertex 147.34044262412596 60.099274981184905 4.5
    endloop
  endfacet
  facet normal 0 0 1
    outer loop
      vertex 145.70513448119164 60.052749678492546 6
      vertex 146.00776131225768 59.412899003272315 6
      vertex 147.34044262412596 60.099274981184905 6
    endloop
  endfacet
  facet normal 0 0 1
    outer loop
      vertex 145.70513448119164 60.052749678492546 6
      vertex 147.34044262412596 60.099274981184905 6
      vertex 147.02801637351513 60.75984478741884 6
    endloop
  endfacet
  facet normal 0 0 1
    outer loop
      vertex 139.99001091718674 72.502047508955 6
      vertex 145.70513448119164 60.052749678492546 6
      vertex 147.02801637351513 60.75984478741884 6
    endloop
  endfacet
  facet normal -0.9206935140037499 -0.38136374028929826 0.08297680919379385
    outer loop
      vertex 119.92495871339271 32.56863446858168 6.9
      vertex 119.50944623262619 36.18489626473627 18.91
      vertex 118.39422498393235 36.26415259862682 6.9
    endloop
  endfacet
  facet normal -0.9206935140037512 -0.3813637402892954 0.08297680919379295
    outer loop
      vertex 119.92495871339271 32.56863446858168 6.9
      vertex 120.65749652972146 33.4132576672024 18.91
      vertex 119.50944623262619 36.18489626473627 18.91
    endloop
  endfacet
  facet normal -0.38235222532427765 0.923079927981407 0.041595941477666466
    outer loop
      vertex 118.39422498393235 36.26415259862682 6.9
      vertex 119.50944623262619 36.18489626473627 18.91
      vertex 131.32853843909038 41.62172065173807 6.9
    endloop
  endfacet
  facet normal 0.3823522253242783 -0.9230799279814067 0.04159594147766658
    outer loop
      vertex 119.92495871339271 32.56863446858168 6.9
      vertex 132.85927216855072 37.92620252169293 6.9
      vertex 131.74405091985687 38.005458855583484 18.91
    endloop
  endfacet
  facet normal 0.9206935140037525 0.38136374028929226 0.08297680919379412
    outer loop
      vertex 132.85927216855072 37.92620252169293 6.9
      vertex 131.32853843909038 41.62172065173807 6.9
      vertex 131.74405091985687 38.005458855583484 18.91
    endloop
  endfacet
  facet normal 0.3823522253242795 -0.9230799279814061 0.041595941477665196
    outer loop
      vertex 119.92495871339271 32.56863446858168 6.9
      vertex 131.74405091985687 38.005458855583484 18.91
      vertex 120.65749652972146 33.4132576672024 18.91
    endloop
  endfacet
  facet normal -0.38235222532427954 0.9230799279814063 0.04159594147766428
    outer loop
      vertex 119.50944623262619 36.18489626473627 18.91
      vertex 130.5960006227616 40.77709745311735 18.91
      vertex 131.32853843909038 41.62172065173807 6.9
    endloop
  endfacet
  facet normal 0.9206935140037512 0.38136374028929537 0.08297680919379513
    outer loop
      vertex 131.32853843909038 41.62172065173807 6.9
      vertex 130.5960006227616 40.77709745311735 18.91
      vertex 131.74405091985687 38.005458855583484 18.91
    endloop
  endfacet
  facet normal 0 0 1
    outer loop
      vertex 120.65749652972146 33.4132576672024 18.91
      vertex 131.74405091985687 38.005458855583484 18.91
      vertex 119.50944623262619 36.18489626473627 18.91
    endloop
  endfacet
  facet normal 0 0 1
    outer loop
      vertex 119.50944623262619 36.18489626473627 18.91
      vertex 131.74405091985687 38.005458855583484 18.91
      vertex 130.5960006227616 40.77709745311735 18.91
    endloop
  endfacet
  facet normal -0.9987954562366814 -0.04906767368603752 0
    outer loop
      vertex 20.358544521033764 98.91493912786245 0
      vertex 20.21188896894455 101.90018150955439 2.5
      vertex 20.21188896894455 101.90018150955439 0
    endloop
  endfacet
  facet normal -0.9987954562366814 -0.04906767368603752 0
    outer loop
      vertex 20.358544521033764 98.91493912786245 0
      vertex 20.358544521033764 98.91493912786245 2.5
      vertex 20.21188896894455 101.90018150955439 2.5
    endloop
  endfacet
  facet normal -0.9891765100498906 -0.14673047388159874 0
    outer loop
      vertex 19.05129360407591 109.72427995502949 2.5
      vertex 20.21188896894455 101.90018150955439 0
      vertex 20.21188896894455 101.90018150955439 2.5
    endloop
  endfacet
  facet normal 0 0 -1
    outer loop
      vertex 19.05129360407591 109.72427995502949 0
      vertex 19.876065473149154 106.87001859155434 0
      vertex 20.21188896894455 101.90018150955439 0
    endloop
  endfacet
  facet normal 0.9697017035842023 0.2442920507628027 2.976949231214288e-13
    outer loop
      vertex 19.86156052583705 106.92759505413265 0.08005850932366565
      vertex 19.876065473149154 106.87001859155434 0
      vertex 19.810041347505077 107.13209714431409 0.3127416997969523
    endloop
  endfacet
  facet normal 0.9697017035841161 0.2442920507631453 -7.588843859635182e-15
    outer loop
      vertex 19.810041347505077 107.13209714431409 0.3127416997969523
      vertex 19.876065473149154 106.87001859155434 0
      vertex 19.753198693726247 107.35773043051142 0.5236334507607583
    endloop
  endfacet
  facet normal 0.9697017035841691 0.24429205076293495 2.0081656655210284e-13
    outer loop
      vertex 19.753198693726247 107.35773043051142 0.5236334507607583
      vertex 19.876065473149154 106.87001859155434 0
      vertex 19.691579990329828 107.60232194083487 0.7107027593681448
    endloop
  endfacet
  facet normal 0.9697017035841249 0.24429205076311003 1.0952965211557288e-13
    outer loop
      vertex 18.652982548791897 111.72496819662342 0.08005850932366565
      vertex 19.876065473149154 106.87001859155434 0
      vertex 18.638477601479806 111.78254465920173 0
    endloop
  endfacet
  facet normal 0.9697017035841247 0.24429205076311167 6.012147280265012e-15
    outer loop
      vertex 18.652982548791897 111.72496819662342 0.08005850932366565
      vertex 18.70450172712387 111.52046610644197 0.3127416997969523
      vertex 19.876065473149154 106.87001859155434 0
    endloop
  endfacet
  facet normal 0.9697017035841259 0.24429205076310645 3.7845137043634884e-14
    outer loop
      vertex 18.7613443809027 111.29483282024464 0.5236334507607583
      vertex 18.82296308429912 111.05024130992119 0.7107027593681448
      vertex 19.876065473149154 106.87001859155434 0
    endloop
  endfacet
  facet normal 0.969701703584124 0.24429205076311383 -2.8212454162343507e-14
    outer loop
      vertex 18.70450172712387 111.52046610644197 0.3127416997969523
      vertex 18.7613443809027 111.29483282024464 0.5236334507607583
      vertex 19.876065473149154 106.87001859155434 0
    endloop
  endfacet
  facet normal 0.9697017035841168 0.24429205076314234 -2.6553460531740815e-14
    outer loop
      vertex 19.691579990329828 107.60232194083487 0.7107027593681448
      vertex 19.876065473149154 106.87001859155434 0
      vertex 19.625778659113706 107.8635161253327 0.8721480459147362
    endloop
  endfacet
  facet normal 0.9697017035841279 0.24429205076309843 2.661374133114342e-14
    outer loop
      vertex 19.625778659113706 107.8635161253327 0.8721480459147362
      vertex 19.876065473149154 106.87001859155434 0
      vertex 19.55642840286818 108.13879754122492 1.0064145040361177
    endloop
  endfacet
  facet normal -0.9891765100498906 -0.14673047388159874 0
    outer loop
      vertex 19.05129360407591 109.72427995502949 0
      vertex 20.21188896894455 101.90018150955439 0
      vertex 19.05129360407591 109.72427995502949 2.5
    endloop
  endfacet
  facet normal 0.9697017035841234 0.2442920507631156 -1.9454654621723787e-14
    outer loop
      vertex 18.82296308429912 111.05024130992119 0.7107027593681448
      vertex 18.88876441551524 110.78904712542337 0.8721480459147362
      vertex 19.876065473149154 106.87001859155434 0
    endloop
  endfacet
  facet normal 0.9697017035841238 0.244292050763115 -1.6367663698391464e-14
    outer loop
      vertex 18.88876441551524 110.78904712542337 0.8721480459147362
      vertex 18.958114671760768 110.51376570953116 1.0064145040361177
      vertex 19.876065473149154 106.87001859155434 0
    endloop
  endfacet
  facet normal 0.9697017035841276 0.24429205076309954 4.3204257117154887e-14
    outer loop
      vertex 19.03034597215735 110.2270481727637 1.1122090743430681
      vertex 19.876065473149154 106.87001859155434 0
      vertex 18.958114671760768 110.51376570953116 1.0064145040361177
    endloop
  endfacet
  facet normal 0.9697017035841389 0.24429205076305505 8.475853024007176e-14
    outer loop
      vertex 19.55642840286818 108.13879754122492 1.0064145040361177
      vertex 19.876065473149154 106.87001859155434 0
      vertex 19.484197102471597 108.42551507799237 1.1122090743430681
    endloop
  endfacet
  facet normal 0.9697017035841248 0.24429205076311067 2.0521257820854e-15
    outer loop
      vertex 19.484197102471597 108.42551507799237 1.1122090743430681
      vertex 19.876065473149154 106.87001859155434 0
      vertex 19.409780384832416 108.72090748902022 1.1885128972903374
    endloop
  endfacet
  facet normal 0.9697017035841217 0.24429205076312338 -1.884963572077399e-14
    outer loop
      vertex 19.409780384832416 108.72090748902022 1.1885128972903374
      vertex 19.876065473149154 106.87001859155434 0
      vertex 19.333894923621813 109.02212998391238 1.23459112535103
    endloop
  endfacet
  facet normal 0.9697017035841214 0.24429205076312407 -2.7877943837667242e-14
    outer loop
      vertex 19.25727153731448 109.32628162537803 1.25
      vertex 19.876065473149154 106.87001859155434 0
      vertex 19.180648151007134 109.6304332668437 1.23459112535103
    endloop
  endfacet
  facet normal 0.9697017035841295 0.2442920507630916 3.9938597550126735e-14
    outer loop
      vertex 19.333894923621813 109.02212998391238 1.23459112535103
      vertex 19.876065473149154 106.87001859155434 0
      vertex 19.25727153731448 109.32628162537803 1.25
    endloop
  endfacet
  facet normal 0.9697017035841289 0.2442920507630945 4.233372300759934e-14
    outer loop
      vertex 19.180648151007134 109.6304332668437 1.23459112535103
      vertex 19.876065473149154 106.87001859155434 0
      vertex 19.104762689796544 109.93165576173584 1.1885128972903374
    endloop
  endfacet
  facet normal 0.9697017035841197 0.24429205076313046 -5.597506279321741e-14
    outer loop
      vertex 19.03034597215735 110.2270481727637 1.1122090743430681
      vertex 19.104762689796544 109.93165576173584 1.1885128972903374
      vertex 19.876065473149154 106.87001859155434 0
    endloop
  endfacet
  facet normal 0 0 -1
    outer loop
      vertex 19.05129360407591 109.72427995502949 0
      vertex 17.129391059279442 117.39694498479366 0
      vertex 19.876065473149154 106.87001859155434 0
    endloop
  endfacet
  facet normal 0 0 -1
    outer loop
      vertex 17.129391059279442 117.39694498479366 0
      vertex 18.638477601479806 111.78254465920173 0
      vertex 19.876065473149154 106.87001859155434 0
    endloop
  endfacet
  facet normal 0.19621721505378656 -0.7788717116084014 -0.5956993044924052
    outer loop
      vertex 18.652982548791897 111.72496819662342 0.08005850932366565
      vertex 18.638477601479806 111.78254465920173 0
      vertex 22.14390868169474 112.60441957937061 0.08005850932366565
    endloop
  endfacet
  facet normal 0.18100846992819375 -0.7185015685292668 -0.6715589548470315
    outer loop
      vertex 18.652982548791897 111.72496819662342 0.08005850932366565
      vertex 22.14390868169474 112.60441957937061 0.08005850932366565
      vertex 18.70450172712387 111.52046610644197 0.3127416997969523
    endloop
  endfacet
  facet normal 0.16405651428790732 -0.6512118625723238 -0.7409511253549632
    outer loop
      vertex 18.70450172712387 111.52046610644197 0.3127416997969523
      vertex 22.19542786002671 112.39991748918916 0.3127416997969523
      vertex 18.7613443809027 111.29483282024464 0.5236334507607583
    endloop
  endfacet
  facet normal 0 0 -1
    outer loop
      vertex 17.129391059279442 117.39694498479366 0
      vertex 22.12940373438265 112.66199604194892 0
      vertex 18.638477601479806 111.78254465920173 0
    endloop
  endfacet
  facet normal -0.9700312530477945 -0.2429801804891204 0
    outer loop
      vertex 19.05129360407591 109.72427995502949 0
      vertex 17.129391059279442 117.39694498479366 2.5
      vertex 17.129391059279442 117.39694498479366 0
    endloop
  endfacet
  facet normal 0.14552460473261603 -0.5776506303901972 -0.8032075314806403
    outer loop
      vertex 18.7613443809027 111.29483282024464 0.5236334507607583
      vertex 22.25227051380554 112.17428420299183 0.5236334507607583
      vertex 18.82296308429912 111.05024130992119 0.7107027593681448
    endloop
  endfacet
  facet normal 0.12559121368190398 -0.4985263068614393 -0.857728610000273
    outer loop
      vertex 18.82296308429912 111.05024130992119 0.7107027593681448
      vertex 22.31388921720196 111.92969269266838 0.7107027593681448
      vertex 18.88876441551524 110.78904712542337 0.8721480459147362
    endloop
  endfacet
  facet normal 0.10444831058830024 -0.4146009024754294 -0.9039892931234359
    outer loop
      vertex 18.88876441551524 110.78904712542337 0.8721480459147362
      vertex 22.379690548418083 111.66849850817056 0.8721480459147362
      vertex 18.958114671760768 110.51376570953116 1.0064145040361177
    endloop
  endfacet
  facet normal 0.08229951316646747 -0.3266826647546371 -0.9415440651830226
    outer loop
      vertex 19.03034597215735 110.2270481727637 1.1122090743430681
      vertex 18.958114671760768 110.51376570953116 1.0064145040361177
      vertex 22.44904080466361 111.39321709227835 1.0064145040361177
    endloop
  endfacet
  facet normal -0.035845088514142934 0.14228479104706562 -0.9891765099647819
    outer loop
      vertex 19.409780384832416 108.72090748902022 1.1885128972903374
      vertex 19.333894923621813 109.02212998391238 1.23459112535103
      vertex 22.824821056524655 109.90158136665957 1.23459112535103
    endloop
  endfacet
  facet normal 0.011986842787621136 -0.04758100738620757 -0.9987954562051724
    outer loop
      vertex 19.25727153731448 109.32628162537803 1.25
      vertex 19.180648151007134 109.6304332668437 1.23459112535103
      vertex 22.671574283909976 110.50988464959089 1.23459112535103
    endloop
  endfacet
  facet normal -0.011986842787621795 0.047581007386210177 -0.9987954562051723
    outer loop
      vertex 19.333894923621813 109.02212998391238 1.23459112535103
      vertex 19.25727153731448 109.32628162537803 1.25
      vertex 22.748197670217323 110.20573300812522 1.25
    endloop
  endfacet
  facet normal 0.05935812644335604 -0.23561829438936607 -0.9700312531945456
    outer loop
      vertex 19.03034597215735 110.2270481727637 1.1122090743430681
      vertex 22.52127210506019 111.1064995555109 1.1122090743430681
      vertex 19.104762689796544 109.93165576173584 1.1885128972903374
    endloop
  endfacet
  facet normal 0.03584508851414489 -0.14228479104707334 -0.9891765099647807
    outer loop
      vertex 19.180648151007134 109.6304332668437 1.23459112535103
      vertex 19.104762689796544 109.93165576173584 1.1885128972903374
      vertex 22.595688822699387 110.81110714448303 1.1885128972903374
    endloop
  endfacet
  facet normal -0.9700312530477945 -0.2429801804891204 0
    outer loop
      vertex 19.05129360407591 109.72427995502949 0
      vertex 19.05129360407591 109.72427995502949 2.5
      vertex 17.129391059279442 117.39694498479366 2.5
    endloop
  endfacet
  facet normal 0 0 -1
    outer loop
      vertex 7.016450755298138 138.77896077930927 0
      vertex 10.197863732480698 133.65462118632598 0
      vertex 11.08285390585661 131.9945769906044 0
    endloop
  endfacet
  facet normal 0 0 -1
    outer loop
      vertex 7.016450755298138 138.77896077930927 0
      vertex 13.28818731014205 135.5012126910585 0
      vertex 10.197863732480698 133.65462118632598 0
    endloop
  endfacet
  facet normal -0.8577286100915229 -0.5141027440409789 0
    outer loop
      vertex 7.016450755298138 138.77896077930927 0
      vertex 11.08285390585661 131.9945769906044 0
      vertex 7.016450755298138 138.77896077930927 2.5
    endloop
  endfacet
  facet normal -0.8577286100915229 -0.5141027440409789 0
    outer loop
      vertex 11.08285390585661 131.9945769906044 0
      vertex 11.08285390585661 131.9945769906044 2.5
      vertex 7.016450755298138 138.77896077930927 2.5
    endloop
  endfacet
  facet normal -0.941544065196766 -0.3368898533538047 0
    outer loop
      vertex 17.129391059279442 117.39694498479366 0
      vertex 14.464690320193768 124.84428464621305 2.5
      vertex 14.464690320193768 124.84428464621305 0
    endloop
  endfacet
  facet normal -0.9039892932155685 -0.4275550932354995 0
    outer loop
      vertex 14.464690320193768 124.84428464621305 0
      vertex 14.464690320193768 124.84428464621305 2.5
      vertex 11.08285390585661 131.9945769906044 2.5
    endloop
  endfacet
  facet normal -0.941544065196766 -0.3368898533538047 0
    outer loop
      vertex 17.129391059279442 117.39694498479366 0
      vertex 17.129391059279442 117.39694498479366 2.5
      vertex 14.464690320193768 124.84428464621305 2.5
    endloop
  endfacet
  facet normal 0 0 -1
    outer loop
      vertex 14.464690320193768 124.84428464621305 0
      vertex 11.08285390585661 131.9945769906044 0
      vertex 12.796437451298232 129.30583391476523 0
    endloop
  endfacet
  facet normal 0.8584232160171653 0.5129420846477185 2.174433074662216e-13
    outer loop
      vertex 12.765981290777518 129.3568031684962 0.08005850932366565
      vertex 12.796437451298232 129.30583391476523 0
      vertex 12.538453035619199 129.73757819626923 0.5236334507607583
    endloop
  endfacet
  facet normal 0.8584232160172515 0.5129420846475744 3.8548866186199903e-13
    outer loop
      vertex 12.765981290777518 129.3568031684962 0.08005850932366565
      vertex 12.538453035619199 129.73757819626923 0.5236334507607583
      vertex 12.657806036403088 129.53783754359003 0.3127416997969523
    endloop
  endfacet
  facet normal 0.858423216017031 0.5129420846479431 -3.378905394464362e-14
    outer loop
      vertex 12.538453035619199 129.73757819626923 0.5236334507607583
      vertex 12.796437451298232 129.30583391476523 0
      vertex 12.409071723068365 129.95410151485913 0.7107027593681448
    endloop
  endfacet
  facet normal 0 0 -1
    outer loop
      vertex 11.08285390585661 131.9945769906044 0
      vertex 10.197863732480698 133.65462118632598 0
      vertex 12.796437451298232 129.30583391476523 0
    endloop
  endfacet
  facet normal 0.8584232160170442 0.5129420846479211 -4.24294809819778e-14
    outer loop
      vertex 10.228319893001412 133.603651932595 0.08005850932366565
      vertex 12.796437451298232 129.30583391476523 0
      vertex 10.197863732480698 133.65462118632598 0
    endloop
  endfacet
  facet normal 0.8584232160170443 0.5129420846479208 -1.9586448561488398e-14
    outer loop
      vertex 10.228319893001412 133.603651932595 0.08005850932366565
      vertex 10.336495147375842 133.42261755750118 0.3127416997969523
      vertex 12.796437451298232 129.30583391476523 0
    endloop
  endfacet
  facet normal 0.8584232160170467 0.5129420846479167 5.45816263830457e-14
    outer loop
      vertex 10.336495147375842 133.42261755750118 0.3127416997969523
      vertex 10.455848148159731 133.222876904822 0.5236334507607583
      vertex 12.796437451298232 129.30583391476523 0
    endloop
  endfacet
  facet normal 0.8584232160170436 0.512942084647922 6.758060186363362e-16
    outer loop
      vertex 10.455848148159731 133.222876904822 0.5236334507607583
      vertex 10.585229460710565 133.00635358623208 0.7107027593681448
      vertex 12.796437451298232 129.30583391476523 0
    endloop
  endfacet
  facet normal -0.4119989456026266 0.6894919923027922 -0.5956993044923338
    outer loop
      vertex 12.765981290777518 129.3568031684962 0.08005850932366565
      vertex 15.886761028959583 131.15242541949772 0
      vertex 12.796437451298232 129.30583391476523 0
    endloop
  endfacet
  facet normal 0 0 -1
    outer loop
      vertex 14.464690320193768 124.84428464621305 0
      vertex 12.796437451298232 129.30583391476523 0
      vertex 15.886761028959583 131.15242541949772 0
    endloop
  endfacet
  facet normal -0.41199894560257105 0.6894919923026888 -0.595699304492492
    outer loop
      vertex 12.765981290777518 129.3568031684962 0.08005850932366565
      vertex 15.856304868438869 131.20339467322873 0.08005850932366565
      vertex 15.886761028959583 131.15242541949772 0
    endloop
  endfacet
  facet normal -0.3800650148617946 0.6360496479386486 -0.6715589548470225
    outer loop
      vertex 12.765981290777518 129.3568031684962 0.08005850932366565
      vertex 12.657806036403088 129.53783754359003 0.3127416997969523
      vertex 15.748129614064439 131.38442904832254 0.3127416997969523
    endloop
  endfacet
  facet normal -0.38006501486179445 0.6360496479386483 -0.6715589548470227
    outer loop
      vertex 12.765981290777518 129.3568031684962 0.08005850932366565
      vertex 15.748129614064439 131.38442904832254 0.3127416997969523
      vertex 15.856304868438869 131.20339467322873 0.08005850932366565
    endloop
  endfacet
  facet normal -0.3444708502632244 0.5764817977648473 -0.7409511253549325
    outer loop
      vertex 12.657806036403088 129.53783754359003 0.3127416997969523
      vertex 15.62877661328055 131.5841697010017 0.5236334507607583
      vertex 15.748129614064439 131.38442904832254 0.3127416997969523
    endloop
  endfacet
  facet normal -0.8584232160170457 -0.5129420846479187 1.3755363995770156e-13
    outer loop
      vertex 15.856304868438869 131.20339467322873 0.08005850932366565
      vertex 13.28818731014205 135.5012126910585 0
      vertex 15.886761028959583 131.15242541949772 0
    endloop
  endfacet
  facet normal -0.8584232160170444 -0.5129420846479208 -1.4761424968998808e-14
    outer loop
      vertex 15.856304868438869 131.20339467322873 0.08005850932366565
      vertex 15.62877661328055 131.5841697010017 0.5236334507607583
      vertex 13.28818731014205 135.5012126910585 0
    endloop
  endfacet
  facet normal -0.8584232160170451 -0.5129420846479197 -3.0411270838634994e-15
    outer loop
      vertex 15.62877661328055 131.5841697010017 0.5236334507607583
      vertex 15.499395300729716 131.80069301959162 0.7107027593681448
      vertex 13.28818731014205 135.5012126910585 0
    endloop
  endfacet
  facet normal 0.8584232160170409 0.5129420846479267 -1.3576205384650855e-14
    outer loop
      vertex 12.409071723068365 129.95410151485913 0.7107027593681448
      vertex 12.796437451298232 129.30583391476523 0
      vertex 12.270908111517485 130.18532226143805 0.8721480459147362
    endloop
  endfacet
  facet normal 0.8584232160170212 0.5129420846479594 -6.487689968993331e-14
    outer loop
      vertex 12.125292792073694 130.42901365381832 1.0064145040361177
      vertex 12.796437451298232 129.30583391476523 0
      vertex 11.97362811986467 130.68282881067603 1.1122090743430681
    endloop
  endfacet
  facet normal 0.8584232160170477 0.5129420846479152 2.018103608048636e-15
    outer loop
      vertex 12.270908111517485 130.18532226143805 0.8721480459147362
      vertex 12.796437451298232 129.30583391476523 0
      vertex 12.125292792073694 130.42901365381832 1.0064145040361177
    endloop
  endfacet
  facet normal -0.9039892932155685 -0.4275550932354995 0
    outer loop
      vertex 14.464690320193768 124.84428464621305 0
      vertex 11.08285390585661 131.9945769906044 2.5
      vertex 11.08285390585661 131.9945769906044 0
    endloop
  endfacet
  facet normal 0.85842321601704 0.5129420846479282 -1.666728874139107e-14
    outer loop
      vertex 11.658037364023457 131.21097894630083 1.23459112535103
      vertex 12.796437451298232 129.30583391476523 0
      vertex 11.497150591889465 131.4802275505456 1.25
    endloop
  endfacet
  facet normal 0.8584232160170406 0.5129420846479269 -1.3649247329297081e-14
    outer loop
      vertex 11.497150591889465 131.4802275505456 1.25
      vertex 12.796437451298232 129.30583391476523 0
      vertex 11.336263819755473 131.7494761547904 1.23459112535103
    endloop
  endfacet
  facet normal 0.8584232160170557 0.5129420846479018 3.8686163364103004e-14
    outer loop
      vertex 11.658037364023457 131.21097894630083 1.23459112535103
      vertex 11.81737470859214 130.94432335330117 1.1885128972903374
      vertex 12.796437451298232 129.30583391476523 0
    endloop
  endfacet
  facet normal 0.8584232160170353 0.512942084647936 -2.5266798691926253e-14
    outer loop
      vertex 11.97362811986467 130.68282881067603 1.1122090743430681
      vertex 12.796437451298232 129.30583391476523 0
      vertex 11.81737470859214 130.94432335330117 1.1885128972903374
    endloop
  endfacet
  facet normal 0.858423216017039 0.51294208464793 -5.573664716384556e-14
    outer loop
      vertex 10.723393072261459 132.77513283965317 0.8721480459147362
      vertex 12.796437451298232 129.30583391476523 0
      vertex 10.585229460710565 133.00635358623208 0.7107027593681448
    endloop
  endfacet
  facet normal 0.8584232160170443 0.5129420846479208 -6.322273531567594e-15
    outer loop
      vertex 10.723393072261459 132.77513283965317 0.8721480459147362
      vertex 10.869008391705236 132.53144144727293 1.0064145040361177
      vertex 12.796437451298232 129.30583391476523 0
    endloop
  endfacet
  facet normal 0.8584232160170508 0.5129420846479098 4.112789725570078e-14
    outer loop
      vertex 11.02067306391426 132.27762629041518 1.1122090743430681
      vertex 12.796437451298232 129.30583391476523 0
      vertex 10.869008391705236 132.53144144727293 1.0064145040361177
    endloop
  endfacet
  facet normal 0.305559243069665 -0.5113621127415091 -0.8032075314806465
    outer loop
      vertex 10.455848148159731 133.222876904822 0.5236334507607583
      vertex 13.546171725821083 135.0694684095545 0.5236334507607583
      vertex 10.585229460710565 133.00635358623208 0.7107027593681448
    endloop
  endfacet
  facet normal 0.26370493332968936 -0.44131773103353433 -0.857728610000271
    outer loop
      vertex 10.723393072261459 132.77513283965317 0.8721480459147362
      vertex 10.585229460710565 133.00635358623208 0.7107027593681448
      vertex 13.675553038371916 134.8529450909646 0.7107027593681448
    endloop
  endfacet
  facet normal 0.858423216017041 0.5129420846479265 -1.887317084310844e-14
    outer loop
      vertex 11.02067306391426 132.27762629041518 1.1122090743430681
      vertex 11.17692647518679 132.01613174779004 1.1885128972903374
      vertex 12.796437451298232 129.30583391476523 0
    endloop
  endfacet
  facet normal 0.8584232160170505 0.5129420846479106 3.030770997486672e-14
    outer loop
      vertex 11.17692647518679 132.01613174779004 1.1885128972903374
      vertex 11.336263819755473 131.7494761547904 1.23459112535103
      vertex 12.796437451298232 129.30583391476523 0
    endloop
  endfacet
  facet normal 0.21931100092597985 -0.36702321832691365 -0.9039892931234306
    outer loop
      vertex 10.723393072261459 132.77513283965317 0.8721480459147362
      vertex 13.81371664992281 134.62172434438568 0.8721480459147362
      vertex 10.869008391705236 132.53144144727293 1.0064145040361177
    endloop
  endfacet
  facet normal 0.17280498369572325 -0.2891940713924394 -0.9415440651830298
    outer loop
      vertex 11.02067306391426 132.27762629041518 1.1122090743430681
      vertex 10.869008391705236 132.53144144727293 1.0064145040361177
      vertex 13.959331969366588 134.3780329520054 1.0064145040361177
    endloop
  endfacet
  facet normal 0.21931100092596187 -0.3670232183268892 -0.9039892931234447
    outer loop
      vertex 10.869008391705236 132.53144144727293 1.0064145040361177
      vertex 13.81371664992281 134.62172434438568 0.8721480459147362
      vertex 13.959331969366588 134.3780329520054 1.0064145040361177
    endloop
  endfacet
  facet normal -0.34447085026320073 0.5764817977648168 -0.7409511253549673
    outer loop
      vertex 12.657806036403088 129.53783754359003 0.3127416997969523
      vertex 12.538453035619199 129.73757819626923 0.5236334507607583
      vertex 15.62877661328055 131.5841697010017 0.5236334507607583
    endloop
  endfacet
  facet normal -0.3055592430696614 0.5113621127415111 -0.8032075314806464
    outer loop
      vertex 12.538453035619199 129.73757819626923 0.5236334507607583
      vertex 12.409071723068365 129.95410151485913 0.7107027593681448
      vertex 15.499395300729716 131.80069301959162 0.7107027593681448
    endloop
  endfacet
  facet normal -0.2637049333296947 0.44131773103354327 -0.857728610000265
    outer loop
      vertex 12.409071723068365 129.95410151485913 0.7107027593681448
      vertex 12.270908111517485 130.18532226143805 0.8721480459147362
      vertex 15.361231689178837 132.03191376617056 0.8721480459147362
    endloop
  endfacet
  facet normal -0.30555924306966153 0.5113621127415113 -0.8032075314806463
    outer loop
      vertex 12.538453035619199 129.73757819626923 0.5236334507607583
      vertex 15.499395300729716 131.80069301959162 0.7107027593681448
      vertex 15.62877661328055 131.5841697010017 0.5236334507607583
    endloop
  endfacet
  facet normal -0.26370493332967404 0.44131773103351557 -0.8577286100002854
    outer loop
      vertex 12.409071723068365 129.95410151485913 0.7107027593681448
      vertex 15.361231689178837 132.03191376617056 0.8721480459147362
      vertex 15.499395300729716 131.80069301959162 0.7107027593681448
    endloop
  endfacet
  facet normal -0.8584232160170513 -0.5129420846479092 6.993666838291605e-14
    outer loop
      vertex 15.499395300729716 131.80069301959162 0.7107027593681448
      vertex 15.361231689178837 132.03191376617056 0.8721480459147362
      vertex 13.28818731014205 135.5012126910585 0
    endloop
  endfacet
  facet normal -0.8584232160170446 -0.5129420846479203 1.0256132617875949e-14
    outer loop
      vertex 15.361231689178837 132.03191376617056 0.8721480459147362
      vertex 15.215616369735045 132.27560515855083 1.0064145040361177
      vertex 13.28818731014205 135.5012126910585 0
    endloop
  endfacet
  facet normal -0.8584232160170282 -0.512942084647948 -1.1028665264102331e-13
    outer loop
      vertex 15.215616369735045 132.27560515855083 1.0064145040361177
      vertex 15.063951697526022 132.52942031540852 1.1122090743430681
      vertex 13.28818731014205 135.5012126910585 0
    endloop
  endfacet
  facet normal -0.21931100092595984 0.3670232183268802 -0.903989293123449
    outer loop
      vertex 12.270908111517485 130.18532226143805 0.8721480459147362
      vertex 12.125292792073694 130.42901365381832 1.0064145040361177
      vertex 15.215616369735045 132.27560515855083 1.0064145040361177
    endloop
  endfacet
  facet normal -0.1728049836957359 0.2891940713924606 -0.9415440651830209
    outer loop
      vertex 12.125292792073694 130.42901365381832 1.0064145040361177
      vertex 11.97362811986467 130.68282881067603 1.1122090743430681
      vertex 15.063951697526022 132.52942031540852 1.1122090743430681
    endloop
  endfacet
  facet normal -0.17280498369575048 0.2891940713924805 -0.9415440651830123
    outer loop
      vertex 12.125292792073694 130.42901365381832 1.0064145040361177
      vertex 15.063951697526022 132.52942031540852 1.1122090743430681
      vertex 15.215616369735045 132.27560515855083 1.0064145040361177
    endloop
  endfacet
  facet normal 0.17280498369573796 -0.28919407139245956 -0.941544065183021
    outer loop
      vertex 11.02067306391426 132.27762629041518 1.1122090743430681
      vertex 13.959331969366588 134.3780329520054 1.0064145040361177
      vertex 14.11099664157561 134.1242177951477 1.1122090743430681
    endloop
  endfacet
  facet normal -0.21931100092595984 0.3670232183268801 -0.903989293123449
    outer loop
      vertex 12.270908111517485 130.18532226143805 0.8721480459147362
      vertex 15.215616369735045 132.27560515855083 1.0064145040361177
      vertex 15.361231689178837 132.03191376617056 0.8721480459147362
    endloop
  endfacet
  facet normal -0.8584232160170505 -0.5129420846479106 3.030770997486672e-14
    outer loop
      vertex 14.907698286253492 132.7909148580337 1.1885128972903374
      vertex 14.748360941684808 133.05757045103334 1.23459112535103
      vertex 13.28818731014205 135.5012126910585 0
    endloop
  endfacet
  facet normal -0.8584232160170557 -0.5129420846479017 5.744809076145901e-14
    outer loop
      vertex 15.063951697526022 132.52942031540852 1.1122090743430681
      vertex 14.907698286253492 132.7909148580337 1.1885128972903374
      vertex 13.28818731014205 135.5012126910585 0
    endloop
  endfacet
  facet normal 0.4119989456026313 -0.6894919923027896 -0.5956993044923339
    outer loop
      vertex 10.228319893001412 133.603651932595 0.08005850932366565
      vertex 10.197863732480698 133.65462118632598 0
      vertex 13.318643470662764 135.45024343732752 0.08005850932366565
    endloop
  endfacet
  facet normal 0.4119989456026313 -0.6894919923027895 -0.5956993044923338
    outer loop
      vertex 13.318643470662764 135.45024343732752 0.08005850932366565
      vertex 10.197863732480698 133.65462118632598 0
      vertex 13.28818731014205 135.5012126910585 0
    endloop
  endfacet
  facet normal 0.3800650148617946 -0.6360496479386486 -0.6715589548470225
    outer loop
      vertex 10.228319893001412 133.603651932595 0.08005850932366565
      vertex 13.318643470662764 135.45024343732752 0.08005850932366565
      vertex 10.336495147375842 133.42261755750118 0.3127416997969523
    endloop
  endfacet
  facet normal 0.3444708502632046 -0.5764817977648143 -0.7409511253549673
    outer loop
      vertex 10.336495147375842 133.42261755750118 0.3127416997969523
      vertex 13.426818725037194 135.2692090622337 0.3127416997969523
      vertex 10.455848148159731 133.222876904822 0.5236334507607583
    endloop
  endfacet
  facet normal 0.38006501486179445 -0.6360496479386483 -0.6715589548470227
    outer loop
      vertex 10.336495147375842 133.42261755750118 0.3127416997969523
      vertex 13.318643470662764 135.45024343732752 0.08005850932366565
      vertex 13.426818725037194 135.2692090622337 0.3127416997969523
    endloop
  endfacet
  facet normal -0.8584232160172276 -0.5129420846476144 3.34129096312588e-13
    outer loop
      vertex 13.426818725037194 135.2692090622337 0.3127416997969523
      vertex 13.28818731014205 135.5012126910585 0
      vertex 13.546171725821083 135.0694684095545 0.5236334507607583
    endloop
  endfacet
  facet normal -0.858423216017031 -0.5129420846479431 -3.378905394464362e-14
    outer loop
      vertex 13.546171725821083 135.0694684095545 0.5236334507607583
      vertex 13.28818731014205 135.5012126910585 0
      vertex 13.675553038371916 134.8529450909646 0.7107027593681448
    endloop
  endfacet
  facet normal -0.8584232160171166 -0.5129420846478001 1.4672712735025363e-13
    outer loop
      vertex 13.318643470662764 135.45024343732752 0.08005850932366565
      vertex 13.28818731014205 135.5012126910585 0
      vertex 13.426818725037194 135.2692090622337 0.3127416997969523
    endloop
  endfacet
  facet normal 0.3444708502632047 -0.5764817977648145 -0.7409511253549671
    outer loop
      vertex 10.455848148159731 133.222876904822 0.5236334507607583
      vertex 13.426818725037194 135.2692090622337 0.3127416997969523
      vertex 13.546171725821083 135.0694684095545 0.5236334507607583
    endloop
  endfacet
  facet normal 0.30555924306966503 -0.5113621127415092 -0.8032075314806462
    outer loop
      vertex 10.585229460710565 133.00635358623208 0.7107027593681448
      vertex 13.546171725821083 135.0694684095545 0.5236334507607583
      vertex 13.675553038371916 134.8529450909646 0.7107027593681448
    endloop
  endfacet
  facet normal 0.26370493332968936 -0.4413177310335344 -0.857728610000271
    outer loop
      vertex 10.723393072261459 132.77513283965317 0.8721480459147362
      vertex 13.675553038371916 134.8529450909646 0.7107027593681448
      vertex 13.81371664992281 134.62172434438568 0.8721480459147362
    endloop
  endfacet
  facet normal -0.8584232160169769 -0.5129420846480338 -1.4594420788498583e-13
    outer loop
      vertex 13.675553038371916 134.8529450909646 0.7107027593681448
      vertex 13.28818731014205 135.5012126910585 0
      vertex 13.81371664992281 134.62172434438568 0.8721480459147362
    endloop
  endfacet
  facet normal -0.8584232160171048 -0.5129420846478195 1.4706930043655413e-13
    outer loop
      vertex 13.81371664992281 134.62172434438568 0.8721480459147362
      vertex 13.28818731014205 135.5012126910585 0
      vertex 13.959331969366588 134.3780329520054 1.0064145040361177
    endloop
  endfacet
  facet normal -0.8584232160170212 -0.5129420846479595 -6.487689968993332e-14
    outer loop
      vertex 14.11099664157561 134.1242177951477 1.1122090743430681
      vertex 13.959331969366588 134.3780329520054 1.0064145040361177
      vertex 13.28818731014205 135.5012126910585 0
    endloop
  endfacet
  facet normal -0.8584232160170353 -0.512942084647936 -2.5266798691926253e-14
    outer loop
      vertex 14.11099664157561 134.1242177951477 1.1122090743430681
      vertex 13.28818731014205 135.5012126910585 0
      vertex 14.26725005284814 133.86272325252256 1.1885128972903374
    endloop
  endfacet
  facet normal -0.8584232160170406 -0.5129420846479269 -1.3649247329297081e-14
    outer loop
      vertex 14.748360941684808 133.05757045103334 1.23459112535103
      vertex 14.587474169550816 133.32681905527812 1.25
      vertex 13.28818731014205 135.5012126910585 0
    endloop
  endfacet
  facet normal -0.85842321601704 -0.5129420846479282 -1.666728874139107e-14
    outer loop
      vertex 14.426587397416824 133.5960676595229 1.23459112535103
      vertex 13.28818731014205 135.5012126910585 0
      vertex 14.587474169550816 133.32681905527812 1.25
    endloop
  endfacet
  facet normal -0.8584232160170557 -0.5129420846479018 3.8488784979592275e-14
    outer loop
      vertex 14.26725005284814 133.86272325252256 1.1885128972903374
      vertex 13.28818731014205 135.5012126910585 0
      vertex 14.426587397416824 133.5960676595229 1.23459112535103
    endloop
  endfacet
  facet normal -0.8584232160170713 -0.5129420846478759 -6.747846222541753e-14
    outer loop
      vertex 15.856304868438869 131.20339467322873 0.08005850932366565
      vertex 15.748129614064439 131.38442904832254 0.3127416997969523
      vertex 15.62877661328055 131.5841697010017 0.5236334507607583
    endloop
  endfacet
  facet normal -0.12463476000771002 0.2085798274609642 -0.9700312531945426
    outer loop
      vertex 11.97362811986467 130.68282881067603 1.1122090743430681
      vertex 11.81737470859214 130.94432335330117 1.1885128972903374
      vertex 14.907698286253492 132.7909148580337 1.1885128972903374
    endloop
  endfacet
  facet normal -0.025168875158331574 0.04212083079861986 -0.9987954562051724
    outer loop
      vertex 11.658037364023457 131.21097894630083 1.23459112535103
      vertex 11.497150591889465 131.4802275505456 1.25
      vertex 14.587474169550816 133.32681905527812 1.25
    endloop
  endfacet
  facet normal 0.025168875158331574 -0.04212083079861986 -0.9987954562051724
    outer loop
      vertex 11.497150591889465 131.4802275505456 1.25
      vertex 11.336263819755473 131.7494761547904 1.23459112535103
      vertex 14.426587397416824 133.5960676595229 1.23459112535103
    endloop
  endfacet
  facet normal -0.07526423544851102 0.12595684576967683 -0.9891765099647811
    outer loop
      vertex 11.658037364023457 131.21097894630083 1.23459112535103
      vertex 14.748360941684808 133.05757045103334 1.23459112535103
      vertex 11.81737470859214 130.94432335330117 1.1885128972903374
    endloop
  endfacet
  facet normal 0.12463476000771002 -0.2085798274609642 -0.9700312531945426
    outer loop
      vertex 11.02067306391426 132.27762629041518 1.1122090743430681
      vertex 14.11099664157561 134.1242177951477 1.1122090743430681
      vertex 11.17692647518679 132.01613174779004 1.1885128972903374
    endloop
  endfacet
  facet normal 0.07526423544851102 -0.12595684576967683 -0.9891765099647811
    outer loop
      vertex 11.17692647518679 132.01613174779004 1.1885128972903374
      vertex 14.26725005284814 133.86272325252256 1.1885128972903374
      vertex 11.336263819755473 131.7494761547904 1.23459112535103
    endloop
  endfacet
  facet normal -0.12463476000769921 0.20857982746094933 -0.9700312531945472
    outer loop
      vertex 11.97362811986467 130.68282881067603 1.1122090743430681
      vertex 14.907698286253492 132.7909148580337 1.1885128972903374
      vertex 15.063951697526022 132.52942031540852 1.1122090743430681
    endloop
  endfacet
  facet normal -0.07526423544851106 0.1259568457696769 -0.9891765099647811
    outer loop
      vertex 11.81737470859214 130.94432335330117 1.1885128972903374
      vertex 14.748360941684808 133.05757045103334 1.23459112535103
      vertex 14.907698286253492 132.7909148580337 1.1885128972903374
    endloop
  endfacet
  facet normal 0.07526423544851106 -0.1259568457696769 -0.9891765099647811
    outer loop
      vertex 11.336263819755473 131.7494761547904 1.23459112535103
      vertex 14.26725005284814 133.86272325252256 1.1885128972903374
      vertex 14.426587397416824 133.5960676595229 1.23459112535103
    endloop
  endfacet
  facet normal 0.02516887515833158 -0.04212083079861988 -0.9987954562051724
    outer loop
      vertex 11.497150591889465 131.4802275505456 1.25
      vertex 14.426587397416824 133.5960676595229 1.23459112535103
      vertex 14.587474169550816 133.32681905527812 1.25
    endloop
  endfacet
  facet normal 0.12463476000771004 -0.20857982746096426 -0.9700312531945426
    outer loop
      vertex 11.17692647518679 132.01613174779004 1.1885128972903374
      vertex 14.11099664157561 134.1242177951477 1.1122090743430681
      vertex 14.26725005284814 133.86272325252256 1.1885128972903374
    endloop
  endfacet
  facet normal -0.02516887515833158 0.04212083079861988 -0.9987954562051724
    outer loop
      vertex 11.658037364023457 131.21097894630083 1.23459112535103
      vertex 14.587474169550816 133.32681905527812 1.25
      vertex 14.748360941684808 133.05757045103334 1.23459112535103
    endloop
  endfacet
  facet normal 0 0 -1
    outer loop
      vertex 20.21188896894455 101.90018150955439 0
      vertex 19.876065473149154 106.87001859155434 0
      vertex 23.366991606051997 107.74946997430153 0
    endloop
  endfacet
  facet normal -0.19621721505378248 0.7788717116083853 -0.5956993044924276
    outer loop
      vertex 19.86156052583705 106.92759505413265 0.08005850932366565
      vertex 23.366991606051997 107.74946997430153 0
      vertex 19.876065473149154 106.87001859155434 0
    endloop
  endfacet
  facet normal -0.19621721505378237 0.7788717116083848 -0.5956993044924281
    outer loop
      vertex 19.86156052583705 106.92759505413265 0.08005850932366565
      vertex 23.352486658739892 107.80704643687984 0.08005850932366565
      vertex 23.366991606051997 107.74946997430153 0
    endloop
  endfacet
  facet normal -0.18100846992819908 0.718501568529288 -0.6715589548470074
    outer loop
      vertex 19.86156052583705 106.92759505413265 0.08005850932366565
      vertex 19.810041347505077 107.13209714431409 0.3127416997969523
      vertex 23.30096748040792 108.01154852706128 0.3127416997969523
    endloop
  endfacet
  facet normal -0.18100846992819908 0.718501568529288 -0.6715589548470074
    outer loop
      vertex 19.86156052583705 106.92759505413265 0.08005850932366565
      vertex 23.30096748040792 108.01154852706128 0.3127416997969523
      vertex 23.352486658739892 107.80704643687984 0.08005850932366565
    endloop
  endfacet
  facet normal -0.9697017035841249 -0.24429205076311003 -6.261770177178956e-14
    outer loop
      vertex 23.352486658739892 107.80704643687984 0.08005850932366565
      vertex 22.12940373438265 112.66199604194892 0
      vertex 23.366991606051997 107.74946997430153 0
    endloop
  endfacet
  facet normal -0.16405651428790732 0.6512118625723238 -0.7409511253549634
    outer loop
      vertex 19.810041347505077 107.13209714431409 0.3127416997969523
      vertex 23.24412482662909 108.23718181325862 0.5236334507607583
      vertex 23.30096748040792 108.01154852706128 0.3127416997969523
    endloop
  endfacet
  facet normal -0.9697017035841251 -0.24429205076310923 -1.1178836349242773e-14
    outer loop
      vertex 23.352486658739892 107.80704643687984 0.08005850932366565
      vertex 23.30096748040792 108.01154852706128 0.3127416997969523
      vertex 22.12940373438265 112.66199604194892 0
    endloop
  endfacet
  facet normal -0.9697017035841248 -0.24429205076311056 -3.184781576946937e-14
    outer loop
      vertex 23.30096748040792 108.01154852706128 0.3127416997969523
      vertex 23.24412482662909 108.23718181325862 0.5236334507607583
      vertex 22.12940373438265 112.66199604194892 0
    endloop
  endfacet
  facet normal -0.9697017035841266 -0.24429205076310329 3.3396080754278935e-14
    outer loop
      vertex 23.24412482662909 108.23718181325862 0.5236334507607583
      vertex 23.18250612323267 108.48177332358206 0.7107027593681448
      vertex 22.12940373438265 112.66199604194892 0
    endloop
  endfacet
  facet normal -0.16405651428790732 0.6512118625723238 -0.7409511253549632
    outer loop
      vertex 19.810041347505077 107.13209714431409 0.3127416997969523
      vertex 19.753198693726247 107.35773043051142 0.5236334507607583
      vertex 23.24412482662909 108.23718181325862 0.5236334507607583
    endloop
  endfacet
  facet normal -0.14552460473261603 0.5776506303901972 -0.8032075314806403
    outer loop
      vertex 19.753198693726247 107.35773043051142 0.5236334507607583
      vertex 19.691579990329828 107.60232194083487 0.7107027593681448
      vertex 23.18250612323267 108.48177332358206 0.7107027593681448
    endloop
  endfacet
  facet normal -0.14552460473261603 0.5776506303901972 -0.8032075314806403
    outer loop
      vertex 19.753198693726247 107.35773043051142 0.5236334507607583
      vertex 23.18250612323267 108.48177332358206 0.7107027593681448
      vertex 23.24412482662909 108.23718181325862 0.5236334507607583
    endloop
  endfacet
  facet normal -0.12559121368190398 0.4985263068614393 -0.857728610000273
    outer loop
      vertex 19.691579990329828 107.60232194083487 0.7107027593681448
      vertex 23.11670479201655 108.74296750807989 0.8721480459147362
      vertex 23.18250612323267 108.48177332358206 0.7107027593681448
    endloop
  endfacet
  facet normal -0.9697017035841243 -0.24429205076311256 -2.464673286482044e-14
    outer loop
      vertex 23.18250612323267 108.48177332358206 0.7107027593681448
      vertex 23.11670479201655 108.74296750807989 0.8721480459147362
      vertex 22.12940373438265 112.66199604194892 0
    endloop
  endfacet
  facet normal -0.9697017035841252 -0.2442920507631084 -4.84707637420168e-15
    outer loop
      vertex 23.04735453577102 109.01824892397211 1.0064145040361177
      vertex 22.12940373438265 112.66199604194892 0
      vertex 23.11670479201655 108.74296750807989 0.8721480459147362
    endloop
  endfacet
  facet normal -0.9697017035841281 -0.24429205076309746 3.7374477506152485e-14
    outer loop
      vertex 23.04735453577102 109.01824892397211 1.0064145040361177
      vertex 22.97512323537444 109.30496646073956 1.1122090743430681
      vertex 22.12940373438265 112.66199604194892 0
    endloop
  endfacet
  facet normal -0.12559121368190398 0.4985263068614393 -0.857728610000273
    outer loop
      vertex 19.691579990329828 107.60232194083487 0.7107027593681448
      vertex 19.625778659113706 107.8635161253327 0.8721480459147362
      vertex 23.11670479201655 108.74296750807989 0.8721480459147362
    endloop
  endfacet
  facet normal -0.10444831058829608 0.41460090247541287 -0.9039892931234439
    outer loop
      vertex 19.625778659113706 107.8635161253327 0.8721480459147362
      vertex 19.55642840286818 108.13879754122492 1.0064145040361177
      vertex 23.04735453577102 109.01824892397211 1.0064145040361177
    endloop
  endfacet
  facet normal -0.08229951316646747 0.3266826647546371 -0.9415440651830226
    outer loop
      vertex 19.55642840286818 108.13879754122492 1.0064145040361177
      vertex 19.484197102471597 108.42551507799237 1.1122090743430681
      vertex 22.97512323537444 109.30496646073956 1.1122090743430681
    endloop
  endfacet
  facet normal -0.10444831058829614 0.41460090247541315 -0.903989293123444
    outer loop
      vertex 19.625778659113706 107.8635161253327 0.8721480459147362
      vertex 23.04735453577102 109.01824892397211 1.0064145040361177
      vertex 23.11670479201655 108.74296750807989 0.8721480459147362
    endloop
  endfacet
  facet normal -0.08229951316646744 0.3266826647546369 -0.9415440651830226
    outer loop
      vertex 19.55642840286818 108.13879754122492 1.0064145040361177
      vertex 22.97512323537444 109.30496646073956 1.1122090743430681
      vertex 23.04735453577102 109.01824892397211 1.0064145040361177
    endloop
  endfacet
  facet normal -0.9697017035841248 -0.24429205076311028 -3.728602044614109e-15
    outer loop
      vertex 22.97512323537444 109.30496646073956 1.1122090743430681
      vertex 22.90070651773526 109.60035887176741 1.1885128972903374
      vertex 22.12940373438265 112.66199604194892 0
    endloop
  endfacet
  facet normal 0.19621721505378656 -0.7788717116084014 -0.5956993044924052
    outer loop
      vertex 22.14390868169474 112.60441957937061 0.08005850932366565
      vertex 18.638477601479806 111.78254465920173 0
      vertex 22.12940373438265 112.66199604194892 0
    endloop
  endfacet
  facet normal 0.18100846992819375 -0.7185015685292668 -0.6715589548470317
    outer loop
      vertex 18.70450172712387 111.52046610644197 0.3127416997969523
      vertex 22.14390868169474 112.60441957937061 0.08005850932366565
      vertex 22.19542786002671 112.39991748918916 0.3127416997969523
    endloop
  endfacet
  facet normal -0.9697017035839691 -0.24429205076372837 -5.823851297528597e-13
    outer loop
      vertex 22.14390868169474 112.60441957937061 0.08005850932366565
      vertex 22.12940373438265 112.66199604194892 0
      vertex 22.19542786002671 112.39991748918916 0.3127416997969523
    endloop
  endfacet
  facet normal -0.9697017035840597 -0.24429205076336896 -2.620900712683063e-13
    outer loop
      vertex 22.19542786002671 112.39991748918916 0.3127416997969523
      vertex 22.12940373438265 112.66199604194892 0
      vertex 22.25227051380554 112.17428420299183 0.5236334507607583
    endloop
  endfacet
  facet normal -0.9697017035841483 -0.24429205076301733 8.629907020998038e-14
    outer loop
      vertex 22.25227051380554 112.17428420299183 0.5236334507607583
      vertex 22.12940373438265 112.66199604194892 0
      vertex 22.31388921720196 111.92969269266838 0.7107027593681448
    endloop
  endfacet
  facet normal 0.16405651428790732 -0.6512118625723238 -0.7409511253549634
    outer loop
      vertex 18.7613443809027 111.29483282024464 0.5236334507607583
      vertex 22.19542786002671 112.39991748918916 0.3127416997969523
      vertex 22.25227051380554 112.17428420299183 0.5236334507607583
    endloop
  endfacet
  facet normal 0.14552460473261603 -0.5776506303901972 -0.8032075314806403
    outer loop
      vertex 18.82296308429912 111.05024130992119 0.7107027593681448
      vertex 22.25227051380554 112.17428420299183 0.5236334507607583
      vertex 22.31388921720196 111.92969269266838 0.7107027593681448
    endloop
  endfacet
  facet normal -0.9697017035841159 -0.2442920507631455 -5.0200327250219764e-14
    outer loop
      vertex 22.379690548418083 111.66849850817056 0.8721480459147362
      vertex 22.12940373438265 112.66199604194892 0
      vertex 22.44904080466361 111.39321709227835 1.0064145040361177
    endloop
  endfacet
  facet normal -0.9697017035841365 -0.24429205076306396 5.920889098046153e-14
    outer loop
      vertex 22.52127210506019 111.1064995555109 1.1122090743430681
      vertex 22.44904080466361 111.39321709227835 1.0064145040361177
      vertex 22.12940373438265 112.66199604194892 0
    endloop
  endfacet
  facet normal -0.969701703584107 -0.24429205076318122 -9.323658697987414e-14
    outer loop
      vertex 22.379690548418083 111.66849850817056 0.8721480459147362
      vertex 22.31388921720196 111.92969269266838 0.7107027593681448
      vertex 22.12940373438265 112.66199604194892 0
    endloop
  endfacet
  facet normal 0.12559121368190398 -0.4985263068614393 -0.857728610000273
    outer loop
      vertex 18.88876441551524 110.78904712542337 0.8721480459147362
      vertex 22.31388921720196 111.92969269266838 0.7107027593681448
      vertex 22.379690548418083 111.66849850817056 0.8721480459147362
    endloop
  endfacet
  facet normal 0.1044483105883002 -0.41460090247542924 -0.903989293123436
    outer loop
      vertex 18.958114671760768 110.51376570953116 1.0064145040361177
      vertex 22.379690548418083 111.66849850817056 0.8721480459147362
      vertex 22.44904080466361 111.39321709227835 1.0064145040361177
    endloop
  endfacet
  facet normal 0.08229951316646744 -0.3266826647546369 -0.9415440651830226
    outer loop
      vertex 19.03034597215735 110.2270481727637 1.1122090743430681
      vertex 22.44904080466361 111.39321709227835 1.0064145040361177
      vertex 22.52127210506019 111.1064995555109 1.1122090743430681
    endloop
  endfacet
  facet normal -0.969701703584132 -0.24429205076308164 4.7272123090321557e-14
    outer loop
      vertex 22.595688822699387 110.81110714448303 1.1885128972903374
      vertex 22.12940373438265 112.66199604194892 0
      vertex 22.671574283909976 110.50988464959089 1.23459112535103
    endloop
  endfacet
  facet normal -0.9697017035841106 -0.24429205076316682 -9.37564966690183e-14
    outer loop
      vertex 22.52127210506019 111.1064995555109 1.1122090743430681
      vertex 22.12940373438265 112.66199604194892 0
      vertex 22.595688822699387 110.81110714448303 1.1885128972903374
    endloop
  endfacet
  facet normal -0.9697017035841232 -0.24429205076311733 -2.291953156462291e-14
    outer loop
      vertex 22.90070651773526 109.60035887176741 1.1885128972903374
      vertex 22.824821056524655 109.90158136665957 1.23459112535103
      vertex 22.12940373438265 112.66199604194892 0
    endloop
  endfacet
  facet normal -0.9697017035841288 -0.24429205076309496 3.0131357311845073e-14
    outer loop
      vertex 22.824821056524655 109.90158136665957 1.23459112535103
      vertex 22.748197670217323 110.20573300812522 1.25
      vertex 22.12940373438265 112.66199604194892 0
    endloop
  endfacet
  facet normal -0.9697017035841207 -0.24429205076312716 -3.7108303235548586e-14
    outer loop
      vertex 22.748197670217323 110.20573300812522 1.25
      vertex 22.671574283909976 110.50988464959089 1.23459112535103
      vertex 22.12940373438265 112.66199604194892 0
    endloop
  endfacet
  facet normal -0.059358126443359194 0.23561829438937862 -0.9700312531945425
    outer loop
      vertex 19.484197102471597 108.42551507799237 1.1122090743430681
      vertex 19.409780384832416 108.72090748902022 1.1885128972903374
      vertex 22.90070651773526 109.60035887176741 1.1885128972903374
    endloop
  endfacet
  facet normal -0.059358126443359194 0.23561829438937862 -0.9700312531945423
    outer loop
      vertex 19.484197102471597 108.42551507799237 1.1122090743430681
      vertex 22.90070651773526 109.60035887176741 1.1885128972903374
      vertex 22.97512323537444 109.30496646073956 1.1122090743430681
    endloop
  endfacet
  facet normal -0.03584508851414294 0.14228479104706562 -0.9891765099647819
    outer loop
      vertex 19.409780384832416 108.72090748902022 1.1885128972903374
      vertex 22.824821056524655 109.90158136665957 1.23459112535103
      vertex 22.90070651773526 109.60035887176741 1.1885128972903374
    endloop
  endfacet
  facet normal -0.0119868427876218 0.0475810073862102 -0.9987954562051723
    outer loop
      vertex 19.333894923621813 109.02212998391238 1.23459112535103
      vertex 22.748197670217323 110.20573300812522 1.25
      vertex 22.824821056524655 109.90158136665957 1.23459112535103
    endloop
  endfacet
  facet normal 0.03584508851414489 -0.14228479104707337 -0.9891765099647807
    outer loop
      vertex 19.180648151007134 109.6304332668437 1.23459112535103
      vertex 22.595688822699387 110.81110714448303 1.1885128972903374
      vertex 22.671574283909976 110.50988464959089 1.23459112535103
    endloop
  endfacet
  facet normal 0.011986842787621141 -0.04758100738620758 -0.9987954562051724
    outer loop
      vertex 19.25727153731448 109.32628162537803 1.25
      vertex 22.671574283909976 110.50988464959089 1.23459112535103
      vertex 22.748197670217323 110.20573300812522 1.25
    endloop
  endfacet
  facet normal 0.05935812644335604 -0.23561829438936607 -0.9700312531945456
    outer loop
      vertex 19.104762689796544 109.93165576173584 1.1885128972903374
      vertex 22.52127210506019 111.1064995555109 1.1122090743430681
      vertex 22.595688822699387 110.81110714448303 1.1885128972903374
    endloop
  endfacet
  facet normal 0 0 -1
    outer loop
      vertex 20.358544521033764 98.91493912786245 0
      vertex 20.21188896894455 101.90018150955439 0
      vertex 78.98239585757256 102.5005274862051 0
    endloop
  endfacet
  facet normal 0.061048539658471436 -0.9981347984143063 0
    outer loop
      vertex 20.358544521033764 98.91493912786245 0
      vertex 78.98239585757256 102.5005274862051 0
      vertex 20.358544521033764 98.91493912786245 2.5
    endloop
  endfacet
  facet normal 0 0 -1
    outer loop
      vertex 20.21188896894455 101.90018150955439 0
      vertex 23.366991606051997 107.74946997430153 0
      vertex 78.72875089943409 107.66358935832977 0
    endloop
  endfacet
  facet normal 0 0 -1
    outer loop
      vertex 17.129391059279442 117.39694498479366 0
      vertex 14.464690320193768 124.84428464621305 0
      vertex 73.39748279750347 134.46568401157856 0
    endloop
  endfacet
  facet normal 0 0 -1
    outer loop
      vertex 17.129391059279442 117.39694498479366 0
      vertex 76.72146809101105 121.195590890944 0
      vertex 22.12940373438265 112.66199604194892 0
    endloop
  endfacet
  facet normal 0 0 -1
    outer loop
      vertex 14.464690320193768 124.84428464621305 0
      vertex 15.886761028959583 131.15242541949772 0
      vertex 66.16208266523296 141.92847689600546 0
    endloop
  endfacet
  facet normal 0 0 -1
    outer loop
      vertex 66.16208266523296 141.92847689600546 0
      vertex 15.886761028959583 131.15242541949772 0
      vertex 13.28818731014205 135.5012126910585 0
    endloop
  endfacet
  facet normal 0 0 1
    outer loop
      vertex 19.05129360407591 109.72427995502949 2.5
      vertex 20.5197494808711 113.08742893995301 2.5
      vertex 17.129391059279442 117.39694498479366 2.5
    endloop
  endfacet
  facet normal -0.9573194975320675 -0.2890317969444709 0
    outer loop
      vertex 17.62943151142639 122.66062391527369 2.5
      vertex 20.5197494808711 113.08742893995301 2.5
      vertex 20.5197494808711 113.08742893995301 3.5999999999999996
    endloop
  endfacet
  facet normal 0 0 1
    outer loop
      vertex 7.016450755298138 138.77896077930927 2.5
      vertex 11.08285390585661 131.9945769906044 2.5
      vertex 10.432911316223084 137.4392104385088 2.5
    endloop
  endfacet
  facet normal 0 0 1
    outer loop
      vertex 7.016450755298138 138.77896077930927 2.5
      vertex 10.432911316223084 137.4392104385088 2.5
      vertex 13.444031444111815 139.05375888514476 2.5
    endloop
  endfacet
  facet normal 0 0 1
    outer loop
      vertex 17.129391059279442 117.39694498479366 2.5
      vertex 17.62943151142639 122.66062391527369 2.5
      vertex 14.464690320193768 124.84428464621305 2.5
    endloop
  endfacet
  facet normal 0 0 1
    outer loop
      vertex 17.129391059279442 117.39694498479366 2.5
      vertex 20.5197494808711 113.08742893995301 2.5
      vertex 17.62943151142639 122.66062391527369 2.5
    endloop
  endfacet
  facet normal -0.9573194975320675 -0.2890317969444709 0
    outer loop
      vertex 17.62943151142639 122.66062391527369 2.5
      vertex 20.5197494808711 113.08742893995301 3.5999999999999996
      vertex 17.62943151142639 122.66062391527369 3.5999999999999996
    endloop
  endfacet
  facet normal 0 0 1
    outer loop
      vertex 14.464690320193768 124.84428464621305 2.5
      vertex 17.62943151142639 122.66062391527369 2.5
      vertex 20.900273127994296 123.64814922150063 2.5
    endloop
  endfacet
  facet normal -0.2890317969444701 0.9573194975320677 0
    outer loop
      vertex 17.62943151142639 122.66062391527369 2.5
      vertex 17.62943151142639 122.66062391527369 3.5999999999999996
      vertex 20.900273127994296 123.64814922150063 2.5
    endloop
  endfacet
  facet normal 0 0 1
    outer loop
      vertex 14.464690320193768 124.84428464621305 2.5
      vertex 20.900273127994296 123.64814922150063 2.5
      vertex 22.453675790500142 131.68842687465985 2.5
    endloop
  endfacet
  facet normal 0 0 1
    outer loop
      vertex 15.158418964913636 128.6261759178589 2.5
      vertex 10.432911316223084 137.4392104385088 2.5
      vertex 11.08285390585661 131.9945769906044 2.5
    endloop
  endfacet
  facet normal 0 0 1
    outer loop
      vertex 14.464690320193768 124.84428464621305 2.5
      vertex 15.158418964913636 128.6261759178589 2.5
      vertex 11.08285390585661 131.9945769906044 2.5
    endloop
  endfacet
  facet normal -0.8813034520649917 -0.472550764869055 0
    outer loop
      vertex 15.158418964913636 128.6261759178589 2.5
      vertex 15.158418964913636 128.6261759178589 3.5999999999999996
      vertex 10.432911316223084 137.4392104385088 2.5
    endloop
  endfacet
  facet normal -0.4725507648690567 0.8813034520649907 0
    outer loop
      vertex 10.432911316223084 137.4392104385088 2.5
      vertex 10.432911316223084 137.4392104385088 3.5999999999999996
      vertex 13.444031444111815 139.05375888514476 2.5
    endloop
  endfacet
  facet normal -0.8813034520649917 -0.472550764869055 0
    outer loop
      vertex 15.158418964913636 128.6261759178589 3.5999999999999996
      vertex 10.432911316223084 137.4392104385088 3.5999999999999996
      vertex 10.432911316223084 137.4392104385088 2.5
    endloop
  endfacet
  facet normal 0 0 1
    outer loop
      vertex 14.464690320193768 124.84428464621305 2.5
      vertex 22.453675790500142 131.68842687465985 2.5
      vertex 15.158418964913636 128.6261759178589 2.5
    endloop
  endfacet
  facet normal 0 0 1
    outer loop
      vertex 15.158418964913636 128.6261759178589 2.5
      vertex 22.453675790500142 131.68842687465985 2.5
      vertex 18.169539092802367 130.24072436449484 2.5
    endloop
  endfacet
  facet normal 0.4725507648690567 -0.8813034520649907 -1.0023947519666754e-14
    outer loop
      vertex 15.158418964913636 128.6261759178589 2.5
      vertex 18.169539092802367 130.24072436449484 2.5
      vertex 22.16577283427459 132.38348609622687 5.508269988851247
    endloop
  endfacet
  facet normal 0.20567238863510287 0.1102805671919643 -0.9723873019805174
    outer loop
      vertex 18.169539092802367 130.24072436449484 2.5
      vertex 13.444031444111815 139.05375888514476 2.5
      vertex 22.16577283427459 132.38348609622687 3.5882699888512466
    endloop
  endfacet
  facet normal 0 0 1
    outer loop
      vertex 18.169539092802367 130.24072436449484 2.5
      vertex 16.279427057639836 146.5943819029961 2.5
      vertex 13.444031444111815 139.05375888514476 2.5
    endloop
  endfacet
  facet normal 0 0 1
    outer loop
      vertex 18.169539092802367 130.24072436449484 2.5
      vertex 22.453675790500142 131.68842687465985 2.5
      vertex 16.279427057639836 146.5943819029961 2.5
    endloop
  endfacet
  facet normal -0.9238795325112868 -0.3826834323650897 -4.147944679720157e-15
    outer loop
      vertex 22.453675790500142 131.68842687465985 2.5
      vertex 22.16577283427459 132.38348609622687 3.5882699888512466
      vertex 16.279427057639836 146.5943819029961 2.5
    endloop
  endfacet
  facet normal 0.20567238863510282 0.1102805671919642 -0.9723873019805174
    outer loop
      vertex 13.444031444111815 139.05375888514476 2.5
      vertex 18.31992297505515 141.66818898520512 3.8278218355828075
      vertex 22.16577283427459 132.38348609622687 3.5882699888512466
    endloop
  endfacet
  facet normal -0.2056723886351024 -0.11028056719196404 0.9723873019805175
    outer loop
      vertex 15.158418964913636 128.6261759178589 3.5999999999999996
      vertex 18.31992297505515 141.66818898520512 5.7478218355828075
      vertex 10.432911316223084 137.4392104385088 3.5999999999999996
    endloop
  endfacet
  facet normal -0.4725507648690559 0.8813034520649912 2.7912949918162303e-15
    outer loop
      vertex 13.444031444111815 139.05375888514476 2.5
      vertex 10.432911316223084 137.4392104385088 3.5999999999999996
      vertex 18.31992297505515 141.66818898520512 5.7478218355828075
    endloop
  endfacet
  facet normal 0.47255076486905334 -0.8813034520649925 0
    outer loop
      vertex 15.158418964913636 128.6261759178589 2.5
      vertex 22.16577283427459 132.38348609622687 5.508269988851247
      vertex 15.158418964913636 128.6261759178589 3.5999999999999996
    endloop
  endfacet
  facet normal -0.20567238863510254 -0.11028056719196401 0.9723873019805174
    outer loop
      vertex 15.158418964913636 128.6261759178589 3.5999999999999996
      vertex 22.16577283427459 132.38348609622687 5.508269988851247
      vertex 18.31992297505515 141.66818898520512 5.7478218355828075
    endloop
  endfacet
  facet normal 0 0 1
    outer loop
      vertex 19.05129360407591 109.72427995502949 2.5
      vertex 31.127544233405317 110.74785604155817 2.5
      vertex 20.5197494808711 113.08742893995301 2.5
    endloop
  endfacet
  facet normal 0 0 1
    outer loop
      vertex 20.5197494808711 113.08742893995301 2.5
      vertex 31.127544233405317 110.74785604155817 2.5
      vertex 23.790591097439005 114.07495424617996 2.5
    endloop
  endfacet
  facet normal 0.2890317969444701 -0.9573194975320678 4.162063984536416e-15
    outer loop
      vertex 20.5197494808711 113.08742893995301 2.5
      vertex 23.790591097439005 114.07495424617996 2.5
      vertex 29.087048315990003 115.67404895934915 5.747821835582809
    endloop
  endfacet
  facet normal 0.28903179694447156 -0.9573194975320671 0
    outer loop
      vertex 20.5197494808711 113.08742893995301 2.5
      vertex 29.087048315990003 115.67404895934915 5.747821835582809
      vertex 20.5197494808711 113.08742893995301 3.5999999999999996
    endloop
  endfacet
  facet normal 0.2890317969444725 -0.9573194975320669 0
    outer loop
      vertex 23.790591097439005 114.07495424617996 2.5
      vertex 29.087048315990003 115.67404895934915 3.8278218355828066
      vertex 29.087048315990003 115.67404895934915 5.747821835582809
    endloop
  endfacet
  facet normal -0.9238795325112868 -0.3826834323650895 0
    outer loop
      vertex 29.087048315990003 115.67404895934915 3.8278218355828066
      vertex 31.127544233405317 110.74785604155817 2.5
      vertex 31.127544233405317 110.74785604155817 6.5
    endloop
  endfacet
  facet normal 0 0 1
    outer loop
      vertex 20.358544521033764 98.91493912786245 2.5
      vertex 78.98239585757256 102.5005274862051 2.5
      vertex 20.21188896894455 101.90018150955439 2.5
    endloop
  endfacet
  facet normal 0.38268343236508856 -0.9238795325112873 0
    outer loop
      vertex 31.127544233405317 110.74785604155817 2.5
      vertex 36.40529108573688 112.9339703665658 2.5
      vertex 31.127544233405317 110.74785604155817 6.5
    endloop
  endfacet
  facet normal 0 0 1
    outer loop
      vertex 19.05129360407591 109.72427995502949 2.5
      vertex 20.21188896894455 101.90018150955439 2.5
      vertex 78.72875089943409 107.66358935832977 2.5
    endloop
  endfacet
  facet normal 0.5299155298062188 0.2194981993578603 0.8191520443414957
    outer loop
      vertex 36.40529108573688 112.9339703665658 2.5
      vertex 31.817916519816265 116.49854668054383 4.5124504998980335
      vertex 31.127544233405317 110.74785604155817 6.5
    endloop
  endfacet
  facet normal -0.9238795325112867 -0.38268343236508945 0
    outer loop
      vertex 29.087048315990003 115.67404895934915 3.8278218355828066
      vertex 31.127544233405317 110.74785604155817 6.5
      vertex 29.087048315990003 115.67404895934915 5.747821835582809
    endloop
  endfacet
  facet normal 0.5299155298062196 0.21949819935786005 0.8191520443414951
    outer loop
      vertex 31.817916519816265 116.49854668054383 4.5124504998980335
      vertex 29.855746848210558 115.90613272934344 5.940534559191317
      vertex 31.127544233405317 110.74785604155817 6.5
    endloop
  endfacet
  facet normal 0.22341247760125238 0.06745220381217955 -0.9723873019805175
    outer loop
      vertex 23.790591097439005 114.07495424617996 2.5
      vertex 20.900273127994296 123.64814922150063 2.5
      vertex 29.087048315990003 115.67404895934915 3.8278218355828066
    endloop
  endfacet
  facet normal 0.22341247760125213 0.0674522038121793 -0.9723873019805175
    outer loop
      vertex 29.087048315990003 115.67404895934915 3.8278218355828066
      vertex 20.900273127994296 123.64814922150063 2.5
      vertex 25.241198456770576 124.95875184832737 3.5882699888512484
    endloop
  endfacet
  facet normal 0 0 1
    outer loop
      vertex 23.790591097439005 114.07495424617996 2.5
      vertex 22.453675790500142 131.68842687465985 2.5
      vertex 20.900273127994296 123.64814922150063 2.5
    endloop
  endfacet
  facet normal -0.9238795325112872 -0.3826834323650891 6.957128461495996e-15
    outer loop
      vertex 29.087048315990003 115.67404895934915 3.8278218355828066
      vertex 25.241198456770576 124.95875184832737 3.5882699888512484
      vertex 22.453675790500142 131.68842687465985 2.5
    endloop
  endfacet
  facet normal 0 0 1
    outer loop
      vertex 23.790591097439005 114.07495424617996 2.5
      vertex 31.127544233405317 110.74785604155817 2.5
      vertex 22.453675790500142 131.68842687465985 2.5
    endloop
  endfacet
  facet normal -0.9238795325112868 -0.38268343236508956 2.3608980164137637e-16
    outer loop
      vertex 29.087048315990003 115.67404895934915 3.8278218355828066
      vertex 22.453675790500142 131.68842687465985 2.5
      vertex 31.127544233405317 110.74785604155817 2.5
    endloop
  endfacet
  facet normal 0.5299155298062159 0.21949819935785797 0.819152044341498
    outer loop
      vertex 36.40529108573688 112.9339703665658 2.5
      vertex 24.905169985814652 133.85233796127653 4.3342733261003215
      vertex 28.216879873322767 125.85716303620933 4.334273326100323
    endloop
  endfacet
  facet normal -0.22341247760125232 -0.06745220381217952 0.9723873019805174
    outer loop
      vertex 17.62943151142639 122.66062391527369 3.5999999999999996
      vertex 20.5197494808711 113.08742893995301 3.5999999999999996
      vertex 25.241198456770576 124.95875184832737 5.508269988851251
    endloop
  endfacet
  facet normal -0.22341247760125252 -0.06745220381217946 0.9723873019805174
    outer loop
      vertex 20.5197494808711 113.08742893995301 3.5999999999999996
      vertex 29.087048315990003 115.67404895934915 5.747821835582809
      vertex 25.241198456770576 124.95875184832737 5.508269988851251
    endloop
  endfacet
  facet normal -0.28903179694447056 0.9573194975320677 -1.3381298094904443e-15
    outer loop
      vertex 17.62943151142639 122.66062391527369 3.5999999999999996
      vertex 25.241198456770576 124.95875184832737 5.508269988851251
      vertex 20.900273127994296 123.64814922150063 2.5
    endloop
  endfacet
  facet normal -0.28903179694447134 0.9573194975320674 0
    outer loop
      vertex 20.900273127994296 123.64814922150063 2.5
      vertex 25.241198456770576 124.95875184832737 5.508269988851251
      vertex 25.241198456770576 124.95875184832737 3.5882699888512484
    endloop
  endfacet
  facet normal -0.9238795325112865 -0.3826834323650905 0
    outer loop
      vertex 25.241198456770576 124.95875184832737 3.5882699888512484
      vertex 25.241198456770576 124.95875184832737 5.508269988851251
      vertex 22.16577283427459 132.38348609622687 5.508269988851247
    endloop
  endfacet
  facet normal 0.5299155298062198 0.21949819935786008 0.819152044341495
    outer loop
      vertex 36.40529108573688 112.9339703665658 2.5
      vertex 20.833946330237055 143.01619648092776 4.512450499898034
      vertex 24.905169985814652 133.85233796127653 4.3342733261003215
    endloop
  endfacet
  facet normal 0.5299155298062186 0.21949819935785964 0.8191520443414959
    outer loop
      vertex 36.40529108573688 112.9339703665658 2.5
      vertex 21.557173909971397 148.78049622800376 2.5
      vertex 20.833946330237055 143.01619648092776 4.512450499898034
    endloop
  endfacet
  facet normal 0.47255076486905095 -0.8813034520649939 0
    outer loop
      vertex 18.169539092802367 130.24072436449484 2.5
      vertex 22.16577283427459 132.38348609622687 3.5882699888512466
      vertex 22.16577283427459 132.38348609622687 5.508269988851247
    endloop
  endfacet
  facet normal -0.9238795325112844 -0.3826834323650952 0
    outer loop
      vertex 22.453675790500142 131.68842687465985 2.5
      vertex 22.16577283427459 132.38348609622687 5.508269988851247
      vertex 22.16577283427459 132.38348609622687 3.5882699888512466
    endloop
  endfacet
  facet normal -0.9238795325112866 -0.3826834323650902 -1.406618082853354e-15
    outer loop
      vertex 25.241198456770576 124.95875184832737 3.5882699888512484
      vertex 22.16577283427459 132.38348609622687 5.508269988851247
      vertex 22.453675790500142 131.68842687465985 2.5
    endloop
  endfacet
  facet normal 0.5299155298062205 0.21949819935785989 0.8191520443414947
    outer loop
      vertex 28.216879873322767 125.85716303620933 4.334273326100323
      vertex 24.905169985814652 133.85233796127653 4.3342733261003215
      vertex 26.25471020171706 125.26474908500896 5.762357385393606
    endloop
  endfacet
  facet normal 0.5299155298062185 0.21949819935785986 0.8191520443414957
    outer loop
      vertex 36.40529108573688 112.9339703665658 2.5
      vertex 28.216879873322767 125.85716303620933 4.334273326100323
      vertex 31.817916519816265 116.49854668054383 4.5124504998980335
    endloop
  endfacet
  facet normal -0.9238795325112867 -0.38268343236508984 -7.88713376135305e-15
    outer loop
      vertex 18.31992297505515 141.66818898520512 5.7478218355828075
      vertex 25.241198456770576 124.95875184832737 5.508269988851251
      vertex 31.127544233405317 110.74785604155817 6.5
    endloop
  endfacet
  facet normal -0.9238795325112871 -0.3826834323650891 2.827760906531974e-15
    outer loop
      vertex 29.087048315990003 115.67404895934915 5.747821835582809
      vertex 31.127544233405317 110.74785604155817 6.5
      vertex 25.241198456770576 124.95875184832737 5.508269988851251
    endloop
  endfacet
  facet normal 0.5299155298062259 0.21949819935786233 0.8191520443414904
    outer loop
      vertex 29.855746848210558 115.90613272934344 5.940534559191317
      vertex 26.25471020171706 125.26474908500896 5.762357385393606
      vertex 23.098806583020362 132.88377440280888 5.762357385393603
    endloop
  endfacet
  facet normal 0.5299155298062191 0.21949819935785997 0.8191520443414955
    outer loop
      vertex 29.855746848210558 115.90613272934344 5.940534559191317
      vertex 16.279427057639836 146.5943819029961 6.5
      vertex 31.127544233405317 110.74785604155817 6.5
    endloop
  endfacet
  facet normal -0.9238795325112864 -0.3826834323650904 5.1671747405237995e-14
    outer loop
      vertex 18.31992297505515 141.66818898520512 5.7478218355828075
      vertex 22.16577283427459 132.38348609622687 5.508269988851247
      vertex 25.241198456770576 124.95875184832737 5.508269988851251
    endloop
  endfacet
  facet normal 0.5299155298062198 0.21949819935785986 0.819152044341495
    outer loop
      vertex 24.905169985814652 133.85233796127653 4.3342733261003215
      vertex 23.098806583020362 132.88377440280888 5.762357385393603
      vertex 26.25471020171706 125.26474908500896 5.762357385393606
    endloop
  endfacet
  facet normal 0.5299155298062154 0.21949819935785825 0.8191520443414982
    outer loop
      vertex 29.855746848210558 115.90613272934344 5.940534559191317
      vertex 23.098806583020362 132.88377440280888 5.762357385393603
      vertex 16.279427057639836 146.5943819029961 6.5
    endloop
  endfacet
  facet normal -0.9238795325112868 -0.38268343236508956 9.738627348433298e-16
    outer loop
      vertex 18.31992297505515 141.66818898520512 5.7478218355828075
      vertex 31.127544233405317 110.74785604155817 6.5
      vertex 16.279427057639836 146.5943819029961 6.5
    endloop
  endfacet
  facet normal 0.20567238863510248 0.11028056719196412 -0.9723873019805175
    outer loop
      vertex 24.905169985814652 133.85233796127653 4.3342733261003215
      vertex 20.833946330237055 143.01619648092776 4.512450499898034
      vertex 39.83491562273342 141.8575973341924 8.4
    endloop
  endfacet
  facet normal 0.4725507648690519 -0.8813034520649933 7.406033412863558e-15
    outer loop
      vertex 24.905169985814652 133.85233796127653 4.3342733261003215
      vertex 37.19100526653844 140.43994503958524 9.6
      vertex 23.098806583020362 132.88377440280888 5.762357385393603
    endloop
  endfacet
  facet normal 0.22341247760125243 0.06745220381217976 -0.9723873019805175
    outer loop
      vertex 31.817916519816265 116.49854668054383 4.5124504998980335
      vertex 28.216879873322767 125.85716303620933 4.334273326100323
      vertex 47.324695411768985 121.18031925439821 8.4
    endloop
  endfacet
  facet normal -0.2890317969444693 0.9573194975320679 -7.724261411072539e-15
    outer loop
      vertex 28.216879873322767 125.85716303620933 4.334273326100323
      vertex 26.25471020171706 125.26474908500896 5.762357385393606
      vertex 41.56241894972807 129.88641883888548 9.6
    endloop
  endfacet
  facet normal 0.28903179694447134 -0.9573194975320672 1.2742125260773663e-15
    outer loop
      vertex 31.817916519816265 116.49854668054383 4.5124504998980335
      vertex 44.45273691917278 120.3132238635648 9.6
      vertex 29.855746848210558 115.90613272934344 5.940534559191317
    endloop
  endfacet
  facet normal -0.22341247760125246 -0.06745220381217956 0.9723873019805175
    outer loop
      vertex 29.855746848210558 115.90613272934344 5.940534559191317
      vertex 41.56241894972807 129.88641883888548 9.6
      vertex 26.25471020171706 125.26474908500896 5.762357385393606
    endloop
  endfacet
  facet normal 0.22341247760125243 0.06745220381217956 -0.9723873019805175
    outer loop
      vertex 28.216879873322767 125.85716303620933 4.334273326100323
      vertex 44.434377442324276 130.7535142297189 8.4
      vertex 47.324695411768985 121.18031925439821 8.4
    endloop
  endfacet
  facet normal 0.4725507648690543 -0.881303452064992 0
    outer loop
      vertex 24.905169985814652 133.85233796127653 4.3342733261003215
      vertex 39.83491562273342 141.8575973341924 8.4
      vertex 39.83491562273342 141.8575973341924 9.6
    endloop
  endfacet
  facet normal 0.4725507648690545 -0.8813034520649919 -8.995817415312058e-16
    outer loop
      vertex 24.905169985814652 133.85233796127653 4.3342733261003215
      vertex 39.83491562273342 141.8575973341924 9.6
      vertex 37.19100526653844 140.43994503958524 9.6
    endloop
  endfacet
  facet normal -0.2890317969444713 0.9573194975320672 -2.184550243876136e-15
    outer loop
      vertex 28.216879873322767 125.85716303620933 4.334273326100323
      vertex 41.56241894972807 129.88641883888548 9.6
      vertex 44.434377442324276 130.7535142297189 8.4
    endloop
  endfacet
  facet normal -0.8032075315238697 -0.5956993044341515 0
    outer loop
      vertex 7.016450755298138 138.77896077930927 0
      vertex 2.304642543196678 145.1320987045765 2.5
      vertex 2.304642543196678 145.1320987045765 0
    endloop
  endfacet
  facet normal -0.7409511231248386 -0.6715589573075772 0
    outer loop
      vertex 2.304642543196678 145.1320987045765 0
      vertex 0.29745854437351227 147.34668496251106 2.5
      vertex 0.29745854437351227 147.34668496251106 0
    endloop
  endfacet
  facet normal -0.7409511231248386 -0.6715589573075772 0
    outer loop
      vertex 2.304642543196678 145.1320987045765 0
      vertex 2.304642543196678 145.1320987045765 2.5
      vertex 0.29745854437351227 147.34668496251106 2.5
    endloop
  endfacet
  facet normal -0.8032075315238697 -0.5956993044341515 0
    outer loop
      vertex 7.016450755298138 138.77896077930927 0
      vertex 7.016450755298138 138.77896077930927 2.5
      vertex 2.304642543196678 145.1320987045765 2.5
    endloop
  endfacet
  facet normal 0 0 -1
    outer loop
      vertex 2.304642543196678 145.1320987045765 0
      vertex 0.29745854437351227 147.34668496251106 0
      vertex 44.2861752063036 186.26461394876242 0
    endloop
  endfacet
  facet normal -0.6626200482162036 0.7489557207885897 0
    outer loop
      vertex 0.29745854437351227 147.34668496251106 0
      vertex 0.29745854437351227 147.34668496251106 2.5
      vertex 44.2861752063036 186.26461394876242 2.5
    endloop
  endfacet
  facet normal 0 0 -1
    outer loop
      vertex 7.016450755298138 138.77896077930927 0
      vertex 62.939824253320694 159.71270511299372 0
      vertex 13.28818731014205 135.5012126910585 0
    endloop
  endfacet
  facet normal 0 0 -1
    outer loop
      vertex 7.016450755298138 138.77896077930927 0
      vertex 2.304642543196678 145.1320987045765 0
      vertex 55.90686395764351 171.44649048149586 0
    endloop
  endfacet
  facet normal -0.6626200482162036 0.7489557207885897 0
    outer loop
      vertex 0.29745854437351227 147.34668496251106 0
      vertex 44.2861752063036 186.26461394876242 2.5
      vertex 44.2861752063036 186.26461394876242 0
    endloop
  endfacet
  facet normal 0 0 -1
    outer loop
      vertex 2.304642543196678 145.1320987045765 0
      vertex 47.75765720009804 182.43442381173372 0
      vertex 55.90686395764351 171.44649048149586 0
    endloop
  endfacet
  facet normal 0 0 -1
    outer loop
      vertex 2.304642543196678 145.1320987045765 0
      vertex 44.2861752063036 186.26461394876242 0
      vertex 47.75765720009804 182.43442381173372 0
    endloop
  endfacet
  facet normal 0 0 1
    outer loop
      vertex 7.016450755298138 138.77896077930927 2.5
      vertex 16.279427057639836 146.5943819029961 2.5
      vertex 2.304642543196678 145.1320987045765 2.5
    endloop
  endfacet
  facet normal 0 0 1
    outer loop
      vertex 7.016450755298138 138.77896077930927 2.5
      vertex 13.444031444111815 139.05375888514476 2.5
      vertex 16.279427057639836 146.5943819029961 2.5
    endloop
  endfacet
  facet normal -0.9238795325112868 -0.3826834323650894 4.859572951709682e-16
    outer loop
      vertex 18.31992297505515 141.66818898520512 3.8278218355828075
      vertex 16.279427057639836 146.5943819029961 2.5
      vertex 22.16577283427459 132.38348609622687 3.5882699888512466
    endloop
  endfacet
  facet normal -0.3826834323650906 0.9238795325112863 0
    outer loop
      vertex 16.279427057639836 146.5943819029961 2.5
      vertex 16.279427057639836 146.5943819029961 6.5
      vertex 21.557173909971397 148.78049622800376 2.5
    endloop
  endfacet
  facet normal -0.47255076486905445 0.8813034520649919 0
    outer loop
      vertex 13.444031444111815 139.05375888514476 2.5
      vertex 18.31992297505515 141.66818898520512 5.7478218355828075
      vertex 18.31992297505515 141.66818898520512 3.8278218355828075
    endloop
  endfacet
  facet normal -0.9238795325112868 -0.3826834323650895 0
    outer loop
      vertex 18.31992297505515 141.66818898520512 3.8278218355828075
      vertex 16.279427057639836 146.5943819029961 6.5
      vertex 16.279427057639836 146.5943819029961 2.5
    endloop
  endfacet
  facet normal 0.5299155298062185 0.2194981993578597 0.8191520443414958
    outer loop
      vertex 21.557173909971397 148.78049622800376 2.5
      vertex 16.279427057639836 146.5943819029961 6.5
      vertex 20.833946330237055 143.01619648092776 4.512450499898034
    endloop
  endfacet
  facet normal 0 0 1
    outer loop
      vertex 2.304642543196678 145.1320987045765 2.5
      vertex 44.2861752063036 186.26461394876242 2.5
      vertex 0.29745854437351227 147.34668496251106 2.5
    endloop
  endfacet
  facet normal -0.9238795325112868 -0.3826834323650895 0
    outer loop
      vertex 18.31992297505515 141.66818898520512 3.8278218355828075
      vertex 18.31992297505515 141.66818898520512 5.7478218355828075
      vertex 16.279427057639836 146.5943819029961 6.5
    endloop
  endfacet
  facet normal 0.5299155298062177 0.21949819935785825 0.8191520443414967
    outer loop
      vertex 19.02758292744275 142.0476329224601 5.940534559191316
      vertex 20.833946330237055 143.01619648092776 4.512450499898034
      vertex 16.279427057639836 146.5943819029961 6.5
    endloop
  endfacet
  facet normal 0.5299155298062251 0.21949819935786352 0.8191520443414907
    outer loop
      vertex 19.02758292744275 142.0476329224601 5.940534559191316
      vertex 16.279427057639836 146.5943819029961 6.5
      vertex 23.098806583020362 132.88377440280888 5.762357385393603
    endloop
  endfacet
  facet normal 0 0 1
    outer loop
      vertex 2.304642543196678 145.1320987045765 2.5
      vertex 16.279427057639836 146.5943819029961 2.5
      vertex 55.90686395764351 171.44649048149586 2.5
    endloop
  endfacet
  facet normal 0 0 1
    outer loop
      vertex 36.40529108573688 112.9339703665658 2.5
      vertex 62.939824253320694 159.71270511299372 2.5
      vertex 21.557173909971397 148.78049622800376 2.5
    endloop
  endfacet
  facet normal 0 0 1
    outer loop
      vertex 16.279427057639836 146.5943819029961 2.5
      vertex 21.557173909971397 148.78049622800376 2.5
      vertex 55.90686395764351 171.44649048149586 2.5
    endloop
  endfacet
  facet normal -0.20567238863510226 -0.11028056719196434 0.9723873019805175
    outer loop
      vertex 19.02758292744275 142.0476329224601 5.940534559191316
      vertex 23.098806583020362 132.88377440280888 5.762357385393603
      vertex 32.46549761784789 149.25297956023516 9.6
    endloop
  endfacet
  facet normal -0.4725507648690513 0.8813034520649936 -1.1043175226003835e-14
    outer loop
      vertex 19.02758292744275 142.0476329224601 5.940534559191316
      vertex 32.46549761784789 149.25297956023516 9.6
      vertex 20.833946330237055 143.01619648092776 4.512450499898034
    endloop
  endfacet
  facet normal -0.4725507648690548 0.8813034520649917 -4.569348478659007e-16
    outer loop
      vertex 20.833946330237055 143.01619648092776 4.512450499898034
      vertex 32.46549761784789 149.25297956023516 9.6
      vertex 35.10940797404287 150.67063185484233 8.4
    endloop
  endfacet
  facet normal 0.2056723886351025 0.11028056719196411 -0.9723873019805175
    outer loop
      vertex 20.833946330237055 143.01619648092776 4.512450499898034
      vertex 35.10940797404287 150.67063185484233 8.4
      vertex 39.83491562273342 141.8575973341924 8.4
    endloop
  endfacet
  facet normal 0 0 1
    outer loop
      vertex 2.304642543196678 145.1320987045765 2.5
      vertex 55.90686395764351 171.44649048149586 2.5
      vertex 47.75765720009804 182.43442381173372 2.5
    endloop
  endfacet
  facet normal 0 0 1
    outer loop
      vertex 2.304642543196678 145.1320987045765 2.5
      vertex 47.75765720009804 182.43442381173372 2.5
      vertex 44.2861752063036 186.26461394876242 2.5
    endloop
  endfacet
  facet normal 0 0 -1
    outer loop
      vertex 78.72875089943409 107.66358935832977 0
      vertex 23.366991606051997 107.74946997430153 0
      vertex 22.12940373438265 112.66199604194892 0
    endloop
  endfacet
  facet normal 0 0 -1
    outer loop
      vertex 20.21188896894455 101.90018150955439 0
      vertex 78.72875089943409 107.66358935832977 0
      vertex 78.98239585757256 102.5005274862051 0
    endloop
  endfacet
  facet normal 0.061048539658471436 -0.9981347984143063 0
    outer loop
      vertex 20.358544521033764 98.91493912786245 2.5
      vertex 78.98239585757256 102.5005274862051 0
      vertex 78.98239585757256 102.5005274862051 2.5
    endloop
  endfacet
  facet normal 0 0 -1
    outer loop
      vertex 78.72875089943409 107.66358935832977 0
      vertex 22.12940373438265 112.66199604194892 0
      vertex 76.72146809101105 121.195590890944 0
    endloop
  endfacet
  facet normal 0 0 -1
    outer loop
      vertex 17.129391059279442 117.39694498479366 0
      vertex 73.39748279750347 134.46568401157856 0
      vertex 76.72146809101105 121.195590890944 0
    endloop
  endfacet
  facet normal 0 0 -1
    outer loop
      vertex 14.464690320193768 124.84428464621305 0
      vertex 66.16208266523296 141.92847689600546 0
      vertex 73.39748279750347 134.46568401157856 0
    endloop
  endfacet
  facet normal 0.9987954562696779 0.04906767301437735 0
    outer loop
      vertex 78.98239585757256 102.5005274862051 0
      vertex 78.72875089943409 107.66358935832977 0
      vertex 78.98239585757256 102.5005274862051 2.5
    endloop
  endfacet
  facet normal 0.9891765099890533 0.146730474291732 0
    outer loop
      vertex 78.72875089943409 107.66358935832977 0
      vertex 76.72146809101105 121.195590890944 0
      vertex 78.72875089943409 107.66358935832977 2.5
    endloop
  endfacet
  facet normal 0.9987954562696779 0.04906767301437735 0
    outer loop
      vertex 78.72875089943409 107.66358935832977 0
      vertex 78.72875089943409 107.66358935832977 2.5
      vertex 78.98239585757256 102.5005274862051 2.5
    endloop
  endfacet
  facet normal 0.9700312530866149 0.24298018033414137 0
    outer loop
      vertex 76.72146809101105 121.195590890944 0
      vertex 73.39748279750347 134.46568401157856 0
      vertex 76.72146809101105 121.195590890944 2.5
    endloop
  endfacet
  facet normal 0.9891765099890533 0.146730474291732 0
    outer loop
      vertex 78.72875089943409 107.66358935832977 2.5
      vertex 76.72146809101105 121.195590890944 0
      vertex 76.72146809101105 121.195590890944 2.5
    endloop
  endfacet
  facet normal 0.9700312530866149 0.24298018033414137 0
    outer loop
      vertex 73.39748279750347 134.46568401157856 0
      vertex 73.39748279750347 134.46568401157856 2.5
      vertex 76.72146809101105 121.195590890944 2.5
    endloop
  endfacet
  facet normal 0.9415440652485317 0.33688985320912884 0
    outer loop
      vertex 73.39748279750347 134.46568401157856 0
      vertex 70.13799139689164 143.5753522154161 2.5
      vertex 73.39748279750347 134.46568401157856 2.5
    endloop
  endfacet
  facet normal 0 0 1
    outer loop
      vertex 19.05129360407591 109.72427995502949 2.5
      vertex 78.72875089943409 107.66358935832977 2.5
      vertex 31.127544233405317 110.74785604155817 2.5
    endloop
  endfacet
  facet normal 0 0 1
    outer loop
      vertex 31.127544233405317 110.74785604155817 2.5
      vertex 78.72875089943409 107.66358935832977 2.5
      vertex 36.40529108573688 112.9339703665658 2.5
    endloop
  endfacet
  facet normal 0 0 1
    outer loop
      vertex 20.21188896894455 101.90018150955439 2.5
      vertex 78.98239585757256 102.5005274862051 2.5
      vertex 78.72875089943409 107.66358935832977 2.5
    endloop
  endfacet
  facet normal 0 0 1
    outer loop
      vertex 36.40529108573688 112.9339703665658 2.5
      vertex 66.16208266523296 141.92847689600546 2.5
      vertex 63.10061520631223 149.31951315609575 2.5
    endloop
  endfacet
  facet normal 0 0 1
    outer loop
      vertex 36.40529108573688 112.9339703665658 2.5
      vertex 73.39748279750347 134.46568401157856 2.5
      vertex 66.16208266523296 141.92847689600546 2.5
    endloop
  endfacet
  facet normal 0.2890317969444716 -0.9573194975320672 0
    outer loop
      vertex 31.817916519816265 116.49854668054383 4.5124504998980335
      vertex 47.324695411768985 121.18031925439821 8.4
      vertex 47.324695411768985 121.18031925439821 9.6
    endloop
  endfacet
  facet normal 0.28903179694447056 -0.9573194975320676 3.7243482911677265e-15
    outer loop
      vertex 31.817916519816265 116.49854668054383 4.5124504998980335
      vertex 47.324695411768985 121.18031925439821 9.6
      vertex 44.45273691917278 120.3132238635648 9.6
    endloop
  endfacet
  facet normal 0 0 1
    outer loop
      vertex 36.40529108573688 112.9339703665658 2.5
      vertex 78.72875089943409 107.66358935832977 2.5
      vertex 76.72146809101105 121.195590890944 2.5
    endloop
  endfacet
  facet normal 0 0 1
    outer loop
      vertex 36.40529108573688 112.9339703665658 2.5
      vertex 76.72146809101105 121.195590890944 2.5
      vertex 73.39748279750347 134.46568401157856 2.5
    endloop
  endfacet
  facet normal 0 0 -1
    outer loop
      vertex 13.28818731014205 135.5012126910585 0
      vertex 63.10061520631223 149.31951315609575 0
      vertex 66.16208266523296 141.92847689600546 0
    endloop
  endfacet
  facet normal 0 0 -1
    outer loop
      vertex 62.939824253320694 159.71270511299372 0
      vertex 63.10061520631223 149.31951315609575 0
      vertex 13.28818731014205 135.5012126910585 0
    endloop
  endfacet
  facet normal 0 0 -1
    outer loop
      vertex 7.016450755298138 138.77896077930927 0
      vertex 55.90686395764351 171.44649048149586 0
      vertex 62.939824253320694 159.71270511299372 0
    endloop
  endfacet
  facet normal 0.7409511247491581 0.6715589555154169 0
    outer loop
      vertex 44.2861752063036 186.26461394876242 0
      vertex 47.75765720009804 182.43442381173372 2.5
      vertex 47.75765720009804 182.43442381173372 0
    endloop
  endfacet
  facet normal 0.7409511247491581 0.6715589555154169 0
    outer loop
      vertex 44.2861752063036 186.26461394876242 0
      vertex 44.2861752063036 186.26461394876242 2.5
      vertex 47.75765720009804 182.43442381173372 2.5
    endloop
  endfacet
  facet normal 0.8032075314535788 0.5956993045289277 0
    outer loop
      vertex 47.75765720009804 182.43442381173372 0
      vertex 47.75765720009804 182.43442381173372 2.5
      vertex 55.90686395764351 171.44649048149586 2.5
    endloop
  endfacet
  facet normal 0.8577286099673114 0.5141027442482133 0
    outer loop
      vertex 55.90686395764351 171.44649048149586 0
      vertex 62.939824253320694 159.71270511299372 2.5
      vertex 62.939824253320694 159.71270511299372 0
    endloop
  endfacet
  facet normal 0.8577286099673114 0.5141027442482133 0
    outer loop
      vertex 55.90686395764351 171.44649048149586 0
      vertex 55.90686395764351 171.44649048149586 2.5
      vertex 62.939824253320694 159.71270511299372 2.5
    endloop
  endfacet
  facet normal 0.8032075314535788 0.5956993045289277 0
    outer loop
      vertex 47.75765720009804 182.43442381173372 0
      vertex 55.90686395764351 171.44649048149586 2.5
      vertex 55.90686395764351 171.44649048149586 0
    endloop
  endfacet
  facet normal 0.9238795325112861 0.3826834323650914 0
    outer loop
      vertex 66.16208266523296 141.92847689600546 0
      vertex 63.10061520631223 149.31951315609575 0
      vertex 63.10061520631223 149.31951315609575 2.5
    endloop
  endfacet
  facet normal 0.38268343236508984 -0.9238795325112867 0
    outer loop
      vertex 63.10061520631223 149.31951315609575 0
      vertex 67.07652393915502 150.96638847599687 0
      vertex 67.07652393915502 150.96638847599687 2.5
    endloop
  endfacet
  facet normal 0 0 -1
    outer loop
      vertex 73.39748279750347 134.46568401157856 0
      vertex 66.16208266523296 141.92847689600546 0
      vertex 70.13799139689164 143.5753522154161 0
    endloop
  endfacet
  facet normal -0.3826834323650908 0.9238795325112864 0
    outer loop
      vertex 66.16208266523296 141.92847689600546 0
      vertex 66.16208266523296 141.92847689600546 2.5
      vertex 70.13799139689164 143.5753522154161 0
    endloop
  endfacet
  facet normal 0.9415440652485317 0.33688985320912884 0
    outer loop
      vertex 73.39748279750347 134.46568401157856 0
      vertex 70.13799139689164 143.5753522154161 0
      vertex 70.13799139689164 143.5753522154161 2.5
    endloop
  endfacet
  facet normal 0.9238795325112861 0.3826834323650914 0
    outer loop
      vertex 63.10061520631223 149.31951315609575 2.5
      vertex 66.16208266523296 141.92847689600546 2.5
      vertex 66.16208266523296 141.92847689600546 0
    endloop
  endfacet
  facet normal 0.38268343236508984 -0.9238795325112867 0
    outer loop
      vertex 63.10061520631223 149.31951315609575 2.5
      vertex 63.10061520631223 149.31951315609575 0
      vertex 67.07652393915502 150.96638847599687 2.5
    endloop
  endfacet
  facet normal -0.3826834323650908 0.9238795325112864 0
    outer loop
      vertex 70.13799139689164 143.5753522154161 2.5
      vertex 70.13799139689164 143.5753522154161 0
      vertex 66.16208266523296 141.92847689600546 2.5
    endloop
  endfacet
  facet normal 0 0 -1
    outer loop
      vertex 62.939824253320694 159.71270511299372 0
      vertex 67.07652393915502 150.96638847599687 0
      vertex 63.10061520631223 149.31951315609575 0
    endloop
  endfacet
  facet normal 0.903989293213622 0.4275550932396153 0
    outer loop
      vertex 62.939824253320694 159.71270511299372 0
      vertex 62.939824253320694 159.71270511299372 2.5
      vertex 67.07652393915502 150.96638847599687 0
    endloop
  endfacet
  facet normal 0.903989293213622 0.4275550932396153 0
    outer loop
      vertex 62.939824253320694 159.71270511299372 2.5
      vertex 67.07652393915502 150.96638847599687 2.5
      vertex 67.07652393915502 150.96638847599687 0
    endloop
  endfacet
  facet normal 0 0 1
    outer loop
      vertex 21.557173909971397 148.78049622800376 2.5
      vertex 62.939824253320694 159.71270511299372 2.5
      vertex 55.90686395764351 171.44649048149586 2.5
    endloop
  endfacet
  facet normal 0 0 1
    outer loop
      vertex 36.40529108573688 112.9339703665658 2.5
      vertex 63.10061520631223 149.31951315609575 2.5
      vertex 62.939824253320694 159.71270511299372 2.5
    endloop
  endfacet
  facet normal 0 0 1
    outer loop
      vertex 73.39748279750347 134.46568401157856 2.5
      vertex 70.13799139689164 143.5753522154161 2.5
      vertex 66.16208266523296 141.92847689600546 2.5
    endloop
  endfacet
  facet normal 0 0 1
    outer loop
      vertex 62.939824253320694 159.71270511299372 2.5
      vertex 63.10061520631223 149.31951315609575 2.5
      vertex 67.07652393915502 150.96638847599687 2.5
    endloop
  endfacet
  facet normal -0.22341247760125246 -0.06745220381217959 0.9723873019805175
    outer loop
      vertex 29.855746848210558 115.90613272934344 5.940534559191317
      vertex 44.45273691917278 120.3132238635648 9.6
      vertex 41.56241894972807 129.88641883888548 9.6
    endloop
  endfacet
  facet normal -0.20567238863510257 -0.11028056719196415 0.9723873019805175
    outer loop
      vertex 23.098806583020362 132.88377440280888 5.762357385393603
      vertex 37.19100526653844 140.43994503958524 9.6
      vertex 32.46549761784789 149.25297956023516 9.6
    endloop
  endfacet
  facet normal -0.47255076486905456 0.8813034520649918 0
    outer loop
      vertex 32.46549761784789 149.25297956023516 9.6
      vertex 35.10940797404287 150.67063185484233 9.6
      vertex 35.10940797404287 150.67063185484233 8.4
    endloop
  endfacet
  facet normal 0.8813034520649917 0.472550764869055 0
    outer loop
      vertex 35.10940797404287 150.67063185484233 8.4
      vertex 39.83491562273342 141.8575973341924 9.6
      vertex 39.83491562273342 141.8575973341924 8.4
    endloop
  endfacet
  facet normal 0.8813034520649917 0.472550764869055 0
    outer loop
      vertex 35.10940797404287 150.67063185484233 8.4
      vertex 35.10940797404287 150.67063185484233 9.6
      vertex 39.83491562273342 141.8575973341924 9.6
    endloop
  endfacet
  facet normal 0 0 1
    outer loop
      vertex 32.46549761784789 149.25297956023516 9.6
      vertex 39.83491562273342 141.8575973341924 9.6
      vertex 35.10940797404287 150.67063185484233 9.6
    endloop
  endfacet
  facet normal 0 0 1
    outer loop
      vertex 37.19100526653844 140.43994503958524 9.6
      vertex 39.83491562273342 141.8575973341924 9.6
      vertex 32.46549761784789 149.25297956023516 9.6
    endloop
  endfacet
  facet normal 0.9573194975320674 0.28903179694447084 0
    outer loop
      vertex 44.434377442324276 130.7535142297189 8.4
      vertex 44.434377442324276 130.7535142297189 9.6
      vertex 47.324695411768985 121.18031925439821 9.6
    endloop
  endfacet
  facet normal 0.9573194975320674 0.28903179694447084 0
    outer loop
      vertex 44.434377442324276 130.7535142297189 8.4
      vertex 47.324695411768985 121.18031925439821 9.6
      vertex 47.324695411768985 121.18031925439821 8.4
    endloop
  endfacet
  facet normal 0 0 1
    outer loop
      vertex 44.45273691917278 120.3132238635648 9.6
      vertex 47.324695411768985 121.18031925439821 9.6
      vertex 41.56241894972807 129.88641883888548 9.6
    endloop
  endfacet
  facet normal 0 0 1
    outer loop
      vertex 41.56241894972807 129.88641883888548 9.6
      vertex 47.324695411768985 121.18031925439821 9.6
      vertex 44.434377442324276 130.7535142297189 9.6
    endloop
  endfacet
  facet normal -0.2890317969444705 0.9573194975320676 0
    outer loop
      vertex 44.434377442324276 130.7535142297189 8.4
      vertex 41.56241894972807 129.88641883888548 9.6
      vertex 44.434377442324276 130.7535142297189 9.6
    endloop
  endfacet
  facet normal 0 0 -1
    outer loop
      vertex 84 103.5 0
      vertex 94.72160099908169 105.33395798538841 0
      vertex 94.95 105.18134665205268 0
    endloop
  endfacet
  facet normal 0 0 -1
    outer loop
      vertex 84 103.5 0
      vertex 94.95 105.18134665205268 0
      vertex 95.19636479203331 105.0598529817263 0
    endloop
  endfacet
  facet normal 0 0 -1
    outer loop
      vertex 84 103.5 0
      vertex 95.19636479203331 105.0598529817263 0
      vertex 95.4564800052847 104.97155576479295 0
    endloop
  endfacet
  facet normal 0 0 -1
    outer loop
      vertex 84 103.5 0
      vertex 95.4564800052847 104.97155576479295 0
      vertex 95.72589499633789 104.917965791115 0
    endloop
  endfacet
  facet normal 0 0 -1
    outer loop
      vertex 84 103.5 0
      vertex 84 110.5 0
      vertex 96 110.5 0
    endloop
  endfacet
  facet normal 0 0 -1
    outer loop
      vertex 84 103.5 0
      vertex 94.18134665205268 105.95 0
      vertex 94.33395798538841 105.72160099908169 0
    endloop
  endfacet
  facet normal 0 0 -1
    outer loop
      vertex 84 103.5 0
      vertex 93.97155576479295 106.4564800052847 0
      vertex 94.0598529817263 106.19636479203331 0
    endloop
  endfacet
  facet normal 0 0 -1
    outer loop
      vertex 84 103.5 0
      vertex 94.0598529817263 106.19636479203331 0
      vertex 94.18134665205268 105.95 0
    endloop
  endfacet
  facet normal 0 0 -1
    outer loop
      vertex 84 103.5 0
      vertex 94.33395798538841 105.72160099908169 0
      vertex 94.51507575950825 105.51507575950825 0
    endloop
  endfacet
  facet normal 0 0 -1
    outer loop
      vertex 84 103.5 0
      vertex 94.51507575950825 105.51507575950825 0
      vertex 94.72160099908169 105.33395798538841 0
    endloop
  endfacet
  facet normal 0 0 -1
    outer loop
      vertex 84 103.5 0
      vertex 93.917965791115 106.72589499633789 0
      vertex 93.97155576479295 106.4564800052847 0
    endloop
  endfacet
  facet normal 0 0 -1
    outer loop
      vertex 84 103.5 0
      vertex 93.9 107 0
      vertex 93.917965791115 106.72589499633789 0
    endloop
  endfacet
  facet normal 0 0 -1
    outer loop
      vertex 84 103.5 0
      vertex 93.917965791115 107.27410500366211 0
      vertex 93.9 107 0
    endloop
  endfacet
  facet normal 0 0 -1
    outer loop
      vertex 84 103.5 0
      vertex 93.97155576479295 107.5435199947153 0
      vertex 93.917965791115 107.27410500366211 0
    endloop
  endfacet
  facet normal 0 0 -1
    outer loop
      vertex 84 103.5 0
      vertex 94.0598529817263 107.80363520796669 0
      vertex 93.97155576479295 107.5435199947153 0
    endloop
  endfacet
  facet normal 0 0 -1
    outer loop
      vertex 84 103.5 0
      vertex 94.18134665205268 108.05 0
      vertex 94.0598529817263 107.80363520796669 0
    endloop
  endfacet
  facet normal 0 0 -1
    outer loop
      vertex 84 103.5 0
      vertex 94.33395798538841 108.27839900091831 0
      vertex 94.18134665205268 108.05 0
    endloop
  endfacet
  facet normal 0 0 -1
    outer loop
      vertex 84 103.5 0
      vertex 94.51507575950825 108.48492424049175 0
      vertex 94.33395798538841 108.27839900091831 0
    endloop
  endfacet
  facet normal 0 0 -1
    outer loop
      vertex 84 103.5 0
      vertex 94.72160099908169 108.66604201461159 0
      vertex 94.51507575950825 108.48492424049175 0
    endloop
  endfacet
  facet normal 0 0 -1
    outer loop
      vertex 84 103.5 0
      vertex 94.95 108.81865334794732 0
      vertex 94.72160099908169 108.66604201461159 0
    endloop
  endfacet
  facet normal 0 0 -1
    outer loop
      vertex 84 103.5 0
      vertex 95.19636479203331 108.9401470182737 0
      vertex 94.95 108.81865334794732 0
    endloop
  endfacet
  facet normal 0 0 -1
    outer loop
      vertex 84 103.5 0
      vertex 96 110.5 0
      vertex 95.19636479203331 108.9401470182737 0
    endloop
  endfacet
  facet normal -1 0 0
    outer loop
      vertex 84 103.5 0
      vertex 84 110.5 4
      vertex 84 110.5 0
    endloop
  endfacet
  facet normal 0 1 0
    outer loop
      vertex 84 110.5 0
      vertex 84 110.5 4
      vertex 96 110.5 0
    endloop
  endfacet
  facet normal 0 0 -1
    outer loop
      vertex 84 103.5 0
      vertex 95.72589499633789 104.917965791115 0
      vertex 96 103.5 0
    endloop
  endfacet
  facet normal 0 0 -1
    outer loop
      vertex 96 103.5 0
      vertex 95.72589499633789 104.917965791115 0
      vertex 96 104.9 0
    endloop
  endfacet
  facet normal 0 0 -1
    outer loop
      vertex 96 103.5 0
      vertex 96 104.9 0
      vertex 96.27410500366211 104.917965791115 0
    endloop
  endfacet
  facet normal 0 0 -1
    outer loop
      vertex 96 103.5 0
      vertex 96.27410500366211 104.917965791115 0
      vertex 96.5435199947153 104.97155576479295 0
    endloop
  endfacet
  facet normal 0 -1 0
    outer loop
      vertex 84 103.5 0
      vertex 96 103.5 0
      vertex 96 103.5 4
    endloop
  endfacet
  facet normal 0 0 -1
    outer loop
      vertex 96 110.5 0
      vertex 95.4564800052847 109.02844423520705 0
      vertex 95.19636479203331 108.9401470182737 0
    endloop
  endfacet
  facet normal 0 0 -1
    outer loop
      vertex 96 110.5 0
      vertex 95.72589499633789 109.082034208885 0
      vertex 95.4564800052847 109.02844423520705 0
    endloop
  endfacet
  facet normal 0 0 -1
    outer loop
      vertex 96 110.5 0
      vertex 96 109.1 0
      vertex 95.72589499633789 109.082034208885 0
    endloop
  endfacet
  facet normal 0 0 -1
    outer loop
      vertex 96 110.5 0
      vertex 96.27410500366211 109.082034208885 0
      vertex 96 109.1 0
    endloop
  endfacet
  facet normal 0.8968727415326742 0.44228869021902983 0
    outer loop
      vertex 94.18134665205268 105.95 0
      vertex 94.0598529817263 106.19636479203331 0
      vertex 94.0598529817263 106.19636479203331 4
    endloop
  endfacet
  facet normal 0.8314696123025479 0.5555702330195983 0
    outer loop
      vertex 94.33395798538841 105.72160099908169 0
      vertex 94.18134665205268 105.95 0
      vertex 94.18134665205268 105.95 4
    endloop
  endfacet
  facet normal 0.946930129495106 0.3214394653031609 0
    outer loop
      vertex 94.0598529817263 106.19636479203331 0
      vertex 93.97155576479295 106.4564800052847 0
      vertex 93.97155576479295 106.4564800052847 4
    endloop
  endfacet
  facet normal 0.9807852804032301 0.19509032201613022 0
    outer loop
      vertex 93.97155576479295 106.4564800052847 0
      vertex 93.917965791115 106.72589499633789 0
      vertex 93.917965791115 106.72589499633789 4
    endloop
  endfacet
  facet normal 0.9978589232386058 0.06540312923010795 0
    outer loop
      vertex 93.917965791115 106.72589499633789 0
      vertex 93.9 107 0
      vertex 93.9 107 4
    endloop
  endfacet
  facet normal 0.9978589232386058 -0.06540312923010795 0
    outer loop
      vertex 93.9 107 0
      vertex 93.917965791115 107.27410500366211 0
      vertex 93.917965791115 107.27410500366211 4
    endloop
  endfacet
  facet normal 0.9807852804032301 -0.19509032201613022 0
    outer loop
      vertex 93.917965791115 107.27410500366211 0
      vertex 93.97155576479295 107.5435199947153 0
      vertex 93.97155576479295 107.5435199947153 4
    endloop
  endfacet
  facet normal 0.946930129495106 -0.3214394653031609 0
    outer loop
      vertex 93.97155576479295 107.5435199947153 0
      vertex 94.0598529817263 107.80363520796669 0
      vertex 94.0598529817263 107.80363520796669 4
    endloop
  endfacet
  facet normal 0.8968727415326742 -0.44228869021902983 0
    outer loop
      vertex 94.0598529817263 107.80363520796669 0
      vertex 94.18134665205268 108.05 0
      vertex 94.18134665205268 108.05 4
    endloop
  endfacet
  facet normal 0.8314696123025479 -0.5555702330195983 0
    outer loop
      vertex 94.18134665205268 108.05 0
      vertex 94.33395798538841 108.27839900091831 0
      vertex 94.33395798538841 108.27839900091831 4
    endloop
  endfacet
  facet normal 0.6593458151000597 0.7518398074789853 0
    outer loop
      vertex 94.51507575950825 105.51507575950825 0
      vertex 94.51507575950825 105.51507575950825 4
      vertex 94.72160099908169 105.33395798538841 0
    endloop
  endfacet
  facet normal 0.5555702330195983 0.8314696123025479 0
    outer loop
      vertex 94.72160099908169 105.33395798538841 0
      vertex 94.72160099908169 105.33395798538841 4
      vertex 94.95 105.18134665205268 0
    endloop
  endfacet
  facet normal 0.7518398074789853 0.6593458151000597 0
    outer loop
      vertex 94.51507575950825 105.51507575950825 0
      vertex 94.33395798538841 105.72160099908169 0
      vertex 94.33395798538841 105.72160099908169 4
    endloop
  endfacet
  facet normal 0.3214394653031609 0.946930129495106 0
    outer loop
      vertex 95.19636479203331 105.0598529817263 0
      vertex 95.19636479203331 105.0598529817263 4
      vertex 95.4564800052847 104.97155576479295 0
    endloop
  endfacet
  facet normal 0.44228869021902983 0.8968727415326742 0
    outer loop
      vertex 94.95 105.18134665205268 0
      vertex 94.95 105.18134665205268 4
      vertex 95.19636479203331 105.0598529817263 0
    endloop
  endfacet
  facet normal 0.19509032201613022 0.9807852804032301 0
    outer loop
      vertex 95.4564800052847 104.97155576479295 0
      vertex 95.4564800052847 104.97155576479295 4
      vertex 95.72589499633789 104.917965791115 0
    endloop
  endfacet
  facet normal 0.06540312923010795 0.9978589232386058 0
    outer loop
      vertex 95.72589499633789 104.917965791115 0
      vertex 95.72589499633789 104.917965791115 4
      vertex 96 104.9 0
    endloop
  endfacet
  facet normal -0.06540312923010795 0.9978589232386058 0
    outer loop
      vertex 96 104.9 4
      vertex 96.27410500366211 104.917965791115 0
      vertex 96 104.9 0
    endloop
  endfacet
  facet normal -0.19509032201613022 0.9807852804032301 0
    outer loop
      vertex 96.27410500366211 104.917965791115 4
      vertex 96.5435199947153 104.97155576479295 0
      vertex 96.27410500366211 104.917965791115 0
    endloop
  endfacet
  facet normal -0.3214394653031609 0.946930129495106 0
    outer loop
      vertex 96.5435199947153 104.97155576479295 4
      vertex 96.80363520796669 105.0598529817263 0
      vertex 96.5435199947153 104.97155576479295 0
    endloop
  endfacet
  facet normal -0.44228869021902983 0.8968727415326742 0
    outer loop
      vertex 96.80363520796669 105.0598529817263 4
      vertex 97.05 105.18134665205268 0
      vertex 96.80363520796669 105.0598529817263 0
    endloop
  endfacet
  facet normal 0.7518398074789853 -0.6593458151000597 0
    outer loop
      vertex 94.33395798538841 108.27839900091831 0
      vertex 94.51507575950825 108.48492424049175 0
      vertex 94.51507575950825 108.48492424049175 4
    endloop
  endfacet
  facet normal 0.6593458151000597 -0.7518398074789853 0
    outer loop
      vertex 94.72160099908169 108.66604201461159 0
      vertex 94.72160099908169 108.66604201461159 4
      vertex 94.51507575950825 108.48492424049175 0
    endloop
  endfacet
  facet normal 0.5555702330195983 -0.8314696123025479 0
    outer loop
      vertex 94.95 108.81865334794732 0
      vertex 94.95 108.81865334794732 4
      vertex 94.72160099908169 108.66604201461159 0
    endloop
  endfacet
  facet normal 0.44228869021902983 -0.8968727415326742 0
    outer loop
      vertex 95.19636479203331 108.9401470182737 0
      vertex 95.19636479203331 108.9401470182737 4
      vertex 94.95 108.81865334794732 0
    endloop
  endfacet
  facet normal 0.3214394653031609 -0.946930129495106 0
    outer loop
      vertex 95.4564800052847 109.02844423520705 0
      vertex 95.4564800052847 109.02844423520705 4
      vertex 95.19636479203331 108.9401470182737 0
    endloop
  endfacet
  facet normal 0.19509032201613022 -0.9807852804032301 0
    outer loop
      vertex 95.72589499633789 109.082034208885 0
      vertex 95.72589499633789 109.082034208885 4
      vertex 95.4564800052847 109.02844423520705 0
    endloop
  endfacet
  facet normal 0.06540312923010795 -0.9978589232386058 0
    outer loop
      vertex 96 109.1 4
      vertex 95.72589499633789 109.082034208885 0
      vertex 96 109.1 0
    endloop
  endfacet
  facet normal -0.06540312923010795 -0.9978589232386058 0
    outer loop
      vertex 96.27410500366211 109.082034208885 4
      vertex 96 109.1 0
      vertex 96.27410500366211 109.082034208885 0
    endloop
  endfacet
  facet normal -0.19509032201613022 -0.9807852804032301 0
    outer loop
      vertex 96.5435199947153 109.02844423520705 4
      vertex 96.27410500366211 109.082034208885 0
      vertex 96.5435199947153 109.02844423520705 0
    endloop
  endfacet
  facet normal -0.3214394653031609 -0.946930129495106 0
    outer loop
      vertex 96.80363520796669 108.9401470182737 4
      vertex 96.5435199947153 109.02844423520705 0
      vertex 96.80363520796669 108.9401470182737 0
    endloop
  endfacet
  facet normal -0.5555702330195983 0.8314696123025479 0
    outer loop
      vertex 97.05 105.18134665205268 4
      vertex 97.27839900091831 105.33395798538841 0
      vertex 97.05 105.18134665205268 0
    endloop
  endfacet
  facet normal -0.6593458151000597 0.7518398074789853 0
    outer loop
      vertex 97.27839900091831 105.33395798538841 4
      vertex 97.48492424049175 105.51507575950825 0
      vertex 97.27839900091831 105.33395798538841 0
    endloop
  endfacet
  facet normal -0.7518398074789853 0.6593458151000597 0
    outer loop
      vertex 97.48492424049175 105.51507575950825 0
      vertex 97.48492424049175 105.51507575950825 4
      vertex 97.66604201461159 105.72160099908169 0
    endloop
  endfacet
  facet normal -0.8314696123025479 0.5555702330195983 0
    outer loop
      vertex 97.66604201461159 105.72160099908169 4
      vertex 97.81865334794732 105.95 0
      vertex 97.66604201461159 105.72160099908169 0
    endloop
  endfacet
  facet normal -0.8968727415326742 0.44228869021902983 0
    outer loop
      vertex 97.81865334794732 105.95 4
      vertex 97.9401470182737 106.19636479203331 0
      vertex 97.81865334794732 105.95 0
    endloop
  endfacet
  facet normal -0.946930129495106 0.3214394653031609 0
    outer loop
      vertex 97.9401470182737 106.19636479203331 4
      vertex 98.02844423520705 106.4564800052847 0
      vertex 97.9401470182737 106.19636479203331 0
    endloop
  endfacet
  facet normal -0.9807852804032301 0.19509032201613022 0
    outer loop
      vertex 98.02844423520705 106.4564800052847 4
      vertex 98.082034208885 106.72589499633789 0
      vertex 98.02844423520705 106.4564800052847 0
    endloop
  endfacet
  facet normal -0.9978589232386058 0.06540312923010795 0
    outer loop
      vertex 98.082034208885 106.72589499633789 0
      vertex 98.082034208885 106.72589499633789 4
      vertex 98.1 107 0
    endloop
  endfacet
  facet normal -0.9978589232386058 -0.06540312923010795 0
    outer loop
      vertex 98.1 107 0
      vertex 98.1 107 4
      vertex 98.082034208885 107.27410500366211 0
    endloop
  endfacet
  facet normal -0.946930129495106 -0.3214394653031609 0
    outer loop
      vertex 98.02844423520705 107.5435199947153 4
      vertex 97.9401470182737 107.80363520796669 0
      vertex 98.02844423520705 107.5435199947153 0
    endloop
  endfacet
  facet normal -0.9807852804032301 -0.19509032201613022 0
    outer loop
      vertex 98.082034208885 107.27410500366211 4
      vertex 98.02844423520705 107.5435199947153 0
      vertex 98.082034208885 107.27410500366211 0
    endloop
  endfacet
  facet normal -0.5555702330195983 -0.8314696123025479 0
    outer loop
      vertex 97.27839900091831 108.66604201461159 4
      vertex 97.05 108.81865334794732 0
      vertex 97.27839900091831 108.66604201461159 0
    endloop
  endfacet
  facet normal -0.44228869021902983 -0.8968727415326742 0
    outer loop
      vertex 97.05 108.81865334794732 4
      vertex 96.80363520796669 108.9401470182737 0
      vertex 97.05 108.81865334794732 0
    endloop
  endfacet
  facet normal -0.6593458151000597 -0.7518398074789853 0
    outer loop
      vertex 97.27839900091831 108.66604201461159 0
      vertex 97.48492424049175 108.48492424049175 0
      vertex 97.48492424049175 108.48492424049175 4
    endloop
  endfacet
  facet normal -0.7518398074789853 -0.6593458151000597 0
    outer loop
      vertex 97.66604201461159 108.27839900091831 4
      vertex 97.48492424049175 108.48492424049175 0
      vertex 97.66604201461159 108.27839900091831 0
    endloop
  endfacet
  facet normal -0.8314696123025479 -0.5555702330195983 0
    outer loop
      vertex 97.81865334794732 108.05 4
      vertex 97.66604201461159 108.27839900091831 0
      vertex 97.81865334794732 108.05 0
    endloop
  endfacet
  facet normal -0.8968727415326742 -0.44228869021902983 0
    outer loop
      vertex 97.9401470182737 107.80363520796669 4
      vertex 97.81865334794732 108.05 0
      vertex 97.9401470182737 107.80363520796669 0
    endloop
  endfacet
  facet normal 0 -1 0
    outer loop
      vertex 96 103.5 0
      vertex 117.9 103.5 0
      vertex 96 103.5 4
    endloop
  endfacet
  facet normal 0 0 -1
    outer loop
      vertex 96 103.5 0
      vertex 96.5435199947153 104.97155576479295 0
      vertex 117.9 110.5 0
    endloop
  endfacet
  facet normal 0 0 -1
    outer loop
      vertex 117.9 110.5 0
      vertex 96.5435199947153 104.97155576479295 0
      vertex 96.80363520796669 105.0598529817263 0
    endloop
  endfacet
  facet normal 0 0 -1
    outer loop
      vertex 117.9 110.5 0
      vertex 96.80363520796669 105.0598529817263 0
      vertex 97.05 105.18134665205268 0
    endloop
  endfacet
  facet normal 0 0 -1
    outer loop
      vertex 117.9 110.5 0
      vertex 97.05 105.18134665205268 0
      vertex 97.27839900091831 105.33395798538841 0
    endloop
  endfacet
  facet normal 0 0 -1
    outer loop
      vertex 117.9 110.5 0
      vertex 97.27839900091831 105.33395798538841 0
      vertex 97.48492424049175 105.51507575950825 0
    endloop
  endfacet
  facet normal 0 0 -1
    outer loop
      vertex 117.9 110.5 0
      vertex 97.48492424049175 105.51507575950825 0
      vertex 97.66604201461159 105.72160099908169 0
    endloop
  endfacet
  facet normal 0 0 -1
    outer loop
      vertex 117.9 110.5 0
      vertex 97.66604201461159 105.72160099908169 0
      vertex 97.81865334794732 105.95 0
    endloop
  endfacet
  facet normal 0 0 -1
    outer loop
      vertex 117.9 110.5 0
      vertex 97.81865334794732 105.95 0
      vertex 97.9401470182737 106.19636479203331 0
    endloop
  endfacet
  facet normal 0 0 -1
    outer loop
      vertex 117.9 110.5 0
      vertex 97.66604201461159 108.27839900091831 0
      vertex 97.48492424049175 108.48492424049175 0
    endloop
  endfacet
  facet normal 0 0 -1
    outer loop
      vertex 117.9 110.5 0
      vertex 97.9401470182737 107.80363520796669 0
      vertex 97.81865334794732 108.05 0
    endloop
  endfacet
  facet normal 0 0 -1
    outer loop
      vertex 117.9 110.5 0
      vertex 97.81865334794732 108.05 0
      vertex 97.66604201461159 108.27839900091831 0
    endloop
  endfacet
  facet normal 0 0 -1
    outer loop
      vertex 117.9 110.5 0
      vertex 96.5435199947153 109.02844423520705 0
      vertex 96.27410500366211 109.082034208885 0
    endloop
  endfacet
  facet normal 0 0 -1
    outer loop
      vertex 117.9 110.5 0
      vertex 97.05 108.81865334794732 0
      vertex 96.80363520796669 108.9401470182737 0
    endloop
  endfacet
  facet normal 0 0 -1
    outer loop
      vertex 117.9 110.5 0
      vertex 96.80363520796669 108.9401470182737 0
      vertex 96.5435199947153 109.02844423520705 0
    endloop
  endfacet
  facet normal 0 0 -1
    outer loop
      vertex 96 110.5 0
      vertex 117.9 110.5 0
      vertex 96.27410500366211 109.082034208885 0
    endloop
  endfacet
  facet normal 0 0 -1
    outer loop
      vertex 117.9 110.5 0
      vertex 97.27839900091831 108.66604201461159 0
      vertex 97.05 108.81865334794732 0
    endloop
  endfacet
  facet normal 0 0 -1
    outer loop
      vertex 117.9 110.5 0
      vertex 97.48492424049175 108.48492424049175 0
      vertex 97.27839900091831 108.66604201461159 0
    endloop
  endfacet
  facet normal 0 0 -1
    outer loop
      vertex 117.9 110.5 0
      vertex 97.9401470182737 106.19636479203331 0
      vertex 98.02844423520705 106.4564800052847 0
    endloop
  endfacet
  facet normal 0 0 -1
    outer loop
      vertex 117.9 110.5 0
      vertex 98.02844423520705 106.4564800052847 0
      vertex 98.082034208885 106.72589499633789 0
    endloop
  endfacet
  facet normal 0 0 -1
    outer loop
      vertex 117.9 110.5 0
      vertex 98.082034208885 106.72589499633789 0
      vertex 98.1 107 0
    endloop
  endfacet
  facet normal 0 0 -1
    outer loop
      vertex 117.9 110.5 0
      vertex 98.1 107 0
      vertex 98.082034208885 107.27410500366211 0
    endloop
  endfacet
  facet normal 0 0 -1
    outer loop
      vertex 117.9 110.5 0
      vertex 98.082034208885 107.27410500366211 0
      vertex 98.02844423520705 107.5435199947153 0
    endloop
  endfacet
  facet normal 0 0 -1
    outer loop
      vertex 117.9 110.5 0
      vertex 98.02844423520705 107.5435199947153 0
      vertex 97.9401470182737 107.80363520796669 0
    endloop
  endfacet
  facet normal 0 0 -1
    outer loop
      vertex 96 103.5 0
      vertex 117.9 110.5 0
      vertex 117.9 103.5 0
    endloop
  endfacet
  facet normal 0 1 0
    outer loop
      vertex 96 110.5 0
      vertex 117.9 110.5 4
      vertex 117.9 110.5 0
    endloop
  endfacet
  facet normal 0 0 -1
    outer loop
      vertex 117.9 100 0
      vertex 121.9 114 0
      vertex 121.9 100 0
    endloop
  endfacet
  facet normal 0 0 -1
    outer loop
      vertex 117.9 100 0
      vertex 117.9 103.5 0
      vertex 121.9 114 0
    endloop
  endfacet
  facet normal 0 0 -1
    outer loop
      vertex 117.9 103.5 0
      vertex 117.9 110.5 0
      vertex 121.9 114 0
    endloop
  endfacet
  facet normal 0 0 -1
    outer loop
      vertex 117.9 110.5 0
      vertex 117.9 114 0
      vertex 121.9 114 0
    endloop
  endfacet
  facet normal -1 0 0
    outer loop
      vertex 117.9 110.5 0
      vertex 117.9 110.5 4
      vertex 117.9 114 0
    endloop
  endfacet
  facet normal -1 0 0
    outer loop
      vertex 84 103.5 0
      vertex 84 103.5 4
      vertex 84 104 3.9
    endloop
  endfacet
  facet normal 0 -1 0
    outer loop
      vertex 84 103.5 0
      vertex 96 103.5 4
      vertex 84 103.5 4
    endloop
  endfacet
  facet normal -1 0 0
    outer loop
      vertex 84 104 3.9
      vertex 84 103.5 4
      vertex 84 104 4
    endloop
  endfacet
  facet normal 0 0 1
    outer loop
      vertex 84 103.5 4
      vertex 87 104 4
      vertex 84 104 4
    endloop
  endfacet
  facet normal 0 -1 0
    outer loop
      vertex 84 104 4
      vertex 87 104 4
      vertex 84 104 7.4
    endloop
  endfacet
  facet normal 0 0 1
    outer loop
      vertex 84 103.5 4
      vertex 96 103.5 4
      vertex 87 104 4
    endloop
  endfacet
  facet normal -1 0 0
    outer loop
      vertex 84 103.5 0
      vertex 84 104 3.9
      vertex 84 110 3.9
    endloop
  endfacet
  facet normal -1 0 0
    outer loop
      vertex 84 103.5 0
      vertex 84 110 3.9
      vertex 84 110.5 4
    endloop
  endfacet
  facet normal -1 0 0
    outer loop
      vertex 84 104 3.9
      vertex 84 110 4
      vertex 84 110 3.9
    endloop
  endfacet
  facet normal -1 0 0
    outer loop
      vertex 84 110 3.9
      vertex 84 110 4
      vertex 84 110.5 4
    endloop
  endfacet
  facet normal -1 0 0
    outer loop
      vertex 84 104 3.9
      vertex 84 104 4
      vertex 84 110 7.4
    endloop
  endfacet
  facet normal -1 0 0
    outer loop
      vertex 84 104 3.9
      vertex 84 110 7.4
      vertex 84 110 4
    endloop
  endfacet
  facet normal 0 1 0
    outer loop
      vertex 84 110 4
      vertex 87 110 7.4
      vertex 87 110 4
    endloop
  endfacet
  facet normal 0 0 1
    outer loop
      vertex 84 110 4
      vertex 96 110.5 4
      vertex 84 110.5 4
    endloop
  endfacet
  facet normal 0 0 1
    outer loop
      vertex 84 110 4
      vertex 87 110 4
      vertex 96 110.5 4
    endloop
  endfacet
  facet normal 0 0 1
    outer loop
      vertex 87 104 4
      vertex 96 103.5 4
      vertex 87 110 4
    endloop
  endfacet
  facet normal 0 0 1
    outer loop
      vertex 87 110 4
      vertex 94.18134665205268 105.95 4
      vertex 94.0598529817263 106.19636479203331 4
    endloop
  endfacet
  facet normal 0 0 1
    outer loop
      vertex 87 110 4
      vertex 94.0598529817263 106.19636479203331 4
      vertex 93.97155576479295 106.4564800052847 4
    endloop
  endfacet
  facet normal 0 0 1
    outer loop
      vertex 87 110 4
      vertex 93.97155576479295 106.4564800052847 4
      vertex 93.917965791115 106.72589499633789 4
    endloop
  endfacet
  facet normal 0 0 1
    outer loop
      vertex 87 110 4
      vertex 93.917965791115 106.72589499633789 4
      vertex 93.9 107 4
    endloop
  endfacet
  facet normal 0 0 1
    outer loop
      vertex 87 110 4
      vertex 93.9 107 4
      vertex 93.917965791115 107.27410500366211 4
    endloop
  endfacet
  facet normal 0 0 1
    outer loop
      vertex 87 110 4
      vertex 93.917965791115 107.27410500366211 4
      vertex 93.97155576479295 107.5435199947153 4
    endloop
  endfacet
  facet normal 0 0 1
    outer loop
      vertex 87 110 4
      vertex 93.97155576479295 107.5435199947153 4
      vertex 94.0598529817263 107.80363520796669 4
    endloop
  endfacet
  facet normal 0 0 1
    outer loop
      vertex 87 110 4
      vertex 94.0598529817263 107.80363520796669 4
      vertex 94.18134665205268 108.05 4
    endloop
  endfacet
  facet normal 1 0 0
    outer loop
      vertex 87 104 4
      vertex 87 110 4
      vertex 87 104 7.4
    endloop
  endfacet
  facet normal 0 0 1
    outer loop
      vertex 96 103.5 4
      vertex 95.19636479203331 105.0598529817263 4
      vertex 94.95 105.18134665205268 4
    endloop
  endfacet
  facet normal 0 0 1
    outer loop
      vertex 96 103.5 4
      vertex 95.4564800052847 104.97155576479295 4
      vertex 95.19636479203331 105.0598529817263 4
    endloop
  endfacet
  facet normal 0 0 1
    outer loop
      vertex 96 103.5 4
      vertex 95.72589499633789 104.917965791115 4
      vertex 95.4564800052847 104.97155576479295 4
    endloop
  endfacet
  facet normal 0 0 1
    outer loop
      vertex 96 103.5 4
      vertex 96 104.9 4
      vertex 95.72589499633789 104.917965791115 4
    endloop
  endfacet
  facet normal 0 0 1
    outer loop
      vertex 96 103.5 4
      vertex 96.27410500366211 104.917965791115 4
      vertex 96 104.9 4
    endloop
  endfacet
  facet normal 0.8314696123025479 0.5555702330195983 0
    outer loop
      vertex 94.33395798538841 105.72160099908169 0
      vertex 94.18134665205268 105.95 4
      vertex 94.33395798538841 105.72160099908169 4
    endloop
  endfacet
  facet normal 0.8968727415326742 0.44228869021902983 0
    outer loop
      vertex 94.18134665205268 105.95 0
      vertex 94.0598529817263 106.19636479203331 4
      vertex 94.18134665205268 105.95 4
    endloop
  endfacet
  facet normal 0.946930129495106 0.3214394653031609 0
    outer loop
      vertex 94.0598529817263 106.19636479203331 0
      vertex 93.97155576479295 106.4564800052847 4
      vertex 94.0598529817263 106.19636479203331 4
    endloop
  endfacet
  facet normal 0.9807852804032301 0.19509032201613022 0
    outer loop
      vertex 93.97155576479295 106.4564800052847 0
      vertex 93.917965791115 106.72589499633789 4
      vertex 93.97155576479295 106.4564800052847 4
    endloop
  endfacet
  facet normal 0.9978589232386058 0.06540312923010795 0
    outer loop
      vertex 93.917965791115 106.72589499633789 0
      vertex 93.9 107 4
      vertex 93.917965791115 106.72589499633789 4
    endloop
  endfacet
  facet normal 0.9978589232386058 -0.06540312923010795 0
    outer loop
      vertex 93.9 107 0
      vertex 93.917965791115 107.27410500366211 4
      vertex 93.9 107 4
    endloop
  endfacet
  facet normal 0.9807852804032301 -0.19509032201613022 0
    outer loop
      vertex 93.917965791115 107.27410500366211 0
      vertex 93.97155576479295 107.5435199947153 4
      vertex 93.917965791115 107.27410500366211 4
    endloop
  endfacet
  facet normal 0.946930129495106 -0.3214394653031609 0
    outer loop
      vertex 93.97155576479295 107.5435199947153 0
      vertex 94.0598529817263 107.80363520796669 4
      vertex 93.97155576479295 107.5435199947153 4
    endloop
  endfacet
  facet normal 0 1 0
    outer loop
      vertex 96 110.5 0
      vertex 84 110.5 4
      vertex 96 110.5 4
    endloop
  endfacet
  facet normal 0.8968727415326742 -0.44228869021902983 0
    outer loop
      vertex 94.0598529817263 107.80363520796669 0
      vertex 94.18134665205268 108.05 4
      vertex 94.0598529817263 107.80363520796669 4
    endloop
  endfacet
  facet normal 0.8314696123025479 -0.5555702330195983 0
    outer loop
      vertex 94.18134665205268 108.05 0
      vertex 94.33395798538841 108.27839900091831 4
      vertex 94.18134665205268 108.05 4
    endloop
  endfacet
  facet normal 0.6593458151000597 0.7518398074789853 0
    outer loop
      vertex 94.72160099908169 105.33395798538841 0
      vertex 94.51507575950825 105.51507575950825 4
      vertex 94.72160099908169 105.33395798538841 4
    endloop
  endfacet
  facet normal 0.5555702330195983 0.8314696123025479 0
    outer loop
      vertex 94.95 105.18134665205268 0
      vertex 94.72160099908169 105.33395798538841 4
      vertex 94.95 105.18134665205268 4
    endloop
  endfacet
  facet normal 0.7518398074789853 0.6593458151000597 0
    outer loop
      vertex 94.51507575950825 105.51507575950825 0
      vertex 94.33395798538841 105.72160099908169 4
      vertex 94.51507575950825 105.51507575950825 4
    endloop
  endfacet
  facet normal 0.44228869021902983 0.8968727415326742 0
    outer loop
      vertex 95.19636479203331 105.0598529817263 0
      vertex 94.95 105.18134665205268 4
      vertex 95.19636479203331 105.0598529817263 4
    endloop
  endfacet
  facet normal 0.3214394653031609 0.946930129495106 0
    outer loop
      vertex 95.4564800052847 104.97155576479295 0
      vertex 95.19636479203331 105.0598529817263 4
      vertex 95.4564800052847 104.97155576479295 4
    endloop
  endfacet
  facet normal 0.19509032201613022 0.9807852804032301 0
    outer loop
      vertex 95.72589499633789 104.917965791115 0
      vertex 95.4564800052847 104.97155576479295 4
      vertex 95.72589499633789 104.917965791115 4
    endloop
  endfacet
  facet normal 0.06540312923010795 0.9978589232386058 0
    outer loop
      vertex 96 104.9 0
      vertex 95.72589499633789 104.917965791115 4
      vertex 96 104.9 4
    endloop
  endfacet
  facet normal -0.06540312923010795 0.9978589232386058 0
    outer loop
      vertex 96.27410500366211 104.917965791115 4
      vertex 96.27410500366211 104.917965791115 0
      vertex 96 104.9 4
    endloop
  endfacet
  facet normal -0.19509032201613022 0.9807852804032301 0
    outer loop
      vertex 96.5435199947153 104.97155576479295 4
      vertex 96.5435199947153 104.97155576479295 0
      vertex 96.27410500366211 104.917965791115 4
    endloop
  endfacet
  facet normal -0.3214394653031609 0.946930129495106 0
    outer loop
      vertex 96.80363520796669 105.0598529817263 4
      vertex 96.80363520796669 105.0598529817263 0
      vertex 96.5435199947153 104.97155576479295 4
    endloop
  endfacet
  facet normal 0.7518398074789853 -0.6593458151000597 0
    outer loop
      vertex 94.33395798538841 108.27839900091831 0
      vertex 94.51507575950825 108.48492424049175 4
      vertex 94.33395798538841 108.27839900091831 4
    endloop
  endfacet
  facet normal 0.6593458151000597 -0.7518398074789853 0
    outer loop
      vertex 94.51507575950825 108.48492424049175 0
      vertex 94.72160099908169 108.66604201461159 4
      vertex 94.51507575950825 108.48492424049175 4
    endloop
  endfacet
  facet normal 0.5555702330195983 -0.8314696123025479 0
    outer loop
      vertex 94.72160099908169 108.66604201461159 0
      vertex 94.95 108.81865334794732 4
      vertex 94.72160099908169 108.66604201461159 4
    endloop
  endfacet
  facet normal 0.44228869021902983 -0.8968727415326742 0
    outer loop
      vertex 94.95 108.81865334794732 0
      vertex 95.19636479203331 108.9401470182737 4
      vertex 94.95 108.81865334794732 4
    endloop
  endfacet
  facet normal 0.3214394653031609 -0.946930129495106 0
    outer loop
      vertex 95.19636479203331 108.9401470182737 0
      vertex 95.4564800052847 109.02844423520705 4
      vertex 95.19636479203331 108.9401470182737 4
    endloop
  endfacet
  facet normal 0.19509032201613022 -0.9807852804032301 0
    outer loop
      vertex 95.4564800052847 109.02844423520705 0
      vertex 95.72589499633789 109.082034208885 4
      vertex 95.4564800052847 109.02844423520705 4
    endloop
  endfacet
  facet normal 0.06540312923010795 -0.9978589232386058 0
    outer loop
      vertex 96 109.1 4
      vertex 95.72589499633789 109.082034208885 4
      vertex 95.72589499633789 109.082034208885 0
    endloop
  endfacet
  facet normal -0.06540312923010795 -0.9978589232386058 0
    outer loop
      vertex 96 109.1 4
      vertex 96 109.1 0
      vertex 96.27410500366211 109.082034208885 4
    endloop
  endfacet
  facet normal -0.19509032201613022 -0.9807852804032301 0
    outer loop
      vertex 96.27410500366211 109.082034208885 4
      vertex 96.27410500366211 109.082034208885 0
      vertex 96.5435199947153 109.02844423520705 4
    endloop
  endfacet
  facet normal -0.3214394653031609 -0.946930129495106 0
    outer loop
      vertex 96.5435199947153 109.02844423520705 4
      vertex 96.5435199947153 109.02844423520705 0
      vertex 96.80363520796669 108.9401470182737 4
    endloop
  endfacet
  facet normal -0.44228869021902983 -0.8968727415326742 0
    outer loop
      vertex 96.80363520796669 108.9401470182737 4
      vertex 96.80363520796669 108.9401470182737 0
      vertex 97.05 108.81865334794732 4
    endloop
  endfacet
  facet normal -0.44228869021902983 0.8968727415326742 0
    outer loop
      vertex 97.05 105.18134665205268 4
      vertex 97.05 105.18134665205268 0
      vertex 96.80363520796669 105.0598529817263 4
    endloop
  endfacet
  facet normal -0.5555702330195983 0.8314696123025479 0
    outer loop
      vertex 97.27839900091831 105.33395798538841 4
      vertex 97.27839900091831 105.33395798538841 0
      vertex 97.05 105.18134665205268 4
    endloop
  endfacet
  facet normal -0.6593458151000597 0.7518398074789853 0
    outer loop
      vertex 97.48492424049175 105.51507575950825 4
      vertex 97.48492424049175 105.51507575950825 0
      vertex 97.27839900091831 105.33395798538841 4
    endloop
  endfacet
  facet normal -0.7518398074789853 0.6593458151000597 0
    outer loop
      vertex 97.48492424049175 105.51507575950825 4
      vertex 97.66604201461159 105.72160099908169 4
      vertex 97.66604201461159 105.72160099908169 0
    endloop
  endfacet
  facet normal -0.8314696123025479 0.5555702330195983 0
    outer loop
      vertex 97.66604201461159 105.72160099908169 4
      vertex 97.81865334794732 105.95 4
      vertex 97.81865334794732 105.95 0
    endloop
  endfacet
  facet normal -0.8968727415326742 0.44228869021902983 0
    outer loop
      vertex 97.81865334794732 105.95 4
      vertex 97.9401470182737 106.19636479203331 4
      vertex 97.9401470182737 106.19636479203331 0
    endloop
  endfacet
  facet normal -0.946930129495106 0.3214394653031609 0
    outer loop
      vertex 97.9401470182737 106.19636479203331 4
      vertex 98.02844423520705 106.4564800052847 4
      vertex 98.02844423520705 106.4564800052847 0
    endloop
  endfacet
  facet normal -0.9807852804032301 0.19509032201613022 0
    outer loop
      vertex 98.02844423520705 106.4564800052847 4
      vertex 98.082034208885 106.72589499633789 4
      vertex 98.082034208885 106.72589499633789 0
    endloop
  endfacet
  facet normal -0.9978589232386058 0.06540312923010795 0
    outer loop
      vertex 98.082034208885 106.72589499633789 4
      vertex 98.1 107 4
      vertex 98.1 107 0
    endloop
  endfacet
  facet normal -0.9978589232386058 -0.06540312923010795 0
    outer loop
      vertex 98.1 107 4
      vertex 98.082034208885 107.27410500366211 4
      vertex 98.082034208885 107.27410500366211 0
    endloop
  endfacet
  facet normal -0.9807852804032301 -0.19509032201613022 0
    outer loop
      vertex 98.082034208885 107.27410500366211 4
      vertex 98.02844423520705 107.5435199947153 4
      vertex 98.02844423520705 107.5435199947153 0
    endloop
  endfacet
  facet normal -0.5555702330195983 -0.8314696123025479 0
    outer loop
      vertex 97.05 108.81865334794732 4
      vertex 97.05 108.81865334794732 0
      vertex 97.27839900091831 108.66604201461159 4
    endloop
  endfacet
  facet normal -0.6593458151000597 -0.7518398074789853 0
    outer loop
      vertex 97.27839900091831 108.66604201461159 4
      vertex 97.27839900091831 108.66604201461159 0
      vertex 97.48492424049175 108.48492424049175 4
    endloop
  endfacet
  facet normal -0.7518398074789853 -0.6593458151000597 0
    outer loop
      vertex 97.66604201461159 108.27839900091831 4
      vertex 97.48492424049175 108.48492424049175 4
      vertex 97.48492424049175 108.48492424049175 0
    endloop
  endfacet
  facet normal -0.8968727415326742 -0.44228869021902983 0
    outer loop
      vertex 97.9401470182737 107.80363520796669 4
      vertex 97.81865334794732 108.05 4
      vertex 97.81865334794732 108.05 0
    endloop
  endfacet
  facet normal -0.8314696123025479 -0.5555702330195983 0
    outer loop
      vertex 97.81865334794732 108.05 4
      vertex 97.66604201461159 108.27839900091831 4
      vertex 97.66604201461159 108.27839900091831 0
    endloop
  endfacet
  facet normal -0.946930129495106 -0.3214394653031609 0
    outer loop
      vertex 98.02844423520705 107.5435199947153 4
      vertex 97.9401470182737 107.80363520796669 4
      vertex 97.9401470182737 107.80363520796669 0
    endloop
  endfacet
  facet normal 0 0 1
    outer loop
      vertex 87 110 4
      vertex 94.95 105.18134665205268 4
      vertex 94.72160099908169 105.33395798538841 4
    endloop
  endfacet
  facet normal 0 0 1
    outer loop
      vertex 87 110 4
      vertex 94.51507575950825 105.51507575950825 4
      vertex 94.33395798538841 105.72160099908169 4
    endloop
  endfacet
  facet normal 0 0 1
    outer loop
      vertex 87 110 4
      vertex 94.33395798538841 105.72160099908169 4
      vertex 94.18134665205268 105.95 4
    endloop
  endfacet
  facet normal 0 0 1
    outer loop
      vertex 87 110 4
      vertex 94.72160099908169 105.33395798538841 4
      vertex 94.51507575950825 105.51507575950825 4
    endloop
  endfacet
  facet normal 0 0 1
    outer loop
      vertex 96 103.5 4
      vertex 94.95 105.18134665205268 4
      vertex 87 110 4
    endloop
  endfacet
  facet normal 0 0 1
    outer loop
      vertex 87 110 4
      vertex 94.18134665205268 108.05 4
      vertex 94.33395798538841 108.27839900091831 4
    endloop
  endfacet
  facet normal 0 0 1
    outer loop
      vertex 87 110 4
      vertex 94.33395798538841 108.27839900091831 4
      vertex 94.51507575950825 108.48492424049175 4
    endloop
  endfacet
  facet normal 0 0 1
    outer loop
      vertex 87 110 4
      vertex 94.51507575950825 108.48492424049175 4
      vertex 94.72160099908169 108.66604201461159 4
    endloop
  endfacet
  facet normal 0 0 1
    outer loop
      vertex 87 110 4
      vertex 94.72160099908169 108.66604201461159 4
      vertex 94.95 108.81865334794732 4
    endloop
  endfacet
  facet normal 0 0 1
    outer loop
      vertex 87 110 4
      vertex 94.95 108.81865334794732 4
      vertex 95.19636479203331 108.9401470182737 4
    endloop
  endfacet
  facet normal 0 0 1
    outer loop
      vertex 87 110 4
      vertex 95.19636479203331 108.9401470182737 4
      vertex 95.4564800052847 109.02844423520705 4
    endloop
  endfacet
  facet normal 0 0 1
    outer loop
      vertex 87 110 4
      vertex 95.4564800052847 109.02844423520705 4
      vertex 95.72589499633789 109.082034208885 4
    endloop
  endfacet
  facet normal 0 0 1
    outer loop
      vertex 87 110 4
      vertex 95.72589499633789 109.082034208885 4
      vertex 96 110.5 4
    endloop
  endfacet
  facet normal 0 0 1
    outer loop
      vertex 96 110.5 4
      vertex 95.72589499633789 109.082034208885 4
      vertex 96 109.1 4
    endloop
  endfacet
  facet normal 0 0 1
    outer loop
      vertex 96 110.5 4
      vertex 96 109.1 4
      vertex 96.27410500366211 109.082034208885 4
    endloop
  endfacet
  facet normal 0 0 1
    outer loop
      vertex 96 110.5 4
      vertex 96.27410500366211 109.082034208885 4
      vertex 96.5435199947153 109.02844423520705 4
    endloop
  endfacet
  facet normal 0 -1 0
    outer loop
      vertex 87 104 4
      vertex 87 104 7.4
      vertex 84 104 7.4
    endloop
  endfacet
  facet normal -1 0 0
    outer loop
      vertex 84 104 4
      vertex 84 104 7.4
      vertex 84 110 7.4
    endloop
  endfacet
  facet normal 0 1 0
    outer loop
      vertex 84 110 4
      vertex 84 110 7.4
      vertex 87 110 7.4
    endloop
  endfacet
  facet normal 1 0 0
    outer loop
      vertex 87 104 7.4
      vertex 87 110 4
      vertex 87 110 7.4
    endloop
  endfacet
  facet normal 0 0 1
    outer loop
      vertex 84 104 7.4
      vertex 87 104 7.4
      vertex 84 110 7.4
    endloop
  endfacet
  facet normal 0 0 1
    outer loop
      vertex 87 104 7.4
      vertex 87 110 7.4
      vertex 84 110 7.4
    endloop
  endfacet
  facet normal 0 -1 0
    outer loop
      vertex 96 103.5 4
      vertex 117.9 103.5 0
      vertex 117.9 103.5 4
    endloop
  endfacet
  facet normal 0 0 1
    outer loop
      vertex 96 103.5 4
      vertex 117.9 103.5 4
      vertex 96.27410500366211 104.917965791115 4
    endloop
  endfacet
  facet normal 0 0 1
    outer loop
      vertex 117.9 103.5 4
      vertex 96.5435199947153 104.97155576479295 4
      vertex 96.27410500366211 104.917965791115 4
    endloop
  endfacet
  facet normal 0 0 1
    outer loop
      vertex 117.9 103.5 4
      vertex 96.80363520796669 105.0598529817263 4
      vertex 96.5435199947153 104.97155576479295 4
    endloop
  endfacet
  facet normal 0 0 1
    outer loop
      vertex 117.9 103.5 4
      vertex 97.05 105.18134665205268 4
      vertex 96.80363520796669 105.0598529817263 4
    endloop
  endfacet
  facet normal 0 0 1
    outer loop
      vertex 117.9 103.5 4
      vertex 97.27839900091831 105.33395798538841 4
      vertex 97.05 105.18134665205268 4
    endloop
  endfacet
  facet normal 0 1 0
    outer loop
      vertex 96 110.5 0
      vertex 96 110.5 4
      vertex 117.9 110.5 4
    endloop
  endfacet
  facet normal 0 0 1
    outer loop
      vertex 117.9 103.5 4
      vertex 97.48492424049175 105.51507575950825 4
      vertex 97.27839900091831 105.33395798538841 4
    endloop
  endfacet
  facet normal 0 0 1
    outer loop
      vertex 117.9 103.5 4
      vertex 97.66604201461159 105.72160099908169 4
      vertex 97.48492424049175 105.51507575950825 4
    endloop
  endfacet
  facet normal 0 0 1
    outer loop
      vertex 117.9 103.5 4
      vertex 97.81865334794732 105.95 4
      vertex 97.66604201461159 105.72160099908169 4
    endloop
  endfacet
  facet normal 0 0 1
    outer loop
      vertex 117.9 103.5 4
      vertex 97.9401470182737 106.19636479203331 4
      vertex 97.81865334794732 105.95 4
    endloop
  endfacet
  facet normal 0 0 1
    outer loop
      vertex 117.9 103.5 4
      vertex 96.5435199947153 109.02844423520705 4
      vertex 96.80363520796669 108.9401470182737 4
    endloop
  endfacet
  facet normal 0 0 1
    outer loop
      vertex 117.9 103.5 4
      vertex 96.80363520796669 108.9401470182737 4
      vertex 97.05 108.81865334794732 4
    endloop
  endfacet
  facet normal 0 0 1
    outer loop
      vertex 117.9 103.5 4
      vertex 97.27839900091831 108.66604201461159 4
      vertex 97.48492424049175 108.48492424049175 4
    endloop
  endfacet
  facet normal 0 0 1
    outer loop
      vertex 117.9 103.5 4
      vertex 97.81865334794732 108.05 4
      vertex 97.9401470182737 107.80363520796669 4
    endloop
  endfacet
  facet normal 0 0 1
    outer loop
      vertex 117.9 103.5 4
      vertex 97.48492424049175 108.48492424049175 4
      vertex 97.66604201461159 108.27839900091831 4
    endloop
  endfacet
  facet normal 0 0 1
    outer loop
      vertex 117.9 103.5 4
      vertex 97.66604201461159 108.27839900091831 4
      vertex 97.81865334794732 108.05 4
    endloop
  endfacet
  facet normal 0 0 1
    outer loop
      vertex 117.9 103.5 4
      vertex 97.05 108.81865334794732 4
      vertex 97.27839900091831 108.66604201461159 4
    endloop
  endfacet
  facet normal 0 0 1
    outer loop
      vertex 96 110.5 4
      vertex 96.5435199947153 109.02844423520705 4
      vertex 117.9 103.5 4
    endloop
  endfacet
  facet normal 0 0 1
    outer loop
      vertex 117.9 103.5 4
      vertex 98.02844423520705 106.4564800052847 4
      vertex 97.9401470182737 106.19636479203331 4
    endloop
  endfacet
  facet normal 0 0 1
    outer loop
      vertex 117.9 103.5 4
      vertex 98.082034208885 106.72589499633789 4
      vertex 98.02844423520705 106.4564800052847 4
    endloop
  endfacet
  facet normal 0 0 1
    outer loop
      vertex 117.9 103.5 4
      vertex 98.1 107 4
      vertex 98.082034208885 106.72589499633789 4
    endloop
  endfacet
  facet normal 0 0 1
    outer loop
      vertex 117.9 103.5 4
      vertex 98.082034208885 107.27410500366211 4
      vertex 98.1 107 4
    endloop
  endfacet
  facet normal 0 0 1
    outer loop
      vertex 117.9 103.5 4
      vertex 98.02844423520705 107.5435199947153 4
      vertex 98.082034208885 107.27410500366211 4
    endloop
  endfacet
  facet normal 0 0 1
    outer loop
      vertex 117.9 103.5 4
      vertex 97.9401470182737 107.80363520796669 4
      vertex 98.02844423520705 107.5435199947153 4
    endloop
  endfacet
  facet normal 0 0 1
    outer loop
      vertex 96 110.5 4
      vertex 117.9 103.5 4
      vertex 117.9 110.5 4
    endloop
  endfacet
  facet normal -1 0 0
    outer loop
      vertex 117.9 100 0
      vertex 117.9 100 8
      vertex 117.9 103.5 0
    endloop
  endfacet
  facet normal 0 -1 0
    outer loop
      vertex 117.9 100 0
      vertex 121.9 100 0
      vertex 121.9 100 8
    endloop
  endfacet
  facet normal 1 0 0
    outer loop
      vertex 121.9 100 0
      vertex 121.9 114 0
      vertex 121.9 100 8
    endloop
  endfacet
  facet normal -1 0 0
    outer loop
      vertex 117.9 103.5 0
      vertex 117.9 100 8
      vertex 117.9 103.5 4
    endloop
  endfacet
  facet normal 0 1 0
    outer loop
      vertex 117.9 114 0
      vertex 117.9 114 8
      vertex 121.9 114 0
    endloop
  endfacet
  facet normal -1 0 0
    outer loop
      vertex 117.9 114 0
      vertex 117.9 110.5 4
      vertex 117.9 114 8
    endloop
  endfacet
  facet normal 0 -1 0
    outer loop
      vertex 117.9 100 0
      vertex 121.9 100 8
      vertex 117.9 100 8
    endloop
  endfacet
  facet normal -1 0 0
    outer loop
      vertex 117.9 103.5 4
      vertex 117.9 114 8
      vertex 117.9 110.5 4
    endloop
  endfacet
  facet normal 1 0 0
    outer loop
      vertex 121.9 100 8
      vertex 121.9 114 0
      vertex 121.9 114 8
    endloop
  endfacet
  facet normal 0 1 0
    outer loop
      vertex 121.9 114 0
      vertex 117.9 114 8
      vertex 121.9 114 8
    endloop
  endfacet
  facet normal -1 0 0
    outer loop
      vertex 117.9 100 8
      vertex 117.9 114 8
      vertex 117.9 103.5 4
    endloop
  endfacet
  facet normal 0 0 -1
    outer loop
      vertex 138.5 99 -3
      vertex 140.03061224489795 104.61224489795919 -3
      vertex 141.5 104 -3
    endloop
  endfacet
  facet normal 0 0 -1
    outer loop
      vertex 138.5 99 -3
      vertex 138.5 110 -3
      vertex 140.03061224489795 104.61224489795919 -3
    endloop
  endfacet
  facet normal 0 0 -1
    outer loop
      vertex 138.5 99 -3
      vertex 141.5 104 -3
      vertex 141.5 99 -3
    endloop
  endfacet
  facet normal 0 0 -1
    outer loop
      vertex 141.5 104 -3
      vertex 140.03061224489795 104.61224489795919 -3
      vertex 141.5 105.2 -3
    endloop
  endfacet
  facet normal -1 0 0
    outer loop
      vertex 138.5 99 -3
      vertex 138.5 106.225 -1.34233937586588
      vertex 138.5 106.4068406798341 -1.4320132753924946
    endloop
  endfacet
  facet normal -1 0 0
    outer loop
      vertex 138.5 99 -3
      vertex 138.5 106.05641978503648 -1.2296976774514146
      vertex 138.5 106.225 -1.34233937586588
    endloop
  endfacet
  facet normal -1 0 0
    outer loop
      vertex 138.5 99 -3
      vertex 138.5 105.90398448916085 -1.0960155108391487
      vertex 138.5 106.05641978503648 -1.2296976774514146
    endloop
  endfacet
  facet normal -1 0 0
    outer loop
      vertex 138.5 99 -3
      vertex 138.5 105.77030232254859 -0.9435802149635171
      vertex 138.5 105.90398448916085 -1.0960155108391487
    endloop
  endfacet
  facet normal -1 0 0
    outer loop
      vertex 138.5 99 -3
      vertex 138.5 105.65766062413412 -0.775
      vertex 138.5 105.77030232254859 -0.9435802149635171
    endloop
  endfacet
  facet normal -1 0 0
    outer loop
      vertex 138.5 99 -3
      vertex 138.5 105.56798672460751 -0.5931593201658891
      vertex 138.5 105.65766062413412 -0.775
    endloop
  endfacet
  facet normal -1 0 0
    outer loop
      vertex 138.5 99 -3
      vertex 138.5 105.50281496925194 -0.40116951990890715
      vertex 138.5 105.56798672460751 -0.5931593201658891
    endloop
  endfacet
  facet normal -1 0 0
    outer loop
      vertex 138.5 99 -3
      vertex 138.5 105.4632604648706 -0.20231559794107995
      vertex 138.5 105.50281496925194 -0.40116951990890715
    endloop
  endfacet
  facet normal -1 0 0
    outer loop
      vertex 138.5 99 -3
      vertex 138.5 105.45 0
      vertex 138.5 105.4632604648706 -0.20231559794107995
    endloop
  endfacet
  facet normal 0 -1 0
    outer loop
      vertex 138.5 99 -3
      vertex 141.5 99 -3
      vertex 141.5 99 3
    endloop
  endfacet
  facet normal 1 0 0
    outer loop
      vertex 141.5 99 -3
      vertex 141.5 104 -3
      vertex 141.5 99 3
    endloop
  endfacet
  facet normal 0 -1 0
    outer loop
      vertex 141.5 104 -3
      vertex 142.2 104 -2.75
      vertex 142.2 104 2.75
    endloop
  endfacet
  facet normal -1 0 0
    outer loop
      vertex 138.5 99 -3
      vertex 138.5 105.4632604648706 0.20231559794107995
      vertex 138.5 105.45 0
    endloop
  endfacet
  facet normal -1 0 0
    outer loop
      vertex 138.5 99 -3
      vertex 138.5 105.50281496925194 0.40116951990890715
      vertex 138.5 105.4632604648706 0.20231559794107995
    endloop
  endfacet
  facet normal -1 0 0
    outer loop
      vertex 138.5 99 -3
      vertex 138.5 106.4068406798341 -1.4320132753924946
      vertex 138.5 110 -3
    endloop
  endfacet
  facet normal 0 0 -1
    outer loop
      vertex 140.03061224489795 104.61224489795919 -3
      vertex 138.5 110 -3
      vertex 141.5 110 -3
    endloop
  endfacet
  facet normal 0 0 -1
    outer loop
      vertex 140.03061224489795 104.61224489795919 -3
      vertex 141.5 110 -3
      vertex 141.5 105.2 -3
    endloop
  endfacet
  facet normal 1 0 0
    outer loop
      vertex 142.2 106.5988304800911 -1.4971850307480559
      vertex 142.2 104 -2.75
      vertex 142.2 110 -2.75
    endloop
  endfacet
  facet normal -1 0 0
    outer loop
      vertex 138.5 110 -3
      vertex 138.5 106.79768440205892 -1.5367395351294062
      vertex 138.5 107 -1.55
    endloop
  endfacet
  facet normal -1 0 0
    outer loop
      vertex 138.5 110 -3
      vertex 138.5 106.5988304800911 -1.4971850307480559
      vertex 138.5 106.79768440205892 -1.5367395351294062
    endloop
  endfacet
  facet normal -1 0 0
    outer loop
      vertex 138.5 110 -3
      vertex 138.5 106.4068406798341 -1.4320132753924946
      vertex 138.5 106.5988304800911 -1.4971850307480559
    endloop
  endfacet
  facet normal -1 0 0
    outer loop
      vertex 138.5 110 -3
      vertex 138.5 107 -1.55
      vertex 138.5 107.20231559794108 -1.5367395351294062
    endloop
  endfacet
  facet normal -1 0 0
    outer loop
      vertex 138.5 110 -3
      vertex 138.5 107.20231559794108 -1.5367395351294062
      vertex 138.5 107.4011695199089 -1.4971850307480559
    endloop
  endfacet
  facet normal -1 0 0
    outer loop
      vertex 138.5 110 -3
      vertex 138.5 107.4011695199089 -1.4971850307480559
      vertex 138.5 107.5931593201659 -1.4320132753924946
    endloop
  endfacet
  facet normal -1 0 0
    outer loop
      vertex 138.5 110 -3
      vertex 138.5 107.5931593201659 -1.4320132753924946
      vertex 138.5 107.775 -1.34233937586588
    endloop
  endfacet
  facet normal -1 0 0
    outer loop
      vertex 138.5 110 -3
      vertex 138.5 107.775 -1.34233937586588
      vertex 138.5 107.94358021496352 -1.2296976774514146
    endloop
  endfacet
  facet normal -1 0 0
    outer loop
      vertex 138.5 110 -3
      vertex 138.5 107.94358021496352 -1.2296976774514146
      vertex 138.5 108.09601551083915 -1.0960155108391487
    endloop
  endfacet
  facet normal -1 0 0
    outer loop
      vertex 138.5 110 -3
      vertex 138.5 108.09601551083915 -1.0960155108391487
      vertex 138.5 108.22969767745141 -0.9435802149635171
    endloop
  endfacet
  facet normal 1 0 0
    outer loop
      vertex 142.2 106.4068406798341 -1.4320132753924946
      vertex 142.2 104 -2.75
      vertex 142.2 106.5988304800911 -1.4971850307480559
    endloop
  endfacet
  facet normal 1 0 0
    outer loop
      vertex 142.2 106.4068406798341 -1.4320132753924946
      vertex 142.2 106.225 -1.34233937586588
      vertex 142.2 104 -2.75
    endloop
  endfacet
  facet normal 1 0 0
    outer loop
      vertex 142.2 106.05641978503648 -1.2296976774514146
      vertex 142.2 104 -2.75
      vertex 142.2 106.225 -1.34233937586588
    endloop
  endfacet
  facet normal 1 0 0
    outer loop
      vertex 142.2 105.90398448916085 -1.0960155108391487
      vertex 142.2 104 -2.75
      vertex 142.2 106.05641978503648 -1.2296976774514146
    endloop
  endfacet
  facet normal 1 0 0
    outer loop
      vertex 142.2 106.79768440205892 -1.5367395351294062
      vertex 142.2 110 -2.75
      vertex 142.2 107 -1.55
    endloop
  endfacet
  facet normal 1 0 0
    outer loop
      vertex 142.2 106.5988304800911 -1.4971850307480559
      vertex 142.2 110 -2.75
      vertex 142.2 106.79768440205892 -1.5367395351294062
    endloop
  endfacet
  facet normal 1 0 0
    outer loop
      vertex 142.2 107 -1.55
      vertex 142.2 110 -2.75
      vertex 142.2 107.20231559794108 -1.5367395351294062
    endloop
  endfacet
  facet normal 1 0 0
    outer loop
      vertex 142.2 107.20231559794108 -1.5367395351294062
      vertex 142.2 110 -2.75
      vertex 142.2 107.4011695199089 -1.4971850307480559
    endloop
  endfacet
  facet normal 1 0 0
    outer loop
      vertex 142.2 107.4011695199089 -1.4971850307480559
      vertex 142.2 110 -2.75
      vertex 142.2 107.5931593201659 -1.4320132753924946
    endloop
  endfacet
  facet normal 1 0 0
    outer loop
      vertex 142.2 107.5931593201659 -1.4320132753924946
      vertex 142.2 110 -2.75
      vertex 142.2 107.775 -1.34233937586588
    endloop
  endfacet
  facet normal 1 0 0
    outer loop
      vertex 142.2 107.775 -1.34233937586588
      vertex 142.2 110 -2.75
      vertex 142.2 107.94358021496352 -1.2296976774514146
    endloop
  endfacet
  facet normal 1 0 0
    outer loop
      vertex 142.2 107.94358021496352 -1.2296976774514146
      vertex 142.2 110 -2.75
      vertex 142.2 108.09601551083915 -1.0960155108391487
    endloop
  endfacet
  facet normal 0 0.19509032201613102 0.9807852804032299
    outer loop
      vertex 142.2 106.5988304800911 -1.4971850307480559
      vertex 138.5 106.79768440205892 -1.5367395351294062
      vertex 138.5 106.5988304800911 -1.4971850307480559
    endloop
  endfacet
  facet normal 0 0.06540312923014291 0.9978589232386035
    outer loop
      vertex 142.2 106.79768440205892 -1.5367395351294062
      vertex 138.5 107 -1.55
      vertex 138.5 106.79768440205892 -1.5367395351294062
    endloop
  endfacet
  facet normal 0 -0.06540312923014291 0.9978589232386035
    outer loop
      vertex 142.2 107 -1.55
      vertex 138.5 107.20231559794108 -1.5367395351294062
      vertex 138.5 107 -1.55
    endloop
  endfacet
  facet normal 0 -0.19509032201613102 0.9807852804032299
    outer loop
      vertex 142.2 107.20231559794108 -1.5367395351294062
      vertex 138.5 107.4011695199089 -1.4971850307480559
      vertex 138.5 107.20231559794108 -1.5367395351294062
    endloop
  endfacet
  facet normal 0 -0.32143946530314793 0.9469301294951104
    outer loop
      vertex 142.2 107.4011695199089 -1.4971850307480559
      vertex 138.5 107.5931593201659 -1.4320132753924946
      vertex 138.5 107.4011695199089 -1.4971850307480559
    endloop
  endfacet
  facet normal 0 0.32143946530314793 0.9469301294951104
    outer loop
      vertex 142.2 106.4068406798341 -1.4320132753924946
      vertex 138.5 106.5988304800911 -1.4971850307480559
      vertex 138.5 106.4068406798341 -1.4320132753924946
    endloop
  endfacet
  facet normal 0 0.44228869021900297 0.8968727415326874
    outer loop
      vertex 142.2 106.225 -1.34233937586588
      vertex 138.5 106.4068406798341 -1.4320132753924946
      vertex 138.5 106.225 -1.34233937586588
    endloop
  endfacet
  facet normal 0 0.5555702330196128 0.8314696123025381
    outer loop
      vertex 142.2 106.05641978503648 -1.2296976774514146
      vertex 138.5 106.225 -1.34233937586588
      vertex 138.5 106.05641978503648 -1.2296976774514146
    endloop
  endfacet
  facet normal 0 0.6593458151000634 0.751839807478982
    outer loop
      vertex 142.2 105.90398448916085 -1.0960155108391487
      vertex 138.5 106.05641978503648 -1.2296976774514146
      vertex 138.5 105.90398448916085 -1.0960155108391487
    endloop
  endfacet
  facet normal 0 0.7518398074789909 0.6593458151000534
    outer loop
      vertex 142.2 105.77030232254859 -0.9435802149635171
      vertex 138.5 105.90398448916085 -1.0960155108391487
      vertex 138.5 105.77030232254859 -0.9435802149635171
    endloop
  endfacet
  facet normal -1 0 0
    outer loop
      vertex 138.5 110 -3
      vertex 138.5 108.22969767745141 -0.9435802149635171
      vertex 138.5 108.34233937586588 -0.775
    endloop
  endfacet
  facet normal -1 0 0
    outer loop
      vertex 138.5 110 -3
      vertex 138.5 108.34233937586588 -0.775
      vertex 138.5 108.43201327539249 -0.5931593201658891
    endloop
  endfacet
  facet normal -1 0 0
    outer loop
      vertex 138.5 110 -3
      vertex 138.5 108.43201327539249 -0.5931593201658891
      vertex 138.5 108.49718503074806 -0.40116951990890715
    endloop
  endfacet
  facet normal 0 -0.44228869021900297 0.8968727415326874
    outer loop
      vertex 142.2 107.5931593201659 -1.4320132753924946
      vertex 138.5 107.775 -1.34233937586588
      vertex 138.5 107.5931593201659 -1.4320132753924946
    endloop
  endfacet
  facet normal 0 -0.5555702330196128 0.8314696123025381
    outer loop
      vertex 142.2 107.775 -1.34233937586588
      vertex 138.5 107.94358021496352 -1.2296976774514146
      vertex 138.5 107.775 -1.34233937586588
    endloop
  endfacet
  facet normal -1 0 0
    outer loop
      vertex 138.5 110 -3
      vertex 138.5 108.49718503074806 -0.40116951990890715
      vertex 138.5 108.5367395351294 -0.20231559794107995
    endloop
  endfacet
  facet normal -1 0 0
    outer loop
      vertex 138.5 110 -3
      vertex 138.5 108.5367395351294 -0.20231559794107995
      vertex 138.5 108.55 0
    endloop
  endfacet
  facet normal 0 -0.6593458151000634 0.751839807478982
    outer loop
      vertex 142.2 107.94358021496352 -1.2296976774514146
      vertex 138.5 108.09601551083915 -1.0960155108391487
      vertex 138.5 107.94358021496352 -1.2296976774514146
    endloop
  endfacet
  facet normal 0 -0.7518398074789909 0.6593458151000534
    outer loop
      vertex 142.2 108.09601551083915 -1.0960155108391487
      vertex 138.5 108.22969767745141 -0.9435802149635171
      vertex 138.5 108.09601551083915 -1.0960155108391487
    endloop
  endfacet
  facet normal 0 1 0
    outer loop
      vertex 138.5 110 -3
      vertex 138.5 110 3
      vertex 141.5 110 -3
    endloop
  endfacet
  facet normal 0 0.5555702330196128 0.8314696123025381
    outer loop
      vertex 142.2 106.05641978503648 -1.2296976774514146
      vertex 142.2 106.225 -1.34233937586588
      vertex 138.5 106.225 -1.34233937586588
    endloop
  endfacet
  facet normal 0 0.32143946530314793 0.9469301294951104
    outer loop
      vertex 142.2 106.4068406798341 -1.4320132753924946
      vertex 142.2 106.5988304800911 -1.4971850307480559
      vertex 138.5 106.5988304800911 -1.4971850307480559
    endloop
  endfacet
  facet normal 0 0.19509032201613102 0.9807852804032299
    outer loop
      vertex 142.2 106.5988304800911 -1.4971850307480559
      vertex 142.2 106.79768440205892 -1.5367395351294062
      vertex 138.5 106.79768440205892 -1.5367395351294062
    endloop
  endfacet
  facet normal 0 0.06540312923014291 0.9978589232386035
    outer loop
      vertex 142.2 106.79768440205892 -1.5367395351294062
      vertex 142.2 107 -1.55
      vertex 138.5 107 -1.55
    endloop
  endfacet
  facet normal 0 -0.06540312923014291 0.9978589232386035
    outer loop
      vertex 142.2 107 -1.55
      vertex 142.2 107.20231559794108 -1.5367395351294062
      vertex 138.5 107.20231559794108 -1.5367395351294062
    endloop
  endfacet
  facet normal 0 -0.19509032201613102 0.9807852804032299
    outer loop
      vertex 142.2 107.20231559794108 -1.5367395351294062
      vertex 142.2 107.4011695199089 -1.4971850307480559
      vertex 138.5 107.4011695199089 -1.4971850307480559
    endloop
  endfacet
  facet normal 0 0.44228869021900297 0.8968727415326874
    outer loop
      vertex 142.2 106.4068406798341 -1.4320132753924946
      vertex 138.5 106.4068406798341 -1.4320132753924946
      vertex 142.2 106.225 -1.34233937586588
    endloop
  endfacet
  facet normal 0 -0.32143946530314793 0.9469301294951104
    outer loop
      vertex 142.2 107.4011695199089 -1.4971850307480559
      vertex 142.2 107.5931593201659 -1.4320132753924946
      vertex 138.5 107.5931593201659 -1.4320132753924946
    endloop
  endfacet
  facet normal 1 0 0
    outer loop
      vertex 142.2 105.77030232254859 -0.9435802149635171
      vertex 142.2 104 -2.75
      vertex 142.2 105.90398448916085 -1.0960155108391487
    endloop
  endfacet
  facet normal 1 0 0
    outer loop
      vertex 142.2 105.77030232254859 -0.9435802149635171
      vertex 142.2 105.65766062413412 -0.775
      vertex 142.2 104 -2.75
    endloop
  endfacet
  facet normal 1 0 0
    outer loop
      vertex 142.2 105.65766062413412 -0.775
      vertex 142.2 105.56798672460751 -0.5931593201658891
      vertex 142.2 104 -2.75
    endloop
  endfacet
  facet normal 0 0.6593458151000634 0.751839807478982
    outer loop
      vertex 142.2 105.90398448916085 -1.0960155108391487
      vertex 142.2 106.05641978503648 -1.2296976774514146
      vertex 138.5 106.05641978503648 -1.2296976774514146
    endloop
  endfacet
  facet normal 0 0.7518398074789909 0.6593458151000534
    outer loop
      vertex 142.2 105.77030232254859 -0.9435802149635171
      vertex 142.2 105.90398448916085 -1.0960155108391487
      vertex 138.5 105.90398448916085 -1.0960155108391487
    endloop
  endfacet
  facet normal 0 -0.44228869021900297 0.8968727415326874
    outer loop
      vertex 142.2 107.5931593201659 -1.4320132753924946
      vertex 142.2 107.775 -1.34233937586588
      vertex 138.5 107.775 -1.34233937586588
    endloop
  endfacet
  facet normal 1 0 0
    outer loop
      vertex 142.2 108.09601551083915 -1.0960155108391487
      vertex 142.2 110 -2.75
      vertex 142.2 108.22969767745141 -0.9435802149635171
    endloop
  endfacet
  facet normal 1 0 0
    outer loop
      vertex 142.2 108.22969767745141 -0.9435802149635171
      vertex 142.2 110 -2.75
      vertex 142.2 108.34233937586588 -0.775
    endloop
  endfacet
  facet normal 1 0 0
    outer loop
      vertex 142.2 108.34233937586588 -0.775
      vertex 142.2 110 -2.75
      vertex 142.2 108.43201327539249 -0.5931593201658891
    endloop
  endfacet
  facet normal 0 -0.5555702330196128 0.8314696123025381
    outer loop
      vertex 142.2 107.775 -1.34233937586588
      vertex 142.2 107.94358021496352 -1.2296976774514146
      vertex 138.5 107.94358021496352 -1.2296976774514146
    endloop
  endfacet
  facet normal 0 -0.6593458151000634 0.751839807478982
    outer loop
      vertex 142.2 107.94358021496352 -1.2296976774514146
      vertex 142.2 108.09601551083915 -1.0960155108391487
      vertex 138.5 108.09601551083915 -1.0960155108391487
    endloop
  endfacet
  facet normal 0 -0.7518398074789909 0.6593458151000534
    outer loop
      vertex 142.2 108.09601551083915 -1.0960155108391487
      vertex 142.2 108.22969767745141 -0.9435802149635171
      vertex 138.5 108.22969767745141 -0.9435802149635171
    endloop
  endfacet
  facet normal 1 0 0
    outer loop
      vertex 142.2 108.43201327539249 -0.5931593201658891
      vertex 142.2 110 -2.75
      vertex 142.2 108.49718503074806 -0.40116951990890715
    endloop
  endfacet
  facet normal 1 0 0
    outer loop
      vertex 142.2 108.49718503074806 -0.40116951990890715
      vertex 142.2 110 -2.75
      vertex 142.2 108.5367395351294 -0.20231559794107995
    endloop
  endfacet
  facet normal 1 0 0
    outer loop
      vertex 142.2 108.5367395351294 -0.20231559794107995
      vertex 142.2 110 -2.75
      vertex 142.2 108.55 0
    endloop
  endfacet
  facet normal 0 1 0
    outer loop
      vertex 141.5 110 -3
      vertex 142.2 110 2.75
      vertex 142.2 110 -2.75
    endloop
  endfacet
  facet normal 0 0.8314696123025485 0.5555702330195974
    outer loop
      vertex 142.2 105.65766062413412 -0.775
      vertex 138.5 105.77030232254859 -0.9435802149635171
      vertex 138.5 105.65766062413412 -0.775
    endloop
  endfacet
  facet normal 0 0.8968727415326851 0.44228869021900763
    outer loop
      vertex 142.2 105.56798672460751 -0.5931593201658891
      vertex 138.5 105.65766062413412 -0.775
      vertex 138.5 105.56798672460751 -0.5931593201658891
    endloop
  endfacet
  facet normal 0 0.9469301294951014 0.321439465303174
    outer loop
      vertex 142.2 105.50281496925194 -0.40116951990890715
      vertex 138.5 105.56798672460751 -0.5931593201658891
      vertex 138.5 105.50281496925194 -0.40116951990890715
    endloop
  endfacet
  facet normal 0 0.9807852804032375 0.19509032201609264
    outer loop
      vertex 142.2 105.4632604648706 -0.20231559794107995
      vertex 138.5 105.50281496925194 -0.40116951990890715
      vertex 138.5 105.4632604648706 -0.20231559794107995
    endloop
  endfacet
  facet normal -1 0 0
    outer loop
      vertex 138.5 110 -3
      vertex 138.5 108.55 0
      vertex 138.5 108.5367395351294 0.20231559794107995
    endloop
  endfacet
  facet normal -1 0 0
    outer loop
      vertex 138.5 110 -3
      vertex 138.5 108.5367395351294 0.20231559794107995
      vertex 138.5 108.49718503074806 0.40116951990890715
    endloop
  endfacet
  facet normal 0 -0.8314696123025485 0.5555702330195974
    outer loop
      vertex 142.2 108.22969767745141 -0.9435802149635171
      vertex 138.5 108.34233937586588 -0.775
      vertex 138.5 108.22969767745141 -0.9435802149635171
    endloop
  endfacet
  facet normal 0 -0.8968727415326851 0.44228869021900763
    outer loop
      vertex 142.2 108.34233937586588 -0.775
      vertex 138.5 108.43201327539249 -0.5931593201658891
      vertex 138.5 108.34233937586588 -0.775
    endloop
  endfacet
  facet normal 0 -0.9469301294951014 0.321439465303174
    outer loop
      vertex 142.2 108.43201327539249 -0.5931593201658891
      vertex 138.5 108.49718503074806 -0.40116951990890715
      vertex 138.5 108.43201327539249 -0.5931593201658891
    endloop
  endfacet
  facet normal 0 -0.9807852804032375 0.19509032201609264
    outer loop
      vertex 142.2 108.49718503074806 -0.40116951990890715
      vertex 138.5 108.5367395351294 -0.20231559794107995
      vertex 138.5 108.49718503074806 -0.40116951990890715
    endloop
  endfacet
  facet normal 0 0.8314696123025485 0.5555702330195974
    outer loop
      vertex 142.2 105.77030232254859 -0.9435802149635171
      vertex 138.5 105.77030232254859 -0.9435802149635171
      vertex 142.2 105.65766062413412 -0.775
    endloop
  endfacet
  facet normal 0 0.8968727415326851 0.44228869021900763
    outer loop
      vertex 142.2 105.65766062413412 -0.775
      vertex 138.5 105.65766062413412 -0.775
      vertex 142.2 105.56798672460751 -0.5931593201658891
    endloop
  endfacet
  facet normal 0 0.9469301294951014 0.321439465303174
    outer loop
      vertex 142.2 105.56798672460751 -0.5931593201658891
      vertex 138.5 105.56798672460751 -0.5931593201658891
      vertex 142.2 105.50281496925194 -0.40116951990890715
    endloop
  endfacet
  facet normal 0 0.9807852804032375 0.19509032201609264
    outer loop
      vertex 142.2 105.50281496925194 -0.40116951990890715
      vertex 138.5 105.50281496925194 -0.40116951990890715
      vertex 142.2 105.4632604648706 -0.20231559794107995
    endloop
  endfacet
  facet normal 0 -0.8314696123025485 0.5555702330195974
    outer loop
      vertex 142.2 108.22969767745141 -0.9435802149635171
      vertex 142.2 108.34233937586588 -0.775
      vertex 138.5 108.34233937586588 -0.775
    endloop
  endfacet
  facet normal 0 -0.8968727415326851 0.44228869021900763
    outer loop
      vertex 142.2 108.34233937586588 -0.775
      vertex 142.2 108.43201327539249 -0.5931593201658891
      vertex 138.5 108.43201327539249 -0.5931593201658891
    endloop
  endfacet
  facet normal 1 0 0
    outer loop
      vertex 142.2 108.5367395351294 0.20231559794107995
      vertex 142.2 108.55 0
      vertex 142.2 110 -2.75
    endloop
  endfacet
  facet normal 1 0 0
    outer loop
      vertex 142.2 108.5367395351294 0.20231559794107995
      vertex 142.2 110 -2.75
      vertex 142.2 108.49718503074806 0.40116951990890715
    endloop
  endfacet
  facet normal 0 -0.9469301294951014 0.321439465303174
    outer loop
      vertex 142.2 108.43201327539249 -0.5931593201658891
      vertex 142.2 108.49718503074806 -0.40116951990890715
      vertex 138.5 108.49718503074806 -0.40116951990890715
    endloop
  endfacet
  facet normal 0 -0.9807852804032375 0.19509032201609264
    outer loop
      vertex 142.2 108.49718503074806 -0.40116951990890715
      vertex 142.2 108.5367395351294 -0.20231559794107995
      vertex 138.5 108.5367395351294 -0.20231559794107995
    endloop
  endfacet
  facet normal -1 0 0
    outer loop
      vertex 138.5 99 -3
      vertex 138.5 99 3
      vertex 138.5 105.50281496925194 0.40116951990890715
    endloop
  endfacet
  facet normal 1 0 0
    outer loop
      vertex 142.2 105.56798672460751 -0.5931593201658891
      vertex 142.2 104 2.75
      vertex 142.2 104 -2.75
    endloop
  endfacet
  facet normal 0 -1 0
    outer loop
      vertex 138.5 99 -3
      vertex 141.5 99 3
      vertex 138.5 99 3
    endloop
  endfacet
  facet normal 1 0 0
    outer loop
      vertex 141.5 104 -3
      vertex 141.5 104 3
      vertex 141.5 99 3
    endloop
  endfacet
  facet normal 0 -1 0
    outer loop
      vertex 141.5 104 -3
      vertex 142.2 104 2.75
      vertex 141.5 104 3
    endloop
  endfacet
  facet normal -1 0 0
    outer loop
      vertex 138.5 99 3
      vertex 138.5 105.56798672460751 0.5931593201658891
      vertex 138.5 105.50281496925194 0.40116951990890715
    endloop
  endfacet
  facet normal -1 0 0
    outer loop
      vertex 138.5 99 3
      vertex 138.5 105.65766062413412 0.775
      vertex 138.5 105.56798672460751 0.5931593201658891
    endloop
  endfacet
  facet normal -1 0 0
    outer loop
      vertex 138.5 99 3
      vertex 138.5 105.77030232254859 0.9435802149635171
      vertex 138.5 105.65766062413412 0.775
    endloop
  endfacet
  facet normal -1 0 0
    outer loop
      vertex 138.5 99 3
      vertex 138.5 105.90398448916085 1.0960155108391487
      vertex 138.5 105.77030232254859 0.9435802149635171
    endloop
  endfacet
  facet normal -1 0 0
    outer loop
      vertex 138.5 99 3
      vertex 138.5 106.05641978503648 1.2296976774514146
      vertex 138.5 105.90398448916085 1.0960155108391487
    endloop
  endfacet
  facet normal -1 0 0
    outer loop
      vertex 138.5 99 3
      vertex 138.5 106.225 1.34233937586588
      vertex 138.5 106.05641978503648 1.2296976774514146
    endloop
  endfacet
  facet normal -1 0 0
    outer loop
      vertex 138.5 99 3
      vertex 138.5 106.4068406798341 1.4320132753924946
      vertex 138.5 106.225 1.34233937586588
    endloop
  endfacet
  facet normal -1 0 0
    outer loop
      vertex 138.5 99 3
      vertex 138.5 106.5988304800911 1.4971850307480559
      vertex 138.5 106.4068406798341 1.4320132753924946
    endloop
  endfacet
  facet normal -1 0 0
    outer loop
      vertex 138.5 99 3
      vertex 138.5 106.79768440205892 1.5367395351294062
      vertex 138.5 106.5988304800911 1.4971850307480559
    endloop
  endfacet
  facet normal -1 0 0
    outer loop
      vertex 138.5 99 3
      vertex 138.5 107 1.55
      vertex 138.5 106.79768440205892 1.5367395351294062
    endloop
  endfacet
  facet normal -1 0 0
    outer loop
      vertex 138.5 99 3
      vertex 138.5 107.20231559794108 1.5367395351294062
      vertex 138.5 107 1.55
    endloop
  endfacet
  facet normal 0 0.9978589232386023 0.06540312923016263
    outer loop
      vertex 142.2 105.45 0
      vertex 138.5 105.4632604648706 -0.20231559794107995
      vertex 138.5 105.45 0
    endloop
  endfacet
  facet normal 0 0.9978589232386023 -0.06540312923016263
    outer loop
      vertex 142.2 105.4632604648706 0.20231559794107995
      vertex 138.5 105.45 0
      vertex 138.5 105.4632604648706 0.20231559794107995
    endloop
  endfacet
  facet normal 0 0.9807852804032375 -0.19509032201609264
    outer loop
      vertex 142.2 105.50281496925194 0.40116951990890715
      vertex 138.5 105.4632604648706 0.20231559794107995
      vertex 138.5 105.50281496925194 0.40116951990890715
    endloop
  endfacet
  facet normal 0 -0.9978589232386023 0.06540312923016263
    outer loop
      vertex 142.2 108.5367395351294 -0.20231559794107995
      vertex 138.5 108.55 0
      vertex 138.5 108.5367395351294 -0.20231559794107995
    endloop
  endfacet
  facet normal 0 -0.9978589232386023 -0.06540312923016263
    outer loop
      vertex 142.2 108.55 0
      vertex 138.5 108.5367395351294 0.20231559794107995
      vertex 138.5 108.55 0
    endloop
  endfacet
  facet normal -1 0 0
    outer loop
      vertex 138.5 110 -3
      vertex 138.5 108.49718503074806 0.40116951990890715
      vertex 138.5 110 3
    endloop
  endfacet
  facet normal 0 -0.9807852804032375 -0.19509032201609264
    outer loop
      vertex 142.2 108.5367395351294 0.20231559794107995
      vertex 138.5 108.49718503074806 0.40116951990890715
      vertex 138.5 108.5367395351294 0.20231559794107995
    endloop
  endfacet
  facet normal 0 0.9978589232386023 0.06540312923016263
    outer loop
      vertex 142.2 105.4632604648706 -0.20231559794107995
      vertex 138.5 105.4632604648706 -0.20231559794107995
      vertex 142.2 105.45 0
    endloop
  endfacet
  facet normal 0 0.9978589232386023 -0.06540312923016263
    outer loop
      vertex 142.2 105.45 0
      vertex 138.5 105.45 0
      vertex 142.2 105.4632604648706 0.20231559794107995
    endloop
  endfacet
  facet normal 0 0.9807852804032375 -0.19509032201609264
    outer loop
      vertex 142.2 105.4632604648706 0.20231559794107995
      vertex 138.5 105.4632604648706 0.20231559794107995
      vertex 142.2 105.50281496925194 0.40116951990890715
    endloop
  endfacet
  facet normal 0 -0.9978589232386023 0.06540312923016263
    outer loop
      vertex 142.2 108.5367395351294 -0.20231559794107995
      vertex 142.2 108.55 0
      vertex 138.5 108.55 0
    endloop
  endfacet
  facet normal 0 -0.9978589232386023 -0.06540312923016263
    outer loop
      vertex 142.2 108.5367395351294 0.20231559794107995
      vertex 138.5 108.5367395351294 0.20231559794107995
      vertex 142.2 108.55 0
    endloop
  endfacet
  facet normal 0 -0.9807852804032375 -0.19509032201609264
    outer loop
      vertex 142.2 108.5367395351294 0.20231559794107995
      vertex 142.2 108.49718503074806 0.40116951990890715
      vertex 138.5 108.49718503074806 0.40116951990890715
    endloop
  endfacet
  facet normal 1 0 0
    outer loop
      vertex 142.2 108.49718503074806 0.40116951990890715
      vertex 142.2 110 -2.75
      vertex 142.2 110 2.75
    endloop
  endfacet
  facet normal 0 0.9469301294951014 -0.321439465303174
    outer loop
      vertex 142.2 105.56798672460751 0.5931593201658891
      vertex 138.5 105.50281496925194 0.40116951990890715
      vertex 138.5 105.56798672460751 0.5931593201658891
    endloop
  endfacet
  facet normal 0 0.8968727415326851 -0.44228869021900763
    outer loop
      vertex 142.2 105.65766062413412 0.775
      vertex 138.5 105.56798672460751 0.5931593201658891
      vertex 138.5 105.65766062413412 0.775
    endloop
  endfacet
  facet normal 0 0.8314696123025485 -0.5555702330195974
    outer loop
      vertex 142.2 105.77030232254859 0.9435802149635171
      vertex 138.5 105.65766062413412 0.775
      vertex 138.5 105.77030232254859 0.9435802149635171
    endloop
  endfacet
  facet normal 0 0.7518398074789909 -0.6593458151000534
    outer loop
      vertex 142.2 105.90398448916085 1.0960155108391487
      vertex 138.5 105.77030232254859 0.9435802149635171
      vertex 138.5 105.90398448916085 1.0960155108391487
    endloop
  endfacet
  facet normal 0 -0.9469301294951014 -0.321439465303174
    outer loop
      vertex 142.2 108.49718503074806 0.40116951990890715
      vertex 138.5 108.43201327539249 0.5931593201658891
      vertex 138.5 108.49718503074806 0.40116951990890715
    endloop
  endfacet
  facet normal 0 -0.8968727415326851 -0.44228869021900763
    outer loop
      vertex 142.2 108.43201327539249 0.5931593201658891
      vertex 138.5 108.34233937586588 0.775
      vertex 138.5 108.43201327539249 0.5931593201658891
    endloop
  endfacet
  facet normal 0 -0.8314696123025485 -0.5555702330195974
    outer loop
      vertex 142.2 108.34233937586588 0.775
      vertex 138.5 108.22969767745141 0.9435802149635171
      vertex 138.5 108.34233937586588 0.775
    endloop
  endfacet
  facet normal 0 -0.7518398074789909 -0.6593458151000534
    outer loop
      vertex 142.2 108.22969767745141 0.9435802149635171
      vertex 138.5 108.09601551083915 1.0960155108391487
      vertex 138.5 108.22969767745141 0.9435802149635171
    endloop
  endfacet
  facet normal 0 0.9469301294951014 -0.321439465303174
    outer loop
      vertex 142.2 105.50281496925194 0.40116951990890715
      vertex 138.5 105.50281496925194 0.40116951990890715
      vertex 142.2 105.56798672460751 0.5931593201658891
    endloop
  endfacet
  facet normal 0 0.8968727415326851 -0.44228869021900763
    outer loop
      vertex 142.2 105.56798672460751 0.5931593201658891
      vertex 138.5 105.56798672460751 0.5931593201658891
      vertex 142.2 105.65766062413412 0.775
    endloop
  endfacet
  facet normal 1 0 0
    outer loop
      vertex 142.2 105.56798672460751 -0.5931593201658891
      vertex 142.2 105.50281496925194 -0.40116951990890715
      vertex 142.2 104 2.75
    endloop
  endfacet
  facet normal 1 0 0
    outer loop
      vertex 142.2 105.50281496925194 -0.40116951990890715
      vertex 142.2 105.4632604648706 -0.20231559794107995
      vertex 142.2 104 2.75
    endloop
  endfacet
  facet normal 0 0.8314696123025485 -0.5555702330195974
    outer loop
      vertex 142.2 105.65766062413412 0.775
      vertex 138.5 105.65766062413412 0.775
      vertex 142.2 105.77030232254859 0.9435802149635171
    endloop
  endfacet
  facet normal 0 0.7518398074789909 -0.6593458151000534
    outer loop
      vertex 142.2 105.77030232254859 0.9435802149635171
      vertex 138.5 105.77030232254859 0.9435802149635171
      vertex 142.2 105.90398448916085 1.0960155108391487
    endloop
  endfacet
  facet normal 1 0 0
    outer loop
      vertex 142.2 105.4632604648706 -0.20231559794107995
      vertex 142.2 105.45 0
      vertex 142.2 104 2.75
    endloop
  endfacet
  facet normal 1 0 0
    outer loop
      vertex 142.2 105.45 0
      vertex 142.2 105.4632604648706 0.20231559794107995
      vertex 142.2 104 2.75
    endloop
  endfacet
  facet normal 0 -0.9469301294951014 -0.321439465303174
    outer loop
      vertex 142.2 108.49718503074806 0.40116951990890715
      vertex 142.2 108.43201327539249 0.5931593201658891
      vertex 138.5 108.43201327539249 0.5931593201658891
    endloop
  endfacet
  facet normal 0 -0.8968727415326851 -0.44228869021900763
    outer loop
      vertex 142.2 108.43201327539249 0.5931593201658891
      vertex 142.2 108.34233937586588 0.775
      vertex 138.5 108.34233937586588 0.775
    endloop
  endfacet
  facet normal 0 -0.8314696123025485 -0.5555702330195974
    outer loop
      vertex 142.2 108.34233937586588 0.775
      vertex 142.2 108.22969767745141 0.9435802149635171
      vertex 138.5 108.22969767745141 0.9435802149635171
    endloop
  endfacet
  facet normal 0 -0.7518398074789909 -0.6593458151000534
    outer loop
      vertex 142.2 108.09601551083915 1.0960155108391487
      vertex 138.5 108.09601551083915 1.0960155108391487
      vertex 142.2 108.22969767745141 0.9435802149635171
    endloop
  endfacet
  facet normal 0 1 0
    outer loop
      vertex 141.5 110 -3
      vertex 138.5 110 3
      vertex 141.5 110 3
    endloop
  endfacet
  facet normal 0 1 0
    outer loop
      vertex 141.5 110 -3
      vertex 141.5 110 3
      vertex 142.2 110 2.75
    endloop
  endfacet
  facet normal 0 0.6593458151000634 -0.751839807478982
    outer loop
      vertex 142.2 106.05641978503648 1.2296976774514146
      vertex 138.5 105.90398448916085 1.0960155108391487
      vertex 138.5 106.05641978503648 1.2296976774514146
    endloop
  endfacet
  facet normal 0 0.5555702330196128 -0.8314696123025381
    outer loop
      vertex 142.2 106.225 1.34233937586588
      vertex 138.5 106.05641978503648 1.2296976774514146
      vertex 138.5 106.225 1.34233937586588
    endloop
  endfacet
  facet normal 0 0.44228869021900297 -0.8968727415326874
    outer loop
      vertex 142.2 106.4068406798341 1.4320132753924946
      vertex 138.5 106.225 1.34233937586588
      vertex 138.5 106.4068406798341 1.4320132753924946
    endloop
  endfacet
  facet normal 0 0.32143946530314793 -0.9469301294951104
    outer loop
      vertex 142.2 106.5988304800911 1.4971850307480559
      vertex 138.5 106.4068406798341 1.4320132753924946
      vertex 138.5 106.5988304800911 1.4971850307480559
    endloop
  endfacet
  facet normal 0 0.19509032201613102 -0.9807852804032299
    outer loop
      vertex 142.2 106.79768440205892 1.5367395351294062
      vertex 138.5 106.5988304800911 1.4971850307480559
      vertex 138.5 106.79768440205892 1.5367395351294062
    endloop
  endfacet
  facet normal 0 -0.32143946530314793 -0.9469301294951104
    outer loop
      vertex 142.2 107.5931593201659 1.4320132753924946
      vertex 138.5 107.4011695199089 1.4971850307480559
      vertex 138.5 107.5931593201659 1.4320132753924946
    endloop
  endfacet
  facet normal 0 -0.19509032201613102 -0.9807852804032299
    outer loop
      vertex 142.2 107.4011695199089 1.4971850307480559
      vertex 138.5 107.20231559794108 1.5367395351294062
      vertex 138.5 107.4011695199089 1.4971850307480559
    endloop
  endfacet
  facet normal 0 0.06540312923014291 -0.9978589232386035
    outer loop
      vertex 142.2 107 1.55
      vertex 138.5 106.79768440205892 1.5367395351294062
      vertex 138.5 107 1.55
    endloop
  endfacet
  facet normal 0 -0.06540312923014291 -0.9978589232386035
    outer loop
      vertex 142.2 107.20231559794108 1.5367395351294062
      vertex 138.5 107 1.55
      vertex 138.5 107.20231559794108 1.5367395351294062
    endloop
  endfacet
  facet normal -1 0 0
    outer loop
      vertex 138.5 110 3
      vertex 138.5 108.49718503074806 0.40116951990890715
      vertex 138.5 108.43201327539249 0.5931593201658891
    endloop
  endfacet
  facet normal 0 -0.6593458151000634 -0.751839807478982
    outer loop
      vertex 142.2 108.09601551083915 1.0960155108391487
      vertex 138.5 107.94358021496352 1.2296976774514146
      vertex 138.5 108.09601551083915 1.0960155108391487
    endloop
  endfacet
  facet normal 0 -0.5555702330196128 -0.8314696123025381
    outer loop
      vertex 142.2 107.94358021496352 1.2296976774514146
      vertex 138.5 107.775 1.34233937586588
      vertex 138.5 107.94358021496352 1.2296976774514146
    endloop
  endfacet
  facet normal 0 -0.44228869021900297 -0.8968727415326874
    outer loop
      vertex 142.2 107.775 1.34233937586588
      vertex 138.5 107.5931593201659 1.4320132753924946
      vertex 138.5 107.775 1.34233937586588
    endloop
  endfacet
  facet normal -1 0 0
    outer loop
      vertex 138.5 110 3
      vertex 138.5 108.43201327539249 0.5931593201658891
      vertex 138.5 108.34233937586588 0.775
    endloop
  endfacet
  facet normal -1 0 0
    outer loop
      vertex 138.5 110 3
      vertex 138.5 108.34233937586588 0.775
      vertex 138.5 108.22969767745141 0.9435802149635171
    endloop
  endfacet
  facet normal -1 0 0
    outer loop
      vertex 138.5 110 3
      vertex 138.5 108.22969767745141 0.9435802149635171
      vertex 138.5 108.09601551083915 1.0960155108391487
    endloop
  endfacet
  facet normal -1 0 0
    outer loop
      vertex 138.5 110 3
      vertex 138.5 108.09601551083915 1.0960155108391487
      vertex 138.5 107.94358021496352 1.2296976774514146
    endloop
  endfacet
  facet normal 0 0.6593458151000634 -0.751839807478982
    outer loop
      vertex 142.2 105.90398448916085 1.0960155108391487
      vertex 138.5 105.90398448916085 1.0960155108391487
      vertex 142.2 106.05641978503648 1.2296976774514146
    endloop
  endfacet
  facet normal 0 0.5555702330196128 -0.8314696123025381
    outer loop
      vertex 142.2 106.05641978503648 1.2296976774514146
      vertex 138.5 106.05641978503648 1.2296976774514146
      vertex 142.2 106.225 1.34233937586588
    endloop
  endfacet
  facet normal 0 0.44228869021900297 -0.8968727415326874
    outer loop
      vertex 142.2 106.225 1.34233937586588
      vertex 138.5 106.225 1.34233937586588
      vertex 142.2 106.4068406798341 1.4320132753924946
    endloop
  endfacet
  facet normal 1 0 0
    outer loop
      vertex 142.2 105.4632604648706 0.20231559794107995
      vertex 142.2 105.50281496925194 0.40116951990890715
      vertex 142.2 104 2.75
    endloop
  endfacet
  facet normal 1 0 0
    outer loop
      vertex 142.2 105.50281496925194 0.40116951990890715
      vertex 142.2 105.56798672460751 0.5931593201658891
      vertex 142.2 104 2.75
    endloop
  endfacet
  facet normal 1 0 0
    outer loop
      vertex 142.2 105.56798672460751 0.5931593201658891
      vertex 142.2 105.65766062413412 0.775
      vertex 142.2 104 2.75
    endloop
  endfacet
  facet normal 0 0.32143946530314793 -0.9469301294951104
    outer loop
      vertex 142.2 106.4068406798341 1.4320132753924946
      vertex 138.5 106.4068406798341 1.4320132753924946
      vertex 142.2 106.5988304800911 1.4971850307480559
    endloop
  endfacet
  facet normal 0 0.19509032201613102 -0.9807852804032299
    outer loop
      vertex 142.2 106.5988304800911 1.4971850307480559
      vertex 138.5 106.5988304800911 1.4971850307480559
      vertex 142.2 106.79768440205892 1.5367395351294062
    endloop
  endfacet
  facet normal 0 0.06540312923014291 -0.9978589232386035
    outer loop
      vertex 142.2 106.79768440205892 1.5367395351294062
      vertex 138.5 106.79768440205892 1.5367395351294062
      vertex 142.2 107 1.55
    endloop
  endfacet
  facet normal 0 -0.19509032201613102 -0.9807852804032299
    outer loop
      vertex 142.2 107.20231559794108 1.5367395351294062
      vertex 138.5 107.20231559794108 1.5367395351294062
      vertex 142.2 107.4011695199089 1.4971850307480559
    endloop
  endfacet
  facet normal 0 -0.32143946530314793 -0.9469301294951104
    outer loop
      vertex 142.2 107.4011695199089 1.4971850307480559
      vertex 138.5 107.4011695199089 1.4971850307480559
      vertex 142.2 107.5931593201659 1.4320132753924946
    endloop
  endfacet
  facet normal 0 -0.06540312923014291 -0.9978589232386035
    outer loop
      vertex 142.2 107 1.55
      vertex 138.5 107 1.55
      vertex 142.2 107.20231559794108 1.5367395351294062
    endloop
  endfacet
  facet normal 1 0 0
    outer loop
      vertex 142.2 105.65766062413412 0.775
      vertex 142.2 105.77030232254859 0.9435802149635171
      vertex 142.2 104 2.75
    endloop
  endfacet
  facet normal 1 0 0
    outer loop
      vertex 142.2 105.77030232254859 0.9435802149635171
      vertex 142.2 105.90398448916085 1.0960155108391487
      vertex 142.2 104 2.75
    endloop
  endfacet
  facet normal 1 0 0
    outer loop
      vertex 142.2 105.90398448916085 1.0960155108391487
      vertex 142.2 106.05641978503648 1.2296976774514146
      vertex 142.2 104 2.75
    endloop
  endfacet
  facet normal 1 0 0
    outer loop
      vertex 142.2 106.05641978503648 1.2296976774514146
      vertex 142.2 106.225 1.34233937586588
      vertex 142.2 104 2.75
    endloop
  endfacet
  facet normal 0 -0.6593458151000634 -0.751839807478982
    outer loop
      vertex 142.2 107.94358021496352 1.2296976774514146
      vertex 138.5 107.94358021496352 1.2296976774514146
      vertex 142.2 108.09601551083915 1.0960155108391487
    endloop
  endfacet
  facet normal 0 -0.5555702330196128 -0.8314696123025381
    outer loop
      vertex 142.2 107.775 1.34233937586588
      vertex 138.5 107.775 1.34233937586588
      vertex 142.2 107.94358021496352 1.2296976774514146
    endloop
  endfacet
  facet normal 0 -0.44228869021900297 -0.8968727415326874
    outer loop
      vertex 142.2 107.775 1.34233937586588
      vertex 142.2 107.5931593201659 1.4320132753924946
      vertex 138.5 107.5931593201659 1.4320132753924946
    endloop
  endfacet
  facet normal 1 0 0
    outer loop
      vertex 142.2 108.49718503074806 0.40116951990890715
      vertex 142.2 110 2.75
      vertex 142.2 108.43201327539249 0.5931593201658891
    endloop
  endfacet
  facet normal 1 0 0
    outer loop
      vertex 142.2 108.43201327539249 0.5931593201658891
      vertex 142.2 110 2.75
      vertex 142.2 108.34233937586588 0.775
    endloop
  endfacet
  facet normal 1 0 0
    outer loop
      vertex 142.2 108.34233937586588 0.775
      vertex 142.2 110 2.75
      vertex 142.2 108.22969767745141 0.9435802149635171
    endloop
  endfacet
  facet normal 1 0 0
    outer loop
      vertex 142.2 108.09601551083915 1.0960155108391487
      vertex 142.2 108.22969767745141 0.9435802149635171
      vertex 142.2 110 2.75
    endloop
  endfacet
  facet normal 1 0 0
    outer loop
      vertex 142.2 107.94358021496352 1.2296976774514146
      vertex 142.2 108.09601551083915 1.0960155108391487
      vertex 142.2 110 2.75
    endloop
  endfacet
  facet normal 1 0 0
    outer loop
      vertex 142.2 107.775 1.34233937586588
      vertex 142.2 107.94358021496352 1.2296976774514146
      vertex 142.2 110 2.75
    endloop
  endfacet
  facet normal -1 0 0
    outer loop
      vertex 138.5 110 3
      vertex 138.5 107.94358021496352 1.2296976774514146
      vertex 138.5 107.775 1.34233937586588
    endloop
  endfacet
  facet normal -1 0 0
    outer loop
      vertex 138.5 110 3
      vertex 138.5 107.775 1.34233937586588
      vertex 138.5 107.5931593201659 1.4320132753924946
    endloop
  endfacet
  facet normal -1 0 0
    outer loop
      vertex 138.5 110 3
      vertex 138.5 107.5931593201659 1.4320132753924946
      vertex 138.5 107.4011695199089 1.4971850307480559
    endloop
  endfacet
  facet normal -1 0 0
    outer loop
      vertex 138.5 110 3
      vertex 138.5 107.4011695199089 1.4971850307480559
      vertex 138.5 107.20231559794108 1.5367395351294062
    endloop
  endfacet
  facet normal 1 0 0
    outer loop
      vertex 142.2 106.225 1.34233937586588
      vertex 142.2 106.4068406798341 1.4320132753924946
      vertex 142.2 104 2.75
    endloop
  endfacet
  facet normal 1 0 0
    outer loop
      vertex 142.2 106.4068406798341 1.4320132753924946
      vertex 142.2 106.5988304800911 1.4971850307480559
      vertex 142.2 104 2.75
    endloop
  endfacet
  facet normal 1 0 0
    outer loop
      vertex 142.2 106.5988304800911 1.4971850307480559
      vertex 142.2 106.79768440205892 1.5367395351294062
      vertex 142.2 104 2.75
    endloop
  endfacet
  facet normal 1 0 0
    outer loop
      vertex 142.2 106.79768440205892 1.5367395351294062
      vertex 142.2 107 1.55
      vertex 142.2 104 2.75
    endloop
  endfacet
  facet normal 1 0 0
    outer loop
      vertex 142.2 107 1.55
      vertex 142.2 107.20231559794108 1.5367395351294062
      vertex 142.2 104 2.75
    endloop
  endfacet
  facet normal 1 0 0
    outer loop
      vertex 142.2 107.20231559794108 1.5367395351294062
      vertex 142.2 107.4011695199089 1.4971850307480559
      vertex 142.2 104 2.75
    endloop
  endfacet
  facet normal 1 0 0
    outer loop
      vertex 142.2 107.4011695199089 1.4971850307480559
      vertex 142.2 110 2.75
      vertex 142.2 104 2.75
    endloop
  endfacet
  facet normal 1 0 0
    outer loop
      vertex 142.2 107.4011695199089 1.4971850307480559
      vertex 142.2 107.5931593201659 1.4320132753924946
      vertex 142.2 110 2.75
    endloop
  endfacet
  facet normal 1 0 0
    outer loop
      vertex 142.2 107.775 1.34233937586588
      vertex 142.2 110 2.75
      vertex 142.2 107.5931593201659 1.4320132753924946
    endloop
  endfacet
  facet normal 0 0 -1
    outer loop
      vertex 141.5 104 -3
      vertex 141.5 105.2 -3
      vertex 150.5 104 -3
    endloop
  endfacet
  facet normal 0 -1 0
    outer loop
      vertex 141.5 104 -3
      vertex 150.5 104 -3
      vertex 142.2 104 -2.75
    endloop
  endfacet
  facet normal 0 -1 0
    outer loop
      vertex 150.5 104 -3
      vertex 149.8 104 -2.75
      vertex 142.2 104 -2.75
    endloop
  endfacet
  facet normal 0 0 -1
    outer loop
      vertex 150.5 99 -3
      vertex 150.5 104 -3
      vertex 153.5 99 -3
    endloop
  endfacet
  facet normal 0 0 -1
    outer loop
      vertex 153.5 99 -3
      vertex 150.5 104 -3
      vertex 153.5 104 -3
    endloop
  endfacet
  facet normal 0 -1 0
    outer loop
      vertex 150.5 104 -3
      vertex 149.8 104 2.75
      vertex 149.8 104 -2.75
    endloop
  endfacet
  facet normal 0 -1 0
    outer loop
      vertex 150.5 99 -3
      vertex 153.5 99 -3
      vertex 153.5 99 3
    endloop
  endfacet
  facet normal -1 0 0
    outer loop
      vertex 150.5 99 -3
      vertex 150.5 104 3
      vertex 150.5 104 -3
    endloop
  endfacet
  facet normal 0 0 1
    outer loop
      vertex 142.2 110 -2.75
      vertex 142.2 104 -2.75
      vertex 149.8 110 -2.75
    endloop
  endfacet
  facet normal 0 1 0
    outer loop
      vertex 141.5 110 -3
      vertex 142.2 110 -2.75
      vertex 149.8 110 -2.75
    endloop
  endfacet
  facet normal 0 0 1
    outer loop
      vertex 149.8 110 -2.75
      vertex 142.2 104 -2.75
      vertex 149.8 104 -2.75
    endloop
  endfacet
  facet normal 0 0 -1
    outer loop
      vertex 141.5 105.2 -3
      vertex 141.5 110 -3
      vertex 153.5 110 -3
    endloop
  endfacet
  facet normal 0 0 -1
    outer loop
      vertex 141.5 105.2 -3
      vertex 153.5 110 -3
      vertex 150.5 104 -3
    endloop
  endfacet
  facet normal -1 0 0
    outer loop
      vertex 149.8 107.4011695199089 -1.4971850307480559
      vertex 149.8 110 -2.75
      vertex 149.8 104 -2.75
    endloop
  endfacet
  facet normal 0 1 0
    outer loop
      vertex 141.5 110 -3
      vertex 149.8 110 -2.75
      vertex 153.5 110 -3
    endloop
  endfacet
  facet normal 0 0 -1
    outer loop
      vertex 150.5 104 -3
      vertex 153.5 110 -3
      vertex 153.5 104 -3
    endloop
  endfacet
  facet normal -1 0 0
    outer loop
      vertex 149.8 106.5988304800911 -1.4971850307480559
      vertex 149.8 106.79768440205892 -1.5367395351294062
      vertex 149.8 104 -2.75
    endloop
  endfacet
  facet normal -1 0 0
    outer loop
      vertex 149.8 106.4068406798341 -1.4320132753924946
      vertex 149.8 106.5988304800911 -1.4971850307480559
      vertex 149.8 104 -2.75
    endloop
  endfacet
  facet normal -1 0 0
    outer loop
      vertex 149.8 106.79768440205892 -1.5367395351294062
      vertex 149.8 107 -1.55
      vertex 149.8 104 -2.75
    endloop
  endfacet
  facet normal -1 0 0
    outer loop
      vertex 149.8 107 -1.55
      vertex 149.8 107.20231559794108 -1.5367395351294062
      vertex 149.8 104 -2.75
    endloop
  endfacet
  facet normal -1 0 0
    outer loop
      vertex 149.8 106.4068406798341 -1.4320132753924946
      vertex 149.8 104 -2.75
      vertex 149.8 106.225 -1.34233937586588
    endloop
  endfacet
  facet normal -1 0 0
    outer loop
      vertex 149.8 106.05641978503648 -1.2296976774514146
      vertex 149.8 106.225 -1.34233937586588
      vertex 149.8 104 -2.75
    endloop
  endfacet
  facet normal -1 0 0
    outer loop
      vertex 149.8 105.90398448916085 -1.0960155108391487
      vertex 149.8 106.05641978503648 -1.2296976774514146
      vertex 149.8 104 -2.75
    endloop
  endfacet
  facet normal -1 0 0
    outer loop
      vertex 149.8 107.20231559794108 -1.5367395351294062
      vertex 149.8 107.4011695199089 -1.4971850307480559
      vertex 149.8 104 -2.75
    endloop
  endfacet
  facet normal -1 0 0
    outer loop
      vertex 149.8 107.4011695199089 -1.4971850307480559
      vertex 149.8 107.5931593201659 -1.4320132753924946
      vertex 149.8 110 -2.75
    endloop
  endfacet
  facet normal -1 0 0
    outer loop
      vertex 149.8 107.5931593201659 -1.4320132753924946
      vertex 149.8 107.775 -1.34233937586588
      vertex 149.8 110 -2.75
    endloop
  endfacet
  facet normal -1 0 0
    outer loop
      vertex 149.8 107.775 -1.34233937586588
      vertex 149.8 107.94358021496352 -1.2296976774514146
      vertex 149.8 110 -2.75
    endloop
  endfacet
  facet normal -1 0 0
    outer loop
      vertex 149.8 107.94358021496352 -1.2296976774514146
      vertex 149.8 108.09601551083915 -1.0960155108391487
      vertex 149.8 110 -2.75
    endloop
  endfacet
  facet normal -1 0 0
    outer loop
      vertex 149.8 105.77030232254859 -0.9435802149635171
      vertex 149.8 105.90398448916085 -1.0960155108391487
      vertex 149.8 104 -2.75
    endloop
  endfacet
  facet normal -1 0 0
    outer loop
      vertex 149.8 105.77030232254859 -0.9435802149635171
      vertex 149.8 104 -2.75
      vertex 149.8 105.65766062413412 -0.775
    endloop
  endfacet
  facet normal -1 0 0
    outer loop
      vertex 149.8 105.65766062413412 -0.775
      vertex 149.8 104 -2.75
      vertex 149.8 105.56798672460751 -0.5931593201658891
    endloop
  endfacet
  facet normal -1 0 0
    outer loop
      vertex 149.8 105.56798672460751 -0.5931593201658891
      vertex 149.8 104 -2.75
      vertex 149.8 105.50281496925194 -0.40116951990890715
    endloop
  endfacet
  facet normal -1 0 0
    outer loop
      vertex 149.8 105.50281496925194 -0.40116951990890715
      vertex 149.8 104 -2.75
      vertex 149.8 105.4632604648706 -0.20231559794107995
    endloop
  endfacet
  facet normal -1 0 0
    outer loop
      vertex 149.8 105.4632604648706 -0.20231559794107995
      vertex 149.8 104 -2.75
      vertex 149.8 105.45 0
    endloop
  endfacet
  facet normal -1 0 0
    outer loop
      vertex 149.8 108.09601551083915 -1.0960155108391487
      vertex 149.8 108.22969767745141 -0.9435802149635171
      vertex 149.8 110 -2.75
    endloop
  endfacet
  facet normal -1 0 0
    outer loop
      vertex 149.8 108.22969767745141 -0.9435802149635171
      vertex 149.8 108.34233937586588 -0.775
      vertex 149.8 110 -2.75
    endloop
  endfacet
  facet normal -1 0 0
    outer loop
      vertex 149.8 108.34233937586588 -0.775
      vertex 149.8 108.43201327539249 -0.5931593201658891
      vertex 149.8 110 -2.75
    endloop
  endfacet
  facet normal -1 0 0
    outer loop
      vertex 149.8 108.43201327539249 -0.5931593201658891
      vertex 149.8 108.49718503074806 -0.40116951990890715
      vertex 149.8 110 -2.75
    endloop
  endfacet
  facet normal 0 0.19509032201613102 0.9807852804032299
    outer loop
      vertex 149.8 106.5988304800911 -1.4971850307480559
      vertex 153.5 106.5988304800911 -1.4971850307480559
      vertex 149.8 106.79768440205892 -1.5367395351294062
    endloop
  endfacet
  facet normal 0 0.06540312923014291 0.9978589232386035
    outer loop
      vertex 149.8 106.79768440205892 -1.5367395351294062
      vertex 153.5 106.79768440205892 -1.5367395351294062
      vertex 149.8 107 -1.55
    endloop
  endfacet
  facet normal 0 -0.06540312923014291 0.9978589232386035
    outer loop
      vertex 149.8 107 -1.55
      vertex 153.5 107 -1.55
      vertex 149.8 107.20231559794108 -1.5367395351294062
    endloop
  endfacet
  facet normal 0 -0.19509032201613102 0.9807852804032299
    outer loop
      vertex 149.8 107.20231559794108 -1.5367395351294062
      vertex 153.5 107.20231559794108 -1.5367395351294062
      vertex 149.8 107.4011695199089 -1.4971850307480559
    endloop
  endfacet
  facet normal 0 -0.32143946530314793 0.9469301294951104
    outer loop
      vertex 149.8 107.4011695199089 -1.4971850307480559
      vertex 153.5 107.4011695199089 -1.4971850307480559
      vertex 149.8 107.5931593201659 -1.4320132753924946
    endloop
  endfacet
  facet normal 0 0.32143946530314793 0.9469301294951104
    outer loop
      vertex 149.8 106.4068406798341 -1.4320132753924946
      vertex 153.5 106.4068406798341 -1.4320132753924946
      vertex 149.8 106.5988304800911 -1.4971850307480559
    endloop
  endfacet
  facet normal 0 0.44228869021900297 0.8968727415326874
    outer loop
      vertex 149.8 106.4068406798341 -1.4320132753924946
      vertex 149.8 106.225 -1.34233937586588
      vertex 153.5 106.225 -1.34233937586588
    endloop
  endfacet
  facet normal 0 0.5555702330196128 0.8314696123025381
    outer loop
      vertex 149.8 106.225 -1.34233937586588
      vertex 153.5 106.05641978503648 -1.2296976774514146
      vertex 153.5 106.225 -1.34233937586588
    endloop
  endfacet
  facet normal 0 0.32143946530314793 0.9469301294951104
    outer loop
      vertex 149.8 106.5988304800911 -1.4971850307480559
      vertex 153.5 106.4068406798341 -1.4320132753924946
      vertex 153.5 106.5988304800911 -1.4971850307480559
    endloop
  endfacet
  facet normal 0 0.19509032201613102 0.9807852804032299
    outer loop
      vertex 149.8 106.79768440205892 -1.5367395351294062
      vertex 153.5 106.5988304800911 -1.4971850307480559
      vertex 153.5 106.79768440205892 -1.5367395351294062
    endloop
  endfacet
  facet normal 0 0.06540312923014291 0.9978589232386035
    outer loop
      vertex 149.8 107 -1.55
      vertex 153.5 106.79768440205892 -1.5367395351294062
      vertex 153.5 107 -1.55
    endloop
  endfacet
  facet normal 0 -0.06540312923014291 0.9978589232386035
    outer loop
      vertex 149.8 107.20231559794108 -1.5367395351294062
      vertex 153.5 107 -1.55
      vertex 153.5 107.20231559794108 -1.5367395351294062
    endloop
  endfacet
  facet normal 0 -0.19509032201613102 0.9807852804032299
    outer loop
      vertex 149.8 107.4011695199089 -1.4971850307480559
      vertex 153.5 107.20231559794108 -1.5367395351294062
      vertex 153.5 107.4011695199089 -1.4971850307480559
    endloop
  endfacet
  facet normal 0 0.44228869021900297 0.8968727415326874
    outer loop
      vertex 149.8 106.4068406798341 -1.4320132753924946
      vertex 153.5 106.225 -1.34233937586588
      vertex 153.5 106.4068406798341 -1.4320132753924946
    endloop
  endfacet
  facet normal 0 -0.32143946530314793 0.9469301294951104
    outer loop
      vertex 149.8 107.5931593201659 -1.4320132753924946
      vertex 153.5 107.4011695199089 -1.4971850307480559
      vertex 153.5 107.5931593201659 -1.4320132753924946
    endloop
  endfacet
  facet normal 0 0.5555702330196128 0.8314696123025381
    outer loop
      vertex 149.8 106.05641978503648 -1.2296976774514146
      vertex 153.5 106.05641978503648 -1.2296976774514146
      vertex 149.8 106.225 -1.34233937586588
    endloop
  endfacet
  facet normal 0 0.6593458151000634 0.751839807478982
    outer loop
      vertex 149.8 105.90398448916085 -1.0960155108391487
      vertex 153.5 105.90398448916085 -1.0960155108391487
      vertex 149.8 106.05641978503648 -1.2296976774514146
    endloop
  endfacet
  facet normal 0 0.7518398074789909 0.6593458151000534
    outer loop
      vertex 149.8 105.77030232254859 -0.9435802149635171
      vertex 153.5 105.77030232254859 -0.9435802149635171
      vertex 149.8 105.90398448916085 -1.0960155108391487
    endloop
  endfacet
  facet normal 0 0.6593458151000634 0.751839807478982
    outer loop
      vertex 149.8 106.05641978503648 -1.2296976774514146
      vertex 153.5 105.90398448916085 -1.0960155108391487
      vertex 153.5 106.05641978503648 -1.2296976774514146
    endloop
  endfacet
  facet normal 0 0.7518398074789909 0.6593458151000534
    outer loop
      vertex 149.8 105.90398448916085 -1.0960155108391487
      vertex 153.5 105.77030232254859 -0.9435802149635171
      vertex 153.5 105.90398448916085 -1.0960155108391487
    endloop
  endfacet
  facet normal 0 -0.44228869021900297 0.8968727415326874
    outer loop
      vertex 149.8 107.5931593201659 -1.4320132753924946
      vertex 153.5 107.5931593201659 -1.4320132753924946
      vertex 149.8 107.775 -1.34233937586588
    endloop
  endfacet
  facet normal 0 -0.5555702330196128 0.8314696123025381
    outer loop
      vertex 149.8 107.775 -1.34233937586588
      vertex 153.5 107.775 -1.34233937586588
      vertex 149.8 107.94358021496352 -1.2296976774514146
    endloop
  endfacet
  facet normal 0 -0.44228869021900297 0.8968727415326874
    outer loop
      vertex 149.8 107.775 -1.34233937586588
      vertex 153.5 107.5931593201659 -1.4320132753924946
      vertex 153.5 107.775 -1.34233937586588
    endloop
  endfacet
  facet normal 0 -0.6593458151000634 0.751839807478982
    outer loop
      vertex 149.8 107.94358021496352 -1.2296976774514146
      vertex 153.5 107.94358021496352 -1.2296976774514146
      vertex 149.8 108.09601551083915 -1.0960155108391487
    endloop
  endfacet
  facet normal 0 -0.7518398074789909 0.6593458151000534
    outer loop
      vertex 149.8 108.09601551083915 -1.0960155108391487
      vertex 153.5 108.09601551083915 -1.0960155108391487
      vertex 149.8 108.22969767745141 -0.9435802149635171
    endloop
  endfacet
  facet normal 0 -0.5555702330196128 0.8314696123025381
    outer loop
      vertex 149.8 107.94358021496352 -1.2296976774514146
      vertex 153.5 107.775 -1.34233937586588
      vertex 153.5 107.94358021496352 -1.2296976774514146
    endloop
  endfacet
  facet normal 0 -0.6593458151000634 0.751839807478982
    outer loop
      vertex 149.8 108.09601551083915 -1.0960155108391487
      vertex 153.5 107.94358021496352 -1.2296976774514146
      vertex 153.5 108.09601551083915 -1.0960155108391487
    endloop
  endfacet
  facet normal 0 -0.7518398074789909 0.6593458151000534
    outer loop
      vertex 149.8 108.22969767745141 -0.9435802149635171
      vertex 153.5 108.09601551083915 -1.0960155108391487
      vertex 153.5 108.22969767745141 -0.9435802149635171
    endloop
  endfacet
  facet normal -1 0 0
    outer loop
      vertex 149.8 105.45 0
      vertex 149.8 104 -2.75
      vertex 149.8 105.4632604648706 0.20231559794107995
    endloop
  endfacet
  facet normal -1 0 0
    outer loop
      vertex 149.8 105.4632604648706 0.20231559794107995
      vertex 149.8 104 -2.75
      vertex 149.8 105.50281496925194 0.40116951990890715
    endloop
  endfacet
  facet normal 0 0.8314696123025485 0.5555702330195974
    outer loop
      vertex 149.8 105.77030232254859 -0.9435802149635171
      vertex 149.8 105.65766062413412 -0.775
      vertex 153.5 105.65766062413412 -0.775
    endloop
  endfacet
  facet normal 0 0.8968727415326851 0.44228869021900763
    outer loop
      vertex 149.8 105.65766062413412 -0.775
      vertex 149.8 105.56798672460751 -0.5931593201658891
      vertex 153.5 105.56798672460751 -0.5931593201658891
    endloop
  endfacet
  facet normal 0 0.8314696123025485 0.5555702330195974
    outer loop
      vertex 149.8 105.77030232254859 -0.9435802149635171
      vertex 153.5 105.65766062413412 -0.775
      vertex 153.5 105.77030232254859 -0.9435802149635171
    endloop
  endfacet
  facet normal 0 0.8968727415326851 0.44228869021900763
    outer loop
      vertex 149.8 105.65766062413412 -0.775
      vertex 153.5 105.56798672460751 -0.5931593201658891
      vertex 153.5 105.65766062413412 -0.775
    endloop
  endfacet
  facet normal 0 0.9469301294951014 0.321439465303174
    outer loop
      vertex 149.8 105.56798672460751 -0.5931593201658891
      vertex 149.8 105.50281496925194 -0.40116951990890715
      vertex 153.5 105.50281496925194 -0.40116951990890715
    endloop
  endfacet
  facet normal 0 0.9807852804032375 0.19509032201609264
    outer loop
      vertex 149.8 105.50281496925194 -0.40116951990890715
      vertex 149.8 105.4632604648706 -0.20231559794107995
      vertex 153.5 105.4632604648706 -0.20231559794107995
    endloop
  endfacet
  facet normal 0 0.9469301294951014 0.321439465303174
    outer loop
      vertex 149.8 105.56798672460751 -0.5931593201658891
      vertex 153.5 105.50281496925194 -0.40116951990890715
      vertex 153.5 105.56798672460751 -0.5931593201658891
    endloop
  endfacet
  facet normal 0 0.9807852804032375 0.19509032201609264
    outer loop
      vertex 149.8 105.50281496925194 -0.40116951990890715
      vertex 153.5 105.4632604648706 -0.20231559794107995
      vertex 153.5 105.50281496925194 -0.40116951990890715
    endloop
  endfacet
  facet normal 0 -0.8314696123025485 0.5555702330195974
    outer loop
      vertex 149.8 108.22969767745141 -0.9435802149635171
      vertex 153.5 108.22969767745141 -0.9435802149635171
      vertex 149.8 108.34233937586588 -0.775
    endloop
  endfacet
  facet normal 0 -0.8968727415326851 0.44228869021900763
    outer loop
      vertex 149.8 108.34233937586588 -0.775
      vertex 153.5 108.34233937586588 -0.775
      vertex 149.8 108.43201327539249 -0.5931593201658891
    endloop
  endfacet
  facet normal 0 -0.8314696123025485 0.5555702330195974
    outer loop
      vertex 149.8 108.34233937586588 -0.775
      vertex 153.5 108.22969767745141 -0.9435802149635171
      vertex 153.5 108.34233937586588 -0.775
    endloop
  endfacet
  facet normal 0 -0.8968727415326851 0.44228869021900763
    outer loop
      vertex 149.8 108.43201327539249 -0.5931593201658891
      vertex 153.5 108.34233937586588 -0.775
      vertex 153.5 108.43201327539249 -0.5931593201658891
    endloop
  endfacet
  facet normal 0 1 0
    outer loop
      vertex 153.5 110 -3
      vertex 149.8 110 -2.75
      vertex 153.5 110 3
    endloop
  endfacet
  facet normal 0 -0.9469301294951014 0.321439465303174
    outer loop
      vertex 149.8 108.43201327539249 -0.5931593201658891
      vertex 153.5 108.43201327539249 -0.5931593201658891
      vertex 149.8 108.49718503074806 -0.40116951990890715
    endloop
  endfacet
  facet normal 0 -0.9807852804032375 0.19509032201609264
    outer loop
      vertex 149.8 108.49718503074806 -0.40116951990890715
      vertex 153.5 108.49718503074806 -0.40116951990890715
      vertex 149.8 108.5367395351294 -0.20231559794107995
    endloop
  endfacet
  facet normal 0 -0.9469301294951014 0.321439465303174
    outer loop
      vertex 149.8 108.49718503074806 -0.40116951990890715
      vertex 153.5 108.43201327539249 -0.5931593201658891
      vertex 153.5 108.49718503074806 -0.40116951990890715
    endloop
  endfacet
  facet normal 0 -0.9807852804032375 0.19509032201609264
    outer loop
      vertex 149.8 108.5367395351294 -0.20231559794107995
      vertex 153.5 108.49718503074806 -0.40116951990890715
      vertex 153.5 108.5367395351294 -0.20231559794107995
    endloop
  endfacet
  facet normal 1 0 0
    outer loop
      vertex 153.5 99 -3
      vertex 153.5 104 -3
      vertex 153.5 99 3
    endloop
  endfacet
  facet normal 1 0 0
    outer loop
      vertex 153.5 104 -3
      vertex 153.5 110 -3
      vertex 153.5 107.4011695199089 -1.4971850307480559
    endloop
  endfacet
  facet normal 1 0 0
    outer loop
      vertex 153.5 104 -3
      vertex 153.5 106.79768440205892 -1.5367395351294062
      vertex 153.5 106.5988304800911 -1.4971850307480559
    endloop
  endfacet
  facet normal 1 0 0
    outer loop
      vertex 153.5 104 -3
      vertex 153.5 106.5988304800911 -1.4971850307480559
      vertex 153.5 106.4068406798341 -1.4320132753924946
    endloop
  endfacet
  facet normal 1 0 0
    outer loop
      vertex 153.5 104 -3
      vertex 153.5 107 -1.55
      vertex 153.5 106.79768440205892 -1.5367395351294062
    endloop
  endfacet
  facet normal 1 0 0
    outer loop
      vertex 153.5 104 -3
      vertex 153.5 107.20231559794108 -1.5367395351294062
      vertex 153.5 107 -1.55
    endloop
  endfacet
  facet normal 1 0 0
    outer loop
      vertex 153.5 104 -3
      vertex 153.5 107.4011695199089 -1.4971850307480559
      vertex 153.5 107.20231559794108 -1.5367395351294062
    endloop
  endfacet
  facet normal 1 0 0
    outer loop
      vertex 153.5 104 -3
      vertex 153.5 106.225 -1.34233937586588
      vertex 153.5 106.05641978503648 -1.2296976774514146
    endloop
  endfacet
  facet normal 1 0 0
    outer loop
      vertex 153.5 104 -3
      vertex 153.5 106.4068406798341 -1.4320132753924946
      vertex 153.5 106.225 -1.34233937586588
    endloop
  endfacet
  facet normal 1 0 0
    outer loop
      vertex 153.5 104 -3
      vertex 153.5 106.05641978503648 -1.2296976774514146
      vertex 153.5 105.90398448916085 -1.0960155108391487
    endloop
  endfacet
  facet normal 1 0 0
    outer loop
      vertex 153.5 104 -3
      vertex 153.5 105.90398448916085 -1.0960155108391487
      vertex 153.5 105.77030232254859 -0.9435802149635171
    endloop
  endfacet
  facet normal 1 0 0
    outer loop
      vertex 153.5 110 -3
      vertex 153.5 107.5931593201659 -1.4320132753924946
      vertex 153.5 107.4011695199089 -1.4971850307480559
    endloop
  endfacet
  facet normal 1 0 0
    outer loop
      vertex 153.5 110 -3
      vertex 153.5 107.775 -1.34233937586588
      vertex 153.5 107.5931593201659 -1.4320132753924946
    endloop
  endfacet
  facet normal 1 0 0
    outer loop
      vertex 153.5 110 -3
      vertex 153.5 107.94358021496352 -1.2296976774514146
      vertex 153.5 107.775 -1.34233937586588
    endloop
  endfacet
  facet normal 1 0 0
    outer loop
      vertex 153.5 110 -3
      vertex 153.5 108.09601551083915 -1.0960155108391487
      vertex 153.5 107.94358021496352 -1.2296976774514146
    endloop
  endfacet
  facet normal 1 0 0
    outer loop
      vertex 153.5 110 -3
      vertex 153.5 108.22969767745141 -0.9435802149635171
      vertex 153.5 108.09601551083915 -1.0960155108391487
    endloop
  endfacet
  facet normal 1 0 0
    outer loop
      vertex 153.5 104 -3
      vertex 153.5 105.77030232254859 -0.9435802149635171
      vertex 153.5 105.65766062413412 -0.775
    endloop
  endfacet
  facet normal 1 0 0
    outer loop
      vertex 153.5 104 -3
      vertex 153.5 105.65766062413412 -0.775
      vertex 153.5 105.56798672460751 -0.5931593201658891
    endloop
  endfacet
  facet normal 1 0 0
    outer loop
      vertex 153.5 104 -3
      vertex 153.5 105.56798672460751 -0.5931593201658891
      vertex 153.5 105.50281496925194 -0.40116951990890715
    endloop
  endfacet
  facet normal 1 0 0
    outer loop
      vertex 153.5 110 -3
      vertex 153.5 108.34233937586588 -0.775
      vertex 153.5 108.22969767745141 -0.9435802149635171
    endloop
  endfacet
  facet normal 1 0 0
    outer loop
      vertex 153.5 110 -3
      vertex 153.5 108.43201327539249 -0.5931593201658891
      vertex 153.5 108.34233937586588 -0.775
    endloop
  endfacet
  facet normal 1 0 0
    outer loop
      vertex 153.5 110 -3
      vertex 153.5 108.49718503074806 -0.40116951990890715
      vertex 153.5 108.43201327539249 -0.5931593201658891
    endloop
  endfacet
  facet normal 1 0 0
    outer loop
      vertex 153.5 110 -3
      vertex 153.5 108.5367395351294 -0.20231559794107995
      vertex 153.5 108.49718503074806 -0.40116951990890715
    endloop
  endfacet
  facet normal 1 0 0
    outer loop
      vertex 153.5 110 -3
      vertex 153.5 108.55 0
      vertex 153.5 108.5367395351294 -0.20231559794107995
    endloop
  endfacet
  facet normal 1 0 0
    outer loop
      vertex 153.5 110 -3
      vertex 153.5 108.5367395351294 0.20231559794107995
      vertex 153.5 108.55 0
    endloop
  endfacet
  facet normal 1 0 0
    outer loop
      vertex 153.5 110 -3
      vertex 153.5 108.49718503074806 0.40116951990890715
      vertex 153.5 108.5367395351294 0.20231559794107995
    endloop
  endfacet
  facet normal -1 0 0
    outer loop
      vertex 149.8 105.50281496925194 0.40116951990890715
      vertex 149.8 104 -2.75
      vertex 149.8 104 2.75
    endloop
  endfacet
  facet normal 0 -1 0
    outer loop
      vertex 150.5 104 -3
      vertex 150.5 104 3
      vertex 149.8 104 2.75
    endloop
  endfacet
  facet normal 0 -1 0
    outer loop
      vertex 150.5 99 -3
      vertex 153.5 99 3
      vertex 150.5 99 3
    endloop
  endfacet
  facet normal -1 0 0
    outer loop
      vertex 150.5 99 -3
      vertex 150.5 99 3
      vertex 150.5 104 3
    endloop
  endfacet
  facet normal -1 0 0
    outer loop
      vertex 149.8 108.49718503074806 -0.40116951990890715
      vertex 149.8 110 2.75
      vertex 149.8 110 -2.75
    endloop
  endfacet
  facet normal 0 0.9978589232386023 0.06540312923016263
    outer loop
      vertex 149.8 105.4632604648706 -0.20231559794107995
      vertex 149.8 105.45 0
      vertex 153.5 105.45 0
    endloop
  endfacet
  facet normal 0 0.9978589232386023 0.06540312923016263
    outer loop
      vertex 149.8 105.4632604648706 -0.20231559794107995
      vertex 153.5 105.45 0
      vertex 153.5 105.4632604648706 -0.20231559794107995
    endloop
  endfacet
  facet normal 0 0.9978589232386023 -0.06540312923016263
    outer loop
      vertex 149.8 105.45 0
      vertex 153.5 105.4632604648706 0.20231559794107995
      vertex 153.5 105.45 0
    endloop
  endfacet
  facet normal 0 0.9978589232386023 -0.06540312923016263
    outer loop
      vertex 149.8 105.45 0
      vertex 149.8 105.4632604648706 0.20231559794107995
      vertex 153.5 105.4632604648706 0.20231559794107995
    endloop
  endfacet
  facet normal 0 0.9807852804032375 -0.19509032201609264
    outer loop
      vertex 149.8 105.4632604648706 0.20231559794107995
      vertex 149.8 105.50281496925194 0.40116951990890715
      vertex 153.5 105.50281496925194 0.40116951990890715
    endloop
  endfacet
  facet normal 0 0.9807852804032375 -0.19509032201609264
    outer loop
      vertex 149.8 105.4632604648706 0.20231559794107995
      vertex 153.5 105.50281496925194 0.40116951990890715
      vertex 153.5 105.4632604648706 0.20231559794107995
    endloop
  endfacet
  facet normal 0 -0.9978589232386023 0.06540312923016263
    outer loop
      vertex 149.8 108.5367395351294 -0.20231559794107995
      vertex 153.5 108.5367395351294 -0.20231559794107995
      vertex 149.8 108.55 0
    endloop
  endfacet
  facet normal 0 -0.9978589232386023 -0.06540312923016263
    outer loop
      vertex 149.8 108.5367395351294 0.20231559794107995
      vertex 149.8 108.55 0
      vertex 153.5 108.55 0
    endloop
  endfacet
  facet normal 0 -0.9978589232386023 0.06540312923016263
    outer loop
      vertex 149.8 108.55 0
      vertex 153.5 108.5367395351294 -0.20231559794107995
      vertex 153.5 108.55 0
    endloop
  endfacet
  facet normal 0 -0.9807852804032375 -0.19509032201609264
    outer loop
      vertex 149.8 108.5367395351294 0.20231559794107995
      vertex 153.5 108.5367395351294 0.20231559794107995
      vertex 149.8 108.49718503074806 0.40116951990890715
    endloop
  endfacet
  facet normal 0 -0.9978589232386023 -0.06540312923016263
    outer loop
      vertex 149.8 108.5367395351294 0.20231559794107995
      vertex 153.5 108.55 0
      vertex 153.5 108.5367395351294 0.20231559794107995
    endloop
  endfacet
  facet normal 0 -0.9807852804032375 -0.19509032201609264
    outer loop
      vertex 149.8 108.49718503074806 0.40116951990890715
      vertex 153.5 108.5367395351294 0.20231559794107995
      vertex 153.5 108.49718503074806 0.40116951990890715
    endloop
  endfacet
  facet normal -1 0 0
    outer loop
      vertex 149.8 108.49718503074806 -0.40116951990890715
      vertex 149.8 108.5367395351294 -0.20231559794107995
      vertex 149.8 110 2.75
    endloop
  endfacet
  facet normal -1 0 0
    outer loop
      vertex 149.8 108.5367395351294 -0.20231559794107995
      vertex 149.8 108.55 0
      vertex 149.8 110 2.75
    endloop
  endfacet
  facet normal -1 0 0
    outer loop
      vertex 149.8 108.5367395351294 0.20231559794107995
      vertex 149.8 110 2.75
      vertex 149.8 108.55 0
    endloop
  endfacet
  facet normal 0 0.9469301294951014 -0.321439465303174
    outer loop
      vertex 149.8 105.50281496925194 0.40116951990890715
      vertex 149.8 105.56798672460751 0.5931593201658891
      vertex 153.5 105.56798672460751 0.5931593201658891
    endloop
  endfacet
  facet normal 0 0.8968727415326851 -0.44228869021900763
    outer loop
      vertex 149.8 105.56798672460751 0.5931593201658891
      vertex 149.8 105.65766062413412 0.775
      vertex 153.5 105.65766062413412 0.775
    endloop
  endfacet
  facet normal 0 0.9469301294951014 -0.321439465303174
    outer loop
      vertex 149.8 105.50281496925194 0.40116951990890715
      vertex 153.5 105.56798672460751 0.5931593201658891
      vertex 153.5 105.50281496925194 0.40116951990890715
    endloop
  endfacet
  facet normal 0 0.8968727415326851 -0.44228869021900763
    outer loop
      vertex 149.8 105.56798672460751 0.5931593201658891
      vertex 153.5 105.65766062413412 0.775
      vertex 153.5 105.56798672460751 0.5931593201658891
    endloop
  endfacet
  facet normal 0 0.8314696123025485 -0.5555702330195974
    outer loop
      vertex 149.8 105.65766062413412 0.775
      vertex 149.8 105.77030232254859 0.9435802149635171
      vertex 153.5 105.77030232254859 0.9435802149635171
    endloop
  endfacet
  facet normal 0 0.7518398074789909 -0.6593458151000534
    outer loop
      vertex 149.8 105.77030232254859 0.9435802149635171
      vertex 149.8 105.90398448916085 1.0960155108391487
      vertex 153.5 105.90398448916085 1.0960155108391487
    endloop
  endfacet
  facet normal 0 0.8314696123025485 -0.5555702330195974
    outer loop
      vertex 149.8 105.65766062413412 0.775
      vertex 153.5 105.77030232254859 0.9435802149635171
      vertex 153.5 105.65766062413412 0.775
    endloop
  endfacet
  facet normal 0 0.7518398074789909 -0.6593458151000534
    outer loop
      vertex 149.8 105.77030232254859 0.9435802149635171
      vertex 153.5 105.90398448916085 1.0960155108391487
      vertex 153.5 105.77030232254859 0.9435802149635171
    endloop
  endfacet
  facet normal 0 -0.9469301294951014 -0.321439465303174
    outer loop
      vertex 149.8 108.49718503074806 0.40116951990890715
      vertex 153.5 108.49718503074806 0.40116951990890715
      vertex 149.8 108.43201327539249 0.5931593201658891
    endloop
  endfacet
  facet normal 0 -0.8968727415326851 -0.44228869021900763
    outer loop
      vertex 149.8 108.43201327539249 0.5931593201658891
      vertex 153.5 108.43201327539249 0.5931593201658891
      vertex 149.8 108.34233937586588 0.775
    endloop
  endfacet
  facet normal 0 -0.9469301294951014 -0.321439465303174
    outer loop
      vertex 149.8 108.43201327539249 0.5931593201658891
      vertex 153.5 108.49718503074806 0.40116951990890715
      vertex 153.5 108.43201327539249 0.5931593201658891
    endloop
  endfacet
  facet normal 0 -0.8968727415326851 -0.44228869021900763
    outer loop
      vertex 149.8 108.34233937586588 0.775
      vertex 153.5 108.43201327539249 0.5931593201658891
      vertex 153.5 108.34233937586588 0.775
    endloop
  endfacet
  facet normal 0 -0.8314696123025485 -0.5555702330195974
    outer loop
      vertex 149.8 108.34233937586588 0.775
      vertex 153.5 108.34233937586588 0.775
      vertex 149.8 108.22969767745141 0.9435802149635171
    endloop
  endfacet
  facet normal 0 -0.7518398074789909 -0.6593458151000534
    outer loop
      vertex 149.8 108.09601551083915 1.0960155108391487
      vertex 149.8 108.22969767745141 0.9435802149635171
      vertex 153.5 108.22969767745141 0.9435802149635171
    endloop
  endfacet
  facet normal 0 1 0
    outer loop
      vertex 153.5 110 3
      vertex 149.8 110 -2.75
      vertex 149.8 110 2.75
    endloop
  endfacet
  facet normal 0 -0.8314696123025485 -0.5555702330195974
    outer loop
      vertex 149.8 108.22969767745141 0.9435802149635171
      vertex 153.5 108.34233937586588 0.775
      vertex 153.5 108.22969767745141 0.9435802149635171
    endloop
  endfacet
  facet normal 0 -0.7518398074789909 -0.6593458151000534
    outer loop
      vertex 149.8 108.09601551083915 1.0960155108391487
      vertex 153.5 108.22969767745141 0.9435802149635171
      vertex 153.5 108.09601551083915 1.0960155108391487
    endloop
  endfacet
  facet normal -1 0 0
    outer loop
      vertex 149.8 105.50281496925194 0.40116951990890715
      vertex 149.8 104 2.75
      vertex 149.8 105.56798672460751 0.5931593201658891
    endloop
  endfacet
  facet normal -1 0 0
    outer loop
      vertex 149.8 105.56798672460751 0.5931593201658891
      vertex 149.8 104 2.75
      vertex 149.8 105.65766062413412 0.775
    endloop
  endfacet
  facet normal -1 0 0
    outer loop
      vertex 149.8 105.65766062413412 0.775
      vertex 149.8 104 2.75
      vertex 149.8 105.77030232254859 0.9435802149635171
    endloop
  endfacet
  facet normal -1 0 0
    outer loop
      vertex 149.8 105.77030232254859 0.9435802149635171
      vertex 149.8 104 2.75
      vertex 149.8 105.90398448916085 1.0960155108391487
    endloop
  endfacet
  facet normal -1 0 0
    outer loop
      vertex 149.8 105.90398448916085 1.0960155108391487
      vertex 149.8 104 2.75
      vertex 149.8 106.05641978503648 1.2296976774514146
    endloop
  endfacet
  facet normal -1 0 0
    outer loop
      vertex 149.8 106.05641978503648 1.2296976774514146
      vertex 149.8 104 2.75
      vertex 149.8 106.225 1.34233937586588
    endloop
  endfacet
  facet normal -1 0 0
    outer loop
      vertex 149.8 108.5367395351294 0.20231559794107995
      vertex 149.8 108.49718503074806 0.40116951990890715
      vertex 149.8 110 2.75
    endloop
  endfacet
  facet normal -1 0 0
    outer loop
      vertex 149.8 108.49718503074806 0.40116951990890715
      vertex 149.8 108.43201327539249 0.5931593201658891
      vertex 149.8 110 2.75
    endloop
  endfacet
  facet normal -1 0 0
    outer loop
      vertex 149.8 108.43201327539249 0.5931593201658891
      vertex 149.8 108.34233937586588 0.775
      vertex 149.8 110 2.75
    endloop
  endfacet
  facet normal -1 0 0
    outer loop
      vertex 149.8 108.34233937586588 0.775
      vertex 149.8 108.22969767745141 0.9435802149635171
      vertex 149.8 110 2.75
    endloop
  endfacet
  facet normal -1 0 0
    outer loop
      vertex 149.8 108.09601551083915 1.0960155108391487
      vertex 149.8 110 2.75
      vertex 149.8 108.22969767745141 0.9435802149635171
    endloop
  endfacet
  facet normal -1 0 0
    outer loop
      vertex 149.8 107.94358021496352 1.2296976774514146
      vertex 149.8 110 2.75
      vertex 149.8 108.09601551083915 1.0960155108391487
    endloop
  endfacet
  facet normal -1 0 0
    outer loop
      vertex 149.8 107.775 1.34233937586588
      vertex 149.8 110 2.75
      vertex 149.8 107.94358021496352 1.2296976774514146
    endloop
  endfacet
  facet normal 0 0.6593458151000634 -0.751839807478982
    outer loop
      vertex 149.8 105.90398448916085 1.0960155108391487
      vertex 149.8 106.05641978503648 1.2296976774514146
      vertex 153.5 106.05641978503648 1.2296976774514146
    endloop
  endfacet
  facet normal 0 0.5555702330196128 -0.8314696123025381
    outer loop
      vertex 149.8 106.05641978503648 1.2296976774514146
      vertex 149.8 106.225 1.34233937586588
      vertex 153.5 106.225 1.34233937586588
    endloop
  endfacet
  facet normal 0 0.44228869021900297 -0.8968727415326874
    outer loop
      vertex 149.8 106.225 1.34233937586588
      vertex 149.8 106.4068406798341 1.4320132753924946
      vertex 153.5 106.4068406798341 1.4320132753924946
    endloop
  endfacet
  facet normal 0 0.6593458151000634 -0.751839807478982
    outer loop
      vertex 149.8 105.90398448916085 1.0960155108391487
      vertex 153.5 106.05641978503648 1.2296976774514146
      vertex 153.5 105.90398448916085 1.0960155108391487
    endloop
  endfacet
  facet normal 0 0.5555702330196128 -0.8314696123025381
    outer loop
      vertex 149.8 106.05641978503648 1.2296976774514146
      vertex 153.5 106.225 1.34233937586588
      vertex 153.5 106.05641978503648 1.2296976774514146
    endloop
  endfacet
  facet normal 0 0.44228869021900297 -0.8968727415326874
    outer loop
      vertex 149.8 106.225 1.34233937586588
      vertex 153.5 106.4068406798341 1.4320132753924946
      vertex 153.5 106.225 1.34233937586588
    endloop
  endfacet
  facet normal 0 0.32143946530314793 -0.9469301294951104
    outer loop
      vertex 149.8 106.4068406798341 1.4320132753924946
      vertex 149.8 106.5988304800911 1.4971850307480559
      vertex 153.5 106.5988304800911 1.4971850307480559
    endloop
  endfacet
  facet normal 0 0.19509032201613102 -0.9807852804032299
    outer loop
      vertex 149.8 106.5988304800911 1.4971850307480559
      vertex 149.8 106.79768440205892 1.5367395351294062
      vertex 153.5 106.79768440205892 1.5367395351294062
    endloop
  endfacet
  facet normal 0 -0.32143946530314793 -0.9469301294951104
    outer loop
      vertex 149.8 107.4011695199089 1.4971850307480559
      vertex 149.8 107.5931593201659 1.4320132753924946
      vertex 153.5 107.5931593201659 1.4320132753924946
    endloop
  endfacet
  facet normal 0 -0.19509032201613102 -0.9807852804032299
    outer loop
      vertex 149.8 107.20231559794108 1.5367395351294062
      vertex 149.8 107.4011695199089 1.4971850307480559
      vertex 153.5 107.4011695199089 1.4971850307480559
    endloop
  endfacet
  facet normal 0 0.06540312923014291 -0.9978589232386035
    outer loop
      vertex 149.8 106.79768440205892 1.5367395351294062
      vertex 149.8 107 1.55
      vertex 153.5 107 1.55
    endloop
  endfacet
  facet normal 0 -0.06540312923014291 -0.9978589232386035
    outer loop
      vertex 149.8 107 1.55
      vertex 149.8 107.20231559794108 1.5367395351294062
      vertex 153.5 107.20231559794108 1.5367395351294062
    endloop
  endfacet
  facet normal 0 0.32143946530314793 -0.9469301294951104
    outer loop
      vertex 149.8 106.4068406798341 1.4320132753924946
      vertex 153.5 106.5988304800911 1.4971850307480559
      vertex 153.5 106.4068406798341 1.4320132753924946
    endloop
  endfacet
  facet normal 0 0.19509032201613102 -0.9807852804032299
    outer loop
      vertex 149.8 106.5988304800911 1.4971850307480559
      vertex 153.5 106.79768440205892 1.5367395351294062
      vertex 153.5 106.5988304800911 1.4971850307480559
    endloop
  endfacet
  facet normal 0 0.06540312923014291 -0.9978589232386035
    outer loop
      vertex 149.8 106.79768440205892 1.5367395351294062
      vertex 153.5 107 1.55
      vertex 153.5 106.79768440205892 1.5367395351294062
    endloop
  endfacet
  facet normal 0 -0.19509032201613102 -0.9807852804032299
    outer loop
      vertex 149.8 107.20231559794108 1.5367395351294062
      vertex 153.5 107.4011695199089 1.4971850307480559
      vertex 153.5 107.20231559794108 1.5367395351294062
    endloop
  endfacet
  facet normal 0 -0.32143946530314793 -0.9469301294951104
    outer loop
      vertex 149.8 107.4011695199089 1.4971850307480559
      vertex 153.5 107.5931593201659 1.4320132753924946
      vertex 153.5 107.4011695199089 1.4971850307480559
    endloop
  endfacet
  facet normal 0 -0.06540312923014291 -0.9978589232386035
    outer loop
      vertex 149.8 107 1.55
      vertex 153.5 107.20231559794108 1.5367395351294062
      vertex 153.5 107 1.55
    endloop
  endfacet
  facet normal 0 -0.6593458151000634 -0.751839807478982
    outer loop
      vertex 149.8 107.94358021496352 1.2296976774514146
      vertex 149.8 108.09601551083915 1.0960155108391487
      vertex 153.5 108.09601551083915 1.0960155108391487
    endloop
  endfacet
  facet normal 0 -0.5555702330196128 -0.8314696123025381
    outer loop
      vertex 149.8 107.775 1.34233937586588
      vertex 149.8 107.94358021496352 1.2296976774514146
      vertex 153.5 107.94358021496352 1.2296976774514146
    endloop
  endfacet
  facet normal 0 -0.44228869021900297 -0.8968727415326874
    outer loop
      vertex 149.8 107.775 1.34233937586588
      vertex 153.5 107.775 1.34233937586588
      vertex 149.8 107.5931593201659 1.4320132753924946
    endloop
  endfacet
  facet normal 0 -0.6593458151000634 -0.751839807478982
    outer loop
      vertex 149.8 107.94358021496352 1.2296976774514146
      vertex 153.5 108.09601551083915 1.0960155108391487
      vertex 153.5 107.94358021496352 1.2296976774514146
    endloop
  endfacet
  facet normal 0 -0.5555702330196128 -0.8314696123025381
    outer loop
      vertex 149.8 107.775 1.34233937586588
      vertex 153.5 107.94358021496352 1.2296976774514146
      vertex 153.5 107.775 1.34233937586588
    endloop
  endfacet
  facet normal 0 -0.44228869021900297 -0.8968727415326874
    outer loop
      vertex 149.8 107.5931593201659 1.4320132753924946
      vertex 153.5 107.775 1.34233937586588
      vertex 153.5 107.5931593201659 1.4320132753924946
    endloop
  endfacet
  facet normal -1 0 0
    outer loop
      vertex 149.8 106.225 1.34233937586588
      vertex 149.8 104 2.75
      vertex 149.8 106.4068406798341 1.4320132753924946
    endloop
  endfacet
  facet normal -1 0 0
    outer loop
      vertex 149.8 106.4068406798341 1.4320132753924946
      vertex 149.8 104 2.75
      vertex 149.8 106.5988304800911 1.4971850307480559
    endloop
  endfacet
  facet normal -1 0 0
    outer loop
      vertex 149.8 106.5988304800911 1.4971850307480559
      vertex 149.8 104 2.75
      vertex 149.8 110 2.75
    endloop
  endfacet
  facet normal -1 0 0
    outer loop
      vertex 149.8 106.5988304800911 1.4971850307480559
      vertex 149.8 110 2.75
      vertex 149.8 106.79768440205892 1.5367395351294062
    endloop
  endfacet
  facet normal -1 0 0
    outer loop
      vertex 149.8 106.79768440205892 1.5367395351294062
      vertex 149.8 110 2.75
      vertex 149.8 107 1.55
    endloop
  endfacet
  facet normal -1 0 0
    outer loop
      vertex 149.8 107.4011695199089 1.4971850307480559
      vertex 149.8 110 2.75
      vertex 149.8 107.5931593201659 1.4320132753924946
    endloop
  endfacet
  facet normal -1 0 0
    outer loop
      vertex 149.8 107 1.55
      vertex 149.8 110 2.75
      vertex 149.8 107.20231559794108 1.5367395351294062
    endloop
  endfacet
  facet normal -1 0 0
    outer loop
      vertex 149.8 107.20231559794108 1.5367395351294062
      vertex 149.8 110 2.75
      vertex 149.8 107.4011695199089 1.4971850307480559
    endloop
  endfacet
  facet normal -1 0 0
    outer loop
      vertex 149.8 107.775 1.34233937586588
      vertex 149.8 107.5931593201659 1.4320132753924946
      vertex 149.8 110 2.75
    endloop
  endfacet
  facet normal 1 0 0
    outer loop
      vertex 153.5 104 -3
      vertex 153.5 105.50281496925194 -0.40116951990890715
      vertex 153.5 104 3
    endloop
  endfacet
  facet normal 1 0 0
    outer loop
      vertex 153.5 104 -3
      vertex 153.5 104 3
      vertex 153.5 99 3
    endloop
  endfacet
  facet normal 1 0 0
    outer loop
      vertex 153.5 110 -3
      vertex 153.5 110 3
      vertex 153.5 108.49718503074806 0.40116951990890715
    endloop
  endfacet
  facet normal 1 0 0
    outer loop
      vertex 153.5 104 3
      vertex 153.5 105.50281496925194 -0.40116951990890715
      vertex 153.5 105.4632604648706 -0.20231559794107995
    endloop
  endfacet
  facet normal 1 0 0
    outer loop
      vertex 153.5 104 3
      vertex 153.5 105.4632604648706 -0.20231559794107995
      vertex 153.5 105.45 0
    endloop
  endfacet
  facet normal 1 0 0
    outer loop
      vertex 153.5 104 3
      vertex 153.5 105.45 0
      vertex 153.5 105.4632604648706 0.20231559794107995
    endloop
  endfacet
  facet normal 1 0 0
    outer loop
      vertex 153.5 104 3
      vertex 153.5 105.4632604648706 0.20231559794107995
      vertex 153.5 105.50281496925194 0.40116951990890715
    endloop
  endfacet
  facet normal 1 0 0
    outer loop
      vertex 153.5 104 3
      vertex 153.5 105.50281496925194 0.40116951990890715
      vertex 153.5 105.56798672460751 0.5931593201658891
    endloop
  endfacet
  facet normal 1 0 0
    outer loop
      vertex 153.5 104 3
      vertex 153.5 105.56798672460751 0.5931593201658891
      vertex 153.5 105.65766062413412 0.775
    endloop
  endfacet
  facet normal 1 0 0
    outer loop
      vertex 153.5 104 3
      vertex 153.5 105.65766062413412 0.775
      vertex 153.5 105.77030232254859 0.9435802149635171
    endloop
  endfacet
  facet normal 1 0 0
    outer loop
      vertex 153.5 104 3
      vertex 153.5 105.77030232254859 0.9435802149635171
      vertex 153.5 105.90398448916085 1.0960155108391487
    endloop
  endfacet
  facet normal 1 0 0
    outer loop
      vertex 153.5 104 3
      vertex 153.5 105.90398448916085 1.0960155108391487
      vertex 153.5 106.05641978503648 1.2296976774514146
    endloop
  endfacet
  facet normal 1 0 0
    outer loop
      vertex 153.5 110 3
      vertex 153.5 108.43201327539249 0.5931593201658891
      vertex 153.5 108.49718503074806 0.40116951990890715
    endloop
  endfacet
  facet normal 1 0 0
    outer loop
      vertex 153.5 110 3
      vertex 153.5 108.34233937586588 0.775
      vertex 153.5 108.43201327539249 0.5931593201658891
    endloop
  endfacet
  facet normal 1 0 0
    outer loop
      vertex 153.5 110 3
      vertex 153.5 108.22969767745141 0.9435802149635171
      vertex 153.5 108.34233937586588 0.775
    endloop
  endfacet
  facet normal 1 0 0
    outer loop
      vertex 153.5 110 3
      vertex 153.5 108.09601551083915 1.0960155108391487
      vertex 153.5 108.22969767745141 0.9435802149635171
    endloop
  endfacet
  facet normal 1 0 0
    outer loop
      vertex 153.5 110 3
      vertex 153.5 107.94358021496352 1.2296976774514146
      vertex 153.5 108.09601551083915 1.0960155108391487
    endloop
  endfacet
  facet normal 1 0 0
    outer loop
      vertex 153.5 104 3
      vertex 153.5 106.05641978503648 1.2296976774514146
      vertex 153.5 106.225 1.34233937586588
    endloop
  endfacet
  facet normal 1 0 0
    outer loop
      vertex 153.5 104 3
      vertex 153.5 106.225 1.34233937586588
      vertex 153.5 106.4068406798341 1.4320132753924946
    endloop
  endfacet
  facet normal 1 0 0
    outer loop
      vertex 153.5 104 3
      vertex 153.5 106.4068406798341 1.4320132753924946
      vertex 153.5 106.5988304800911 1.4971850307480559
    endloop
  endfacet
  facet normal 1 0 0
    outer loop
      vertex 153.5 110 3
      vertex 153.5 107.775 1.34233937586588
      vertex 153.5 107.94358021496352 1.2296976774514146
    endloop
  endfacet
  facet normal 1 0 0
    outer loop
      vertex 153.5 110 3
      vertex 153.5 107.5931593201659 1.4320132753924946
      vertex 153.5 107.775 1.34233937586588
    endloop
  endfacet
  facet normal 1 0 0
    outer loop
      vertex 153.5 110 3
      vertex 153.5 106.5988304800911 1.4971850307480559
      vertex 153.5 106.79768440205892 1.5367395351294062
    endloop
  endfacet
  facet normal 1 0 0
    outer loop
      vertex 153.5 110 3
      vertex 153.5 106.79768440205892 1.5367395351294062
      vertex 153.5 107 1.55
    endloop
  endfacet
  facet normal 1 0 0
    outer loop
      vertex 153.5 110 3
      vertex 153.5 107.4011695199089 1.4971850307480559
      vertex 153.5 107.5931593201659 1.4320132753924946
    endloop
  endfacet
  facet normal 1 0 0
    outer loop
      vertex 153.5 110 3
      vertex 153.5 107 1.55
      vertex 153.5 107.20231559794108 1.5367395351294062
    endloop
  endfacet
  facet normal 1 0 0
    outer loop
      vertex 153.5 110 3
      vertex 153.5 107.20231559794108 1.5367395351294062
      vertex 153.5 107.4011695199089 1.4971850307480559
    endloop
  endfacet
  facet normal 0 0 1
    outer loop
      vertex 138.5 99 3
      vertex 141.5 99 3
      vertex 138.5 110 3
    endloop
  endfacet
  facet normal 0 0 1
    outer loop
      vertex 141.5 99 3
      vertex 141.5 104 3
      vertex 138.5 110 3
    endloop
  endfacet
  facet normal -1 0 0
    outer loop
      vertex 138.5 99 3
      vertex 138.5 110 3
      vertex 138.5 107.20231559794108 1.5367395351294062
    endloop
  endfacet
  facet normal 0 0 1
    outer loop
      vertex 141.5 104 3
      vertex 141.5 110 3
      vertex 138.5 110 3
    endloop
  endfacet
  facet normal 0 -1 0
    outer loop
      vertex 141.5 104 3
      vertex 142.2 104 2.75
      vertex 149.8 104 2.75
    endloop
  endfacet
  facet normal 0 -1 0
    outer loop
      vertex 141.5 104 3
      vertex 149.8 104 2.75
      vertex 150.5 104 3
    endloop
  endfacet
  facet normal 0 0 1
    outer loop
      vertex 150.5 99 3
      vertex 153.5 99 3
      vertex 153.5 104 3
    endloop
  endfacet
  facet normal 0 0 1
    outer loop
      vertex 150.5 99 3
      vertex 153.5 104 3
      vertex 150.5 104 3
    endloop
  endfacet
  facet normal 0 0 -1
    outer loop
      vertex 142.2 104 2.75
      vertex 142.2 110 2.75
      vertex 149.8 104 2.75
    endloop
  endfacet
  facet normal 0 1 0
    outer loop
      vertex 141.5 110 3
      vertex 149.8 110 2.75
      vertex 142.2 110 2.75
    endloop
  endfacet
  facet normal 0 0 -1
    outer loop
      vertex 149.8 104 2.75
      vertex 142.2 110 2.75
      vertex 149.8 110 2.75
    endloop
  endfacet
  facet normal 0 0 1
    outer loop
      vertex 141.5 104 3
      vertex 153.5 110 3
      vertex 141.5 110 3
    endloop
  endfacet
  facet normal 0 0 1
    outer loop
      vertex 141.5 104 3
      vertex 150.5 104 3
      vertex 153.5 110 3
    endloop
  endfacet
  facet normal 0 1 0
    outer loop
      vertex 141.5 110 3
      vertex 153.5 110 3
      vertex 149.8 110 2.75
    endloop
  endfacet
  facet normal 0 0 1
    outer loop
      vertex 150.5 104 3
      vertex 153.5 104 3
      vertex 153.5 110 3
    endloop
  endfacet
  facet normal 1 0 0
    outer loop
      vertex 153.5 104 3
      vertex 153.5 106.5988304800911 1.4971850307480559
      vertex 153.5 110 3
    endloop
  endfacet
  facet normal 0 0 -1
    outer loop
      vertex 144.56240495100798 146.81073702128094 0
      vertex 144.59940755188086 147.37528761539866 0
      vertex 144.59940755188086 146.62471238460134 0
    endloop
  endfacet
  facet normal 0 0 -1
    outer loop
      vertex 144.59940755188086 146.62471238460134 0
      vertex 144.66037467785864 147.55489097692939 0
      vertex 144.66037467785864 146.44510902307061 0
    endloop
  endfacet
  facet normal 0 0 -1
    outer loop
      vertex 144.66037467785864 146.44510902307061 0
      vertex 144.74426316451257 147.725 0
      vertex 144.74426316451257 146.275 0
    endloop
  endfacet
  facet normal 0 0 -1
    outer loop
      vertex 144.84963765657773 146.11729592793736 0
      vertex 144.9746951672795 148.0253048327205 0
      vertex 144.9746951672795 145.9746951672795 0
    endloop
  endfacet
  facet normal 0 0 -1
    outer loop
      vertex 144.74426316451257 146.275 0
      vertex 144.84963765657773 147.88270407206264 0
      vertex 144.84963765657773 146.11729592793736 0
    endloop
  endfacet
  facet normal 0 0 -1
    outer loop
      vertex 144.9746951672795 145.9746951672795 0
      vertex 145.11729592793736 148.15036234342227 0
      vertex 145.11729592793736 145.84963765657773 0
    endloop
  endfacet
  facet normal 0 0 -1
    outer loop
      vertex 145.11729592793736 145.84963765657773 0
      vertex 145.275 148.25573683548743 0
      vertex 145.275 145.74426316451257 0
    endloop
  endfacet
  facet normal 0 0 -1
    outer loop
      vertex 144.56240495100798 147.18926297871906 0
      vertex 144.56240495100798 146.81073702128094 0
      vertex 144.55 147 0
    endloop
  endfacet
  facet normal 0 0 -1
    outer loop
      vertex 144.56240495100798 146.81073702128094 0
      vertex 144.56240495100798 147.18926297871906 0
      vertex 144.59940755188086 147.37528761539866 0
    endloop
  endfacet
  facet normal 0 0 -1
    outer loop
      vertex 144.59940755188086 146.62471238460134 0
      vertex 144.59940755188086 147.37528761539866 0
      vertex 144.66037467785864 147.55489097692939 0
    endloop
  endfacet
  facet normal 0 0 -1
    outer loop
      vertex 144.66037467785864 146.44510902307061 0
      vertex 144.66037467785864 147.55489097692939 0
      vertex 144.74426316451257 147.725 0
    endloop
  endfacet
  facet normal 0 0 -1
    outer loop
      vertex 144.74426316451257 146.275 0
      vertex 144.74426316451257 147.725 0
      vertex 144.84963765657773 147.88270407206264 0
    endloop
  endfacet
  facet normal 0 0 -1
    outer loop
      vertex 144.84963765657773 146.11729592793736 0
      vertex 144.84963765657773 147.88270407206264 0
      vertex 144.9746951672795 148.0253048327205 0
    endloop
  endfacet
  facet normal 0 0 -1
    outer loop
      vertex 144.9746951672795 145.9746951672795 0
      vertex 144.9746951672795 148.0253048327205 0
      vertex 145.11729592793736 148.15036234342227 0
    endloop
  endfacet
  facet normal 0 0 -1
    outer loop
      vertex 145.11729592793736 145.84963765657773 0
      vertex 145.11729592793736 148.15036234342227 0
      vertex 145.275 148.25573683548743 0
    endloop
  endfacet
  facet normal 0 0 -1
    outer loop
      vertex 145.275 145.74426316451257 0
      vertex 145.44510902307061 148.33962532214136 0
      vertex 145.44510902307061 145.66037467785864 0
    endloop
  endfacet
  facet normal 0 0 -1
    outer loop
      vertex 145.44510902307061 145.66037467785864 0
      vertex 145.62471238460134 148.40059244811914 0
      vertex 145.62471238460134 145.59940755188086 0
    endloop
  endfacet
  facet normal 0 0 -1
    outer loop
      vertex 145.62471238460134 145.59940755188086 0
      vertex 145.81073702128094 148.43759504899202 0
      vertex 145.81073702128094 145.56240495100798 0
    endloop
  endfacet
  facet normal 0 0 -1
    outer loop
      vertex 145.81073702128094 145.56240495100798 0
      vertex 146 148.45 0
      vertex 146 145.55 0
    endloop
  endfacet
  facet normal 0 0 -1
    outer loop
      vertex 146 145.55 0
      vertex 146.18926297871906 148.43759504899202 0
      vertex 146.18926297871906 145.56240495100798 0
    endloop
  endfacet
  facet normal 0 0 -1
    outer loop
      vertex 146.18926297871906 145.56240495100798 0
      vertex 146.37528761539866 148.40059244811914 0
      vertex 146.37528761539866 145.59940755188086 0
    endloop
  endfacet
  facet normal 0 0 -1
    outer loop
      vertex 146.37528761539866 145.59940755188086 0
      vertex 146.55489097692939 148.33962532214136 0
      vertex 146.55489097692939 145.66037467785864 0
    endloop
  endfacet
  facet normal 0 0 -1
    outer loop
      vertex 145.275 145.74426316451257 0
      vertex 145.275 148.25573683548743 0
      vertex 145.44510902307061 148.33962532214136 0
    endloop
  endfacet
  facet normal 0 0 -1
    outer loop
      vertex 145.44510902307061 145.66037467785864 0
      vertex 145.44510902307061 148.33962532214136 0
      vertex 145.62471238460134 148.40059244811914 0
    endloop
  endfacet
  facet normal 0 0 -1
    outer loop
      vertex 145.62471238460134 145.59940755188086 0
      vertex 145.62471238460134 148.40059244811914 0
      vertex 145.81073702128094 148.43759504899202 0
    endloop
  endfacet
  facet normal 0 0 -1
    outer loop
      vertex 145.81073702128094 145.56240495100798 0
      vertex 145.81073702128094 148.43759504899202 0
      vertex 146 148.45 0
    endloop
  endfacet
  facet normal 0 0 -1
    outer loop
      vertex 146 145.55 0
      vertex 146 148.45 0
      vertex 146.18926297871906 148.43759504899202 0
    endloop
  endfacet
  facet normal 0 0 -1
    outer loop
      vertex 146.18926297871906 145.56240495100798 0
      vertex 146.18926297871906 148.43759504899202 0
      vertex 146.37528761539866 148.40059244811914 0
    endloop
  endfacet
  facet normal 0 0 -1
    outer loop
      vertex 146.37528761539866 145.59940755188086 0
      vertex 146.37528761539866 148.40059244811914 0
      vertex 146.55489097692939 148.33962532214136 0
    endloop
  endfacet
  facet normal 0 0 -1
    outer loop
      vertex 146.55489097692939 145.66037467785864 0
      vertex 146.725 148.25573683548743 0
      vertex 146.725 145.74426316451257 0
    endloop
  endfacet
  facet normal 0 0 -1
    outer loop
      vertex 146.725 145.74426316451257 0
      vertex 146.88270407206264 148.15036234342227 0
      vertex 146.88270407206264 145.84963765657773 0
    endloop
  endfacet
  facet normal 0 0 -1
    outer loop
      vertex 146.88270407206264 145.84963765657773 0
      vertex 147.0253048327205 148.0253048327205 0
      vertex 147.0253048327205 145.9746951672795 0
    endloop
  endfacet
  facet normal 0 0 -1
    outer loop
      vertex 147.0253048327205 145.9746951672795 0
      vertex 147.15036234342227 147.88270407206264 0
      vertex 147.15036234342227 146.11729592793736 0
    endloop
  endfacet
  facet normal 0 0 -1
    outer loop
      vertex 147.15036234342227 146.11729592793736 0
      vertex 147.25573683548743 147.725 0
      vertex 147.25573683548743 146.275 0
    endloop
  endfacet
  facet normal 0 0 -1
    outer loop
      vertex 147.25573683548743 146.275 0
      vertex 147.33962532214136 147.55489097692939 0
      vertex 147.33962532214136 146.44510902307061 0
    endloop
  endfacet
  facet normal 0 0 -1
    outer loop
      vertex 147.33962532214136 146.44510902307061 0
      vertex 147.40059244811914 147.37528761539866 0
      vertex 147.40059244811914 146.62471238460134 0
    endloop
  endfacet
  facet normal 0 0 -1
    outer loop
      vertex 147.40059244811914 146.62471238460134 0
      vertex 147.43759504899202 147.18926297871906 0
      vertex 147.43759504899202 146.81073702128094 0
    endloop
  endfacet
  facet normal 0 0 -1
    outer loop
      vertex 146.55489097692939 145.66037467785864 0
      vertex 146.55489097692939 148.33962532214136 0
      vertex 146.725 148.25573683548743 0
    endloop
  endfacet
  facet normal 0 0 -1
    outer loop
      vertex 146.725 145.74426316451257 0
      vertex 146.725 148.25573683548743 0
      vertex 146.88270407206264 148.15036234342227 0
    endloop
  endfacet
  facet normal 0 0 -1
    outer loop
      vertex 147.0253048327205 145.9746951672795 0
      vertex 147.0253048327205 148.0253048327205 0
      vertex 147.15036234342227 147.88270407206264 0
    endloop
  endfacet
  facet normal 0 0 -1
    outer loop
      vertex 146.88270407206264 145.84963765657773 0
      vertex 146.88270407206264 148.15036234342227 0
      vertex 147.0253048327205 148.0253048327205 0
    endloop
  endfacet
  facet normal 0 0 -1
    outer loop
      vertex 147.15036234342227 146.11729592793736 0
      vertex 147.15036234342227 147.88270407206264 0
      vertex 147.25573683548743 147.725 0
    endloop
  endfacet
  facet normal 0 0 -1
    outer loop
      vertex 147.25573683548743 146.275 0
      vertex 147.25573683548743 147.725 0
      vertex 147.33962532214136 147.55489097692939 0
    endloop
  endfacet
  facet normal 0 0 -1
    outer loop
      vertex 147.43759504899202 146.81073702128094 0
      vertex 147.43759504899202 147.18926297871906 0
      vertex 147.45 147 0
    endloop
  endfacet
  facet normal 0 0 -1
    outer loop
      vertex 147.40059244811914 146.62471238460134 0
      vertex 147.40059244811914 147.37528761539866 0
      vertex 147.43759504899202 147.18926297871906 0
    endloop
  endfacet
  facet normal 0 0 -1
    outer loop
      vertex 147.33962532214136 146.44510902307061 0
      vertex 147.33962532214136 147.55489097692939 0
      vertex 147.40059244811914 147.37528761539866 0
    endloop
  endfacet
  facet normal -0.9469301294951058 -0.3214394653031609 0
    outer loop
      vertex 144.66037467785864 146.44510902307061 0
      vertex 144.59940755188086 146.62471238460134 16
      vertex 144.59940755188086 146.62471238460134 0
    endloop
  endfacet
  facet normal -0.98078528040323 -0.19509032201613072 0
    outer loop
      vertex 144.59940755188086 146.62471238460134 0
      vertex 144.56240495100798 146.81073702128094 16
      vertex 144.56240495100798 146.81073702128094 0
    endloop
  endfacet
  facet normal -0.9978589232386063 -0.0654031292301013 0
    outer loop
      vertex 144.56240495100798 146.81073702128094 0
      vertex 144.55 147 16
      vertex 144.55 147 0
    endloop
  endfacet
  facet normal -0.8314696123025237 -0.5555702330196345 0
    outer loop
      vertex 144.84963765657773 146.11729592793736 0
      vertex 144.74426316451257 146.275 16
      vertex 144.74426316451257 146.275 0
    endloop
  endfacet
  facet normal -0.7518398074791104 -0.6593458150999173 0
    outer loop
      vertex 144.9746951672795 145.9746951672795 0
      vertex 144.84963765657773 146.11729592793736 16
      vertex 144.84963765657773 146.11729592793736 0
    endloop
  endfacet
  facet normal -0.5555702330196345 -0.8314696123025237 0
    outer loop
      vertex 145.275 145.74426316451257 16
      vertex 145.11729592793736 145.84963765657773 0
      vertex 145.275 145.74426316451257 0
    endloop
  endfacet
  facet normal -0.6593458150999173 -0.7518398074791104 0
    outer loop
      vertex 145.11729592793736 145.84963765657773 16
      vertex 144.9746951672795 145.9746951672795 0
      vertex 145.11729592793736 145.84963765657773 0
    endloop
  endfacet
  facet normal -0.8968727415326697 -0.442288690219039 0
    outer loop
      vertex 144.74426316451257 146.275 0
      vertex 144.66037467785864 146.44510902307061 16
      vertex 144.66037467785864 146.44510902307061 0
    endloop
  endfacet
  facet normal -0.9978589232386063 0.0654031292301013 0
    outer loop
      vertex 144.55 147 0
      vertex 144.56240495100798 147.18926297871906 16
      vertex 144.56240495100798 147.18926297871906 0
    endloop
  endfacet
  facet normal -0.98078528040323 0.19509032201613072 0
    outer loop
      vertex 144.56240495100798 147.18926297871906 0
      vertex 144.59940755188086 147.37528761539866 16
      vertex 144.59940755188086 147.37528761539866 0
    endloop
  endfacet
  facet normal -0.9469301294951058 0.3214394653031609 0
    outer loop
      vertex 144.59940755188086 147.37528761539866 0
      vertex 144.66037467785864 147.55489097692939 16
      vertex 144.66037467785864 147.55489097692939 0
    endloop
  endfacet
  facet normal -0.8968727415326697 0.442288690219039 0
    outer loop
      vertex 144.66037467785864 147.55489097692939 0
      vertex 144.74426316451257 147.725 16
      vertex 144.74426316451257 147.725 0
    endloop
  endfacet
  facet normal -0.8314696123025237 0.5555702330196345 0
    outer loop
      vertex 144.74426316451257 147.725 0
      vertex 144.84963765657773 147.88270407206264 16
      vertex 144.84963765657773 147.88270407206264 0
    endloop
  endfacet
  facet normal -0.7518398074791104 0.6593458150999173 0
    outer loop
      vertex 144.84963765657773 147.88270407206264 0
      vertex 144.9746951672795 148.0253048327205 16
      vertex 144.9746951672795 148.0253048327205 0
    endloop
  endfacet
  facet normal -0.6593458150999173 0.7518398074791104 0
    outer loop
      vertex 144.9746951672795 148.0253048327205 16
      vertex 145.11729592793736 148.15036234342227 0
      vertex 144.9746951672795 148.0253048327205 0
    endloop
  endfacet
  facet normal -0.5555702330196345 0.8314696123025237 0
    outer loop
      vertex 145.11729592793736 148.15036234342227 16
      vertex 145.275 148.25573683548743 0
      vertex 145.11729592793736 148.15036234342227 0
    endloop
  endfacet
  facet normal -0.442288690219039 -0.8968727415326697 0
    outer loop
      vertex 145.44510902307061 145.66037467785864 16
      vertex 145.275 145.74426316451257 0
      vertex 145.44510902307061 145.66037467785864 0
    endloop
  endfacet
  facet normal -0.3214394653031609 -0.9469301294951058 0
    outer loop
      vertex 145.62471238460134 145.59940755188086 16
      vertex 145.44510902307061 145.66037467785864 0
      vertex 145.62471238460134 145.59940755188086 0
    endloop
  endfacet
  facet normal -0.19509032201613072 -0.98078528040323 0
    outer loop
      vertex 145.81073702128094 145.56240495100798 16
      vertex 145.62471238460134 145.59940755188086 0
      vertex 145.81073702128094 145.56240495100798 0
    endloop
  endfacet
  facet normal -0.0654031292301013 -0.9978589232386063 0
    outer loop
      vertex 146 145.55 16
      vertex 145.81073702128094 145.56240495100798 0
      vertex 146 145.55 0
    endloop
  endfacet
  facet normal 0.0654031292301013 -0.9978589232386063 0
    outer loop
      vertex 146.18926297871906 145.56240495100798 16
      vertex 146 145.55 0
      vertex 146.18926297871906 145.56240495100798 0
    endloop
  endfacet
  facet normal 0.19509032201613072 -0.98078528040323 0
    outer loop
      vertex 146.37528761539866 145.59940755188086 16
      vertex 146.18926297871906 145.56240495100798 0
      vertex 146.37528761539866 145.59940755188086 0
    endloop
  endfacet
  facet normal 0.3214394653031609 -0.9469301294951058 0
    outer loop
      vertex 146.55489097692939 145.66037467785864 16
      vertex 146.37528761539866 145.59940755188086 0
      vertex 146.55489097692939 145.66037467785864 0
    endloop
  endfacet
  facet normal -0.442288690219039 0.8968727415326697 0
    outer loop
      vertex 145.275 148.25573683548743 16
      vertex 145.44510902307061 148.33962532214136 0
      vertex 145.275 148.25573683548743 0
    endloop
  endfacet
  facet normal -0.3214394653031609 0.9469301294951058 0
    outer loop
      vertex 145.44510902307061 148.33962532214136 16
      vertex 145.62471238460134 148.40059244811914 0
      vertex 145.44510902307061 148.33962532214136 0
    endloop
  endfacet
  facet normal 0.3214394653031609 0.9469301294951058 0
    outer loop
      vertex 146.37528761539866 148.40059244811914 16
      vertex 146.55489097692939 148.33962532214136 0
      vertex 146.37528761539866 148.40059244811914 0
    endloop
  endfacet
  facet normal 0.442288690219039 -0.8968727415326697 0
    outer loop
      vertex 146.725 145.74426316451257 16
      vertex 146.55489097692939 145.66037467785864 0
      vertex 146.725 145.74426316451257 0
    endloop
  endfacet
  facet normal 0.5555702330196345 -0.8314696123025237 0
    outer loop
      vertex 146.88270407206264 145.84963765657773 16
      vertex 146.725 145.74426316451257 0
      vertex 146.88270407206264 145.84963765657773 0
    endloop
  endfacet
  facet normal 0.6593458150999173 -0.7518398074791104 0
    outer loop
      vertex 147.0253048327205 145.9746951672795 16
      vertex 146.88270407206264 145.84963765657773 0
      vertex 147.0253048327205 145.9746951672795 0
    endloop
  endfacet
  facet normal 0.7518398074791104 -0.6593458150999173 0
    outer loop
      vertex 147.15036234342227 146.11729592793736 0
      vertex 147.0253048327205 145.9746951672795 16
      vertex 147.0253048327205 145.9746951672795 0
    endloop
  endfacet
  facet normal 0.8314696123025237 -0.5555702330196345 0
    outer loop
      vertex 147.25573683548743 146.275 0
      vertex 147.15036234342227 146.11729592793736 16
      vertex 147.15036234342227 146.11729592793736 0
    endloop
  endfacet
  facet normal 0.8968727415326697 -0.442288690219039 0
    outer loop
      vertex 147.33962532214136 146.44510902307061 0
      vertex 147.25573683548743 146.275 16
      vertex 147.25573683548743 146.275 0
    endloop
  endfacet
  facet normal 0.9469301294951058 -0.3214394653031609 0
    outer loop
      vertex 147.40059244811914 146.62471238460134 0
      vertex 147.33962532214136 146.44510902307061 16
      vertex 147.33962532214136 146.44510902307061 0
    endloop
  endfacet
  facet normal 0.98078528040323 -0.19509032201613072 0
    outer loop
      vertex 147.43759504899202 146.81073702128094 0
      vertex 147.40059244811914 146.62471238460134 16
      vertex 147.40059244811914 146.62471238460134 0
    endloop
  endfacet
  facet normal 0.9978589232386063 -0.0654031292301013 0
    outer loop
      vertex 147.45 147 0
      vertex 147.43759504899202 146.81073702128094 16
      vertex 147.43759504899202 146.81073702128094 0
    endloop
  endfacet
  facet normal 0.442288690219039 0.8968727415326697 0
    outer loop
      vertex 146.55489097692939 148.33962532214136 16
      vertex 146.725 148.25573683548743 0
      vertex 146.55489097692939 148.33962532214136 0
    endloop
  endfacet
  facet normal 0.5555702330196345 0.8314696123025237 0
    outer loop
      vertex 146.725 148.25573683548743 16
      vertex 146.88270407206264 148.15036234342227 0
      vertex 146.725 148.25573683548743 0
    endloop
  endfacet
  facet normal 0.7518398074791104 0.6593458150999173 0
    outer loop
      vertex 147.0253048327205 148.0253048327205 0
      vertex 147.15036234342227 147.88270407206264 16
      vertex 147.15036234342227 147.88270407206264 0
    endloop
  endfacet
  facet normal 0.6593458150999173 0.7518398074791104 0
    outer loop
      vertex 146.88270407206264 148.15036234342227 16
      vertex 147.0253048327205 148.0253048327205 0
      vertex 146.88270407206264 148.15036234342227 0
    endloop
  endfacet
  facet normal 0.9978589232386063 0.0654031292301013 0
    outer loop
      vertex 147.43759504899202 147.18926297871906 0
      vertex 147.45 147 16
      vertex 147.45 147 0
    endloop
  endfacet
  facet normal 0.98078528040323 0.19509032201613072 0
    outer loop
      vertex 147.40059244811914 147.37528761539866 0
      vertex 147.43759504899202 147.18926297871906 16
      vertex 147.43759504899202 147.18926297871906 0
    endloop
  endfacet
  facet normal 0.8968727415326697 0.442288690219039 0
    outer loop
      vertex 147.25573683548743 147.725 0
      vertex 147.33962532214136 147.55489097692939 16
      vertex 147.33962532214136 147.55489097692939 0
    endloop
  endfacet
  facet normal 0.9469301294951058 0.3214394653031609 0
    outer loop
      vertex 147.33962532214136 147.55489097692939 0
      vertex 147.40059244811914 147.37528761539866 16
      vertex 147.40059244811914 147.37528761539866 0
    endloop
  endfacet
  facet normal 0.8314696123025237 0.5555702330196345 0
    outer loop
      vertex 147.15036234342227 147.88270407206264 0
      vertex 147.25573683548743 147.725 16
      vertex 147.25573683548743 147.725 0
    endloop
  endfacet
  facet normal -0.19509032201613072 0.98078528040323 0
    outer loop
      vertex 145.62471238460134 148.40059244811914 16
      vertex 145.81073702128094 148.43759504899202 0
      vertex 145.62471238460134 148.40059244811914 0
    endloop
  endfacet
  facet normal -0.0654031292301013 0.9978589232386063 0
    outer loop
      vertex 145.81073702128094 148.43759504899202 16
      vertex 146 148.45 0
      vertex 145.81073702128094 148.43759504899202 0
    endloop
  endfacet
  facet normal 0.0654031292301013 0.9978589232386063 0
    outer loop
      vertex 146 148.45 16
      vertex 146.18926297871906 148.43759504899202 0
      vertex 146 148.45 0
    endloop
  endfacet
  facet normal 0.19509032201613072 0.98078528040323 0
    outer loop
      vertex 146.18926297871906 148.43759504899202 16
      vertex 146.37528761539866 148.40059244811914 0
      vertex 146.18926297871906 148.43759504899202 0
    endloop
  endfacet
  facet normal 0 0 1
    outer loop
      vertex 117.9 100 8
      vertex 121.9 100 8
      vertex 117.9 114 8
    endloop
  endfacet
  facet normal 0 0 1
    outer loop
      vertex 121.9 100 8
      vertex 121.9 114 8
      vertex 117.9 114 8
    endloop
  endfacet
  facet normal -0.98078528040323 -0.19509032201613072 0
    outer loop
      vertex 144.56240495100798 146.81073702128094 16
      vertex 144.59940755188086 146.62471238460134 0
      vertex 144.59940755188086 146.62471238460134 16
    endloop
  endfacet
  facet normal -0.9978589232386063 -0.0654031292301013 0
    outer loop
      vertex 144.55 147 16
      vertex 144.56240495100798 146.81073702128094 0
      vertex 144.56240495100798 146.81073702128094 16
    endloop
  endfacet
  facet normal -0.7518398074791104 -0.6593458150999173 0
    outer loop
      vertex 144.84963765657773 146.11729592793736 16
      vertex 144.9746951672795 145.9746951672795 0
      vertex 144.9746951672795 145.9746951672795 16
    endloop
  endfacet
  facet normal -0.8314696123025237 -0.5555702330196345 0
    outer loop
      vertex 144.74426316451257 146.275 16
      vertex 144.84963765657773 146.11729592793736 0
      vertex 144.84963765657773 146.11729592793736 16
    endloop
  endfacet
  facet normal -0.5555702330196345 -0.8314696123025237 0
    outer loop
      vertex 145.11729592793736 145.84963765657773 0
      vertex 145.275 145.74426316451257 16
      vertex 145.11729592793736 145.84963765657773 16
    endloop
  endfacet
  facet normal -0.6593458150999173 -0.7518398074791104 0
    outer loop
      vertex 144.9746951672795 145.9746951672795 0
      vertex 145.11729592793736 145.84963765657773 16
      vertex 144.9746951672795 145.9746951672795 16
    endloop
  endfacet
  facet normal -0.8968727415326697 -0.442288690219039 0
    outer loop
      vertex 144.66037467785864 146.44510902307061 16
      vertex 144.74426316451257 146.275 0
      vertex 144.74426316451257 146.275 16
    endloop
  endfacet
  facet normal -0.9469301294951058 -0.3214394653031609 0
    outer loop
      vertex 144.59940755188086 146.62471238460134 16
      vertex 144.66037467785864 146.44510902307061 0
      vertex 144.66037467785864 146.44510902307061 16
    endloop
  endfacet
  facet normal -0.9978589232386063 0.0654031292301013 0
    outer loop
      vertex 144.56240495100798 147.18926297871906 16
      vertex 144.55 147 0
      vertex 144.55 147 16
    endloop
  endfacet
  facet normal -0.98078528040323 0.19509032201613072 0
    outer loop
      vertex 144.59940755188086 147.37528761539866 16
      vertex 144.56240495100798 147.18926297871906 0
      vertex 144.56240495100798 147.18926297871906 16
    endloop
  endfacet
  facet normal -0.9469301294951058 0.3214394653031609 0
    outer loop
      vertex 144.66037467785864 147.55489097692939 16
      vertex 144.59940755188086 147.37528761539866 0
      vertex 144.59940755188086 147.37528761539866 16
    endloop
  endfacet
  facet normal -0.8968727415326697 0.442288690219039 0
    outer loop
      vertex 144.74426316451257 147.725 16
      vertex 144.66037467785864 147.55489097692939 0
      vertex 144.66037467785864 147.55489097692939 16
    endloop
  endfacet
  facet normal -0.8314696123025237 0.5555702330196345 0
    outer loop
      vertex 144.84963765657773 147.88270407206264 16
      vertex 144.74426316451257 147.725 0
      vertex 144.74426316451257 147.725 16
    endloop
  endfacet
  facet normal -0.7518398074791104 0.6593458150999173 0
    outer loop
      vertex 144.9746951672795 148.0253048327205 16
      vertex 144.84963765657773 147.88270407206264 0
      vertex 144.84963765657773 147.88270407206264 16
    endloop
  endfacet
  facet normal -0.6593458150999173 0.7518398074791104 0
    outer loop
      vertex 145.11729592793736 148.15036234342227 0
      vertex 144.9746951672795 148.0253048327205 16
      vertex 145.11729592793736 148.15036234342227 16
    endloop
  endfacet
  facet normal -0.5555702330196345 0.8314696123025237 0
    outer loop
      vertex 145.275 148.25573683548743 0
      vertex 145.11729592793736 148.15036234342227 16
      vertex 145.275 148.25573683548743 16
    endloop
  endfacet
  facet normal -0.442288690219039 -0.8968727415326697 0
    outer loop
      vertex 145.275 145.74426316451257 0
      vertex 145.44510902307061 145.66037467785864 16
      vertex 145.275 145.74426316451257 16
    endloop
  endfacet
  facet normal -0.3214394653031609 -0.9469301294951058 0
    outer loop
      vertex 145.44510902307061 145.66037467785864 0
      vertex 145.62471238460134 145.59940755188086 16
      vertex 145.44510902307061 145.66037467785864 16
    endloop
  endfacet
  facet normal -0.19509032201613072 -0.98078528040323 0
    outer loop
      vertex 145.62471238460134 145.59940755188086 0
      vertex 145.81073702128094 145.56240495100798 16
      vertex 145.62471238460134 145.59940755188086 16
    endloop
  endfacet
  facet normal -0.0654031292301013 -0.9978589232386063 0
    outer loop
      vertex 145.81073702128094 145.56240495100798 0
      vertex 146 145.55 16
      vertex 145.81073702128094 145.56240495100798 16
    endloop
  endfacet
  facet normal 0.0654031292301013 -0.9978589232386063 0
    outer loop
      vertex 146 145.55 0
      vertex 146.18926297871906 145.56240495100798 16
      vertex 146 145.55 16
    endloop
  endfacet
  facet normal 0.19509032201613072 -0.98078528040323 0
    outer loop
      vertex 146.18926297871906 145.56240495100798 0
      vertex 146.37528761539866 145.59940755188086 16
      vertex 146.18926297871906 145.56240495100798 16
    endloop
  endfacet
  facet normal 0.3214394653031609 -0.9469301294951058 0
    outer loop
      vertex 146.37528761539866 145.59940755188086 0
      vertex 146.55489097692939 145.66037467785864 16
      vertex 146.37528761539866 145.59940755188086 16
    endloop
  endfacet
  facet normal -0.442288690219039 0.8968727415326697 0
    outer loop
      vertex 145.44510902307061 148.33962532214136 0
      vertex 145.275 148.25573683548743 16
      vertex 145.44510902307061 148.33962532214136 16
    endloop
  endfacet
  facet normal -0.3214394653031609 0.9469301294951058 0
    outer loop
      vertex 145.62471238460134 148.40059244811914 0
      vertex 145.44510902307061 148.33962532214136 16
      vertex 145.62471238460134 148.40059244811914 16
    endloop
  endfacet
  facet normal 0.3214394653031609 0.9469301294951058 0
    outer loop
      vertex 146.55489097692939 148.33962532214136 0
      vertex 146.37528761539866 148.40059244811914 16
      vertex 146.55489097692939 148.33962532214136 16
    endloop
  endfacet
  facet normal 0.442288690219039 -0.8968727415326697 0
    outer loop
      vertex 146.55489097692939 145.66037467785864 0
      vertex 146.725 145.74426316451257 16
      vertex 146.55489097692939 145.66037467785864 16
    endloop
  endfacet
  facet normal 0.5555702330196345 -0.8314696123025237 0
    outer loop
      vertex 146.725 145.74426316451257 0
      vertex 146.88270407206264 145.84963765657773 16
      vertex 146.725 145.74426316451257 16
    endloop
  endfacet
  facet normal 0.6593458150999173 -0.7518398074791104 0
    outer loop
      vertex 146.88270407206264 145.84963765657773 0
      vertex 147.0253048327205 145.9746951672795 16
      vertex 146.88270407206264 145.84963765657773 16
    endloop
  endfacet
  facet normal 0.7518398074791104 -0.6593458150999173 0
    outer loop
      vertex 147.0253048327205 145.9746951672795 16
      vertex 147.15036234342227 146.11729592793736 0
      vertex 147.15036234342227 146.11729592793736 16
    endloop
  endfacet
  facet normal 0.8314696123025237 -0.5555702330196345 0
    outer loop
      vertex 147.15036234342227 146.11729592793736 16
      vertex 147.25573683548743 146.275 0
      vertex 147.25573683548743 146.275 16
    endloop
  endfacet
  facet normal 0.8968727415326697 -0.442288690219039 0
    outer loop
      vertex 147.25573683548743 146.275 16
      vertex 147.33962532214136 146.44510902307061 0
      vertex 147.33962532214136 146.44510902307061 16
    endloop
  endfacet
  facet normal 0.9469301294951058 -0.3214394653031609 0
    outer loop
      vertex 147.33962532214136 146.44510902307061 16
      vertex 147.40059244811914 146.62471238460134 0
      vertex 147.40059244811914 146.62471238460134 16
    endloop
  endfacet
  facet normal 0.98078528040323 -0.19509032201613072 0
    outer loop
      vertex 147.40059244811914 146.62471238460134 16
      vertex 147.43759504899202 146.81073702128094 0
      vertex 147.43759504899202 146.81073702128094 16
    endloop
  endfacet
  facet normal 0.9978589232386063 -0.0654031292301013 0
    outer loop
      vertex 147.43759504899202 146.81073702128094 16
      vertex 147.45 147 0
      vertex 147.45 147 16
    endloop
  endfacet
  facet normal 0.442288690219039 0.8968727415326697 0
    outer loop
      vertex 146.725 148.25573683548743 0
      vertex 146.55489097692939 148.33962532214136 16
      vertex 146.725 148.25573683548743 16
    endloop
  endfacet
  facet normal 0.5555702330196345 0.8314696123025237 0
    outer loop
      vertex 146.88270407206264 148.15036234342227 0
      vertex 146.725 148.25573683548743 16
      vertex 146.88270407206264 148.15036234342227 16
    endloop
  endfacet
  facet normal 0.7518398074791104 0.6593458150999173 0
    outer loop
      vertex 147.15036234342227 147.88270407206264 16
      vertex 147.0253048327205 148.0253048327205 0
      vertex 147.0253048327205 148.0253048327205 16
    endloop
  endfacet
  facet normal 0.6593458150999173 0.7518398074791104 0
    outer loop
      vertex 147.0253048327205 148.0253048327205 0
      vertex 146.88270407206264 148.15036234342227 16
      vertex 147.0253048327205 148.0253048327205 16
    endloop
  endfacet
  facet normal 0.9978589232386063 0.0654031292301013 0
    outer loop
      vertex 147.45 147 16
      vertex 147.43759504899202 147.18926297871906 0
      vertex 147.43759504899202 147.18926297871906 16
    endloop
  endfacet
  facet normal 0.98078528040323 0.19509032201613072 0
    outer loop
      vertex 147.43759504899202 147.18926297871906 16
      vertex 147.40059244811914 147.37528761539866 0
      vertex 147.40059244811914 147.37528761539866 16
    endloop
  endfacet
  facet normal 0.8968727415326697 0.442288690219039 0
    outer loop
      vertex 147.33962532214136 147.55489097692939 16
      vertex 147.25573683548743 147.725 0
      vertex 147.25573683548743 147.725 16
    endloop
  endfacet
  facet normal 0.9469301294951058 0.3214394653031609 0
    outer loop
      vertex 147.40059244811914 147.37528761539866 16
      vertex 147.33962532214136 147.55489097692939 0
      vertex 147.33962532214136 147.55489097692939 16
    endloop
  endfacet
  facet normal 0.8314696123025237 0.5555702330196345 0
    outer loop
      vertex 147.25573683548743 147.725 16
      vertex 147.15036234342227 147.88270407206264 0
      vertex 147.15036234342227 147.88270407206264 16
    endloop
  endfacet
  facet normal -0.19509032201613072 0.98078528040323 0
    outer loop
      vertex 145.81073702128094 148.43759504899202 0
      vertex 145.62471238460134 148.40059244811914 16
      vertex 145.81073702128094 148.43759504899202 16
    endloop
  endfacet
  facet normal -0.0654031292301013 0.9978589232386063 0
    outer loop
      vertex 146 148.45 0
      vertex 145.81073702128094 148.43759504899202 16
      vertex 146 148.45 16
    endloop
  endfacet
  facet normal 0.0654031292301013 0.9978589232386063 0
    outer loop
      vertex 146.18926297871906 148.43759504899202 0
      vertex 146 148.45 16
      vertex 146.18926297871906 148.43759504899202 16
    endloop
  endfacet
  facet normal 0.19509032201613072 0.98078528040323 0
    outer loop
      vertex 146.37528761539866 148.40059244811914 0
      vertex 146.18926297871906 148.43759504899202 16
      vertex 146.37528761539866 148.40059244811914 16
    endloop
  endfacet
  facet normal 0 0 1
    outer loop
      vertex 144.56240495100798 147.18926297871906 16
      vertex 144.56240495100798 146.81073702128094 16
      vertex 144.59940755188086 146.62471238460134 16
    endloop
  endfacet
  facet normal 0 0 1
    outer loop
      vertex 144.59940755188086 147.37528761539866 16
      vertex 144.59940755188086 146.62471238460134 16
      vertex 144.66037467785864 146.44510902307061 16
    endloop
  endfacet
  facet normal 0 0 1
    outer loop
      vertex 144.74426316451257 147.725 16
      vertex 144.74426316451257 146.275 16
      vertex 144.84963765657773 146.11729592793736 16
    endloop
  endfacet
  facet normal 0 0 1
    outer loop
      vertex 144.66037467785864 147.55489097692939 16
      vertex 144.66037467785864 146.44510902307061 16
      vertex 144.74426316451257 146.275 16
    endloop
  endfacet
  facet normal 0 0 1
    outer loop
      vertex 144.84963765657773 147.88270407206264 16
      vertex 144.84963765657773 146.11729592793736 16
      vertex 144.9746951672795 145.9746951672795 16
    endloop
  endfacet
  facet normal 0 0 1
    outer loop
      vertex 145.11729592793736 148.15036234342227 16
      vertex 145.11729592793736 145.84963765657773 16
      vertex 145.275 145.74426316451257 16
    endloop
  endfacet
  facet normal 0 0 1
    outer loop
      vertex 144.9746951672795 148.0253048327205 16
      vertex 144.9746951672795 145.9746951672795 16
      vertex 145.11729592793736 145.84963765657773 16
    endloop
  endfacet
  facet normal 0 0 1
    outer loop
      vertex 144.56240495100798 146.81073702128094 16
      vertex 144.56240495100798 147.18926297871906 16
      vertex 144.55 147 16
    endloop
  endfacet
  facet normal 0 0 1
    outer loop
      vertex 144.56240495100798 147.18926297871906 16
      vertex 144.59940755188086 146.62471238460134 16
      vertex 144.59940755188086 147.37528761539866 16
    endloop
  endfacet
  facet normal 0 0 1
    outer loop
      vertex 144.59940755188086 147.37528761539866 16
      vertex 144.66037467785864 146.44510902307061 16
      vertex 144.66037467785864 147.55489097692939 16
    endloop
  endfacet
  facet normal 0 0 1
    outer loop
      vertex 144.66037467785864 147.55489097692939 16
      vertex 144.74426316451257 146.275 16
      vertex 144.74426316451257 147.725 16
    endloop
  endfacet
  facet normal 0 0 1
    outer loop
      vertex 144.74426316451257 147.725 16
      vertex 144.84963765657773 146.11729592793736 16
      vertex 144.84963765657773 147.88270407206264 16
    endloop
  endfacet
  facet normal 0 0 1
    outer loop
      vertex 144.84963765657773 147.88270407206264 16
      vertex 144.9746951672795 145.9746951672795 16
      vertex 144.9746951672795 148.0253048327205 16
    endloop
  endfacet
  facet normal 0 0 1
    outer loop
      vertex 144.9746951672795 148.0253048327205 16
      vertex 145.11729592793736 145.84963765657773 16
      vertex 145.11729592793736 148.15036234342227 16
    endloop
  endfacet
  facet normal 0 0 1
    outer loop
      vertex 145.11729592793736 148.15036234342227 16
      vertex 145.275 145.74426316451257 16
      vertex 145.275 148.25573683548743 16
    endloop
  endfacet
  facet normal 0 0 1
    outer loop
      vertex 145.275 148.25573683548743 16
      vertex 145.275 145.74426316451257 16
      vertex 145.44510902307061 145.66037467785864 16
    endloop
  endfacet
  facet normal 0 0 1
    outer loop
      vertex 145.44510902307061 148.33962532214136 16
      vertex 145.44510902307061 145.66037467785864 16
      vertex 145.62471238460134 145.59940755188086 16
    endloop
  endfacet
  facet normal 0 0 1
    outer loop
      vertex 145.62471238460134 148.40059244811914 16
      vertex 145.62471238460134 145.59940755188086 16
      vertex 145.81073702128094 145.56240495100798 16
    endloop
  endfacet
  facet normal 0 0 1
    outer loop
      vertex 145.81073702128094 148.43759504899202 16
      vertex 145.81073702128094 145.56240495100798 16
      vertex 146 145.55 16
    endloop
  endfacet
  facet normal 0 0 1
    outer loop
      vertex 146 148.45 16
      vertex 146 145.55 16
      vertex 146.18926297871906 145.56240495100798 16
    endloop
  endfacet
  facet normal 0 0 1
    outer loop
      vertex 146.18926297871906 148.43759504899202 16
      vertex 146.18926297871906 145.56240495100798 16
      vertex 146.37528761539866 145.59940755188086 16
    endloop
  endfacet
  facet normal 0 0 1
    outer loop
      vertex 146.37528761539866 148.40059244811914 16
      vertex 146.37528761539866 145.59940755188086 16
      vertex 146.55489097692939 145.66037467785864 16
    endloop
  endfacet
  facet normal 0 0 1
    outer loop
      vertex 145.275 148.25573683548743 16
      vertex 145.44510902307061 145.66037467785864 16
      vertex 145.44510902307061 148.33962532214136 16
    endloop
  endfacet
  facet normal 0 0 1
    outer loop
      vertex 145.44510902307061 148.33962532214136 16
      vertex 145.62471238460134 145.59940755188086 16
      vertex 145.62471238460134 148.40059244811914 16
    endloop
  endfacet
  facet normal 0 0 1
    outer loop
      vertex 145.62471238460134 148.40059244811914 16
      vertex 145.81073702128094 145.56240495100798 16
      vertex 145.81073702128094 148.43759504899202 16
    endloop
  endfacet
  facet normal 0 0 1
    outer loop
      vertex 145.81073702128094 148.43759504899202 16
      vertex 146 145.55 16
      vertex 146 148.45 16
    endloop
  endfacet
  facet normal 0 0 1
    outer loop
      vertex 146 148.45 16
      vertex 146.18926297871906 145.56240495100798 16
      vertex 146.18926297871906 148.43759504899202 16
    endloop
  endfacet
  facet normal 0 0 1
    outer loop
      vertex 146.18926297871906 148.43759504899202 16
      vertex 146.37528761539866 145.59940755188086 16
      vertex 146.37528761539866 148.40059244811914 16
    endloop
  endfacet
  facet normal 0 0 1
    outer loop
      vertex 146.37528761539866 148.40059244811914 16
      vertex 146.55489097692939 145.66037467785864 16
      vertex 146.55489097692939 148.33962532214136 16
    endloop
  endfacet
  facet normal 0 0 1
    outer loop
      vertex 146.55489097692939 148.33962532214136 16
      vertex 146.55489097692939 145.66037467785864 16
      vertex 146.725 145.74426316451257 16
    endloop
  endfacet
  facet normal 0 0 1
    outer loop
      vertex 146.725 148.25573683548743 16
      vertex 146.725 145.74426316451257 16
      vertex 146.88270407206264 145.84963765657773 16
    endloop
  endfacet
  facet normal 0 0 1
    outer loop
      vertex 146.88270407206264 148.15036234342227 16
      vertex 146.88270407206264 145.84963765657773 16
      vertex 147.0253048327205 145.9746951672795 16
    endloop
  endfacet
  facet normal 0 0 1
    outer loop
      vertex 147.0253048327205 148.0253048327205 16
      vertex 147.0253048327205 145.9746951672795 16
      vertex 147.15036234342227 146.11729592793736 16
    endloop
  endfacet
  facet normal 0 0 1
    outer loop
      vertex 147.15036234342227 147.88270407206264 16
      vertex 147.15036234342227 146.11729592793736 16
      vertex 147.25573683548743 146.275 16
    endloop
  endfacet
  facet normal 0 0 1
    outer loop
      vertex 147.25573683548743 147.725 16
      vertex 147.25573683548743 146.275 16
      vertex 147.33962532214136 146.44510902307061 16
    endloop
  endfacet
  facet normal 0 0 1
    outer loop
      vertex 147.33962532214136 147.55489097692939 16
      vertex 147.33962532214136 146.44510902307061 16
      vertex 147.40059244811914 146.62471238460134 16
    endloop
  endfacet
  facet normal 0 0 1
    outer loop
      vertex 147.40059244811914 147.37528761539866 16
      vertex 147.40059244811914 146.62471238460134 16
      vertex 147.43759504899202 146.81073702128094 16
    endloop
  endfacet
  facet normal 0 0 1
    outer loop
      vertex 146.55489097692939 148.33962532214136 16
      vertex 146.725 145.74426316451257 16
      vertex 146.725 148.25573683548743 16
    endloop
  endfacet
  facet normal 0 0 1
    outer loop
      vertex 146.725 148.25573683548743 16
      vertex 146.88270407206264 145.84963765657773 16
      vertex 146.88270407206264 148.15036234342227 16
    endloop
  endfacet
  facet normal 0 0 1
    outer loop
      vertex 146.88270407206264 148.15036234342227 16
      vertex 147.0253048327205 145.9746951672795 16
      vertex 147.0253048327205 148.0253048327205 16
    endloop
  endfacet
  facet normal 0 0 1
    outer loop
      vertex 147.0253048327205 148.0253048327205 16
      vertex 147.15036234342227 146.11729592793736 16
      vertex 147.15036234342227 147.88270407206264 16
    endloop
  endfacet
  facet normal 0 0 1
    outer loop
      vertex 147.25573683548743 147.725 16
      vertex 147.33962532214136 146.44510902307061 16
      vertex 147.33962532214136 147.55489097692939 16
    endloop
  endfacet
  facet normal 0 0 1
    outer loop
      vertex 147.15036234342227 147.88270407206264 16
      vertex 147.25573683548743 146.275 16
      vertex 147.25573683548743 147.725 16
    endloop
  endfacet
  facet normal 0 0 1
    outer loop
      vertex 147.43759504899202 147.18926297871906 16
      vertex 147.43759504899202 146.81073702128094 16
      vertex 147.45 147 16
    endloop
  endfacet
  facet normal 0 0 1
    outer loop
      vertex 147.40059244811914 147.37528761539866 16
      vertex 147.43759504899202 146.81073702128094 16
      vertex 147.43759504899202 147.18926297871906 16
    endloop
  endfacet
  facet normal 0 0 1
    outer loop
      vertex 147.33962532214136 147.55489097692939 16
      vertex 147.40059244811914 146.62471238460134 16
      vertex 147.40059244811914 147.37528761539866 16
    endloop
  endfacet
endsolid OpenSCAD_Model
