solid OpenSCAD_Model
  facet normal -0.9984268150178165 -0.05607044723719431 0
    outer loop
      vertex 21.966116797192043 2.70764332026266 0
      vertex 21.79790545548046 5.702923765316109 6
      vertex 21.79790545548046 5.702923765316109 0
    endloop
  endfacet
  facet normal -0.9984268150178165 -0.05607044723719431 0
    outer loop
      vertex 21.966116797192043 2.70764332026266 0
      vertex 21.966116797192043 2.70764332026266 6
      vertex 21.79790545548046 5.702923765316109 6
    endloop
  endfacet
  facet normal -0.9858710185182366 -0.16750622330473183 0
    outer loop
      vertex 21.191585723824787 11.084160220077877 0
      vertex 21.191585723824787 11.084160220077877 6
      vertex 20.68906705391059 14.041773275632586 6
    endloop
  endfacet
  facet normal -0.9858710185182366 -0.16750622330473183 0
    outer loop
      vertex 21.191585723824787 11.084160220077877 0
      vertex 20.68906705391059 14.041773275632586 6
      vertex 20.68906705391059 14.041773275632586 0
    endloop
  endfacet
  facet normal -0.9609173219450995 -0.27683551142484947 0
    outer loop
      vertex 18.65354587874519 22.204039339781353 0
      vertex 19.48405241301974 19.321287373946056 0
      vertex 18.65354587874519 22.204039339781353 6
    endloop
  endfacet
  facet normal -0.9609173219450995 -0.27683551142484947 0
    outer loop
      vertex 19.48405241301974 19.321287373946056 0
      vertex 19.48405241301974 19.321287373946056 6
      vertex 18.65354587874519 22.204039339781353 6
    endloop
  endfacet
  facet normal 0 0 -1
    outer loop
      vertex 21.966116797192043 2.70764332026266 0
      vertex 21.79790545548046 5.702923765316109 0
      vertex 91.68778250672761 9.627855071919534 0
    endloop
  endfacet
  facet normal -0.056070447237191776 0.9984268150178166 0
    outer loop
      vertex 21.79790545548046 5.702923765316109 0
      vertex 21.79790545548046 5.702923765316109 6
      vertex 91.68778250672761 9.627855071919534 0
    endloop
  endfacet
  facet normal 0.05607044723719177 -0.9984268150178165 0
    outer loop
      vertex 21.966116797192043 2.70764332026266 0
      vertex 91.6746627766662 6.622391292304772 6
      vertex 21.966116797192043 2.70764332026266 6
    endloop
  endfacet
  facet normal 0 0 -1
    outer loop
      vertex 21.191585723824787 11.084160220077877 0
      vertex 20.68906705391059 14.041773275632586 0
      vertex 89.7000383501871 25.767208906964136 0
    endloop
  endfacet
  facet normal -0.16750622330473644 0.9858710185182359 0
    outer loop
      vertex 20.68906705391059 14.041773275632586 0
      vertex 20.68906705391059 14.041773275632586 6
      vertex 89.7000383501871 25.767208906964136 0
    endloop
  endfacet
  facet normal 0.1675062233047364 -0.9858710185182358 0
    outer loop
      vertex 21.191585723824787 11.084160220077877 0
      vertex 90.03085202293096 22.780421998990292 6
      vertex 21.191585723824787 11.084160220077877 6
    endloop
  endfacet
  facet normal 0 0 -1
    outer loop
      vertex 22 0 6
      vertex 21.638854503631592 7.351285524666309 6
      vertex 21.966116797192043 2.70764332026266 6
    endloop
  endfacet
  facet normal 0 0 -1
    outer loop
      vertex 21.966116797192043 2.70764332026266 6
      vertex 21.638854503631592 7.351285524666309 6
      vertex 21.79790545548046 5.702923765316109 6
    endloop
  endfacet
  facet normal 0 0 -1
    outer loop
      vertex 21.638854503631592 7.351285524666309 6
      vertex 20.558896027505398 14.63177414983511 6
      vertex 21.191585723824787 11.084160220077877 6
    endloop
  endfacet
  facet normal -0.9987954562265754 -0.04906767389174844 1.6470510122221576e-16
    outer loop
      vertex 22 0 6
      vertex 21.71113932435101 5.879894183638295 16.990000000000002
      vertex 21.638854503631592 7.351285524666309 6
    endloop
  endfacet
  facet normal 0 0 -1
    outer loop
      vertex 21.191585723824787 11.084160220077877 6
      vertex 20.558896027505398 14.63177414983511 6
      vertex 20.68906705391059 14.041773275632586 6
    endloop
  endfacet
  facet normal 0 0 -1
    outer loop
      vertex 20.558896027505398 14.63177414983511 6
      vertex 18.77052517980337 21.771350793540478 6
      vertex 19.48405241301974 19.321287373946056 6
    endloop
  endfacet
  facet normal 0 0 -1
    outer loop
      vertex 18.65354587874519 22.204039339781353 6
      vertex 19.48405241301974 19.321287373946056 6
      vertex 18.77052517980337 21.771350793540478 6
    endloop
  endfacet
  facet normal 0 0 -1
    outer loop
      vertex 18.65354587874519 22.204039339781353 6
      vertex 18.77052517980337 21.771350793540478 6
      vertex 16.86499008689414 27.315438128614804 6
    endloop
  endfacet
  facet normal 0 0 -1
    outer loop
      vertex 22 0 6
      vertex 21.966116797192043 2.70764332026266 6
      vertex 92 0 6
    endloop
  endfacet
  facet normal 0 0 -1
    outer loop
      vertex 21.79790545548046 5.702923765316109 6
      vertex 21.638854503631592 7.351285524666309 6
      vertex 91.52745613371843 9.618851335938764 6
    endloop
  endfacet
  facet normal 0 0 -1
    outer loop
      vertex 21.638854503631592 7.351285524666309 6
      vertex 21.191585723824787 11.084160220077877 6
      vertex 91.30178536474705 14.21248535066843 6
    endloop
  endfacet
  facet normal 0 -1 0
    outer loop
      vertex 22 0 6
      vertex 51.8 0 6.8
      vertex 51.8 0 11.2
    endloop
  endfacet
  facet normal 0 0 -1
    outer loop
      vertex 20.68906705391059 14.041773275632586 6
      vertex 20.558896027505398 14.63177414983511 6
      vertex 89.59056317358778 25.748608326326995 6
    endloop
  endfacet
  facet normal 0 0 -1
    outer loop
      vertex 20.558896027505398 14.63177414983511 6
      vertex 19.48405241301974 19.321287373946056 6
      vertex 89.21386566013098 28.2880966886878 6
    endloop
  endfacet
  facet normal -0.9238795325112868 -0.38268343236508934 0
    outer loop
      vertex 16.86499008689414 27.315438128614804 0
      vertex 15.716939789798872 30.087076726148663 6
      vertex 15.716939789798872 30.087076726148663 0
    endloop
  endfacet
  facet normal -0.8752234219087551 -0.48371888710523736 0
    outer loop
      vertex 13.36733497381438 34.96608140002985 0
      vertex 11.916178312498673 37.59175166575611 6
      vertex 11.916178312498673 37.59175166575611 0
    endloop
  endfacet
  facet normal -0.9238795325112866 -0.3826834323650903 4.934324650861434e-16
    outer loop
      vertex 16.86499008689414 27.315438128614804 0
      vertex 16.290964927065474 28.701257454616556 6
      vertex 15.716939789798872 30.087076726148663 6
    endloop
  endfacet
  facet normal -0.9238795325112868 -0.3826834323650896 0
    outer loop
      vertex 16.86499008689414 27.315438128614804 0
      vertex 16.86499008689414 27.315438128614804 6
      vertex 16.29096494786772 28.701257404395484 6
    endloop
  endfacet
  facet normal -0.9238795455059314 -0.3826834009932407 -8.509976554223165e-9
    outer loop
      vertex 16.86499008689414 27.315438128614804 0
      vertex 16.29096494786772 28.701257404395484 6
      vertex 16.290964927065474 28.701257454616556 6
    endloop
  endfacet
  facet normal -0.8752234219087551 -0.48371888710523736 0
    outer loop
      vertex 13.36733497381438 34.96608140002985 0
      vertex 13.36733497381438 34.96608140002985 6
      vertex 11.916178312498673 37.59175166575611 6
    endloop
  endfacet
  facet normal -0.8155608689592608 -0.5786712961798051 0
    outer loop
      vertex 7.299058227674806 44.623688516924325 0
      vertex 9.035072116214224 42.17700591004654 0
      vertex 7.299058227674806 44.623688516924325 6
    endloop
  endfacet
  facet normal -0.7456421648831659 -0.6663465779520037 0
    outer loop
      vertex 1.923642499309416 51.09445659372504 0
      vertex 3.9226822331654247 48.85753009907555 0
      vertex 1.923642499309416 51.09445659372504 6
    endloop
  endfacet
  facet normal -0.8155608689592608 -0.5786712961798051 0
    outer loop
      vertex 9.035072116214224 42.17700591004654 0
      vertex 9.035072116214224 42.17700591004654 6
      vertex 7.299058227674806 44.623688516924325 6
    endloop
  endfacet
  facet normal -0.7456421648831659 -0.6663465779520037 0
    outer loop
      vertex 3.9226822331654247 48.85753009907555 0
      vertex 3.9226822331654247 48.85753009907555 6
      vertex 1.923642499309416 51.09445659372504 6
    endloop
  endfacet
  facet normal 0 0 -1
    outer loop
      vertex 18.65354587874519 22.204039339781353 0
      vertex 85.91775841490215 41.58252513952081 0
      vertex 19.48405241301974 19.321287373946056 0
    endloop
  endfacet
  facet normal -0.2768355114248494 0.9609173219450995 0
    outer loop
      vertex 18.65354587874519 22.204039339781353 0
      vertex 18.65354587874519 22.204039339781353 6
      vertex 85.91775841490215 41.58252513952081 0
    endloop
  endfacet
  facet normal 0 0 -1
    outer loop
      vertex 16.86499008689414 27.315438128614804 0
      vertex 15.716939789798872 30.087076726148663 0
      vertex 80.38850706558895 56.87491699170495 0
    endloop
  endfacet
  facet normal 0.2768355114248494 -0.9609173219450996 0
    outer loop
      vertex 19.48405241301974 19.321287373946056 0
      vertex 86.61546019770628 38.66151278389616 6
      vertex 19.48405241301974 19.321287373946056 6
    endloop
  endfacet
  facet normal 0.3826834323650897 -0.9238795325112868 0
    outer loop
      vertex 16.86499008689414 27.315438128614804 0
      vertex 81.46847642680785 54.07507834719204 6
      vertex 16.86499008689414 27.315438128614804 6
    endloop
  endfacet
  facet normal 0 0 -1
    outer loop
      vertex 13.36733497381438 34.96608140002985 0
      vertex 11.916178312498673 37.59175166575611 0
      vertex 73.18181784611143 71.4520737631229 0
    endloop
  endfacet
  facet normal -0.48371888710523986 0.8752234219087537 0
    outer loop
      vertex 11.916178312498673 37.59175166575611 0
      vertex 11.916178312498673 37.59175166575611 6
      vertex 73.18181784611143 71.4520737631229 0
    endloop
  endfacet
  facet normal -0.3826834323650898 0.9238795325112867 0
    outer loop
      vertex 15.716939789798872 30.087076726148663 0
      vertex 15.716939789798872 30.087076726148663 6
      vertex 80.38850706558895 56.87491699170495 0
    endloop
  endfacet
  facet normal 0.4837188871052398 -0.8752234219087537 0
    outer loop
      vertex 13.36733497381438 34.96608140002985 0
      vertex 74.60411327268966 68.81045245678435 6
      vertex 13.36733497381438 34.96608140002985 6
    endloop
  endfacet
  facet normal 0 0 -1
    outer loop
      vertex 9.360220924019814 41.667767480015755 6
      vertex 11.916178312498673 37.59175166575611 6
      vertex 13.144094824790955 35.3547552600503 6
    endloop
  endfacet
  facet normal 0 0 -1
    outer loop
      vertex 18.77052517980337 21.771350793540478 6
      vertex 16.29096494786772 28.701257404395484 6
      vertex 16.86499008689414 27.315438128614804 6
    endloop
  endfacet
  facet normal 0 0 1
    outer loop
      vertex 16.29096494786772 28.701257404395484 6
      vertex 16.2909649387002 28.701257430016994 6
      vertex 16.290964927065474 28.701257454616556 6
    endloop
  endfacet
  facet normal 0 0 -1
    outer loop
      vertex 16.290964927065474 28.701257454616556 6
      vertex 13.144094824790955 35.3547552600503 6
      vertex 15.716939789798872 30.087076726148663 6
    endloop
  endfacet
  facet normal 0 0 -1
    outer loop
      vertex 15.716939789798872 30.087076726148663 6
      vertex 13.144094824790955 35.3547552600503 6
      vertex 13.36733497381438 34.96608140002985 6
    endloop
  endfacet
  facet normal 0 0 -1
    outer loop
      vertex 13.36733497381438 34.96608140002985 6
      vertex 13.144094824790955 35.3547552600503 6
      vertex 11.916178312498673 37.59175166575611 6
    endloop
  endfacet
  facet normal -0.9415440652521309 -0.3368898531990701 -3.074495232909814e-16
    outer loop
      vertex 18.77052517980337 21.771350793540478 6
      vertex 16.290964939475742 28.701257427849484 16.990000000000002
      vertex 16.29096494786772 28.701257404395484 6
    endloop
  endfacet
  facet normal -0.9415440780313051 -0.3368898174836684 0
    outer loop
      vertex 16.29096494786772 28.701257404395484 6
      vertex 16.2909649387002 28.701257430016994 16.990000000000002
      vertex 16.2909649387002 28.701257430016994 6
    endloop
  endfacet
  facet normal 0 0 -1
    outer loop
      vertex 7.299058227674806 44.623688516924325 6
      vertex 9.035072116214224 42.17700591004654 6
      vertex 9.360220924019814 41.667767480015755 6
    endloop
  endfacet
  facet normal 0 0 -1
    outer loop
      vertex 4.975784003734589 47.579496309161186 6
      vertex 7.299058227674806 44.623688516924325 6
      vertex 9.360220924019814 41.667767480015755 6
    endloop
  endfacet
  facet normal 0 0 -1
    outer loop
      vertex 1.923642499309416 51.09445659372504 6
      vertex 4.975784003734589 47.579496309161186 6
      vertex 0.03300859034061432 53.033008590340614 6
    endloop
  endfacet
  facet normal 0 0 -1
    outer loop
      vertex 1.923642499309416 51.09445659372504 6
      vertex 3.9226822331654247 48.85753009907555 6
      vertex 4.975784003734589 47.579496309161186 6
    endloop
  endfacet
  facet normal 0 0 -1
    outer loop
      vertex 18.65354587874519 22.204039339781353 6
      vertex 16.86499008689414 27.315438128614804 6
      vertex 85.88607135893699 41.573396255959935 6
    endloop
  endfacet
  facet normal 0 0 -1
    outer loop
      vertex 9.360220924019814 41.667767480015755 6
      vertex 73.0608565186492 71.38522080051 6
      vertex 11.916178312498673 37.59175166575611 6
    endloop
  endfacet
  facet normal 0 0 -1
    outer loop
      vertex 15.716939789798872 30.087076726148663 6
      vertex 13.36733497381438 34.96608140002985 6
      vertex 80.32042612882717 56.84671694435916 6
    endloop
  endfacet
  facet normal 0 0 -1
    outer loop
      vertex 21.966116797192043 2.70764332026266 0
      vertex 91.68778250672761 9.627855071919534 0
      vertex 91.8559938484392 6.632574626866084 0
    endloop
  endfacet
  facet normal 0.056070447237191776 -0.9984268150178166 0
    outer loop
      vertex 21.966116797192043 2.70764332026266 0
      vertex 91.8559938484392 6.632574626866084 0
      vertex 91.8559938484392 6.632574626866084 6
    endloop
  endfacet
  facet normal 0.05607044723719313 -0.9984268150178166 -5.2164247687022024e-14
    outer loop
      vertex 21.966116797192043 2.70764332026266 0
      vertex 91.8559938484392 6.632574626866084 6
      vertex 91.6746627766662 6.622391292304772 6
    endloop
  endfacet
  facet normal -0.05607044723719178 0.9984268150178165 -1.3565265872668407e-16
    outer loop
      vertex 21.79790545548046 5.702923765316109 6
      vertex 91.52745613371843 9.618851335938764 6
      vertex 91.68778250672761 9.627855071919534 0
    endloop
  endfacet
  facet normal 0.16750622330473644 -0.9858710185182359 0
    outer loop
      vertex 21.191585723824787 11.084160220077877 0
      vertex 90.2025570201013 22.809595851409426 0
      vertex 90.2025570201013 22.809595851409426 6
    endloop
  endfacet
  facet normal 0 0 -1
    outer loop
      vertex 21.191585723824787 11.084160220077877 0
      vertex 89.7000383501871 25.767208906964136 0
      vertex 90.2025570201013 22.809595851409426 0
    endloop
  endfacet
  facet normal 0.16750622330474055 -0.985871018518235 1.0879178469254175e-13
    outer loop
      vertex 21.191585723824787 11.084160220077877 0
      vertex 90.2025570201013 22.809595851409426 6
      vertex 90.03085202293096 22.780421998990292 6
    endloop
  endfacet
  facet normal -0.16750622330473644 0.9858710185182359 -2.7111302562054365e-16
    outer loop
      vertex 20.68906705391059 14.041773275632586 6
      vertex 89.59056317358778 25.748608326326995 6
      vertex 89.7000383501871 25.767208906964136 0
    endloop
  endfacet
  facet normal 0.9984268150178165 0.05607044723719431 0
    outer loop
      vertex 91.8559938484392 6.632574626866084 0
      vertex 91.68778250672761 9.627855071919534 0
      vertex 91.8559938484392 6.632574626866084 6
    endloop
  endfacet
  facet normal 0.9984268150178165 0.05607044723719431 0
    outer loop
      vertex 91.68778250672761 9.627855071919534 0
      vertex 91.68778250672761 9.627855071919534 6
      vertex 91.8559938484392 6.632574626866084 6
    endloop
  endfacet
  facet normal -0.05607044723718721 0.9984268150178167 0
    outer loop
      vertex 91.68778250672761 9.627855071919534 0
      vertex 91.52745613371843 9.618851335938764 6
      vertex 91.68778250672761 9.627855071919534 6
    endloop
  endfacet
  facet normal 0.9858710185182366 0.16750622330473183 0
    outer loop
      vertex 90.2025570201013 22.809595851409426 0
      vertex 89.7000383501871 25.767208906964136 0
      vertex 90.2025570201013 22.809595851409426 6
    endloop
  endfacet
  facet normal 0.9858710185182366 0.16750622330473183 0
    outer loop
      vertex 90.2025570201013 22.809595851409426 6
      vertex 89.7000383501871 25.767208906964136 0
      vertex 89.7000383501871 25.767208906964136 6
    endloop
  endfacet
  facet normal 0 -1 0
    outer loop
      vertex 22 0 6
      vertex 92 0 6
      vertex 51.8 0 6.8
    endloop
  endfacet
  facet normal 0 0 1
    outer loop
      vertex 51.8 3 6.8
      vertex 51.8 0 6.8
      vertex 62.2 3 6.8
    endloop
  endfacet
  facet normal 0 0 1
    outer loop
      vertex 62.2 3 6.8
      vertex 51.8 0 6.8
      vertex 62.2 0 6.8
    endloop
  endfacet
  facet normal 0 0 -1
    outer loop
      vertex 21.966116797192043 2.70764332026266 6
      vertex 91.6746627766662 6.622391292304772 6
      vertex 92 0 6
    endloop
  endfacet
  facet normal 0 -1 0
    outer loop
      vertex 92 0 6
      vertex 62.2 0 6.8
      vertex 51.8 0 6.8
    endloop
  endfacet
  facet normal 0 0 -1
    outer loop
      vertex 21.638854503631592 7.351285524666309 6
      vertex 91.30178536474705 14.21248535066843 6
      vertex 91.52745613371843 9.618851335938764 6
    endloop
  endfacet
  facet normal 1 0 0
    outer loop
      vertex 51.8 3 6.8
      vertex 51.8 3 11.2
      vertex 51.8 0 6.8
    endloop
  endfacet
  facet normal 0 -1 0
    outer loop
      vertex 51.8 3 6.8
      vertex 62.2 3 6.8
      vertex 51.8 3 11.2
    endloop
  endfacet
  facet normal 1 0 0
    outer loop
      vertex 51.8 3 11.2
      vertex 51.8 0 11.2
      vertex 51.8 0 6.8
    endloop
  endfacet
  facet normal 0 -1 0
    outer loop
      vertex 62.2 3 6.8
      vertex 62.2 3 11.2
      vertex 51.8 3 11.2
    endloop
  endfacet
  facet normal -1 0 0
    outer loop
      vertex 62.2 3 6.8
      vertex 62.2 0 6.8
      vertex 62.2 0 11.2
    endloop
  endfacet
  facet normal -1 0 0
    outer loop
      vertex 62.2 3 6.8
      vertex 62.2 0 11.2
      vertex 62.2 3 11.2
    endloop
  endfacet
  facet normal 0 0 -1
    outer loop
      vertex 21.191585723824787 11.084160220077877 6
      vertex 90.03085202293096 22.780421998990292 6
      vertex 91.30178536474705 14.21248535066843 6
    endloop
  endfacet
  facet normal 0 0 -1
    outer loop
      vertex 20.558896027505398 14.63177414983511 6
      vertex 89.21386566013098 28.2880966886878 6
      vertex 89.59056317358778 25.748608326326995 6
    endloop
  endfacet
  facet normal 0 0 1
    outer loop
      vertex 91.6746627766662 6.622391292304772 6
      vertex 91.8559938484392 6.632574626866084 6
      vertex 91.68778250672761 9.627855071919534 6
    endloop
  endfacet
  facet normal 0 0 1
    outer loop
      vertex 91.6746627766662 6.622391292304772 6
      vertex 91.68778250672761 9.627855071919534 6
      vertex 91.52745613371843 9.618851335938764 6
    endloop
  endfacet
  facet normal 0 -1 0
    outer loop
      vertex 92 0 6
      vertex 62.2 0 11.2
      vertex 62.2 0 6.8
    endloop
  endfacet
  facet normal 0 0 1
    outer loop
      vertex 90.03085202293096 22.780421998990292 6
      vertex 90.2025570201013 22.809595851409426 6
      vertex 89.7000383501871 25.767208906964136 6
    endloop
  endfacet
  facet normal 0 0 1
    outer loop
      vertex 90.03085202293096 22.780421998990292 6
      vertex 89.7000383501871 25.767208906964136 6
      vertex 89.59056317358778 25.748608326326995 6
    endloop
  endfacet
  facet normal 0 0 -1
    outer loop
      vertex 19.48405241301974 19.321287373946056 0
      vertex 85.91775841490215 41.58252513952081 0
      vertex 86.7482649491767 38.699773173685514 0
    endloop
  endfacet
  facet normal 0.2768355114248494 -0.9609173219450995 0
    outer loop
      vertex 19.48405241301974 19.321287373946056 0
      vertex 86.7482649491767 38.699773173685514 0
      vertex 86.7482649491767 38.699773173685514 6
    endloop
  endfacet
  facet normal 0.27683551142486423 -0.9609173219450952 -2.7419614241788326e-13
    outer loop
      vertex 19.48405241301974 19.321287373946056 0
      vertex 86.7482649491767 38.699773173685514 6
      vertex 86.61546019770628 38.66151278389616 6
    endloop
  endfacet
  facet normal -0.2768355114248494 0.9609173219450996 5.416210426110301e-16
    outer loop
      vertex 18.65354587874519 22.204039339781353 6
      vertex 85.88607135893699 41.573396255959935 6
      vertex 85.91775841490215 41.58252513952081 0
    endloop
  endfacet
  facet normal 0 0 -1
    outer loop
      vertex 16.86499008689414 27.315438128614804 0
      vertex 80.38850706558895 56.87491699170495 0
      vertex 81.53655736268422 54.103278394171085 0
    endloop
  endfacet
  facet normal 0.3826834323650897 -0.9238795325112868 0
    outer loop
      vertex 16.86499008689414 27.315438128614804 0
      vertex 81.53655736268422 54.103278394171085 0
      vertex 81.53655736268422 54.103278394171085 6
    endloop
  endfacet
  facet normal -0.38268343236508984 0.9238795325112867 -1.0838728004629948e-15
    outer loop
      vertex 15.716939789798872 30.087076726148663 6
      vertex 80.32042612882717 56.84671694435916 6
      vertex 80.38850706558895 56.87491699170495 0
    endloop
  endfacet
  facet normal 0.38268343236506847 -0.9238795325112956 0
    outer loop
      vertex 16.86499008689414 27.315438128614804 0
      vertex 81.53655736268422 54.103278394171085 6
      vertex 81.46847642680785 54.07507834719204 6
    endloop
  endfacet
  facet normal -0.16750622330472004 0.9858710185182387 0
    outer loop
      vertex 89.7000383501871 25.767208906964136 0
      vertex 89.59056317358778 25.748608326326995 6
      vertex 89.7000383501871 25.767208906964136 6
    endloop
  endfacet
  facet normal 0.9609173219450995 0.27683551142484947 0
    outer loop
      vertex 85.91775841490215 41.58252513952081 0
      vertex 86.7482649491767 38.699773173685514 6
      vertex 86.7482649491767 38.699773173685514 0
    endloop
  endfacet
  facet normal -0.2768355114249039 0.9609173219450837 0
    outer loop
      vertex 85.91775841490215 41.58252513952081 0
      vertex 85.88607135893699 41.573396255959935 6
      vertex 85.91775841490215 41.58252513952081 6
    endloop
  endfacet
  facet normal 0.9609173219450995 0.27683551142484947 0
    outer loop
      vertex 85.91775841490215 41.58252513952081 0
      vertex 85.91775841490215 41.58252513952081 6
      vertex 86.7482649491767 38.699773173685514 6
    endloop
  endfacet
  facet normal 0 0 -1
    outer loop
      vertex 19.48405241301974 19.321287373946056 6
      vertex 86.61546019770628 38.66151278389616 6
      vertex 89.21386566013098 28.2880966886878 6
    endloop
  endfacet
  facet normal 0 0 -1
    outer loop
      vertex 16.86499008689414 27.315438128614804 6
      vertex 85.75634868443012 42.091278202831745 6
      vertex 85.88607135893699 41.573396255959935 6
    endloop
  endfacet
  facet normal 0 0 -1
    outer loop
      vertex 16.86499008689414 27.315438128614804 6
      vertex 81.46847642680785 54.07507834719204 6
      vertex 85.75634868443012 42.091278202831745 6
    endloop
  endfacet
  facet normal 0 0 1
    outer loop
      vertex 85.91775841490215 41.58252513952081 6
      vertex 86.61546019770628 38.66151278389616 6
      vertex 86.7482649491767 38.699773173685514 6
    endloop
  endfacet
  facet normal 0 0 1
    outer loop
      vertex 85.88607135893699 41.573396255959935 6
      vertex 86.61546019770628 38.66151278389616 6
      vertex 85.91775841490215 41.58252513952081 6
    endloop
  endfacet
  facet normal -0.9891765098435014 -0.14673047527296243 0
    outer loop
      vertex 21.638854503631592 7.351285524666309 6
      vertex 20.558896027505398 14.63177414983511 20
      vertex 20.558896027505398 14.63177414983511 6
    endloop
  endfacet
  facet normal -0.9987954562265869 -0.04906767389151492 3.155543477946423e-14
    outer loop
      vertex 21.638854503631592 7.351285524666309 6
      vertex 21.71113932435101 5.879894183638295 16.990000000000002
      vertex 21.710648434717427 5.889886471771098 16.990000000000002
    endloop
  endfacet
  facet normal -0.9987954562265755 -0.04906767389174813 0
    outer loop
      vertex 22 0 6
      vertex 22 0 19
      vertex 21.71113932435101 5.879894183638295 16.990000000000002
    endloop
  endfacet
  facet normal -0.9987954562265754 -0.0490676738917513 0
    outer loop
      vertex 21.638854503631592 7.351285524666309 6
      vertex 21.710648434717427 5.889886471771098 16.990000000000002
      vertex 21.638854503631592 7.351285524666309 19.497189030132834
    endloop
  endfacet
  facet normal -0.9700312532852532 -0.2429801795411326 0
    outer loop
      vertex 20.558896027505398 14.63177414983511 6
      vertex 18.77052517980337 21.771350793540478 20
      vertex 18.77052517980337 21.771350793540478 6
    endloop
  endfacet
  facet normal -0.9700312532854212 -0.2429801795404617 -1.858700564296383e-13
    outer loop
      vertex 20.558896027505398 14.63177414983511 6
      vertex 19.843409766169216 17.488155423826313 16.990000000000002
      vertex 19.840979847273502 17.49785620384981 16.990000000000002
    endloop
  endfacet
  facet normal -0.9700312532852525 -0.24298017954113507 2.808456939576404e-16
    outer loop
      vertex 20.558896027505398 14.63177414983511 6
      vertex 20.268645572920704 15.790518919713525 19.990000000000002
      vertex 19.843409766169216 17.488155423826313 16.990000000000002
    endloop
  endfacet
  facet normal -0.9700312532852516 -0.24298017954113843 1.7987051216652476e-15
    outer loop
      vertex 20.558896027505398 14.63177414983511 6
      vertex 19.840979847273502 17.49785620384981 16.990000000000002
      vertex 19.415744040522014 19.1954927079626 19.990000000000002
    endloop
  endfacet
  facet normal 0 -1 0
    outer loop
      vertex 22 0 6
      vertex 51.8 0 11.2
      vertex 22 0 19
    endloop
  endfacet
  facet normal 0 0 1
    outer loop
      vertex 26.794558599591255 4.181855611503124 12
      vertex 86.64047756046057 7.318247325718403 12
      vertex 26.614778131246567 7.841371223330498 12
    endloop
  endfacet
  facet normal 0.9987954562766879 0.04906767287168498 0
    outer loop
      vertex 26.794558599591255 4.181855611503124 12
      vertex 26.614778131246567 7.841371223330498 12
      vertex 26.614778131246567 7.841371223330498 18.6
    endloop
  endfacet
  facet normal 0 -1 0
    outer loop
      vertex 22 0 19
      vertex 51.8 0 11.2
      vertex 62.2 0 11.2
    endloop
  endfacet
  facet normal -0.052335956281605284 0.9986295347525477 0
    outer loop
      vertex 26.794558599591255 4.181855611503124 12
      vertex 26.794558599591255 4.181855611503124 18.6
      vertex 86.64047756046057 7.318247325718403 12
    endloop
  endfacet
  facet normal 0 0 1
    outer loop
      vertex 26.614778131246567 7.841371223330498 12
      vertex 84.30993925780058 27.312645085155964 12
      vertex 25.462822429835796 15.607225760817528 12
    endloop
  endfacet
  facet normal 0.9891765099737756 0.14673047439472486 0
    outer loop
      vertex 26.614778131246567 7.841371223330498 12
      vertex 25.462822429835796 15.607225760817528 12
      vertex 25.462822429835796 15.607225760817528 18.6
    endloop
  endfacet
  facet normal 0.9700312531435442 0.24298018010686626 0
    outer loop
      vertex 25.462822429835796 15.607225760817528 12
      vertex 23.555226854979992 23.222774177789688 12
      vertex 23.555226854979992 23.222774177789688 18.6
    endloop
  endfacet
  facet normal 0 0 1
    outer loop
      vertex 26.691881938290464 6.271887128609443 16.990000000000002
      vertex 21.710648434717427 5.889886471771098 16.990000000000002
      vertex 21.71113932435101 5.879894183638295 16.990000000000002
    endloop
  endfacet
  facet normal -0.9891765098435024 -0.14673047527295519 0
    outer loop
      vertex 21.638854503631592 7.351285524666309 6
      vertex 21.638854503631592 7.351285524666309 19.497189030132834
      vertex 21.596573642171393 7.636319938237006 19.990000000000002
    endloop
  endfacet
  facet normal -0.9891765098435014 -0.1467304752729627 1.5654429609519136e-16
    outer loop
      vertex 21.638854503631592 7.351285524666309 6
      vertex 21.596573642171393 7.636319938237006 19.990000000000002
      vertex 20.558896027505398 14.63177414983511 20
    endloop
  endfacet
  facet normal -0.9987954562265754 -0.049067673891748875 -2.1746097084577356e-15
    outer loop
      vertex 21.71113932435101 5.879894183638295 16.990000000000002
      vertex 22 0 19
      vertex 21.79704501022826 4.1312437603978305 19.990000000000002
    endloop
  endfacet
  facet normal -0.06777131147328296 0.8611161588185983 0.5038710255240859
    outer loop
      vertex 26.737984655420888 5.333444734728406 18.6
      vertex 21.71113932435101 5.879894183638295 16.990000000000002
      vertex 21.79704501022826 4.1312437603978305 19.990000000000002
    endloop
  endfacet
  facet normal 1 0 0
    outer loop
      vertex 22 0 20
      vertex 22 0 19
      vertex 22 1.0000000000000004 20
    endloop
  endfacet
  facet normal -0.9987954562265755 -0.049067673891749396 0
    outer loop
      vertex 22 0 20
      vertex 21.79704501022826 4.1312437603978305 19.990000000000002
      vertex 22 0 19
    endloop
  endfacet
  facet normal 0 0 1
    outer loop
      vertex 22 0 20
      vertex 22 1.0000000000000004 20
      vertex 21.79704501022826 4.1312437603978305 20
    endloop
  endfacet
  facet normal -0.9987954562265754 -0.049067673891749396 0
    outer loop
      vertex 22 0 20
      vertex 21.79704501022826 4.1312437603978305 20
      vertex 21.79704501022826 4.1312437603978305 19.990000000000002
    endloop
  endfacet
  facet normal 0.06777131147328287 -0.8611161588185977 0.5038710255240867
    outer loop
      vertex 26.69139104866707 6.281879416743047 16.990000000000002
      vertex 21.638854503631592 7.351285524666309 19.497189030132834
      vertex 21.710648434717427 5.889886471771098 16.990000000000002
    endloop
  endfacet
  facet normal 0.06777131147328193 -0.8611161588186 0.503871025524083
    outer loop
      vertex 26.645288331536648 7.220321810624084 18.6
      vertex 21.596573642171393 7.636319938237006 19.990000000000002
      vertex 21.638854503631592 7.351285524666309 19.497189030132834
    endloop
  endfacet
  facet normal -0.9891765098435014 -0.14673047527296273 0
    outer loop
      vertex 20.558896027505398 14.63177414983511 20
      vertex 21.596573642171393 7.636319938237006 19.990000000000002
      vertex 21.596573642171393 7.636319938237006 20
    endloop
  endfacet
  facet normal -0.9700312532852533 -0.2429801795411319 0
    outer loop
      vertex 20.558896027505398 14.63177414983511 6
      vertex 20.558896027505398 14.63177414983511 20
      vertex 20.268645572920704 15.790518919713525 19.990000000000002
    endloop
  endfacet
  facet normal -0.9700312532852534 -0.24298017954113174 -4.787696833702538e-16
    outer loop
      vertex 20.558896027505398 14.63177414983511 6
      vertex 19.415744040522014 19.1954927079626 19.990000000000002
      vertex 18.77052517980337 21.771350793540478 20
    endloop
  endfacet
  facet normal 0 0 1
    outer loop
      vertex 24.697207163934394 18.66373323184472 16.990000000000002
      vertex 19.840979847273502 17.49785620384981 16.990000000000002
      vertex 19.843409766169216 17.488155423826313 16.990000000000002
    endloop
  endfacet
  facet normal 0 0 1
    outer loop
      vertex 24.697207163934394 18.66373323184472 16.990000000000002
      vertex 19.843409766169216 17.488155423826313 16.990000000000002
      vertex 24.69963708283578 18.654032451822584 16.990000000000002
    endloop
  endfacet
  facet normal -0.9415440652521314 -0.3368898531990691 0
    outer loop
      vertex 18.77052517980337 21.771350793540478 6
      vertex 18.77052517980337 21.771350793540478 20
      vertex 16.881233186534345 27.051568190707656 19.990000000000002
    endloop
  endfacet
  facet normal 0.9415440653997904 0.33688985278638967 0
    outer loop
      vertex 23.555226854979992 23.222774177789688 12
      vertex 21.22713989385001 29.729341365423085 18.6
      vertex 23.555226854979992 23.222774177789688 18.6
    endloop
  endfacet
  facet normal -0.20164517981128874 0.8399126211078016 0.5038710255240875
    outer loop
      vertex 24.69963708283578 18.654032451822584 16.990000000000002
      vertex 19.843409766169216 17.488155423826313 16.990000000000002
      vertex 24.927846966325063 17.742967528076598 18.6
    endloop
  endfacet
  facet normal 0.20164517981128888 -0.8399126211078017 0.503871025524087
    outer loop
      vertex 24.697207163934394 18.66373323184472 16.990000000000002
      vertex 19.415744040522014 19.1954927079626 19.990000000000002
      vertex 19.840979847273502 17.49785620384981 16.990000000000002
    endloop
  endfacet
  facet normal -0.20164517981128846 0.8399126211078021 0.5038710255240867
    outer loop
      vertex 24.927846966325063 17.742967528076598 18.6
      vertex 19.843409766169216 17.488155423826313 16.990000000000002
      vertex 20.268645572920704 15.790518919713525 19.990000000000002
    endloop
  endfacet
  facet normal 0.2016451798112892 -0.8399126211078015 0.5038710255240875
    outer loop
      vertex 24.697207163934394 18.66373323184472 16.990000000000002
      vertex 24.46899728044511 19.574798155590706 18.6
      vertex 19.415744040522014 19.1954927079626 19.990000000000002
    endloop
  endfacet
  facet normal -0.9700312532852533 -0.24298017954113194 0
    outer loop
      vertex 20.558896027505398 14.63177414983511 20
      vertex 20.268645572920704 15.790518919713525 20
      vertex 20.268645572920704 15.790518919713525 19.990000000000002
    endloop
  endfacet
  facet normal -0.9415440652521312 -0.33688985319906906 0
    outer loop
      vertex 18.77052517980337 21.771350793540478 20
      vertex 16.881233186534345 27.051568190707656 20
      vertex 16.881233186534345 27.051568190707656 19.990000000000002
    endloop
  endfacet
  facet normal -0.9700312532852534 -0.24298017954113174 0
    outer loop
      vertex 18.77052517980337 21.771350793540478 20
      vertex 19.415744040522014 19.1954927079626 19.990000000000002
      vertex 19.415744040522014 19.1954927079626 20
    endloop
  endfacet
  facet normal 0.9987954562766937 0.04906767287156588 5.1150411215812594e-14
    outer loop
      vertex 26.794558599591255 4.181855611503124 12
      vertex 26.69139104866707 6.281879416743047 16.990000000000002
      vertex 26.691881938290464 6.271887128609443 16.990000000000002
    endloop
  endfacet
  facet normal 0.9987954562766878 0.049067672871686834 4.18530460336384e-16
    outer loop
      vertex 26.794558599591255 4.181855611503124 12
      vertex 26.691881938290464 6.271887128609443 16.990000000000002
      vertex 26.737984655420888 5.333444734728406 18.6
    endloop
  endfacet
  facet normal 0.9987954562766883 0.04906767287167789 3.968561995108633e-15
    outer loop
      vertex 26.794558599591255 4.181855611503124 12
      vertex 26.614778131246567 7.841371223330498 18.6
      vertex 26.69139104866707 6.281879416743047 16.990000000000002
    endloop
  endfacet
  facet normal 0.9987954562766876 0.04906767287168923 0
    outer loop
      vertex 26.794558599591255 4.181855611503124 12
      vertex 26.737984655420888 5.333444734728406 18.6
      vertex 26.794558599591255 4.181855611503124 18.6
    endloop
  endfacet
  facet normal 0 0 1
    outer loop
      vertex 26.691881938290464 6.271887128609443 16.990000000000002
      vertex 26.69139104866707 6.281879416743047 16.990000000000002
      vertex 21.710648434717427 5.889886471771098 16.990000000000002
    endloop
  endfacet
  facet normal 0.9891765099737756 0.14673047439472486 0
    outer loop
      vertex 26.614778131246567 7.841371223330498 12
      vertex 25.462822429835796 15.607225760817528 18.6
      vertex 26.614778131246567 7.841371223330498 18.6
    endloop
  endfacet
  facet normal -0.06777131147328304 0.8611161588185979 0.5038710255240861
    outer loop
      vertex 26.691881938290464 6.271887128609443 16.990000000000002
      vertex 21.71113932435101 5.879894183638295 16.990000000000002
      vertex 26.737984655420888 5.333444734728406 18.6
    endloop
  endfacet
  facet normal -0.06777131147328279 0.8611161588185978 0.5038710255240864
    outer loop
      vertex 26.737984655420888 5.333444734728406 18.6
      vertex 21.79704501022826 4.1312437603978305 19.990000000000002
      vertex 54.976472243211504 7.552223884240943 18.60621738340342
    endloop
  endfacet
  facet normal -0.0784590957278449 0.996917333733128 0
    outer loop
      vertex 55.83529930203065 6.810112470493071 19.990000000000002
      vertex 21.79704501022826 4.1312437603978305 19.990000000000002
      vertex 21.79704501022826 4.1312437603978305 20
    endloop
  endfacet
  facet normal 0.9987954562766884 0.049067672871675634 6.1134076885068856e-15
    outer loop
      vertex 26.69139104866707 6.281879416743047 16.990000000000002
      vertex 26.614778131246567 7.841371223330498 18.6
      vertex 26.645288331536648 7.220321810624084 18.6
    endloop
  endfacet
  facet normal 0.06777131147328254 -0.8611161588185979 0.5038710255240861
    outer loop
      vertex 26.69139104866707 6.281879416743047 16.990000000000002
      vertex 26.645288331536648 7.220321810624084 18.6
      vertex 21.638854503631592 7.351285524666309 19.497189030132834
    endloop
  endfacet
  facet normal 0.06777131147328287 -0.861116158818598 0.503871025524086
    outer loop
      vertex 26.645288331536648 7.220321810624084 18.6
      vertex 54.915914696498476 9.607743013056854 18.877669370352926
      vertex 21.596573642171393 7.636319938237006 19.990000000000002
    endloop
  endfacet
  facet normal 0.07845909572784499 -0.996917333733128 0
    outer loop
      vertex 55.576540436902235 10.310601322826184 19.990000000000002
      vertex 21.596573642171393 7.636319938237006 20
      vertex 21.596573642171393 7.636319938237006 19.990000000000002
    endloop
  endfacet
  facet normal 0 0 -1
    outer loop
      vertex 26.794558599591255 4.181855611503124 18.6
      vertex 26.737984655420888 5.333444734728406 18.6
      vertex 56.042872721894184 6.728387497472635 18.6
    endloop
  endfacet
  facet normal 0 0 -1
    outer loop
      vertex 26.737984655420888 5.333444734728406 18.6
      vertex 55.517330790188865 6.989697643011916 18.6
      vertex 55.68366422765017 6.8855085159173495 18.6
    endloop
  endfacet
  facet normal 0 0 -1
    outer loop
      vertex 26.794558599591255 4.181855611503124 18.6
      vertex 56.042872721894184 6.728387497472635 18.6
      vertex 56.23228840451398 6.676968767421198 18.6
    endloop
  endfacet
  facet normal 0 0 -1
    outer loop
      vertex 26.794558599591255 4.181855611503124 18.6
      vertex 56.23228840451398 6.676968767421198 18.6
      vertex 56.425831915728395 6.644363616153091 18.6
    endloop
  endfacet
  facet normal 0 0 -1
    outer loop
      vertex 26.794558599591255 4.181855611503124 18.6
      vertex 56.425831915728395 6.644363616153091 18.6
      vertex 56.621639325722825 6.630886049098813 18.6
    endloop
  endfacet
  facet normal 0 0 -1
    outer loop
      vertex 26.737984655420888 5.333444734728406 18.6
      vertex 55.85940904443781 6.798124615828672 18.6
      vertex 56.042872721894184 6.728387497472635 18.6
    endloop
  endfacet
  facet normal 0 0 -1
    outer loop
      vertex 26.737984655420888 5.333444734728406 18.6
      vertex 55.68366422765017 6.8855085159173495 18.6
      vertex 55.85940904443781 6.798124615828672 18.6
    endloop
  endfacet
  facet normal 0 -0.7071067811865474 0.7071067811865477
    outer loop
      vertex 22 0 19
      vertex 91.950873150049 1.0000000000000004 20
      vertex 22 1.0000000000000004 20
    endloop
  endfacet
  facet normal 0 0 1
    outer loop
      vertex 21.79704501022826 4.1312437603978305 20
      vertex 22 1.0000000000000004 20
      vertex 91.950873150049 1.0000000000000004 20
    endloop
  endfacet
  facet normal -0.06777131147328319 0.8611161588186003 0.5038710255240821
    outer loop
      vertex 54.976472243211504 7.552223884240943 18.60621738340342
      vertex 21.79704501022826 4.1312437603978305 19.990000000000002
      vertex 55.09027284888259 7.392312631443276 18.89481222749578
    endloop
  endfacet
  facet normal -0.06777131147328286 0.861116158818598 0.5038710255240861
    outer loop
      vertex 55.09027284888259 7.392312631443276 18.89481222749578
      vertex 21.79704501022826 4.1312437603978305 19.990000000000002
      vertex 55.21919951723824 7.2443258049716714 19.165062688561072
    endloop
  endfacet
  facet normal -0.06777131147328308 0.8611161588185997 0.5038710255240834
    outer loop
      vertex 55.21919951723824 7.2443258049716714 19.165062688561072
      vertex 21.79704501022826 4.1312437603978305 19.990000000000002
      vertex 55.36201061398371 7.109688598862883 19.414366106925307
    endloop
  endfacet
  facet normal -0.06777131147328284 0.8611161588185977 0.5038710255240867
    outer loop
      vertex 55.517330790188865 6.989697643011916 19.64032155438653
      vertex 55.36201061398371 7.109688598862883 19.414366106925307
      vertex 21.79704501022826 4.1312437603978305 19.990000000000002
    endloop
  endfacet
  facet normal -0.06777131147328264 0.8611161588185958 0.50387102552409
    outer loop
      vertex 55.517330790188865 6.989697643011916 19.64032155438653
      vertex 21.79704501022826 4.1312437603978305 19.990000000000002
      vertex 55.68366422765017 6.8855085159173495 19.84075295646587
    endloop
  endfacet
  facet normal -0.06777131147328289 0.8611161588185984 0.5038710255240857
    outer loop
      vertex 55.68366422765017 6.8855085159173495 19.84075295646587
      vertex 21.79704501022826 4.1312437603978305 19.990000000000002
      vertex 55.83529930203065 6.810112470493071 19.990000000000002
    endloop
  endfacet
  facet normal -0.0784590957278449 0.996917333733128 0
    outer loop
      vertex 55.83529930203065 6.810112470493071 19.990000000000002
      vertex 21.79704501022826 4.1312437603978305 20
      vertex 55.83529930203065 6.810112470493071 20
    endloop
  endfacet
  facet normal 0 0 1
    outer loop
      vertex 21.79704501022826 4.1312437603978305 20
      vertex 55.85940904443781 6.798124615828672 20
      vertex 55.83529930203065 6.810112470493071 20
    endloop
  endfacet
  facet normal 0 0 1
    outer loop
      vertex 21.79704501022826 4.1312437603978305 20
      vertex 56.042872721894184 6.728387497472635 20
      vertex 55.85940904443781 6.798124615828672 20
    endloop
  endfacet
  facet normal 0 0 1
    outer loop
      vertex 21.79704501022826 4.1312437603978305 20
      vertex 56.23228840451398 6.676968767421198 20
      vertex 56.042872721894184 6.728387497472635 20
    endloop
  endfacet
  facet normal 0 0 1
    outer loop
      vertex 21.79704501022826 4.1312437603978305 20
      vertex 56.425831915728395 6.644363616153091 20
      vertex 56.23228840451398 6.676968767421198 20
    endloop
  endfacet
  facet normal 0 0 1
    outer loop
      vertex 21.79704501022826 4.1312437603978305 20
      vertex 56.621639325722825 6.630886049098813 20
      vertex 56.425831915728395 6.644363616153091 20
    endloop
  endfacet
  facet normal 0 0 -1
    outer loop
      vertex 26.645288331536648 7.220321810624084 18.6
      vertex 26.614778131246567 7.841371223330498 18.6
      vertex 56.118025810913934 10.555411002970239 18.6
    endloop
  endfacet
  facet normal 0 0 -1
    outer loop
      vertex 26.737984655420888 5.333444734728406 18.6
      vertex 54.976472243211504 7.552223884240943 18.6
      vertex 55.09027284888259 7.392312631443276 18.6
    endloop
  endfacet
  facet normal 0 0 -1
    outer loop
      vertex 26.737984655420888 5.333444734728406 18.6
      vertex 55.21919951723824 7.2443258049716714 18.6
      vertex 55.36201061398371 7.109688598862883 18.6
    endloop
  endfacet
  facet normal 0 0 -1
    outer loop
      vertex 26.737984655420888 5.333444734728406 18.6
      vertex 55.36201061398371 7.109688598862883 18.6
      vertex 55.517330790188865 6.989697643011916 18.6
    endloop
  endfacet
  facet normal 0 0 -1
    outer loop
      vertex 26.737984655420888 5.333444734728406 18.6
      vertex 55.09027284888259 7.392312631443276 18.6
      vertex 55.21919951723824 7.2443258049716714 18.6
    endloop
  endfacet
  facet normal -0.06777131147327438 0.8611161588184906 0.5038710255242712
    outer loop
      vertex 26.737984655420888 5.333444734728406 18.6
      vertex 54.976472243211504 7.552223884240943 18.60621738340342
      vertex 54.97447762311964 7.555704926027633 18.6
    endloop
  endfacet
  facet normal 0 0 -1
    outer loop
      vertex 26.737984655420888 5.333444734728406 18.6
      vertex 54.97447762311964 7.555704926027633 18.6
      vertex 54.976472243211504 7.552223884240943 18.6
    endloop
  endfacet
  facet normal 0 0 -1
    outer loop
      vertex 26.645288331536648 7.220321810624084 18.6
      vertex 54.915914696498476 9.607743013056854 18.6
      vertex 54.831838930720636 9.438651452278334 18.6
    endloop
  endfacet
  facet normal 0.06777131147328273 -0.8611161588185968 0.5038710255240885
    outer loop
      vertex 26.645288331536648 7.220321810624084 18.6
      vertex 54.831838930720636 9.438651452278334 18.6
      vertex 54.915914696498476 9.607743013056854 18.877669370352926
    endloop
  endfacet
  facet normal 0 0 -1
    outer loop
      vertex 26.645288331536648 7.220321810624084 18.6
      vertex 55.02010382359306 9.774076450518168 18.6
      vertex 54.915914696498476 9.607743013056854 18.6
    endloop
  endfacet
  facet normal 0 0 -1
    outer loop
      vertex 26.645288331536648 7.220321810624084 18.6
      vertex 55.14009477944403 9.929396626723312 18.6
      vertex 55.02010382359306 9.774076450518168 18.6
    endloop
  endfacet
  facet normal 0 0 -1
    outer loop
      vertex 26.645288331536648 7.220321810624084 18.6
      vertex 55.274731985552805 10.07220772346878 18.6
      vertex 55.14009477944403 9.929396626723312 18.6
    endloop
  endfacet
  facet normal 0 0 -1
    outer loop
      vertex 26.645288331536648 7.220321810624084 18.6
      vertex 55.4227188120244 10.201134391824434 18.6
      vertex 55.274731985552805 10.07220772346878 18.6
    endloop
  endfacet
  facet normal 0 0 -1
    outer loop
      vertex 26.645288331536648 7.220321810624084 18.6
      vertex 55.582630064822084 10.314934997495516 18.6
      vertex 55.4227188120244 10.201134391824434 18.6
    endloop
  endfacet
  facet normal 0 0 -1
    outer loop
      vertex 26.645288331536648 7.220321810624084 18.6
      vertex 55.75292571116498 10.412513578439679 18.6
      vertex 55.582630064822084 10.314934997495516 18.6
    endloop
  endfacet
  facet normal 0 0 -1
    outer loop
      vertex 26.645288331536648 7.220321810624084 18.6
      vertex 55.93196571088578 10.49293039958055 18.6
      vertex 55.75292571116498 10.412513578439679 18.6
    endloop
  endfacet
  facet normal 0 0 -1
    outer loop
      vertex 26.645288331536648 7.220321810624084 18.6
      vertex 56.118025810913934 10.555411002970239 18.6
      vertex 55.93196571088578 10.49293039958055 18.6
    endloop
  endfacet
  facet normal 0 0 -1
    outer loop
      vertex 26.614778131246567 7.841371223330498 18.6
      vertex 56.309314150775364 10.599353666242727 18.6
      vertex 56.118025810913934 10.555411002970239 18.6
    endloop
  endfacet
  facet normal 0 0 -1
    outer loop
      vertex 26.614778131246567 7.841371223330498 18.6
      vertex 56.50398851918838 10.6243351975292 18.6
      vertex 56.309314150775364 10.599353666242727 18.6
    endloop
  endfacet
  facet normal 0.06777131147328287 -0.8611161588185965 0.5038710255240887
    outer loop
      vertex 54.915914696498476 9.607743013056854 18.877669370352926
      vertex 55.02010382359306 9.774076450518168 19.14791983141821
      vertex 21.596573642171393 7.636319938237006 19.990000000000002
    endloop
  endfacet
  facet normal 0.06777131147328291 -0.8611161588185984 0.5038710255240855
    outer loop
      vertex 55.02010382359306 9.774076450518168 19.14791983141821
      vertex 55.14009477944403 9.929396626723312 19.39722324978245
      vertex 21.596573642171393 7.636319938237006 19.990000000000002
    endloop
  endfacet
  facet normal 0.06777131147328282 -0.8611161588185959 0.5038710255240899
    outer loop
      vertex 55.14009477944403 9.929396626723312 19.39722324978245
      vertex 55.274731985552805 10.07220772346878 19.623178697243667
      vertex 21.596573642171393 7.636319938237006 19.990000000000002
    endloop
  endfacet
  facet normal 0.06777131147328296 -0.8611161588185982 0.503871025524086
    outer loop
      vertex 55.274731985552805 10.07220772346878 19.623178697243667
      vertex 55.4227188120244 10.201134391824434 19.823610099323012
      vertex 21.596573642171393 7.636319938237006 19.990000000000002
    endloop
  endfacet
  facet normal 0.06777131147328304 -0.8611161588185996 0.5038710255240836
    outer loop
      vertex 55.4227188120244 10.201134391824434 19.823610099323012
      vertex 55.576540436902235 10.310601322826184 19.990000000000002
      vertex 21.596573642171393 7.636319938237006 19.990000000000002
    endloop
  endfacet
  facet normal 0 0 1
    outer loop
      vertex 21.596573642171393 7.636319938237006 20
      vertex 55.576540436902235 10.310601322826184 20
      vertex 55.582630064822084 10.314934997495516 20
    endloop
  endfacet
  facet normal 0.07845909572784499 -0.996917333733128 0
    outer loop
      vertex 55.576540436902235 10.310601322826184 19.990000000000002
      vertex 55.576540436902235 10.310601322826184 20
      vertex 21.596573642171393 7.636319938237006 20
    endloop
  endfacet
  facet normal 0 0 1
    outer loop
      vertex 21.596573642171393 7.636319938237006 20
      vertex 55.582630064822084 10.314934997495516 20
      vertex 55.75292571116498 10.412513578439679 20
    endloop
  endfacet
  facet normal 0 0 1
    outer loop
      vertex 21.596573642171393 7.636319938237006 20
      vertex 55.75292571116498 10.412513578439679 20
      vertex 55.93196571088578 10.49293039958055 20
    endloop
  endfacet
  facet normal 0 0 1
    outer loop
      vertex 21.596573642171393 7.636319938237006 20
      vertex 55.93196571088578 10.49293039958055 20
      vertex 56.118025810913934 10.555411002970239 20
    endloop
  endfacet
  facet normal 0 0 1
    outer loop
      vertex 21.596573642171393 7.636319938237006 20
      vertex 56.118025810913934 10.555411002970239 20
      vertex 56.309314150775364 10.599353666242727 20
    endloop
  endfacet
  facet normal 0 0 1
    outer loop
      vertex 21.596573642171393 7.636319938237006 20
      vertex 56.309314150775364 10.599353666242727 20
      vertex 56.50398851918838 10.6243351975292 20
    endloop
  endfacet
  facet normal 0.9700312531437513 0.24298018010603997 5.428484234954426e-13
    outer loop
      vertex 25.462822429835796 15.607225760817528 12
      vertex 24.697207163934394 18.66373323184472 16.990000000000002
      vertex 24.69963708283578 18.654032451822584 16.990000000000002
    endloop
  endfacet
  facet normal 0.9700312531435434 0.24298018010686956 -1.2761740173740454e-15
    outer loop
      vertex 25.462822429835796 15.607225760817528 12
      vertex 24.69963708283578 18.654032451822584 16.990000000000002
      vertex 24.927846966325063 17.742967528076598 18.6
    endloop
  endfacet
  facet normal 0.9700312531435439 0.24298018010686756 -1.73968370152635e-15
    outer loop
      vertex 25.462822429835796 15.607225760817528 12
      vertex 23.555226854979992 23.222774177789688 18.6
      vertex 24.697207163934394 18.66373323184472 16.990000000000002
    endloop
  endfacet
  facet normal 0.9700312531435443 0.24298018010686595 0
    outer loop
      vertex 25.462822429835796 15.607225760817528 12
      vertex 24.927846966325063 17.742967528076598 18.6
      vertex 25.462822429835796 15.607225760817528 18.6
    endloop
  endfacet
  facet normal 0 0 -1
    outer loop
      vertex 25.462822429835796 15.607225760817528 18.6
      vertex 24.927846966325063 17.742967528076598 18.6
      vertex 53.64782231366395 23.70361334295932 18.6
    endloop
  endfacet
  facet normal 0 0 1
    outer loop
      vertex 20.558896027505398 14.63177414983511 20
      vertex 54.039210875262555 23.680531951668147 20
      vertex 20.268645572920704 15.790518919713525 20
    endloop
  endfacet
  facet normal -0.23344536385590547 0.9723699203976766 0
    outer loop
      vertex 53.43001986461239 23.75186050905413 19.990000000000002
      vertex 20.268645572920704 15.790518919713525 19.990000000000002
      vertex 20.268645572920704 15.790518919713525 20
    endloop
  endfacet
  facet normal 0.9700312531435443 0.24298018010686595 3.447275198562099e-15
    outer loop
      vertex 24.697207163934394 18.66373323184472 16.990000000000002
      vertex 23.555226854979992 23.222774177789688 18.6
      vertex 24.46899728044511 19.574798155590706 18.6
    endloop
  endfacet
  facet normal -0.201645179811289 0.8399126211078026 0.5038710255240857
    outer loop
      vertex 24.927846966325063 17.742967528076598 18.6
      vertex 20.268645572920704 15.790518919713525 19.990000000000002
      vertex 52.46567459001922 24.350485148327028 18.606217383403425
    endloop
  endfacet
  facet normal 0.2016451798112889 -0.8399126211078024 0.503871025524086
    outer loop
      vertex 24.46899728044511 19.574798155590706 18.6
      vertex 52.08430857189944 26.371224138304576 18.877669370352923
      vertex 19.415744040522014 19.1954927079626 19.990000000000002
    endloop
  endfacet
  facet normal 0.2334453638559054 -0.9723699203976766 0
    outer loop
      vertex 52.62684964950542 27.168773730246016 19.990000000000002
      vertex 19.415744040522014 19.1954927079626 20
      vertex 19.415744040522014 19.1954927079626 19.990000000000002
    endloop
  endfacet
  facet normal 0 0 -1
    outer loop
      vertex 26.614778131246567 7.841371223330498 18.6
      vertex 25.462822429835796 15.607225760817528 18.6
      vertex 84.30993925780058 27.312645085155964 18.6
    endloop
  endfacet
  facet normal 0 0 1
    outer loop
      vertex 20.558896027505398 14.63177414983511 20
      vertex 21.596573642171393 7.636319938237006 20
      vertex 89.21386566013098 28.2880966886878 20
    endloop
  endfacet
  facet normal 0 0 -1
    outer loop
      vertex 25.462822429835796 15.607225760817528 18.6
      vertex 53.64782231366395 23.70361334295932 18.6
      vertex 53.84294963644204 23.68245880378016 18.6
    endloop
  endfacet
  facet normal 0 0 -1
    outer loop
      vertex 25.462822429835796 15.607225760817528 18.6
      vertex 53.84294963644204 23.68245880378016 18.6
      vertex 54.039210875262555 23.680531951668147 18.6
    endloop
  endfacet
  facet normal 0 0 -1
    outer loop
      vertex 24.927846966325063 17.742967528076598 18.6
      vertex 52.60308975267853 24.21034500527822 18.6
      vertex 52.753579359837275 24.08434871660418 18.6
    endloop
  endfacet
  facet normal 0 0 -1
    outer loop
      vertex 24.927846966325063 17.742967528076598 18.6
      vertex 53.08787276239774 23.879493456045154 18.6
      vertex 53.268457129589436 23.802607352304626 18.6
    endloop
  endfacet
  facet normal 0 0 -1
    outer loop
      vertex 24.927846966325063 17.742967528076598 18.6
      vertex 52.753579359837275 24.08434871660418 18.6
      vertex 52.91569411431253 23.97370969544141 18.6
    endloop
  endfacet
  facet normal 0 0 -1
    outer loop
      vertex 24.927846966325063 17.742967528076598 18.6
      vertex 52.91569411431253 23.97370969544141 18.6
      vertex 53.08787276239774 23.879493456045154 18.6
    endloop
  endfacet
  facet normal 0 0 -1
    outer loop
      vertex 24.927846966325063 17.742967528076598 18.6
      vertex 52.46567459001922 24.350485148327028 18.6
      vertex 52.60308975267853 24.21034500527822 18.6
    endloop
  endfacet
  facet normal -0.20164517981126645 0.8399126211077085 0.5038710255242517
    outer loop
      vertex 24.927846966325063 17.742967528076598 18.6
      vertex 52.46567459001922 24.350485148327028 18.606217383403425
      vertex 52.46315997210088 24.35361130538584 18.6
    endloop
  endfacet
  facet normal 0 0 -1
    outer loop
      vertex 24.927846966325063 17.742967528076598 18.6
      vertex 52.46315997210088 24.35361130538584 18.6
      vertex 52.46567459001922 24.350485148327028 18.6
    endloop
  endfacet
  facet normal 0 0 -1
    outer loop
      vertex 24.927846966325063 17.742967528076598 18.6
      vertex 53.268457129589436 23.802607352304626 18.6
      vertex 53.45570808971411 23.743791839429075 18.6
    endloop
  endfacet
  facet normal 0 0 -1
    outer loop
      vertex 24.927846966325063 17.742967528076598 18.6
      vertex 53.45570808971411 23.743791839429075 18.6
      vertex 53.64782231366395 23.70361334295932 18.6
    endloop
  endfacet
  facet normal 0 0 -1
    outer loop
      vertex 25.462822429835796 15.607225760817528 18.6
      vertex 54.039210875262555 23.680531951668147 18.6
      vertex 54.234715927108354 23.69785134326244 18.6
    endloop
  endfacet
  facet normal 0 0 -1
    outer loop
      vertex 24.46899728044511 19.574798155590706 18.6
      vertex 52.08430857189944 26.371224138304576 18.6
      vertex 52.02771966616726 26.191062027788295 18.6
    endloop
  endfacet
  facet normal 0 0 -1
    outer loop
      vertex 24.46899728044511 19.574798155590706 18.6
      vertex 52.161194675639976 26.55180850549628 18.6
      vertex 52.08430857189944 26.371224138304576 18.6
    endloop
  endfacet
  facet normal 0 0 -1
    outer loop
      vertex 24.46899728044511 19.574798155590706 18.6
      vertex 52.25541091503625 26.723987153581493 18.6
      vertex 52.161194675639976 26.55180850549628 18.6
    endloop
  endfacet
  facet normal 0 0 -1
    outer loop
      vertex 24.46899728044511 19.574798155590706 18.6
      vertex 52.36604993619902 26.886101908056737 18.6
      vertex 52.25541091503625 26.723987153581493 18.6
    endloop
  endfacet
  facet normal 0.2016451798112892 -0.8399126211078037 0.5038710255240838
    outer loop
      vertex 24.46899728044511 19.574798155590706 18.6
      vertex 52.02771966616726 26.191062027788295 18.6
      vertex 52.08430857189944 26.371224138304576 18.877669370352923
    endloop
  endfacet
  facet normal 0 0 -1
    outer loop
      vertex 24.46899728044511 19.574798155590706 18.6
      vertex 52.49204622487305 27.036591515215477 18.6
      vertex 52.36604993619902 26.886101908056737 18.6
    endloop
  endfacet
  facet normal 0 0 -1
    outer loop
      vertex 24.46899728044511 19.574798155590706 18.6
      vertex 52.63218636792186 27.17400667787479 18.6
      vertex 52.49204622487305 27.036591515215477 18.6
    endloop
  endfacet
  facet normal 0 0 -1
    outer loop
      vertex 24.46899728044511 19.574798155590706 18.6
      vertex 52.78512073915947 27.297024012899488 18.6
      vertex 52.63218636792186 27.17400667787479 18.6
    endloop
  endfacet
  facet normal 0 0 -1
    outer loop
      vertex 24.46899728044511 19.574798155590706 18.6
      vertex 52.94937649698845 27.404458796105178 18.6
      vertex 52.78512073915947 27.297024012899488 18.6
    endloop
  endfacet
  facet normal 0 0 -1
    outer loop
      vertex 24.46899728044511 19.574798155590706 18.6
      vertex 53.12337176866957 27.495276371799758 18.6
      vertex 52.94937649698845 27.404458796105178 18.6
    endloop
  endfacet
  facet normal 0 0 -1
    outer loop
      vertex 24.46899728044511 19.574798155590706 18.6
      vertex 53.30543088462103 27.568602117083348 18.6
      vertex 53.12337176866957 27.495276371799758 18.6
    endloop
  endfacet
  facet normal 0.20164517981128846 -0.8399126211077999 0.5038710255240904
    outer loop
      vertex 52.08430857189944 26.371224138304576 18.877669370352923
      vertex 52.161194675639976 26.55180850549628 19.147919831418214
      vertex 19.415744040522014 19.1954927079626 19.990000000000002
    endloop
  endfacet
  facet normal 0.2016451798112896 -0.8399126211078062 0.5038710255240795
    outer loop
      vertex 52.161194675639976 26.55180850549628 19.147919831418214
      vertex 52.25541091503625 26.723987153581493 19.39722324978245
      vertex 19.415744040522014 19.1954927079626 19.990000000000002
    endloop
  endfacet
  facet normal 0.2016451798112884 -0.8399126211078001 0.5038710255240901
    outer loop
      vertex 52.25541091503625 26.723987153581493 19.39722324978245
      vertex 52.36604993619902 26.886101908056737 19.623178697243667
      vertex 19.415744040522014 19.1954927079626 19.990000000000002
    endloop
  endfacet
  facet normal 0.2016451798112889 -0.8399126211078024 0.503871025524086
    outer loop
      vertex 52.36604993619902 26.886101908056737 19.623178697243667
      vertex 52.49204622487305 27.036591515215477 19.823610099323012
      vertex 19.415744040522014 19.1954927079626 19.990000000000002
    endloop
  endfacet
  facet normal 0.20164517981128954 -0.8399126211078052 0.5038710255240811
    outer loop
      vertex 52.49204622487305 27.036591515215477 19.823610099323012
      vertex 52.62684964950542 27.168773730246016 19.990000000000002
      vertex 19.415744040522014 19.1954927079626 19.990000000000002
    endloop
  endfacet
  facet normal 0 0 1
    outer loop
      vertex 19.415744040522014 19.1954927079626 20
      vertex 52.62684964950542 27.168773730246016 20
      vertex 52.63218636792186 27.17400667787479 20
    endloop
  endfacet
  facet normal 0.2334453638559054 -0.9723699203976766 0
    outer loop
      vertex 52.62684964950542 27.168773730246016 19.990000000000002
      vertex 52.62684964950542 27.168773730246016 20
      vertex 19.415744040522014 19.1954927079626 20
    endloop
  endfacet
  facet normal -0.20164517981128915 0.8399126211078031 0.5038710255240847
    outer loop
      vertex 52.46567459001922 24.350485148327028 18.606217383403425
      vertex 20.268645572920704 15.790518919713525 19.990000000000002
      vertex 52.60308975267853 24.21034500527822 18.894812227495784
    endloop
  endfacet
  facet normal -0.2016451798112881 0.8399126211077999 0.5038710255240906
    outer loop
      vertex 52.60308975267853 24.21034500527822 18.894812227495784
      vertex 20.268645572920704 15.790518919713525 19.990000000000002
      vertex 52.753579359837275 24.08434871660418 19.165062688561072
    endloop
  endfacet
  facet normal 0 0 1
    outer loop
      vertex 20.558896027505398 14.63177414983511 20
      vertex 54.234715927108354 23.69785134326244 20
      vertex 54.039210875262555 23.680531951668147 20
    endloop
  endfacet
  facet normal -0.20164517981128854 0.8399126211078013 0.503871025524088
    outer loop
      vertex 52.753579359837275 24.08434871660418 19.165062688561072
      vertex 20.268645572920704 15.790518919713525 19.990000000000002
      vertex 52.91569411431253 23.97370969544141 19.414366106925307
    endloop
  endfacet
  facet normal -0.2016451798112883 0.8399126211078003 0.5038710255240896
    outer loop
      vertex 52.91569411431253 23.97370969544141 19.414366106925307
      vertex 20.268645572920704 15.790518919713525 19.990000000000002
      vertex 53.08787276239774 23.879493456045154 19.64032155438652
    endloop
  endfacet
  facet normal -0.2016451798112897 0.8399126211078057 0.5038710255240801
    outer loop
      vertex 53.08787276239774 23.879493456045154 19.64032155438652
      vertex 20.268645572920704 15.790518919713525 19.990000000000002
      vertex 53.268457129589436 23.802607352304626 19.84075295646587
    endloop
  endfacet
  facet normal -0.20164517981129007 0.8399126211078073 0.5038710255240774
    outer loop
      vertex 53.268457129589436 23.802607352304626 19.84075295646587
      vertex 20.268645572920704 15.790518919713525 19.990000000000002
      vertex 53.43001986461239 23.75186050905413 19.990000000000002
    endloop
  endfacet
  facet normal 0 0 1
    outer loop
      vertex 20.268645572920704 15.790518919713525 20
      vertex 53.45570808971411 23.743791839429075 20
      vertex 53.43001986461239 23.75186050905413 20
    endloop
  endfacet
  facet normal -0.23344536385590547 0.9723699203976766 0
    outer loop
      vertex 53.43001986461239 23.75186050905413 19.990000000000002
      vertex 20.268645572920704 15.790518919713525 20
      vertex 53.43001986461239 23.75186050905413 20
    endloop
  endfacet
  facet normal 0 0 1
    outer loop
      vertex 20.268645572920704 15.790518919713525 20
      vertex 53.64782231366395 23.70361334295932 20
      vertex 53.45570808971411 23.743791839429075 20
    endloop
  endfacet
  facet normal 0 0 1
    outer loop
      vertex 20.268645572920704 15.790518919713525 20
      vertex 53.84294963644204 23.68245880378016 20
      vertex 53.64782231366395 23.70361334295932 20
    endloop
  endfacet
  facet normal 0 0 1
    outer loop
      vertex 20.268645572920704 15.790518919713525 20
      vertex 54.039210875262555 23.680531951668147 20
      vertex 53.84294963644204 23.68245880378016 20
    endloop
  endfacet
  facet normal 0 0 1
    outer loop
      vertex 19.415744040522014 19.1954927079626 20
      vertex 52.63218636792186 27.17400667787479 20
      vertex 52.78512073915947 27.297024012899488 20
    endloop
  endfacet
  facet normal 0 0 1
    outer loop
      vertex 19.415744040522014 19.1954927079626 20
      vertex 52.78512073915947 27.297024012899488 20
      vertex 52.94937649698845 27.404458796105178 20
    endloop
  endfacet
  facet normal 0 0 1
    outer loop
      vertex 19.415744040522014 19.1954927079626 20
      vertex 52.94937649698845 27.404458796105178 20
      vertex 53.12337176866957 27.495276371799758 20
    endloop
  endfacet
  facet normal 0 0 1
    outer loop
      vertex 19.415744040522014 19.1954927079626 20
      vertex 53.12337176866957 27.495276371799758 20
      vertex 53.30543088462103 27.568602117083348 20
    endloop
  endfacet
  facet normal 0 0 1
    outer loop
      vertex 19.415744040522014 19.1954927079626 20
      vertex 53.30543088462103 27.568602117083348 20
      vertex 53.49380051603261 27.623729864944945 20
    endloop
  endfacet
  facet normal -0.9039893060211664 -0.4275550661603365 -1.6106715939229435e-8
    outer loop
      vertex 16.2909649387002 28.701257430016994 6
      vertex 13.144094824790955 35.3547552600503 20
      vertex 16.290964927065474 28.701257454616556 6
    endloop
  endfacet
  facet normal -0.9039892929220992 -0.42755509385598855 0
    outer loop
      vertex 16.290964927065474 28.701257454616556 6
      vertex 13.144094824790955 35.3547552600503 20
      vertex 13.144094824790955 35.3547552600503 6
    endloop
  endfacet
  facet normal -0.8577286103552676 -0.5141027436009474 1.6162613602390627e-13
    outer loop
      vertex 13.144094824790955 35.3547552600503 6
      vertex 10.874062303443282 39.14207572124915 16.990000000000002
      vertex 10.868921028243832 39.15065342072103 16.990000000000002
    endloop
  endfacet
  facet normal -0.9415446871500078 -0.33688811510588157 -4.4769425784651804e-15
    outer loop
      vertex 16.29096494786772 28.701257404395484 6
      vertex 16.290964939475742 28.701257427849484 16.990000000000002
      vertex 16.2909649387002 28.701257430016994 16.990000000000002
    endloop
  endfacet
  facet normal -0.9039892929219435 -0.4275550938563175 0
    outer loop
      vertex 16.2909649387002 28.701257430016994 6
      vertex 16.2909649387002 28.701257430016994 16.990000000000002
      vertex 16.28668423244646 28.710308222944334 16.990000000000002
    endloop
  endfacet
  facet normal 0.9415440653997902 0.33688985278639044 -6.081899043715218e-16
    outer loop
      vertex 20.910362601280212 30.61467459052801 12
      vertex 20.910362601643115 30.614674589513776 16.990000000000002
      vertex 23.555226854979992 23.222774177789688 12
    endloop
  endfacet
  facet normal -0.94154406525213 -0.3368898531990727 1.5470441649414466e-15
    outer loop
      vertex 18.77052517980337 21.771350793540478 6
      vertex 16.881233186534345 27.051568190707656 19.990000000000002
      vertex 16.290964939475742 28.701257427849484 16.990000000000002
    endloop
  endfacet
  facet normal -0.9039892929221007 -0.42755509385598545 -3.347067071722135e-16
    outer loop
      vertex 16.2909649387002 28.701257430016994 6
      vertex 16.28668423244646 28.710308222944334 16.990000000000002
      vertex 15.537560465796503 30.294197349413587 19.990000000000002
    endloop
  endfacet
  facet normal -0.8577286103554456 -0.5141027436006503 2.1876318403602997e-16
    outer loop
      vertex 13.144094824790955 35.3547552600503 6
      vertex 11.773785463345916 37.640978313670715 19.990000000000002
      vertex 10.874062303443282 39.14207572124915 16.990000000000002
    endloop
  endfacet
  facet normal 0.9039892930057027 0.4275550936792237 0
    outer loop
      vertex 20.910362601280212 30.61467459052801 12
      vertex 17.553701147437096 37.71173894405365 12
      vertex 17.553701147437096 37.71173894405365 18.6
    endloop
  endfacet
  facet normal -0.857728610355446 -0.5141027436006499 0
    outer loop
      vertex 9.360220924019814 41.667767480015755 6
      vertex 13.144094824790955 35.3547552600503 6
      vertex 9.360220924019814 41.667767480015755 20
    endloop
  endfacet
  facet normal -0.7409511256161999 -0.6715589545587834 0
    outer loop
      vertex 4.975784003734589 47.579496309161186 6
      vertex 0.03300859034061432 53.033008590340614 19
      vertex 0.03300859034061432 53.033008590340614 6
    endloop
  endfacet
  facet normal -0.8032075311726766 -0.5956993049076804 0
    outer loop
      vertex 4.975784003734589 47.579496309161186 6
      vertex 9.360220924019814 41.667767480015755 6
      vertex 4.975784003734589 47.579496309161186 19.51433189355466
    endloop
  endfacet
  facet normal -0.8577286103554475 -0.5141027436006474 -1.4075183808465524e-15
    outer loop
      vertex 13.144094824790955 35.3547552600503 6
      vertex 10.868921028243832 39.15065342072103 16.990000000000002
      vertex 9.360220924019814 41.667767480015755 20
    endloop
  endfacet
  facet normal -0.7409511256161242 -0.671558954558867 1.6156382607474134e-14
    outer loop
      vertex 4.975784003734589 47.579496309161186 6
      vertex 3.98646629408605 48.67104019459375 16.990000000000002
      vertex 3.979747790782774 48.67845292068611 16.990000000000002
    endloop
  endfacet
  facet normal -0.7409511256161998 -0.6715589545587837 0
    outer loop
      vertex 4.975784003734589 47.579496309161186 6
      vertex 4.975784003734589 47.579496309161186 19.51433189355466
      vertex 3.98646629408605 48.67104019459375 16.990000000000002
    endloop
  endfacet
  facet normal -0.7409511256162029 -0.6715589545587802 -7.205665825524805e-16
    outer loop
      vertex 4.975784003734589 47.579496309161186 6
      vertex 3.979747790782774 48.67845292068611 16.990000000000002
      vertex 2.8040097127100694 49.975679986849144 19.990000000000002
    endloop
  endfacet
  facet normal -0.7409511196405663 -0.6715589611518793 0
    outer loop
      vertex 4.975784003734589 47.579496309161186 6
      vertex 0.033008616461749796 53.03300856152038 19.00000003884941
      vertex 0.03300859034061432 53.033008590340614 19
    endloop
  endfacet
  facet normal -0.7409511256161996 -0.6715589545587841 4.664846196500338e-16
    outer loop
      vertex 4.975784003734589 47.579496309161186 6
      vertex 2.8040097127100694 49.975679986849144 19.990000000000002
      vertex 0.033008616461749796 53.03300856152038 19.00000003884941
    endloop
  endfacet
  facet normal 0.8032075316764435 0.5956993042284295 0
    outer loop
      vertex 8.840836271643639 50.75146273523569 12
      vertex 8.840836271643639 50.75146273523569 18.6
      vertex 13.517568983137608 44.44561864435673 12
    endloop
  endfacet
  facet normal 0.8577286101267119 0.5141027439822698 0
    outer loop
      vertex 17.553701147437096 37.71173894405365 12
      vertex 13.517568983137608 44.44561864435673 12
      vertex 13.517568983137608 44.44561864435673 18.6
    endloop
  endfacet
  facet normal 0 0 1
    outer loop
      vertex 25.462822429835796 15.607225760817528 12
      vertex 80.97164700180292 40.639854818582535 12
      vertex 23.555226854979992 23.222774177789688 12
    endloop
  endfacet
  facet normal 0 0 1
    outer loop
      vertex 20.910362601280212 30.61467459052801 12
      vertex 23.555226854979992 23.222774177789688 12
      vertex 80.97164700180292 40.639854818582535 12
    endloop
  endfacet
  facet normal 0 0 1
    outer loop
      vertex 17.553701147437096 37.71173894405365 12
      vertex 70.46897701174021 65.99554315209389 12
      vertex 13.517568983137608 44.44561864435673 12
    endloop
  endfacet
  facet normal 0 0 1
    outer loop
      vertex 20.910362601280212 30.61467459052801 12
      vertex 76.34313455224037 53.575680531561375 12
      vertex 17.553701147437096 37.71173894405365 12
    endloop
  endfacet
  facet normal -0.9039892929220992 -0.4275550938559887 1.134344885525116e-16
    outer loop
      vertex 16.2909649387002 28.701257430016994 6
      vertex 15.537560465796503 30.294197349413587 19.990000000000002
      vertex 13.144094824790955 35.3547552600503 20
    endloop
  endfacet
  facet normal 0.94154406539979 0.3368898527863908 -1.2298853325022676e-15
    outer loop
      vertex 23.555226854979992 23.222774177789688 12
      vertex 20.910362601643115 30.614674589513776 16.990000000000002
      vertex 21.22713989385001 29.729341365423085 18.6
    endloop
  endfacet
  facet normal 0.9415431162589384 0.33689250544559035 0
    outer loop
      vertex 20.910362601280212 30.61467459052801 12
      vertex 20.910362601280212 30.61467459052801 16.990000000000002
      vertex 20.910362601643115 30.614674589513776 16.990000000000002
    endloop
  endfacet
  facet normal 0.9039892930059784 0.4275550936786407 0
    outer loop
      vertex 20.910362601280212 30.61467459052801 12
      vertex 20.906081894504595 30.623725384563375 16.990000000000002
      vertex 20.910362601280212 30.61467459052801 16.990000000000002
    endloop
  endfacet
  facet normal 0 0 1
    outer loop
      vertex 20.906081894504595 30.623725384563375 16.990000000000002
      vertex 16.28668423244646 28.710308222944334 16.990000000000002
      vertex 16.2909649387002 28.701257430016994 16.990000000000002
    endloop
  endfacet
  facet normal 0 0 1
    outer loop
      vertex 20.910362601643115 30.614674589513776 16.990000000000002
      vertex 16.2909649387002 28.701257430016994 16.990000000000002
      vertex 16.290964939475742 28.701257427849484 16.990000000000002
    endloop
  endfacet
  facet normal 0 0 1
    outer loop
      vertex 20.906081894504595 30.623725384563375 16.990000000000002
      vertex 16.2909649387002 28.701257430016994 16.990000000000002
      vertex 20.910362601280212 30.61467459052801 16.990000000000002
    endloop
  endfacet
  facet normal 0 0 1
    outer loop
      vertex 20.910362601643115 30.614674589513776 16.990000000000002
      vertex 20.910362601280212 30.61467459052801 16.990000000000002
      vertex 16.2909649387002 28.701257430016994 16.990000000000002
    endloop
  endfacet
  facet normal -0.8577286103554462 -0.5141027436006493 0
    outer loop
      vertex 13.144094824790955 35.3547552600503 6
      vertex 13.144094824790955 35.3547552600503 20
      vertex 11.773785463345916 37.640978313670715 19.990000000000002
    endloop
  endfacet
  facet normal 0.9039892930057023 0.4275550936792246 -1.2959788203181735e-15
    outer loop
      vertex 20.910362601280212 30.61467459052801 12
      vertex 17.553701147437096 37.71173894405365 18.6
      vertex 20.906081894504595 30.623725384563375 16.990000000000002
    endloop
  endfacet
  facet normal 0.33055387460035673 -0.7980276471551588 0.5038710255240848
    outer loop
      vertex 20.906081894504595 30.623725384563375 16.990000000000002
      vertex 15.537560465796503 30.294197349413587 19.990000000000002
      vertex 16.28668423244646 28.710308222944334 16.990000000000002
    endloop
  endfacet
  facet normal -0.3305538746003564 0.7980276471551575 0.5038710255240872
    outer loop
      vertex 21.22713989385001 29.729341365423085 18.6
      vertex 16.290964939475742 28.701257427849484 16.990000000000002
      vertex 16.881233186534345 27.051568190707656 19.990000000000002
    endloop
  endfacet
  facet normal -0.33055387460035646 0.7980276471551571 0.5038710255240877
    outer loop
      vertex 20.910362601643115 30.614674589513776 16.990000000000002
      vertex 16.290964939475742 28.701257427849484 16.990000000000002
      vertex 21.22713989385001 29.729341365423085 18.6
    endloop
  endfacet
  facet normal 0.3305538746003583 -0.7980276471551563 0.5038710255240879
    outer loop
      vertex 20.906081894504595 30.623725384563375 16.990000000000002
      vertex 20.504052139905838 31.473745882505654 18.6
      vertex 15.537560465796503 30.294197349413587 19.990000000000002
    endloop
  endfacet
  facet normal -0.9039892929220991 -0.4275550938559886 0
    outer loop
      vertex 13.144094824790955 35.3547552600503 20
      vertex 15.537560465796503 30.294197349413587 19.990000000000002
      vertex 15.537560465796503 30.294197349413587 20
    endloop
  endfacet
  facet normal 0.9039892930057033 0.42755509367922245 1.0592747456902757e-14
    outer loop
      vertex 20.906081894504595 30.623725384563375 16.990000000000002
      vertex 17.553701147437096 37.71173894405365 18.6
      vertex 20.504052139905838 31.473745882505654 18.6
    endloop
  endfacet
  facet normal -0.8577286103554463 -0.5141027436006494 0
    outer loop
      vertex 13.144094824790955 35.3547552600503 20
      vertex 11.773785463345916 37.640978313670715 20
      vertex 11.773785463345916 37.640978313670715 19.990000000000002
    endloop
  endfacet
  facet normal -0.8032075311726763 -0.5956993049076807 0
    outer loop
      vertex 9.360220924019814 41.667767480015755 6
      vertex 9.360220924019814 41.667767480015755 20
      vertex 5.141465597190205 47.3561005412899 19.990000000000002
    endloop
  endfacet
  facet normal -0.8032075311726802 -0.5956993049076756 -3.4256114930400942e-15
    outer loop
      vertex 9.360220924019814 41.667767480015755 6
      vertex 5.141465597190205 47.3561005412899 19.990000000000002
      vertex 4.975784003734589 47.579496309161186 19.51433189355466
    endloop
  endfacet
  facet normal 0 0 1
    outer loop
      vertex 7.778845545207972 51.923188934928305 16.990000000000002
      vertex 3.979747790782774 48.67845292068611 16.990000000000002
      vertex 3.98646629408605 48.67104019459375 16.990000000000002
    endloop
  endfacet
  facet normal 0.7409511245750166 0.6715589557075525 0
    outer loop
      vertex 8.840836271643639 50.75146273523569 12
      vertex 8.416543484863574 51.21959768428499 18.6
      vertex 8.840836271643639 50.75146273523569 18.6
    endloop
  endfacet
  facet normal 0 0 1
    outer loop
      vertex 7.778845545207972 51.923188934928305 16.990000000000002
      vertex 3.98646629408605 48.67104019459375 16.990000000000002
      vertex 7.7855640485230495 51.91577620884602 16.990000000000002
    endloop
  endfacet
  facet normal 0.8577286101271374 0.5141027439815598 8.543188304184071e-13
    outer loop
      vertex 17.553701147437096 37.71173894405365 12
      vertex 15.127191847409335 41.76012513481892 16.990000000000002
      vertex 15.132333122612565 41.751547435349366 16.990000000000002
    endloop
  endfacet
  facet normal 0.8577286101267104 0.514102743982272 -1.4477716718290761e-15
    outer loop
      vertex 17.553701147437096 37.71173894405365 12
      vertex 15.132333122612565 41.751547435349366 16.990000000000002
      vertex 15.61518455211663 40.94595849350062 18.6
    endloop
  endfacet
  facet normal 0.8577286101267101 0.5141027439822724 -3.5419348385440944e-15
    outer loop
      vertex 17.553701147437096 37.71173894405365 12
      vertex 13.517568983137608 44.44561864435673 18.6
      vertex 15.127191847409335 41.76012513481892 16.990000000000002
    endloop
  endfacet
  facet normal 0.8577286101267118 0.51410274398227 0
    outer loop
      vertex 17.553701147437096 37.71173894405365 12
      vertex 15.61518455211663 40.94595849350062 18.6
      vertex 17.553701147437096 37.71173894405365 18.6
    endloop
  endfacet
  facet normal 0 0 1
    outer loop
      vertex 15.132333122612565 41.751547435349366 16.990000000000002
      vertex 10.868921028243832 39.15065342072103 16.990000000000002
      vertex 10.874062303443282 39.14207572124915 16.990000000000002
    endloop
  endfacet
  facet normal 0 0 1
    outer loop
      vertex 15.127191847409335 41.76012513481892 16.990000000000002
      vertex 10.868921028243832 39.15065342072103 16.990000000000002
      vertex 15.132333122612565 41.751547435349366 16.990000000000002
    endloop
  endfacet
  facet normal 0.8032075316764435 0.5956993042284295 0
    outer loop
      vertex 13.517568983137608 44.44561864435673 12
      vertex 8.840836271643639 50.75146273523569 18.6
      vertex 13.517568983137608 44.44561864435673 18.6
    endloop
  endfacet
  facet normal -0.8577286103554471 -0.5141027436006479 -1.0674832065567718e-15
    outer loop
      vertex 9.360220924019814 41.667767480015755 20
      vertex 10.868921028243832 39.15065342072103 16.990000000000002
      vertex 9.969197868341205 40.651750828299456 19.990000000000002
    endloop
  endfacet
  facet normal -0.8577286103554472 -0.5141027436006479 0
    outer loop
      vertex 9.360220924019814 41.667767480015755 20
      vertex 9.969197868341205 40.651750828299456 19.990000000000002
      vertex 9.969197868341205 40.651750828299456 20
    endloop
  endfacet
  facet normal 0.5609795213772795 -0.6568226292026069 0.503871025524085
    outer loop
      vertex 7.778845545207972 51.923188934928305 16.990000000000002
      vertex 2.8040097127100694 49.975679986849144 19.990000000000002
      vertex 3.979747790782774 48.67845292068611 16.990000000000002
    endloop
  endfacet
  facet normal -0.5609795213772786 0.6568226292026059 0.5038710255240872
    outer loop
      vertex 8.416543484863574 51.21959768428499 18.6
      vertex 3.98646629408605 48.67104019459375 16.990000000000002
      vertex 4.975784003734589 47.579496309161186 19.51433189355466
    endloop
  endfacet
  facet normal -0.5609795213772787 0.6568226292026069 0.5038710255240859
    outer loop
      vertex 7.7855640485230495 51.91577620884602 16.990000000000002
      vertex 3.98646629408605 48.67104019459375 16.990000000000002
      vertex 8.416543484863574 51.21959768428499 18.6
    endloop
  endfacet
  facet normal -0.7409511256162012 -0.6715589545587822 0
    outer loop
      vertex 0.033008616461749796 53.03300856152038 19.00000003884941
      vertex 2.8040097127100694 49.975679986849144 19.990000000000002
      vertex 2.8040097127100694 49.975679986849144 20
    endloop
  endfacet
  facet normal -0.8032075311726763 -0.5956993049076809 0
    outer loop
      vertex 9.360220924019814 41.667767480015755 20
      vertex 5.141465597190205 47.3561005412899 20
      vertex 5.141465597190205 47.3561005412899 19.990000000000002
    endloop
  endfacet
  facet normal -0.45132323595135115 0.7364925840276355 0.503871025524089
    outer loop
      vertex 15.132333122612565 41.751547435349366 16.990000000000002
      vertex 10.874062303443282 39.14207572124915 16.990000000000002
      vertex 15.61518455211663 40.94595849350062 18.6
    endloop
  endfacet
  facet normal 0.45132323595135154 -0.7364925840276382 0.5038710255240847
    outer loop
      vertex 15.127191847409335 41.76012513481892 16.990000000000002
      vertex 9.969197868341205 40.651750828299456 19.990000000000002
      vertex 10.868921028243832 39.15065342072103 16.990000000000002
    endloop
  endfacet
  facet normal -0.45132323595135104 0.7364925840276371 0.5038710255240869
    outer loop
      vertex 15.61518455211663 40.94595849350062 18.6
      vertex 10.874062303443282 39.14207572124915 16.990000000000002
      vertex 11.773785463345916 37.640978313670715 19.990000000000002
    endloop
  endfacet
  facet normal 0.857728610126713 0.514102743982268 6.481352881601707e-15
    outer loop
      vertex 15.127191847409335 41.76012513481892 16.990000000000002
      vertex 13.517568983137608 44.44561864435673 18.6
      vertex 14.64434041790527 42.56571407666766 18.6
    endloop
  endfacet
  facet normal 0.45132323595135226 -0.7364925840276365 0.5038710255240866
    outer loop
      vertex 15.127191847409335 41.76012513481892 16.990000000000002
      vertex 14.64434041790527 42.56571407666766 18.6
      vertex 9.969197868341205 40.651750828299456 19.990000000000002
    endloop
  endfacet
  facet normal -0.4513232359513513 0.7364925840276374 0.5038710255240864
    outer loop
      vertex 15.61518455211663 40.94595849350062 18.6
      vertex 11.773785463345916 37.640978313670715 19.990000000000002
      vertex 39.77910333219418 55.74937334679878 18.606217383403433
    endloop
  endfacet
  facet normal -0.5224985647159491 0.8526401643540922 0
    outer loop
      vertex 40.88123537634135 55.47804656109792 19.990000000000002
      vertex 11.773785463345916 37.640978313670715 19.990000000000002
      vertex 11.773785463345916 37.640978313670715 20
    endloop
  endfacet
  facet normal 0 0 -1
    outer loop
      vertex 13.517568983137608 44.44561864435673 18.6
      vertex 39.295401425224966 58.80334699457693 18.6
      vertex 14.64434041790527 42.56571407666766 18.6
    endloop
  endfacet
  facet normal 0.45132323595135226 -0.7364925840276391 0.5038710255240829
    outer loop
      vertex 14.64434041790527 42.56571407666766 18.6
      vertex 38.7919600064687 57.5533617502725 18.877669370352926
      vertex 9.969197868341205 40.651750828299456 19.990000000000002
    endloop
  endfacet
  facet normal 0.5224985647159489 -0.8526401643540923 0
    outer loop
      vertex 39.061490855916944 58.479530899883684 19.990000000000002
      vertex 9.969197868341205 40.651750828299456 20
      vertex 9.969197868341205 40.651750828299456 19.990000000000002
    endloop
  endfacet
  facet normal 0 0 1
    outer loop
      vertex 9.360220924019814 41.667767480015755 20
      vertex 9.969197868341205 40.651750828299456 20
      vertex 39.432816587884275 58.94348713762574 20
    endloop
  endfacet
  facet normal 0 0 1
    outer loop
      vertex 18.77052517980337 21.771350793540478 20
      vertex 42.19242089706397 36.72401126996094 20
      vertex 16.881233186534345 27.051568190707656 20
    endloop
  endfacet
  facet normal -0.3305538746003575 0.7980276471551583 0.5038710255240851
    outer loop
      vertex 21.22713989385001 29.729341365423085 18.6
      vertex 16.881233186534345 27.051568190707656 19.990000000000002
      vertex 41.90540832279015 37.416920919344406 19.990000000000002
    endloop
  endfacet
  facet normal -0.38268343236508984 0.9238795325112866 0
    outer loop
      vertex 16.881233186534345 27.051568190707656 20
      vertex 41.90540832279015 37.416920919344406 20
      vertex 16.881233186534345 27.051568190707656 19.990000000000002
    endloop
  endfacet
  facet normal 0 0 -1
    outer loop
      vertex 20.504052139905838 31.473745882505654 18.6
      vertex 17.553701147437096 37.71173894405365 18.6
      vertex 40.27900373523853 41.34340893251738 18.6
    endloop
  endfacet
  facet normal 0 0 -1
    outer loop
      vertex 21.22713989385001 29.729341365423085 18.6
      vertex 41.595115839714126 38.166033240288975 18.6
      vertex 42.19242089706397 36.72401126996094 18.6
    endloop
  endfacet
  facet normal 0 0 -1
    outer loop
      vertex 20.504052139905838 31.473745882505654 18.6
      vertex 40.27900373523853 41.34340893251738 18.6
      vertex 40.872481958264714 39.91062575751445 18.6
    endloop
  endfacet
  facet normal 0.3305538746003578 -0.7980276471551595 0.5038710255240832
    outer loop
      vertex 20.504052139905838 31.473745882505654 18.6
      vertex 40.872481958264714 39.91062575751445 18.6
      vertex 15.537560465796503 30.294197349413587 19.990000000000002
    endloop
  endfacet
  facet normal 0.3826834323650896 -0.9238795325112868 0
    outer loop
      vertex 40.5621894751887 40.65973807845902 19.990000000000002
      vertex 15.537560465796503 30.294197349413587 20
      vertex 15.537560465796503 30.294197349413587 19.990000000000002
    endloop
  endfacet
  facet normal -0.3305538746003574 0.798027647155158 0.5038710255240858
    outer loop
      vertex 21.22713989385001 29.729341365423085 18.6
      vertex 41.90540832279015 37.416920919344406 19.990000000000002
      vertex 41.595115839714126 38.166033240288975 18.6
    endloop
  endfacet
  facet normal 0 0 1
    outer loop
      vertex 16.881233186534345 27.051568190707656 20
      vertex 42.19242089706397 36.72401126996094 20
      vertex 41.90540832279015 37.416920919344406 20
    endloop
  endfacet
  facet normal -0.38268343236508984 0.9238795325112866 0
    outer loop
      vertex 41.90540832279015 37.416920919344406 19.990000000000002
      vertex 16.881233186534345 27.051568190707656 19.990000000000002
      vertex 41.90540832279015 37.416920919344406 20
    endloop
  endfacet
  facet normal 0.3305538746003577 -0.7980276471551593 0.5038710255240836
    outer loop
      vertex 40.872481958264714 39.91062575751445 18.6
      vertex 40.5621894751887 40.65973807845902 19.990000000000002
      vertex 15.537560465796503 30.294197349413587 19.990000000000002
    endloop
  endfacet
  facet normal 0.3826834323650896 -0.9238795325112868 0
    outer loop
      vertex 40.5621894751887 40.65973807845902 19.990000000000002
      vertex 40.5621894751887 40.65973807845902 20
      vertex 15.537560465796503 30.294197349413587 20
    endloop
  endfacet
  facet normal 0 0 1
    outer loop
      vertex 15.537560465796503 30.294197349413587 20
      vertex 40.5621894751887 40.65973807845902 20
      vertex 40.27900373523853 41.34340893251738 20
    endloop
  endfacet
  facet normal 0 0 -1
    outer loop
      vertex 24.46899728044511 19.574798155590706 18.6
      vertex 23.555226854979992 23.222774177789688 18.6
      vertex 80.97164700180292 40.639854818582535 18.6
    endloop
  endfacet
  facet normal 0 0 -1
    outer loop
      vertex 21.22713989385001 29.729341365423085 18.6
      vertex 80.97164700180292 40.639854818582535 18.6
      vertex 23.555226854979992 23.222774177789688 18.6
    endloop
  endfacet
  facet normal 0 0 1
    outer loop
      vertex 18.77052517980337 21.771350793540478 20
      vertex 19.415744040522014 19.1954927079626 20
      vertex 85.75634868443012 42.091278202831745 20
    endloop
  endfacet
  facet normal 0 0 1
    outer loop
      vertex 18.77052517980337 21.771350793540478 20
      vertex 56.97449341724456 42.846946187802374 20
      vertex 42.19242089706397 36.72401126996094 20
    endloop
  endfacet
  facet normal 0.9238795325112873 0.3826834323650885 5.1172766713278297e-17
    outer loop
      vertex 42.19242089706397 36.72401126996094 18.6
      vertex 41.595115839714126 38.166033240288975 18.6
      vertex 41.90540832279015 37.416920919344406 19.990000000000002
    endloop
  endfacet
  facet normal 0.9238795325112873 0.3826834323650885 0
    outer loop
      vertex 42.19242089706397 36.72401126996094 18.6
      vertex 41.90540832279015 37.416920919344406 19.990000000000002
      vertex 42.19242089706397 36.72401126996094 20
    endloop
  endfacet
  facet normal 0.9238795325112873 0.3826834323650885 0
    outer loop
      vertex 41.90540832279015 37.416920919344406 19.990000000000002
      vertex 41.90540832279015 37.416920919344406 20
      vertex 42.19242089706397 36.72401126996094 20
    endloop
  endfacet
  facet normal 0 0 1
    outer loop
      vertex 13.144094824790955 35.3547552600503 20
      vertex 15.537560465796503 30.294197349413587 20
      vertex 74.87858332693577 68.35252683609724 20
    endloop
  endfacet
  facet normal -0.45132323595133395 0.736492584027609 0.5038710255241433
    outer loop
      vertex 15.61518455211663 40.94595849350062 18.6
      vertex 39.77910333219418 55.74937334679878 18.606217383403433
      vertex 39.77574575277869 55.751569439169394 18.6
    endloop
  endfacet
  facet normal 0 0 -1
    outer loop
      vertex 15.61518455211663 40.94595849350062 18.6
      vertex 39.77574575277869 55.751569439169394 18.6
      vertex 39.77910333219418 55.74937334679878 18.6
    endloop
  endfacet
  facet normal 0 0 -1
    outer loop
      vertex 15.61518455211663 40.94595849350062 18.6
      vertex 39.95309860387529 55.658555771104204 18.6
      vertex 40.135157719826765 55.585230025820614 18.6
    endloop
  endfacet
  facet normal 0 0 -1
    outer loop
      vertex 15.61518455211663 40.94595849350062 18.6
      vertex 39.77910333219418 55.74937334679878 18.6
      vertex 39.95309860387529 55.658555771104204 18.6
    endloop
  endfacet
  facet normal 0 0 -1
    outer loop
      vertex 15.61518455211663 40.94595849350062 18.6
      vertex 40.323527351238354 55.53010227795902 18.6
      vertex 40.51639339558622 55.49370343786721 18.6
    endloop
  endfacet
  facet normal 0 0 -1
    outer loop
      vertex 15.61518455211663 40.94595849350062 18.6
      vertex 40.51639339558622 55.49370343786721 18.6
      vertex 40.71189844743202 55.47638404627292 18.6
    endloop
  endfacet
  facet normal 0 0 -1
    outer loop
      vertex 15.61518455211663 40.94595849350062 18.6
      vertex 40.135157719826765 55.585230025820614 18.6
      vertex 40.323527351238354 55.53010227795902 18.6
    endloop
  endfacet
  facet normal 0 0 -1
    outer loop
      vertex 15.61518455211663 40.94595849350062 18.6
      vertex 40.71189844743202 55.47638404627292 18.6
      vertex 40.90815968625253 55.47831089838494 18.6
    endloop
  endfacet
  facet normal 0 0 -1
    outer loop
      vertex 15.61518455211663 40.94595849350062 18.6
      vertex 40.90815968625253 55.47831089838494 18.6
      vertex 41.10328700903061 55.49946543756409 18.6
    endloop
  endfacet
  facet normal 0 0 -1
    outer loop
      vertex 15.61518455211663 40.94595849350062 18.6
      vertex 41.10328700903061 55.49946543756409 18.6
      vertex 41.29540123298047 55.53964393403385 18.6
    endloop
  endfacet
  facet normal 0 0 -1
    outer loop
      vertex 17.553701147437096 37.71173894405365 18.6
      vertex 15.61518455211663 40.94595849350062 18.6
      vertex 70.46897701174021 65.99554315209389 18.6
    endloop
  endfacet
  facet normal 0 0 -1
    outer loop
      vertex 15.61518455211663 40.94595849350062 18.6
      vertex 41.29540123298047 55.53964393403385 18.6
      vertex 41.48265219310514 55.5984594469094 18.6
    endloop
  endfacet
  facet normal 0 0 1
    outer loop
      vertex 13.144094824790955 35.3547552600503 20
      vertex 74.87858332693577 68.35252683609724 20
      vertex 11.773785463345916 37.640978313670715 20
    endloop
  endfacet
  facet normal -0.45132323595135476 0.7364925840276423 0.5038710255240761
    outer loop
      vertex 39.95309860387529 55.658555771104204 18.894812227495766
      vertex 11.773785463345916 37.640978313670715 19.990000000000002
      vertex 40.135157719826765 55.585230025820614 19.165062688561065
    endloop
  endfacet
  facet normal -0.45132323595134666 0.7364925840276311 0.5038710255240995
    outer loop
      vertex 39.77910333219418 55.74937334679878 18.606217383403433
      vertex 11.773785463345916 37.640978313670715 19.990000000000002
      vertex 39.95309860387529 55.658555771104204 18.894812227495766
    endloop
  endfacet
  facet normal -0.4513232359513522 0.7364925840276386 0.5038710255240835
    outer loop
      vertex 40.135157719826765 55.585230025820614 19.165062688561065
      vertex 11.773785463345916 37.640978313670715 19.990000000000002
      vertex 40.323527351238354 55.53010227795902 19.414366106925314
    endloop
  endfacet
  facet normal -0.4513232359513536 0.7364925840276407 0.5038710255240794
    outer loop
      vertex 40.323527351238354 55.53010227795902 19.414366106925314
      vertex 11.773785463345916 37.640978313670715 19.990000000000002
      vertex 40.51639339558622 55.49370343786721 19.64032155438654
    endloop
  endfacet
  facet normal -0.4513232359513463 0.7364925840276294 0.5038710255241022
    outer loop
      vertex 40.51639339558622 55.49370343786721 19.64032155438654
      vertex 11.773785463345916 37.640978313670715 19.990000000000002
      vertex 40.71189844743202 55.47638404627292 19.840752956465874
    endloop
  endfacet
  facet normal -0.4513232359513581 0.7364925840276481 0.5038710255240645
    outer loop
      vertex 40.71189844743202 55.47638404627292 19.840752956465874
      vertex 11.773785463345916 37.640978313670715 19.990000000000002
      vertex 40.88123537634135 55.47804656109792 19.990000000000002
    endloop
  endfacet
  facet normal 0 0 1
    outer loop
      vertex 11.773785463345916 37.640978313670715 20
      vertex 40.90815968625253 55.47831089838494 20
      vertex 40.88123537634135 55.47804656109792 20
    endloop
  endfacet
  facet normal -0.5224985647159491 0.8526401643540922 0
    outer loop
      vertex 40.88123537634135 55.47804656109792 19.990000000000002
      vertex 11.773785463345916 37.640978313670715 20
      vertex 40.88123537634135 55.47804656109792 20
    endloop
  endfacet
  facet normal 0 0 1
    outer loop
      vertex 11.773785463345916 37.640978313670715 20
      vertex 41.10328700903061 55.49946543756409 20
      vertex 40.90815968625253 55.47831089838494 20
    endloop
  endfacet
  facet normal 0 0 1
    outer loop
      vertex 11.773785463345916 37.640978313670715 20
      vertex 41.29540123298047 55.53964393403385 20
      vertex 41.10328700903061 55.49946543756409 20
    endloop
  endfacet
  facet normal 0 0 1
    outer loop
      vertex 11.773785463345916 37.640978313670715 20
      vertex 41.48265219310514 55.5984594469094 20
      vertex 41.29540123298047 55.53964393403385 20
    endloop
  endfacet
  facet normal 0 0 1
    outer loop
      vertex 11.773785463345916 37.640978313670715 20
      vertex 41.66323656029684 55.67534555064992 20
      vertex 41.48265219310514 55.5984594469094 20
    endloop
  endfacet
  facet normal 0 0 1
    outer loop
      vertex 11.773785463345916 37.640978313670715 20
      vertex 41.835415208382045 55.76956179004618 20
      vertex 41.66323656029684 55.67534555064992 20
    endloop
  endfacet
  facet normal 0 0 -1
    outer loop
      vertex 17.553701147437096 37.71173894405365 18.6
      vertex 55.061076255419124 47.46634385035881 18.6
      vertex 40.27900373523853 41.34340893251738 18.6
    endloop
  endfacet
  facet normal 0.9238795325112898 0.3826834323650824 0
    outer loop
      vertex 40.872481958264714 39.91062575751445 18.6
      vertex 40.27900373523853 41.34340893251738 18.6
      vertex 40.27900373523853 41.34340893251738 20
    endloop
  endfacet
  facet normal 0.9238795325112856 0.3826834323650924 -1.1967224887555787e-14
    outer loop
      vertex 40.872481958264714 39.91062575751445 18.6
      vertex 40.27900373523853 41.34340893251738 20
      vertex 40.5621894751887 40.65973807845902 19.990000000000002
    endloop
  endfacet
  facet normal 0.9238795325112857 0.3826834323650922 0
    outer loop
      vertex 40.5621894751887 40.65973807845902 19.990000000000002
      vertex 40.27900373523853 41.34340893251738 20
      vertex 40.5621894751887 40.65973807845902 20
    endloop
  endfacet
  facet normal -0.38268343236508956 0.9238795325112868 0
    outer loop
      vertex 42.19242089706397 36.72401126996094 18.6
      vertex 42.19242089706397 36.72401126996094 20
      vertex 56.97449341724456 42.846946187802374 18.6
    endloop
  endfacet
  facet normal 0.38268343236508956 -0.9238795325112868 0
    outer loop
      vertex 40.27900373523853 41.34340893251738 18.6
      vertex 55.061076255419124 47.46634385035881 20
      vertex 40.27900373523853 41.34340893251738 20
    endloop
  endfacet
  facet normal 0 0 1
    outer loop
      vertex 74.87858332693577 68.35252683609724 20
      vertex 15.537560465796503 30.294197349413587 20
      vertex 40.27900373523853 41.34340893251738 20
    endloop
  endfacet
  facet normal 0 0 -1
    outer loop
      vertex 51.8 3 11.2
      vertex 62.2 0 11.2
      vertex 51.8 0 11.2
    endloop
  endfacet
  facet normal 0 0 -1
    outer loop
      vertex 51.8 3 11.2
      vertex 62.2 3 11.2
      vertex 62.2 0 11.2
    endloop
  endfacet
  facet normal 0 -1 0
    outer loop
      vertex 92 0 6
      vertex 22 0 19
      vertex 62.2 0 11.2
    endloop
  endfacet
  facet normal 0 0 1
    outer loop
      vertex 26.614778131246567 7.841371223330498 12
      vertex 86.64047756046057 7.318247325718403 12
      vertex 86.32586173713207 13.722399644553661 12
    endloop
  endfacet
  facet normal 0 -1 0
    outer loop
      vertex 92 0 6
      vertex 92 0 19
      vertex 22 0 19
    endloop
  endfacet
  facet normal 0 0 1
    outer loop
      vertex 26.614778131246567 7.841371223330498 12
      vertex 86.32586173713207 13.722399644553661 12
      vertex 84.30993925780058 27.312645085155964 12
    endloop
  endfacet
  facet normal 0.9987954561962868 0.04906767450828632 0
    outer loop
      vertex 92 0 6
      vertex 91.6746627766662 6.622391292304772 6
      vertex 92 0 19
    endloop
  endfacet
  facet normal 0.9987954561962866 0.04906767450829254 3.1768677731347383e-15
    outer loop
      vertex 91.6746627766662 6.622391292304772 6
      vertex 91.52745613371843 9.618851335938764 6
      vertex 92 0 19
    endloop
  endfacet
  facet normal 0.998795456196287 0.049067674508284594 -2.7184923873236984e-15
    outer loop
      vertex 91.52745613371843 9.618851335938764 6
      vertex 91.30178536474705 14.21248535066843 6
      vertex 92 0 19
    endloop
  endfacet
  facet normal 0.9987954561963265 0.04906767450748078 -2.0801342607005407e-13
    outer loop
      vertex 91.30178536474705 14.21248535066843 6
      vertex 91.44104513043189 11.37778770928156 16.990000000000002
      vertex 91.44153602007162 11.367795421149243 16.990000000000002
    endloop
  endfacet
  facet normal -0.9987954562475146 -0.049067673465521634 0
    outer loop
      vertex 86.64047756046057 7.318247325718403 12
      vertex 86.64047756046057 7.318247325718403 18.6
      vertex 86.32586173713207 13.722399644553661 12
    endloop
  endfacet
  facet normal 0.9987954561962867 0.049067674508288285 1.3295222828110937e-15
    outer loop
      vertex 91.30178536474705 14.21248535066843 6
      vertex 91.52744170702672 9.619144997993606 19.990000000000002
      vertex 92 0 19
    endloop
  endfacet
  facet normal 0.998795456196287 0.04906767450828606 6.02001021922639e-16
    outer loop
      vertex 91.30178536474705 14.21248535066843 6
      vertex 91.44153602007162 11.367795421149243 16.990000000000002
      vertex 91.52744170702672 9.619144997993606 19.990000000000002
    endloop
  endfacet
  facet normal 0.9891765099996138 0.14673047422053706 0
    outer loop
      vertex 91.30178536474705 14.21248535066843 6
      vertex 90.03085202293096 22.780421998990292 6
      vertex 91.30178536474705 14.21248535066843 20
    endloop
  endfacet
  facet normal 0.9891765099996139 0.14673047422053706 -1.0571212910201896e-17
    outer loop
      vertex 90.03085202293096 22.780421998990292 6
      vertex 89.59056317358778 25.748608326326995 6
      vertex 91.30178536474705 14.21248535066843 20
    endloop
  endfacet
  facet normal 0.9891765099996142 0.1467304742205363 -6.672114843203591e-16
    outer loop
      vertex 89.59056317358778 25.748608326326995 6
      vertex 89.21386566013098 28.2880966886878 6
      vertex 91.30178536474705 14.21248535066843 20
    endloop
  endfacet
  facet normal -0.989176509954098 -0.14673047452738006 0
    outer loop
      vertex 86.32586173713207 13.722399644553661 12
      vertex 86.32586173713207 13.722399644553661 18.6
      vertex 84.30993925780058 27.312645085155964 12
    endloop
  endfacet
  facet normal 0.998795456196287 0.04906767450828548 -2.850039245087188e-16
    outer loop
      vertex 91.30178536474705 14.21248535066843 6
      vertex 91.35513944347679 13.126438132437197 19.990000000000002
      vertex 91.44104513043189 11.37778770928156 16.990000000000002
    endloop
  endfacet
  facet normal -0.052335956281605284 0.9986295347525477 0
    outer loop
      vertex 26.794558599591255 4.181855611503124 18.6
      vertex 86.64047756046057 7.318247325718403 18.6
      vertex 86.64047756046057 7.318247325718403 12
    endloop
  endfacet
  facet normal 0 0 -1
    outer loop
      vertex 26.794558599591255 4.181855611503124 18.6
      vertex 56.621639325722825 6.630886049098813 18.6
      vertex 86.64047756046057 7.318247325718403 18.6
    endloop
  endfacet
  facet normal 0 0 1
    outer loop
      vertex 21.79704501022826 4.1312437603978305 20
      vertex 91.950873150049 1.0000000000000004 20
      vertex 56.621639325722825 6.630886049098813 20
    endloop
  endfacet
  facet normal 0.8147484825274782 0.5798145481265297 0
    outer loop
      vertex 55.09027284888259 7.392312631443276 18.6
      vertex 54.976472243211504 7.552223884240943 18.6
      vertex 54.976472243211504 7.552223884240943 18.60621738340342
    endloop
  endfacet
  facet normal 0.8676570098195329 0.49716326625267393 0
    outer loop
      vertex 54.97447762311964 7.555704926027633 18.6
      vertex 54.976472243211504 7.552223884240943 18.60621738340342
      vertex 54.976472243211504 7.552223884240943 18.6
    endloop
  endfacet
  facet normal 0.7539934819618861 0.6568818989430222 0
    outer loop
      vertex 55.09027284888259 7.392312631443276 18.6
      vertex 55.09027284888259 7.392312631443276 18.89481222749578
      vertex 55.21919951723824 7.2443258049716714 18.6
    endloop
  endfacet
  facet normal 0.8147484825274781 0.5798145481265295 0
    outer loop
      vertex 55.09027284888259 7.392312631443276 18.6
      vertex 54.976472243211504 7.552223884240943 18.60621738340342
      vertex 55.09027284888259 7.392312631443276 18.89481222749578
    endloop
  endfacet
  facet normal 0.8954205553687309 -0.4452213258854001 0
    outer loop
      vertex 54.831838930720636 9.438651452278334 18.6
      vertex 54.915914696498476 9.607743013056854 18.6
      vertex 54.915914696498476 9.607743013056854 18.877669370352926
    endloop
  endfacet
  facet normal -0.9347481818287785 0.3553109012791375 0
    outer loop
      vertex 58.49470813297731 7.832753075569529 18.6
      vertex 58.49328262487835 7.829002863856662 18.6
      vertex 58.49328262487835 7.829002863856662 18.60621738340342
    endloop
  endfacet
  facet normal -0.8954205553687161 0.4452213258854298 0
    outer loop
      vertex 58.40589872478968 7.653258047069035 18.6
      vertex 58.40589872478968 7.653258047069035 18.894812227495777
      vertex 58.49328262487835 7.829002863856662 18.6
    endloop
  endfacet
  facet normal -0.895420555368716 0.4452213258854297 0
    outer loop
      vertex 58.49328262487835 7.829002863856662 18.6
      vertex 58.40589872478968 7.653258047069035 18.894812227495777
      vertex 58.49328262487835 7.829002863856662 18.60621738340342
    endloop
  endfacet
  facet normal 0 0 -1
    outer loop
      vertex 26.614778131246567 7.841371223330498 18.6
      vertex 86.32586173713207 13.722399644553661 18.6
      vertex 56.50398851918838 10.6243351975292 18.6
    endloop
  endfacet
  facet normal -0.8147484825274928 -0.5798145481265089 0
    outer loop
      vertex 58.341032973844165 9.71483101305094 18.6
      vertex 58.231540572405564 9.868688428682614 18.877669370352926
      vertex 58.231540572405564 9.868688428682614 18.6
    endloop
  endfacet
  facet normal -0.7539934819618802 -0.656881898943029 0
    outer loop
      vertex 58.231540572405564 9.868688428682614 18.6
      vertex 58.231540572405564 9.868688428682614 18.877669370352926
      vertex 58.10261390404992 10.016675255154215 18.6
    endloop
  endfacet
  facet normal 0.6859771119901744 0.7276231179845922 0
    outer loop
      vertex 55.21919951723824 7.2443258049716714 18.6
      vertex 55.21919951723824 7.2443258049716714 19.165062688561072
      vertex 55.36201061398371 7.109688598862883 18.6
    endloop
  endfacet
  facet normal 0.6113544074367999 0.7913569286406731 0
    outer loop
      vertex 55.517330790188865 6.989697643011916 18.6
      vertex 55.36201061398371 7.109688598862883 18.6
      vertex 55.36201061398371 7.109688598862883 19.414366106925307
    endloop
  endfacet
  facet normal 0.530844025739532 0.8474695394742203 0
    outer loop
      vertex 55.517330790188865 6.989697643011916 18.6
      vertex 55.517330790188865 6.989697643011916 19.64032155438653
      vertex 55.68366422765017 6.8855085159173495 18.6
    endloop
  endfacet
  facet normal 0.6859771119901744 0.7276231179845922 0
    outer loop
      vertex 55.36201061398371 7.109688598862883 18.6
      vertex 55.21919951723824 7.2443258049716714 19.165062688561072
      vertex 55.36201061398371 7.109688598862883 19.414366106925307
    endloop
  endfacet
  facet normal 0.44522132588543906 0.8954205553687115 0
    outer loop
      vertex 55.68366422765017 6.8855085159173495 18.6
      vertex 55.68366422765017 6.8855085159173495 19.84075295646587
      vertex 55.85940904443781 6.798124615828672 18.6
    endloop
  endfacet
  facet normal 0.7539934819618861 0.6568818989430223 0
    outer loop
      vertex 55.21919951723824 7.2443258049716714 18.6
      vertex 55.09027284888259 7.392312631443276 18.89481222749578
      vertex 55.21919951723824 7.2443258049716714 19.165062688561072
    endloop
  endfacet
  facet normal 0.6113544074367999 0.7913569286406731 0
    outer loop
      vertex 55.517330790188865 6.989697643011916 18.6
      vertex 55.36201061398371 7.109688598862883 19.414366106925307
      vertex 55.517330790188865 6.989697643011916 19.64032155438653
    endloop
  endfacet
  facet normal 0.35531090128044635 0.9347481818282809 0
    outer loop
      vertex 55.85940904443781 6.798124615828672 18.6
      vertex 55.85940904443781 6.798124615828672 20
      vertex 56.042872721894184 6.728387497472635 18.6
    endloop
  endfacet
  facet normal 0.26197863846333125 0.965073672311549 0
    outer loop
      vertex 56.042872721894184 6.728387497472635 18.6
      vertex 56.042872721894184 6.728387497472635 20
      vertex 56.23228840451398 6.676968767421198 18.6
    endloop
  endfacet
  facet normal 0.1661233781457743 0.9861049757675072 0
    outer loop
      vertex 56.23228840451398 6.676968767421198 18.6
      vertex 56.23228840451398 6.676968767421198 20
      vertex 56.425831915728395 6.644363616153091 18.6
    endloop
  endfacet
  facet normal 0.5308440257395319 0.8474695394742203 0
    outer loop
      vertex 55.68366422765017 6.8855085159173495 18.6
      vertex 55.517330790188865 6.989697643011916 19.64032155438653
      vertex 55.68366422765017 6.8855085159173495 19.84075295646587
    endloop
  endfacet
  facet normal -0.6568818989430292 0.7539934819618802 0
    outer loop
      vertex 57.89909460926374 7.059866668301453 18.6
      vertex 58.04708143573535 7.188793336657105 19.640321554386528
      vertex 58.04708143573535 7.188793336657105 18.6
    endloop
  endfacet
  facet normal -0.8474695394741941 0.5308440257395738 0
    outer loop
      vertex 58.301709597695094 7.486924609607719 18.6
      vertex 58.301709597695094 7.486924609607719 19.165062688561072
      vertex 58.40589872478968 7.653258047069035 18.6
    endloop
  endfacet
  facet normal -0.7913569286406583 0.611354407436819 0
    outer loop
      vertex 58.18171864184413 7.3316044334025765 18.6
      vertex 58.18171864184413 7.3316044334025765 19.414366106925307
      vertex 58.301709597695094 7.486924609607719 18.6
    endloop
  endfacet
  facet normal -0.8474695394741942 0.5308440257395738 0
    outer loop
      vertex 58.40589872478968 7.653258047069035 18.6
      vertex 58.301709597695094 7.486924609607719 19.165062688561072
      vertex 58.40589872478968 7.653258047069035 18.894812227495777
    endloop
  endfacet
  facet normal -0.7276231179846087 0.685977111990157 0
    outer loop
      vertex 58.04708143573535 7.188793336657105 18.6
      vertex 58.04708143573535 7.188793336657105 19.640321554386528
      vertex 58.18171864184413 7.3316044334025765 18.6
    endloop
  endfacet
  facet normal -0.7913569286406583 0.611354407436819 0
    outer loop
      vertex 58.301709597695094 7.486924609607719 18.6
      vertex 58.18171864184413 7.3316044334025765 19.414366106925307
      vertex 58.301709597695094 7.486924609607719 19.165062688561072
    endloop
  endfacet
  facet normal 0.06866825888437066 0.997639549247016 0
    outer loop
      vertex 56.425831915728395 6.644363616153091 18.6
      vertex 56.425831915728395 6.644363616153091 20
      vertex 56.621639325722825 6.630886049098813 18.6
    endloop
  endfacet
  facet normal -0.0294481732479705 0.9995663085020212 0
    outer loop
      vertex 56.621639325722825 6.630886049098813 18.6
      vertex 56.621639325722825 6.630886049098813 20
      vertex 56.81782490209976 6.636665862596688 18.6
    endloop
  endfacet
  facet normal -0.12728100337390158 0.9918666977876275 0
    outer loop
      vertex 56.81782490209976 6.636665862596688 18.6
      vertex 56.81782490209976 6.636665862596688 20
      vertex 57.01249927051279 6.66164739388316 18.6
    endloop
  endfacet
  facet normal -0.22388804785850988 0.9746148685640423 0
    outer loop
      vertex 57.01249927051279 6.66164739388316 18.6
      vertex 57.01249927051279 6.66164739388316 20
      vertex 57.20378761037422 6.705590057155649 18.6
    endloop
  endfacet
  facet normal -0.318338928052539 0.9479769653775139 0
    outer loop
      vertex 57.20378761037422 6.705590057155649 18.6
      vertex 57.20378761037422 6.705590057155649 20
      vertex 57.38984771040238 6.7680706605453365 18.6
    endloop
  endfacet
  facet normal -0.40972403034768445 0.9122095257974727 0
    outer loop
      vertex 57.38984771040238 6.7680706605453365 18.6
      vertex 57.38984771040238 6.7680706605453365 20
      vertex 57.56888771012318 6.848487481686208 18.6
    endloop
  endfacet
  facet normal -0.4971632662526804 0.8676570098195292 0
    outer loop
      vertex 57.56888771012318 6.848487481686208 18.6
      vertex 57.56888771012318 6.848487481686208 20
      vertex 57.73918335646607 6.946066062630369 18.6
    endloop
  endfacet
  facet normal -0.5798145481265081 0.8147484825274934 -2.6229133467011175e-15
    outer loop
      vertex 57.73918335646607 6.946066062630369 18.6
      vertex 57.76112095430497 6.961677921566869 19.990000000000002
      vertex 57.89909460926374 7.059866668301453 18.6
    endloop
  endfacet
  facet normal -0.6568818989430291 0.7539934819618801 0
    outer loop
      vertex 57.89909460926374 7.059866668301453 18.6
      vertex 57.89909460926374 7.059866668301453 19.84075295646587
      vertex 58.04708143573535 7.188793336657105 19.640321554386528
    endloop
  endfacet
  facet normal -0.7276231179846087 0.685977111990157 0
    outer loop
      vertex 58.18171864184413 7.3316044334025765 18.6
      vertex 58.04708143573535 7.188793336657105 19.640321554386528
      vertex 58.18171864184413 7.3316044334025765 19.414366106925307
    endloop
  endfacet
  facet normal 0.44522132588552 0.8954205553686713 0
    outer loop
      vertex 55.85940904443781 6.798124615828672 18.6
      vertex 55.83529930203065 6.810112470493071 19.990000000000002
      vertex 55.85940904443781 6.798124615828672 20
    endloop
  endfacet
  facet normal 0.44522132588542773 0.895420555368717 -1.994428564510405e-15
    outer loop
      vertex 55.85940904443781 6.798124615828672 18.6
      vertex 55.68366422765017 6.8855085159173495 19.84075295646587
      vertex 55.83529930203065 6.810112470493071 19.990000000000002
    endloop
  endfacet
  facet normal 0.35531090128044635 0.9347481818282809 0
    outer loop
      vertex 56.042872721894184 6.728387497472635 18.6
      vertex 55.85940904443781 6.798124615828672 20
      vertex 56.042872721894184 6.728387497472635 20
    endloop
  endfacet
  facet normal 0.26197863846333125 0.965073672311549 0
    outer loop
      vertex 56.23228840451398 6.676968767421198 18.6
      vertex 56.042872721894184 6.728387497472635 20
      vertex 56.23228840451398 6.676968767421198 20
    endloop
  endfacet
  facet normal 0.1661233781457743 0.9861049757675072 0
    outer loop
      vertex 56.425831915728395 6.644363616153091 18.6
      vertex 56.23228840451398 6.676968767421198 20
      vertex 56.425831915728395 6.644363616153091 20
    endloop
  endfacet
  facet normal 0.44522132588551994 0.8954205553686712 0
    outer loop
      vertex 55.83529930203065 6.810112470493071 19.990000000000002
      vertex 55.83529930203065 6.810112470493071 20
      vertex 55.85940904443781 6.798124615828672 20
    endloop
  endfacet
  facet normal -0.5798145481266279 0.8147484825274082 0
    outer loop
      vertex 57.73918335646607 6.946066062630369 18.6
      vertex 57.76112095430497 6.961677921566869 20
      vertex 57.76112095430497 6.961677921566869 19.990000000000002
    endloop
  endfacet
  facet normal -0.5798145481264907 0.814748482527506 0
    outer loop
      vertex 57.89909460926374 7.059866668301453 18.6
      vertex 57.76112095430497 6.961677921566869 19.990000000000002
      vertex 57.89909460926374 7.059866668301453 19.84075295646587
    endloop
  endfacet
  facet normal 0.06866825888437066 0.997639549247016 0
    outer loop
      vertex 56.621639325722825 6.630886049098813 18.6
      vertex 56.425831915728395 6.644363616153091 20
      vertex 56.621639325722825 6.630886049098813 20
    endloop
  endfacet
  facet normal -0.0294481732479705 0.9995663085020212 0
    outer loop
      vertex 56.81782490209976 6.636665862596688 18.6
      vertex 56.621639325722825 6.630886049098813 20
      vertex 56.81782490209976 6.636665862596688 20
    endloop
  endfacet
  facet normal -0.12728100337390158 0.9918666977876275 0
    outer loop
      vertex 57.01249927051279 6.66164739388316 18.6
      vertex 56.81782490209976 6.636665862596688 20
      vertex 57.01249927051279 6.66164739388316 20
    endloop
  endfacet
  facet normal -0.22388804785850988 0.9746148685640423 0
    outer loop
      vertex 57.20378761037422 6.705590057155649 18.6
      vertex 57.01249927051279 6.66164739388316 20
      vertex 57.20378761037422 6.705590057155649 20
    endloop
  endfacet
  facet normal -0.318338928052539 0.9479769653775139 0
    outer loop
      vertex 57.38984771040238 6.7680706605453365 18.6
      vertex 57.20378761037422 6.705590057155649 20
      vertex 57.38984771040238 6.7680706605453365 20
    endloop
  endfacet
  facet normal -0.40972403034768445 0.9122095257974727 0
    outer loop
      vertex 57.56888771012318 6.848487481686208 18.6
      vertex 57.38984771040238 6.7680706605453365 20
      vertex 57.56888771012318 6.848487481686208 20
    endloop
  endfacet
  facet normal -0.4971632662526804 0.8676570098195292 0
    outer loop
      vertex 57.73918335646607 6.946066062630369 18.6
      vertex 57.56888771012318 6.848487481686208 20
      vertex 57.73918335646607 6.946066062630369 20
    endloop
  endfacet
  facet normal -0.5798145481266185 0.8147484825274148 0
    outer loop
      vertex 57.73918335646607 6.946066062630369 18.6
      vertex 57.73918335646607 6.946066062630369 20
      vertex 57.76112095430497 6.961677921566869 20
    endloop
  endfacet
  facet normal 0.8474695394741903 -0.5308440257395799 0
    outer loop
      vertex 54.915914696498476 9.607743013056854 18.6
      vertex 55.02010382359306 9.774076450518168 18.6
      vertex 55.02010382359306 9.774076450518168 19.14791983141821
    endloop
  endfacet
  facet normal 0.8474695394741903 -0.5308440257395798 0
    outer loop
      vertex 54.915914696498476 9.607743013056854 18.6
      vertex 55.02010382359306 9.774076450518168 19.14791983141821
      vertex 54.915914696498476 9.607743013056854 18.877669370352926
    endloop
  endfacet
  facet normal 0.7913569286406616 -0.6113544074368145 0
    outer loop
      vertex 55.02010382359306 9.774076450518168 18.6
      vertex 55.14009477944403 9.929396626723312 18.6
      vertex 55.14009477944403 9.929396626723312 19.39722324978245
    endloop
  endfacet
  facet normal 0.7913569286406618 -0.6113544074368146 0
    outer loop
      vertex 55.02010382359306 9.774076450518168 18.6
      vertex 55.14009477944403 9.929396626723312 19.39722324978245
      vertex 55.02010382359306 9.774076450518168 19.14791983141821
    endloop
  endfacet
  facet normal 0.7276231179846022 -0.6859771119901636 0
    outer loop
      vertex 55.14009477944403 9.929396626723312 18.6
      vertex 55.274731985552805 10.07220772346878 18.6
      vertex 55.274731985552805 10.07220772346878 19.623178697243667
    endloop
  endfacet
  facet normal 0.6568818989430675 -0.7539934819618467 0
    outer loop
      vertex 55.274731985552805 10.07220772346878 18.6
      vertex 55.4227188120244 10.201134391824434 18.6
      vertex 55.274731985552805 10.07220772346878 19.623178697243667
    endloop
  endfacet
  facet normal 0.7276231179846022 -0.6859771119901636 0
    outer loop
      vertex 55.14009477944403 9.929396626723312 18.6
      vertex 55.274731985552805 10.07220772346878 19.623178697243667
      vertex 55.14009477944403 9.929396626723312 19.39722324978245
    endloop
  endfacet
  facet normal 0.5798145481264709 -0.8147484825275199 -9.665038271479936e-16
    outer loop
      vertex 55.4227188120244 10.201134391824434 18.6
      vertex 55.582630064822084 10.314934997495516 18.6
      vertex 55.576540436902235 10.310601322826184 19.990000000000002
    endloop
  endfacet
  facet normal 0.49716326625268376 -0.8676570098195273 0
    outer loop
      vertex 55.582630064822084 10.314934997495516 18.6
      vertex 55.75292571116498 10.412513578439679 18.6
      vertex 55.75292571116498 10.412513578439679 20
    endloop
  endfacet
  facet normal 0.6568818989430676 -0.7539934819618467 0
    outer loop
      vertex 55.4227188120244 10.201134391824434 18.6
      vertex 55.4227188120244 10.201134391824434 19.823610099323012
      vertex 55.274731985552805 10.07220772346878 19.623178697243667
    endloop
  endfacet
  facet normal 0.4097240303476807 -0.9122095257974743 0
    outer loop
      vertex 55.75292571116498 10.412513578439679 18.6
      vertex 55.93196571088578 10.49293039958055 18.6
      vertex 55.93196571088578 10.49293039958055 20
    endloop
  endfacet
  facet normal 0.31833892805254715 -0.9479769653775112 0
    outer loop
      vertex 55.93196571088578 10.49293039958055 18.6
      vertex 56.118025810913934 10.555411002970239 18.6
      vertex 56.118025810913934 10.555411002970239 20
    endloop
  endfacet
  facet normal 0.22388804785850988 -0.9746148685640423 0
    outer loop
      vertex 56.118025810913934 10.555411002970239 18.6
      vertex 56.309314150775364 10.599353666242727 18.6
      vertex 56.309314150775364 10.599353666242727 20
    endloop
  endfacet
  facet normal -0.6113544074367914 -0.7913569286406795 0
    outer loop
      vertex 57.80448263109929 10.27130341711397 18.6
      vertex 57.95980280730444 10.151312461263005 18.6
      vertex 57.95980280730444 10.151312461263005 19.39722324978245
    endloop
  endfacet
  facet normal -0.5308440257395027 -0.8474695394742388 0
    outer loop
      vertex 57.63814919363797 10.375492544208537 18.6
      vertex 57.80448263109929 10.27130341711397 18.6
      vertex 57.80448263109929 10.27130341711397 19.623178697243667
    endloop
  endfacet
  facet normal -0.44522132588546426 -0.8954205553686989 0
    outer loop
      vertex 57.462404376850344 10.462876444297214 18.6
      vertex 57.63814919363797 10.375492544208537 18.6
      vertex 57.63814919363797 10.375492544208537 19.823610099323012
    endloop
  endfacet
  facet normal -0.7539934819618803 -0.656881898943029 0
    outer loop
      vertex 58.10261390404992 10.016675255154215 18.6
      vertex 58.231540572405564 9.868688428682614 18.877669370352926
      vertex 58.10261390404992 10.016675255154215 19.147919831418214
    endloop
  endfacet
  facet normal -0.6859771119901792 -0.7276231179845876 0
    outer loop
      vertex 57.95980280730444 10.151312461263005 18.6
      vertex 58.10261390404992 10.016675255154215 18.6
      vertex 58.10261390404992 10.016675255154215 19.147919831418214
    endloop
  endfacet
  facet normal -0.6859771119901792 -0.7276231179845877 0
    outer loop
      vertex 57.95980280730444 10.151312461263005 18.6
      vertex 58.10261390404992 10.016675255154215 19.147919831418214
      vertex 57.95980280730444 10.151312461263005 19.39722324978245
    endloop
  endfacet
  facet normal -0.6113544074367913 -0.7913569286406795 0
    outer loop
      vertex 57.80448263109929 10.27130341711397 18.6
      vertex 57.95980280730444 10.151312461263005 19.39722324978245
      vertex 57.80448263109929 10.27130341711397 19.623178697243667
    endloop
  endfacet
  facet normal -0.5308440257395027 -0.8474695394742388 0
    outer loop
      vertex 57.63814919363797 10.375492544208537 18.6
      vertex 57.80448263109929 10.27130341711397 19.623178697243667
      vertex 57.63814919363797 10.375492544208537 19.823610099323012
    endloop
  endfacet
  facet normal 0.12728100337391515 -0.9918666977876257 0
    outer loop
      vertex 56.309314150775364 10.599353666242727 18.6
      vertex 56.50398851918838 10.6243351975292 18.6
      vertex 56.50398851918838 10.6243351975292 20
    endloop
  endfacet
  facet normal 0.029448173247954797 -0.9995663085020214 0
    outer loop
      vertex 56.50398851918838 10.6243351975292 18.6
      vertex 56.70017409556533 10.630115011027073 18.6
      vertex 56.70017409556533 10.630115011027073 20
    endloop
  endfacet
  facet normal -0.1661233781457743 -0.9861049757675072 0
    outer loop
      vertex 56.89598150555976 10.616637443972795 18.6
      vertex 57.089525016774175 10.584032292704688 18.6
      vertex 57.089525016774175 10.584032292704688 20
    endloop
  endfacet
  facet normal -0.06866825888437066 -0.997639549247016 0
    outer loop
      vertex 56.70017409556533 10.630115011027073 18.6
      vertex 56.89598150555976 10.616637443972795 18.6
      vertex 56.89598150555976 10.616637443972795 20
    endloop
  endfacet
  facet normal -0.2619786384633271 -0.9650736723115502 0
    outer loop
      vertex 57.089525016774175 10.584032292704688 18.6
      vertex 57.27894069939397 10.532613562653252 18.6
      vertex 57.27894069939397 10.532613562653252 20
    endloop
  endfacet
  facet normal -0.3553109012804503 -0.9347481818282793 0
    outer loop
      vertex 57.27894069939397 10.532613562653252 18.6
      vertex 57.462404376850344 10.462876444297214 18.6
      vertex 57.462404376850344 10.462876444297214 20
    endloop
  endfacet
  facet normal 0.5798145481264652 -0.8147484825275241 0
    outer loop
      vertex 55.4227188120244 10.201134391824434 18.6
      vertex 55.576540436902235 10.310601322826184 19.990000000000002
      vertex 55.4227188120244 10.201134391824434 19.823610099323012
    endloop
  endfacet
  facet normal 0.5798145481266246 -0.8147484825274105 0
    outer loop
      vertex 55.582630064822084 10.314934997495516 18.6
      vertex 55.576540436902235 10.310601322826184 20
      vertex 55.576540436902235 10.310601322826184 19.990000000000002
    endloop
  endfacet
  facet normal 0.5798145481266184 -0.8147484825274149 0
    outer loop
      vertex 55.582630064822084 10.314934997495516 18.6
      vertex 55.582630064822084 10.314934997495516 20
      vertex 55.576540436902235 10.310601322826184 20
    endloop
  endfacet
  facet normal 0.49716326625268376 -0.8676570098195273 0
    outer loop
      vertex 55.582630064822084 10.314934997495516 18.6
      vertex 55.75292571116498 10.412513578439679 20
      vertex 55.582630064822084 10.314934997495516 20
    endloop
  endfacet
  facet normal 0.4097240303476807 -0.9122095257974743 0
    outer loop
      vertex 55.75292571116498 10.412513578439679 18.6
      vertex 55.93196571088578 10.49293039958055 20
      vertex 55.75292571116498 10.412513578439679 20
    endloop
  endfacet
  facet normal 0.31833892805254715 -0.9479769653775112 0
    outer loop
      vertex 55.93196571088578 10.49293039958055 18.6
      vertex 56.118025810913934 10.555411002970239 20
      vertex 55.93196571088578 10.49293039958055 20
    endloop
  endfacet
  facet normal 0.22388804785850988 -0.9746148685640423 0
    outer loop
      vertex 56.118025810913934 10.555411002970239 18.6
      vertex 56.309314150775364 10.599353666242727 20
      vertex 56.118025810913934 10.555411002970239 20
    endloop
  endfacet
  facet normal 0.12728100337391515 -0.9918666977876257 0
    outer loop
      vertex 56.309314150775364 10.599353666242727 18.6
      vertex 56.50398851918838 10.6243351975292 20
      vertex 56.309314150775364 10.599353666242727 20
    endloop
  endfacet
  facet normal -0.4452213258854525 -0.8954205553687049 -2.115600996980701e-15
    outer loop
      vertex 57.462404376850344 10.462876444297214 18.6
      vertex 57.63814919363797 10.375492544208537 19.823610099323012
      vertex 57.469096967423894 10.459548752040316 19.990000000000002
    endloop
  endfacet
  facet normal -0.4452213258858085 -0.8954205553685278 0
    outer loop
      vertex 57.462404376850344 10.462876444297214 18.6
      vertex 57.469096967423894 10.459548752040316 19.990000000000002
      vertex 57.469096967423894 10.459548752040316 20
    endloop
  endfacet
  facet normal 0.029448173247954797 -0.9995663085020214 0
    outer loop
      vertex 56.50398851918838 10.6243351975292 18.6
      vertex 56.70017409556533 10.630115011027073 20
      vertex 56.50398851918838 10.6243351975292 20
    endloop
  endfacet
  facet normal -0.06866825888437066 -0.997639549247016 0
    outer loop
      vertex 56.70017409556533 10.630115011027073 18.6
      vertex 56.89598150555976 10.616637443972795 20
      vertex 56.70017409556533 10.630115011027073 20
    endloop
  endfacet
  facet normal -0.1661233781457743 -0.9861049757675072 0
    outer loop
      vertex 56.89598150555976 10.616637443972795 18.6
      vertex 57.089525016774175 10.584032292704688 20
      vertex 56.89598150555976 10.616637443972795 20
    endloop
  endfacet
  facet normal -0.2619786384633271 -0.9650736723115502 0
    outer loop
      vertex 57.089525016774175 10.584032292704688 18.6
      vertex 57.27894069939397 10.532613562653252 20
      vertex 57.089525016774175 10.584032292704688 20
    endloop
  endfacet
  facet normal -0.3553109012804503 -0.9347481818282793 0
    outer loop
      vertex 57.27894069939397 10.532613562653252 18.6
      vertex 57.462404376850344 10.462876444297214 20
      vertex 57.27894069939397 10.532613562653252 20
    endloop
  endfacet
  facet normal -0.4452213258858049 -0.8954205553685297 0
    outer loop
      vertex 57.462404376850344 10.462876444297214 18.6
      vertex 57.469096967423894 10.459548752040316 20
      vertex 57.462404376850344 10.462876444297214 20
    endloop
  endfacet
  facet normal 0 0 1
    outer loop
      vertex 91.30178536474705 14.21248535066843 20
      vertex 21.596573642171393 7.636319938237006 20
      vertex 56.50398851918838 10.6243351975292 20
    endloop
  endfacet
  facet normal 0 -0.7071067811865474 0.7071067811865477
    outer loop
      vertex 22 0 19
      vertex 92 0 19
      vertex 91.950873150049 1.0000000000000004 20
    endloop
  endfacet
  facet normal 0 0 1
    outer loop
      vertex 91.950873150049 1.0000000000000004 20
      vertex 56.81782490209976 6.636665862596688 20
      vertex 56.621639325722825 6.630886049098813 20
    endloop
  endfacet
  facet normal 0 0 1
    outer loop
      vertex 91.950873150049 1.0000000000000004 20
      vertex 57.01249927051279 6.66164739388316 20
      vertex 56.81782490209976 6.636665862596688 20
    endloop
  endfacet
  facet normal 0 0 1
    outer loop
      vertex 91.950873150049 1.0000000000000004 20
      vertex 57.20378761037422 6.705590057155649 20
      vertex 57.01249927051279 6.66164739388316 20
    endloop
  endfacet
  facet normal 0 0 1
    outer loop
      vertex 91.950873150049 1.0000000000000004 20
      vertex 57.38984771040238 6.7680706605453365 20
      vertex 57.20378761037422 6.705590057155649 20
    endloop
  endfacet
  facet normal 0 0 1
    outer loop
      vertex 91.950873150049 1.0000000000000004 20
      vertex 57.56888771012318 6.848487481686208 20
      vertex 57.38984771040238 6.7680706605453365 20
    endloop
  endfacet
  facet normal 0 0 1
    outer loop
      vertex 91.950873150049 1.0000000000000004 20
      vertex 57.73918335646607 6.946066062630369 20
      vertex 57.56888771012318 6.848487481686208 20
    endloop
  endfacet
  facet normal 0 0 1
    outer loop
      vertex 91.950873150049 1.0000000000000004 20
      vertex 57.76112095430497 6.961677921566869 20
      vertex 57.73918335646607 6.946066062630369 20
    endloop
  endfacet
  facet normal 0 0 -1
    outer loop
      vertex 56.621639325722825 6.630886049098813 18.6
      vertex 56.81782490209976 6.636665862596688 18.6
      vertex 86.64047756046057 7.318247325718403 18.6
    endloop
  endfacet
  facet normal 0 0 -1
    outer loop
      vertex 56.81782490209976 6.636665862596688 18.6
      vertex 57.01249927051279 6.66164739388316 18.6
      vertex 86.64047756046057 7.318247325718403 18.6
    endloop
  endfacet
  facet normal 0 0 -1
    outer loop
      vertex 57.01249927051279 6.66164739388316 18.6
      vertex 57.20378761037422 6.705590057155649 18.6
      vertex 86.64047756046057 7.318247325718403 18.6
    endloop
  endfacet
  facet normal 0 0 -1
    outer loop
      vertex 57.20378761037422 6.705590057155649 18.6
      vertex 57.38984771040238 6.7680706605453365 18.6
      vertex 86.64047756046057 7.318247325718403 18.6
    endloop
  endfacet
  facet normal 0 0 -1
    outer loop
      vertex 57.38984771040238 6.7680706605453365 18.6
      vertex 57.56888771012318 6.848487481686208 18.6
      vertex 86.64047756046057 7.318247325718403 18.6
    endloop
  endfacet
  facet normal 0 0 -1
    outer loop
      vertex 57.56888771012318 6.848487481686208 18.6
      vertex 57.73918335646607 6.946066062630369 18.6
      vertex 86.64047756046057 7.318247325718403 18.6
    endloop
  endfacet
  facet normal 0 0 -1
    outer loop
      vertex 57.73918335646607 6.946066062630369 18.6
      vertex 57.89909460926374 7.059866668301453 18.6
      vertex 86.64047756046057 7.318247325718403 18.6
    endloop
  endfacet
  facet normal 0 0 -1
    outer loop
      vertex 57.89909460926374 7.059866668301453 18.6
      vertex 58.04708143573535 7.188793336657105 18.6
      vertex 86.64047756046057 7.318247325718403 18.6
    endloop
  endfacet
  facet normal 0 0 -1
    outer loop
      vertex 58.04708143573535 7.188793336657105 18.6
      vertex 58.18171864184413 7.3316044334025765 18.6
      vertex 86.64047756046057 7.318247325718403 18.6
    endloop
  endfacet
  facet normal 0 0 -1
    outer loop
      vertex 58.18171864184413 7.3316044334025765 18.6
      vertex 58.301709597695094 7.486924609607719 18.6
      vertex 86.64047756046057 7.318247325718403 18.6
    endloop
  endfacet
  facet normal 0 0 -1
    outer loop
      vertex 58.301709597695094 7.486924609607719 18.6
      vertex 58.40589872478968 7.653258047069035 18.6
      vertex 86.64047756046057 7.318247325718403 18.6
    endloop
  endfacet
  facet normal 0 0 -1
    outer loop
      vertex 58.40589872478968 7.653258047069035 18.6
      vertex 58.49328262487835 7.829002863856662 18.6
      vertex 86.64047756046057 7.318247325718403 18.6
    endloop
  endfacet
  facet normal 0 0 -1
    outer loop
      vertex 58.49470813297731 7.832753075569529 18.6
      vertex 86.64047756046057 7.318247325718403 18.6
      vertex 58.49328262487835 7.829002863856662 18.6
    endloop
  endfacet
  facet normal -0.06777131147327205 0.8611161588184606 0.5038710255243226
    outer loop
      vertex 58.49470813297731 7.832753075569529 18.6
      vertex 58.49328262487835 7.829002863856662 18.60621738340342
      vertex 86.50689611893071 10.037360081956132 18.6
    endloop
  endfacet
  facet normal 0 0 -1
    outer loop
      vertex 57.95980280730444 10.151312461263005 18.6
      vertex 86.41419979392626 11.924237157763647 18.6
      vertex 58.10261390404992 10.016675255154215 18.6
    endloop
  endfacet
  facet normal 0 0 -1
    outer loop
      vertex 57.80448263109929 10.27130341711397 18.6
      vertex 86.41419979392626 11.924237157763647 18.6
      vertex 57.95980280730444 10.151312461263005 18.6
    endloop
  endfacet
  facet normal 0 0 -1
    outer loop
      vertex 57.27894069939397 10.532613562653252 18.6
      vertex 86.41419979392626 11.924237157763647 18.6
      vertex 57.462404376850344 10.462876444297214 18.6
    endloop
  endfacet
  facet normal 0 0 -1
    outer loop
      vertex 57.462404376850344 10.462876444297214 18.6
      vertex 86.41419979392626 11.924237157763647 18.6
      vertex 57.63814919363797 10.375492544208537 18.6
    endloop
  endfacet
  facet normal 0 0 -1
    outer loop
      vertex 57.63814919363797 10.375492544208537 18.6
      vertex 86.41419979392626 11.924237157763647 18.6
      vertex 57.80448263109929 10.27130341711397 18.6
    endloop
  endfacet
  facet normal 0 0 -1
    outer loop
      vertex 58.341032973844165 9.71483101305094 18.6
      vertex 58.231540572405564 9.868688428682614 18.6
      vertex 86.41419979392626 11.924237157763647 18.6
    endloop
  endfacet
  facet normal 0 0 -1
    outer loop
      vertex 58.231540572405564 9.868688428682614 18.6
      vertex 58.10261390404992 10.016675255154215 18.6
      vertex 86.41419979392626 11.924237157763647 18.6
    endloop
  endfacet
  facet normal 0.06777131147328277 -0.8611161588185967 0.5038710255240884
    outer loop
      vertex 58.341032973844165 9.71483101305094 18.6
      vertex 86.41419979392626 11.924237157763647 18.6
      vertex 58.231540572405564 9.868688428682614 18.877669370352926
    endloop
  endfacet
  facet normal 0 0 -1
    outer loop
      vertex 56.50398851918838 10.6243351975292 18.6
      vertex 86.32586173713207 13.722399644553661 18.6
      vertex 56.70017409556533 10.630115011027073 18.6
    endloop
  endfacet
  facet normal 0 0 -1
    outer loop
      vertex 56.70017409556533 10.630115011027073 18.6
      vertex 86.32586173713207 13.722399644553661 18.6
      vertex 56.89598150555976 10.616637443972795 18.6
    endloop
  endfacet
  facet normal 0 0 -1
    outer loop
      vertex 56.89598150555976 10.616637443972795 18.6
      vertex 86.32586173713207 13.722399644553661 18.6
      vertex 57.089525016774175 10.584032292704688 18.6
    endloop
  endfacet
  facet normal 0 0 -1
    outer loop
      vertex 57.089525016774175 10.584032292704688 18.6
      vertex 86.32586173713207 13.722399644553661 18.6
      vertex 57.27894069939397 10.532613562653252 18.6
    endloop
  endfacet
  facet normal -0.06777131147328296 0.8611161588185986 0.5038710255240854
    outer loop
      vertex 58.49328262487835 7.829002863856662 18.60621738340342
      vertex 58.40589872478968 7.653258047069035 18.894812227495777
      vertex 91.52744170702672 9.619144997993606 19.990000000000002
    endloop
  endfacet
  facet normal -0.06777131147328297 0.8611161588186015 0.5038710255240804
    outer loop
      vertex 58.40589872478968 7.653258047069035 18.894812227495777
      vertex 58.301709597695094 7.486924609607719 19.165062688561072
      vertex 91.52744170702672 9.619144997993606 19.990000000000002
    endloop
  endfacet
  facet normal -0.06777131147328296 0.861116158818598 0.5038710255240864
    outer loop
      vertex 58.04708143573535 7.188793336657105 19.640321554386528
      vertex 57.89909460926374 7.059866668301453 19.84075295646587
      vertex 91.52744170702672 9.619144997993606 19.990000000000002
    endloop
  endfacet
  facet normal -0.07845909572784496 0.9969173337331281 0
    outer loop
      vertex 57.76112095430497 6.961677921566869 19.990000000000002
      vertex 57.76112095430497 6.961677921566869 20
      vertex 91.52744170702672 9.619144997993606 20
    endloop
  endfacet
  facet normal -0.06777131147328334 0.8611161588186038 0.5038710255240764
    outer loop
      vertex 57.89909460926374 7.059866668301453 19.84075295646587
      vertex 57.76112095430497 6.961677921566869 19.990000000000002
      vertex 91.52744170702672 9.619144997993606 19.990000000000002
    endloop
  endfacet
  facet normal -0.06777131147328289 0.861116158818598 0.5038710255240862
    outer loop
      vertex 58.301709597695094 7.486924609607719 19.165062688561072
      vertex 58.18171864184413 7.3316044334025765 19.414366106925307
      vertex 91.52744170702672 9.619144997993606 19.990000000000002
    endloop
  endfacet
  facet normal -0.06777131147328277 0.8611161588185949 0.5038710255240917
    outer loop
      vertex 58.18171864184413 7.3316044334025765 19.414366106925307
      vertex 58.04708143573535 7.188793336657105 19.640321554386528
      vertex 91.52744170702672 9.619144997993606 19.990000000000002
    endloop
  endfacet
  facet normal 0.067771311473283 -0.8611161588185988 0.5038710255240847
    outer loop
      vertex 58.231540572405564 9.868688428682614 18.877669370352926
      vertex 91.35513944347679 13.126438132437197 19.990000000000002
      vertex 58.10261390404992 10.016675255154215 19.147919831418214
    endloop
  endfacet
  facet normal 0 0 1
    outer loop
      vertex 91.30178536474705 14.21248535066843 20
      vertex 56.50398851918838 10.6243351975292 20
      vertex 56.70017409556533 10.630115011027073 20
    endloop
  endfacet
  facet normal 0.06777131147328273 -0.8611161588185969 0.5038710255240879
    outer loop
      vertex 58.10261390404992 10.016675255154215 19.147919831418214
      vertex 91.35513944347679 13.126438132437197 19.990000000000002
      vertex 57.95980280730444 10.151312461263005 19.39722324978245
    endloop
  endfacet
  facet normal 0.06777131147328254 -0.8611161588185953 0.5038710255240908
    outer loop
      vertex 57.95980280730444 10.151312461263005 19.39722324978245
      vertex 91.35513944347679 13.126438132437197 19.990000000000002
      vertex 57.80448263109929 10.27130341711397 19.623178697243667
    endloop
  endfacet
  facet normal 0.06777131147328301 -0.8611161588185999 0.5038710255240831
    outer loop
      vertex 57.63814919363797 10.375492544208537 19.823610099323012
      vertex 57.80448263109929 10.27130341711397 19.623178697243667
      vertex 91.35513944347679 13.126438132437197 19.990000000000002
    endloop
  endfacet
  facet normal 0 0 1
    outer loop
      vertex 91.35513944347679 13.126438132437197 20
      vertex 57.089525016774175 10.584032292704688 20
      vertex 57.27894069939397 10.532613562653252 20
    endloop
  endfacet
  facet normal 0 0 1
    outer loop
      vertex 91.35513944347679 13.126438132437197 20
      vertex 56.70017409556533 10.630115011027073 20
      vertex 56.89598150555976 10.616637443972795 20
    endloop
  endfacet
  facet normal 0 0 1
    outer loop
      vertex 91.35513944347679 13.126438132437197 20
      vertex 56.89598150555976 10.616637443972795 20
      vertex 57.089525016774175 10.584032292704688 20
    endloop
  endfacet
  facet normal 0.06777131147328293 -0.8611161588185989 0.5038710255240848
    outer loop
      vertex 57.63814919363797 10.375492544208537 19.823610099323012
      vertex 91.35513944347679 13.126438132437197 19.990000000000002
      vertex 57.469096967423894 10.459548752040316 19.990000000000002
    endloop
  endfacet
  facet normal 0 0 1
    outer loop
      vertex 91.35513944347679 13.126438132437197 20
      vertex 57.27894069939397 10.532613562653252 20
      vertex 57.462404376850344 10.462876444297214 20
    endloop
  endfacet
  facet normal 0 0 1
    outer loop
      vertex 91.35513944347679 13.126438132437197 20
      vertex 57.462404376850344 10.462876444297214 20
      vertex 57.469096967423894 10.459548752040316 20
    endloop
  endfacet
  facet normal 0.07845909572784492 -0.9969173337331281 0
    outer loop
      vertex 57.469096967423894 10.459548752040316 19.990000000000002
      vertex 91.35513944347679 13.126438132437197 20
      vertex 57.469096967423894 10.459548752040316 20
    endloop
  endfacet
  facet normal 0.7140145980512699 0.7001308118985219 0
    outer loop
      vertex 52.46567459001922 24.350485148327028 18.6
      vertex 52.46567459001922 24.350485148327028 18.606217383403425
      vertex 52.60308975267853 24.21034500527822 18.6
    endloop
  endfacet
  facet normal 0.7792012426405726 0.6267738216194 0
    outer loop
      vertex 52.46315997210088 24.35361130538584 18.6
      vertex 52.46567459001922 24.350485148327028 18.606217383403425
      vertex 52.46567459001922 24.350485148327028 18.6
    endloop
  endfacet
  facet normal 0.6419516025626837 0.7667451597285778 0
    outer loop
      vertex 52.753579359837275 24.08434871660418 18.6
      vertex 52.60308975267853 24.21034500527822 18.6
      vertex 52.60308975267853 24.21034500527822 18.894812227495784
    endloop
  endfacet
  facet normal 0.7140145980512699 0.7001308118985219 0
    outer loop
      vertex 52.46567459001922 24.350485148327028 18.606217383403425
      vertex 52.60308975267853 24.21034500527822 18.894812227495784
      vertex 52.60308975267853 24.21034500527822 18.6
    endloop
  endfacet
  facet normal 0 0 -1
    outer loop
      vertex 25.462822429835796 15.607225760817528 18.6
      vertex 54.234715927108354 23.69785134326244 18.6
      vertex 84.30993925780058 27.312645085155964 18.6
    endloop
  endfacet
  facet normal -0.9788227513491666 0.20470960270892885 0
    outer loop
      vertex 55.89671072383062 25.177933909099714 18.6
      vertex 55.89588942846494 25.17400687011928 18.6
      vertex 55.89588942846494 25.17400687011928 18.606217383403422
    endloop
  endfacet
  facet normal -0.9540444024062957 0.2996652769962081 0
    outer loop
      vertex 55.8370739155894 24.98675590999461 18.6
      vertex 55.8370739155894 24.98675590999461 18.894812227495784
      vertex 55.89588942846494 25.17400687011928 18.6
    endloop
  endfacet
  facet normal -0.9540444024062955 0.29966527699620893 0
    outer loop
      vertex 55.8370739155894 24.98675590999461 18.894812227495784
      vertex 55.89588942846494 25.17400687011928 18.606217383403422
      vertex 55.89588942846494 25.17400687011928 18.6
    endloop
  endfacet
  facet normal 0.48003212240901816 0.8772509113449205 0
    outer loop
      vertex 52.91569411431253 23.97370969544141 18.6
      vertex 52.91569411431253 23.97370969544141 19.414366106925307
      vertex 53.08787276239774 23.879493456045154 18.6
    endloop
  endfacet
  facet normal 0.39173501085196305 0.9200780843345918 0
    outer loop
      vertex 53.08787276239774 23.879493456045154 18.6
      vertex 53.08787276239774 23.879493456045154 19.64032155438652
      vertex 53.268457129589436 23.802607352304626 18.6
    endloop
  endfacet
  facet normal 0.5637062622149879 0.8259753325248927 0
    outer loop
      vertex 52.91569411431253 23.97370969544141 18.6
      vertex 52.753579359837275 24.08434871660418 19.165062688561072
      vertex 52.91569411431253 23.97370969544141 19.414366106925307
    endloop
  endfacet
  facet normal 0.29966527699625234 0.9540444024062819 0
    outer loop
      vertex 53.268457129589436 23.802607352304626 18.6
      vertex 53.268457129589436 23.802607352304626 19.84075295646587
      vertex 53.45570808971411 23.743791839429075 18.6
    endloop
  endfacet
  facet normal 0.48003212240901816 0.8772509113449205 0
    outer loop
      vertex 53.08787276239774 23.879493456045154 18.6
      vertex 52.91569411431253 23.97370969544141 19.414366106925307
      vertex 53.08787276239774 23.879493456045154 19.64032155438652
    endloop
  endfacet
  facet normal 0.39173501085196305 0.9200780843345918 0
    outer loop
      vertex 53.268457129589436 23.802607352304626 18.6
      vertex 53.08787276239774 23.879493456045154 19.64032155438652
      vertex 53.268457129589436 23.802607352304626 19.84075295646587
    endloop
  endfacet
  facet normal 0.6419516025626836 0.7667451597285777 0
    outer loop
      vertex 52.753579359837275 24.08434871660418 18.6
      vertex 52.60308975267853 24.21034500527822 18.894812227495784
      vertex 52.753579359837275 24.08434871660418 19.165062688561072
    endloop
  endfacet
  facet normal 0.5637062622149879 0.8259753325248927 0
    outer loop
      vertex 52.91569411431253 23.97370969544141 18.6
      vertex 52.753579359837275 24.08434871660418 18.6
      vertex 52.753579359837275 24.08434871660418 19.165062688561072
    endloop
  endfacet
  facet normal 0.2996652769962526 0.9540444024062817 3.9852341888494834e-17
    outer loop
      vertex 53.45570808971411 23.743791839429075 18.6
      vertex 53.268457129589436 23.802607352304626 19.84075295646587
      vertex 53.43001986461239 23.75186050905413 19.990000000000002
    endloop
  endfacet
  facet normal 0.2996652769962506 0.9540444024062824 0
    outer loop
      vertex 53.45570808971411 23.743791839429075 18.6
      vertex 53.43001986461239 23.75186050905413 19.990000000000002
      vertex 53.45570808971411 23.743791839429075 20
    endloop
  endfacet
  facet normal 0.2996652769962506 0.9540444024062822 0
    outer loop
      vertex 53.43001986461239 23.75186050905413 19.990000000000002
      vertex 53.43001986461239 23.75186050905413 20
      vertex 53.45570808971411 23.743791839429075 20
    endloop
  endfacet
  facet normal 0 0 1
    outer loop
      vertex 20.558896027505398 14.63177414983511 20
      vertex 89.21386566013098 28.2880966886878 20
      vertex 54.234715927108354 23.69785134326244 20
    endloop
  endfacet
  facet normal 0.2047096027093954 0.9788227513490689 0
    outer loop
      vertex 53.45570808971411 23.743791839429075 18.6
      vertex 53.45570808971411 23.743791839429075 20
      vertex 53.64782231366395 23.70361334295932 18.6
    endloop
  endfacet
  facet normal 0.10778246304276054 0.994174502117428 0
    outer loop
      vertex 53.64782231366395 23.70361334295932 18.6
      vertex 53.64782231366395 23.70361334295932 20
      vertex 53.84294963644204 23.68245880378016 18.6
    endloop
  endfacet
  facet normal 0.009817319337149034 0.999951808959328 0
    outer loop
      vertex 53.84294963644204 23.68245880378016 18.6
      vertex 53.84294963644204 23.68245880378016 20
      vertex 54.039210875262555 23.680531951668147 18.6
    endloop
  endfacet
  facet normal -0.08824237052037114 0.9960990332516871 0
    outer loop
      vertex 54.039210875262555 23.680531951668147 18.6
      vertex 54.039210875262555 23.680531951668147 20
      vertex 54.234715927108354 23.69785134326244 18.6
    endloop
  endfacet
  facet normal -0.18545223811157407 0.982653279330715 0
    outer loop
      vertex 54.234715927108354 23.69785134326244 18.6
      vertex 54.234715927108354 23.69785134326244 20
      vertex 54.427581971456235 23.734250183354238 18.6
    endloop
  endfacet
  facet normal -0.2808760992713104 0.959744037156852 0
    outer loop
      vertex 54.427581971456235 23.734250183354238 18.6
      vertex 54.427581971456235 23.734250183354238 20
      vertex 54.61595160286781 23.78937793121584 18.6
    endloop
  endfacet
  facet normal -0.37359497005251646 0.9275919352557239 0
    outer loop
      vertex 54.61595160286781 23.78937793121584 18.6
      vertex 54.61595160286781 23.78937793121584 20
      vertex 54.79801071881927 23.86270367649943 18.6
    endloop
  endfacet
  facet normal -0.46271591704433396 0.8865066159447549 0
    outer loop
      vertex 54.79801071881927 23.86270367649943 18.6
      vertex 54.79801071881927 23.86270367649943 20
      vertex 54.97200599050039 23.953521252194008 18.6
    endloop
  endfacet
  facet normal -0.5473806568087887 0.8368837533084145 0
    outer loop
      vertex 54.97200599050039 23.953521252194008 18.6
      vertex 54.97200599050039 23.953521252194008 20
      vertex 55.136261748329375 24.0609560353997 18.6
    endloop
  endfacet
  facet normal -0.8772509113449212 0.4800321224090169 0
    outer loop
      vertex 55.665971572452605 24.633992894717693 18.6
      vertex 55.665971572452605 24.633992894717693 19.414366106925314
      vertex 55.760187811848866 24.806171542802907 18.6
    endloop
  endfacet
  facet normal -0.7001308118985221 0.7140145980512698 0
    outer loop
      vertex 55.28919611956698 24.183973370424397 18.6
      vertex 55.42933626261579 24.32138853308371 19.84075295646587
      vertex 55.42933626261579 24.32138853308371 18.6
    endloop
  endfacet
  facet normal -0.7667451597285896 0.6419516025626695 0
    outer loop
      vertex 55.42933626261579 24.32138853308371 18.6
      vertex 55.42933626261579 24.32138853308371 19.84075295646587
      vertex 55.55533255128982 24.47187814024245 18.6
    endloop
  endfacet
  facet normal -0.8259753325248419 0.5637062622150627 0
    outer loop
      vertex 55.55533255128982 24.47187814024245 18.6
      vertex 55.55533255128982 24.47187814024245 19.640321554386524
      vertex 55.665971572452605 24.633992894717693 18.6
    endloop
  endfacet
  facet normal -0.8772509113449212 0.4800321224090168 0
    outer loop
      vertex 55.760187811848866 24.806171542802907 18.6
      vertex 55.665971572452605 24.633992894717693 19.414366106925314
      vertex 55.760187811848866 24.806171542802907 19.16506268856108
    endloop
  endfacet
  facet normal -0.9200780843345816 0.39173501085198714 0
    outer loop
      vertex 55.760187811848866 24.806171542802907 18.6
      vertex 55.760187811848866 24.806171542802907 19.16506268856108
      vertex 55.8370739155894 24.98675590999461 18.6
    endloop
  endfacet
  facet normal -0.9200780843345816 0.39173501085198714 0
    outer loop
      vertex 55.8370739155894 24.98675590999461 18.6
      vertex 55.760187811848866 24.806171542802907 19.16506268856108
      vertex 55.8370739155894 24.98675590999461 18.894812227495784
    endloop
  endfacet
  facet normal -0.6267738216194887 0.7792012426405013 0
    outer loop
      vertex 55.136261748329375 24.0609560353997 18.6
      vertex 55.136261748329375 24.0609560353997 20
      vertex 55.28919611956698 24.183973370424397 18.6
    endloop
  endfacet
  facet normal -0.8259753325248419 0.5637062622150627 0
    outer loop
      vertex 55.665971572452605 24.633992894717693 18.6
      vertex 55.55533255128982 24.47187814024245 19.640321554386524
      vertex 55.665971572452605 24.633992894717693 19.414366106925314
    endloop
  endfacet
  facet normal -0.7667451597285896 0.6419516025626696 0
    outer loop
      vertex 55.55533255128982 24.47187814024245 18.6
      vertex 55.42933626261579 24.32138853308371 19.84075295646587
      vertex 55.55533255128982 24.47187814024245 19.640321554386524
    endloop
  endfacet
  facet normal 0.2047096027093954 0.9788227513490689 0
    outer loop
      vertex 53.64782231366395 23.70361334295932 18.6
      vertex 53.45570808971411 23.743791839429075 20
      vertex 53.64782231366395 23.70361334295932 20
    endloop
  endfacet
  facet normal 0.10778246304276054 0.994174502117428 0
    outer loop
      vertex 53.84294963644204 23.68245880378016 18.6
      vertex 53.64782231366395 23.70361334295932 20
      vertex 53.84294963644204 23.68245880378016 20
    endloop
  endfacet
  facet normal 0.009817319337149034 0.999951808959328 0
    outer loop
      vertex 54.039210875262555 23.680531951668147 18.6
      vertex 53.84294963644204 23.68245880378016 20
      vertex 54.039210875262555 23.680531951668147 20
    endloop
  endfacet
  facet normal -0.08824237052037114 0.9960990332516871 0
    outer loop
      vertex 54.234715927108354 23.69785134326244 18.6
      vertex 54.039210875262555 23.680531951668147 20
      vertex 54.234715927108354 23.69785134326244 20
    endloop
  endfacet
  facet normal -0.18545223811157407 0.982653279330715 0
    outer loop
      vertex 54.427581971456235 23.734250183354238 18.6
      vertex 54.234715927108354 23.69785134326244 20
      vertex 54.427581971456235 23.734250183354238 20
    endloop
  endfacet
  facet normal -0.2808760992713104 0.959744037156852 0
    outer loop
      vertex 54.61595160286781 23.78937793121584 18.6
      vertex 54.427581971456235 23.734250183354238 20
      vertex 54.61595160286781 23.78937793121584 20
    endloop
  endfacet
  facet normal -0.37359497005251646 0.9275919352557239 0
    outer loop
      vertex 54.79801071881927 23.86270367649943 18.6
      vertex 54.61595160286781 23.78937793121584 20
      vertex 54.79801071881927 23.86270367649943 20
    endloop
  endfacet
  facet normal -0.46271591704433396 0.8865066159447549 0
    outer loop
      vertex 54.97200599050039 23.953521252194008 18.6
      vertex 54.79801071881927 23.86270367649943 20
      vertex 54.97200599050039 23.953521252194008 20
    endloop
  endfacet
  facet normal -0.5473806568087887 0.8368837533084145 0
    outer loop
      vertex 55.136261748329375 24.0609560353997 18.6
      vertex 54.97200599050039 23.953521252194008 20
      vertex 55.136261748329375 24.0609560353997 20
    endloop
  endfacet
  facet normal -0.7001308118984608 0.7140145980513298 0
    outer loop
      vertex 55.28919611956698 24.183973370424397 18.6
      vertex 55.308421396372125 24.202824817853195 20
      vertex 55.308421396372125 24.202824817853195 19.990000000000002
    endloop
  endfacet
  facet normal -0.7001308118985297 0.7140145980512622 1.700970410604434e-15
    outer loop
      vertex 55.28919611956698 24.183973370424397 18.6
      vertex 55.308421396372125 24.202824817853195 19.990000000000002
      vertex 55.42933626261579 24.32138853308371 19.84075295646587
    endloop
  endfacet
  facet normal -0.6267738216194887 0.7792012426405013 0
    outer loop
      vertex 55.28919611956698 24.183973370424397 18.6
      vertex 55.136261748329375 24.0609560353997 20
      vertex 55.28919611956698 24.183973370424397 20
    endloop
  endfacet
  facet normal -0.7001308118984672 0.7140145980513237 0
    outer loop
      vertex 55.28919611956698 24.183973370424397 18.6
      vertex 55.28919611956698 24.183973370424397 20
      vertex 55.308421396372125 24.202824817853195 20
    endloop
  endfacet
  facet normal 0 0 -1
    outer loop
      vertex 26.614778131246567 7.841371223330498 18.6
      vertex 84.30993925780058 27.312645085155964 18.6
      vertex 86.32586173713207 13.722399644553661 18.6
    endloop
  endfacet
  facet normal 0 0 1
    outer loop
      vertex 91.30178536474705 14.21248535066843 20
      vertex 89.21386566013098 28.2880966886878 20
      vertex 21.596573642171393 7.636319938237006 20
    endloop
  endfacet
  facet normal 0 0 -1
    outer loop
      vertex 54.234715927108354 23.69785134326244 18.6
      vertex 54.427581971456235 23.734250183354238 18.6
      vertex 84.30993925780058 27.312645085155964 18.6
    endloop
  endfacet
  facet normal 0 0 -1
    outer loop
      vertex 54.427581971456235 23.734250183354238 18.6
      vertex 54.61595160286781 23.78937793121584 18.6
      vertex 84.30993925780058 27.312645085155964 18.6
    endloop
  endfacet
  facet normal 0 0 -1
    outer loop
      vertex 54.61595160286781 23.78937793121584 18.6
      vertex 54.79801071881927 23.86270367649943 18.6
      vertex 84.30993925780058 27.312645085155964 18.6
    endloop
  endfacet
  facet normal 0 0 -1
    outer loop
      vertex 54.79801071881927 23.86270367649943 18.6
      vertex 54.97200599050039 23.953521252194008 18.6
      vertex 84.30993925780058 27.312645085155964 18.6
    endloop
  endfacet
  facet normal 0 0 -1
    outer loop
      vertex 54.97200599050039 23.953521252194008 18.6
      vertex 55.136261748329375 24.0609560353997 18.6
      vertex 84.30993925780058 27.312645085155964 18.6
    endloop
  endfacet
  facet normal 0 0 1
    outer loop
      vertex 89.21386566013098 28.2880966886878 20
      vertex 54.427581971456235 23.734250183354238 20
      vertex 54.234715927108354 23.69785134326244 20
    endloop
  endfacet
  facet normal 0 0 1
    outer loop
      vertex 89.21386566013098 28.2880966886878 20
      vertex 54.61595160286781 23.78937793121584 20
      vertex 54.427581971456235 23.734250183354238 20
    endloop
  endfacet
  facet normal 0 0 1
    outer loop
      vertex 89.21386566013098 28.2880966886878 20
      vertex 54.79801071881927 23.86270367649943 20
      vertex 54.61595160286781 23.78937793121584 20
    endloop
  endfacet
  facet normal 0 0 1
    outer loop
      vertex 89.21386566013098 28.2880966886878 20
      vertex 54.97200599050039 23.953521252194008 20
      vertex 54.79801071881927 23.86270367649943 20
    endloop
  endfacet
  facet normal 0 0 1
    outer loop
      vertex 89.21386566013098 28.2880966886878 20
      vertex 55.136261748329375 24.0609560353997 20
      vertex 54.97200599050039 23.953521252194008 20
    endloop
  endfacet
  facet normal 0 0 1
    outer loop
      vertex 89.21386566013098 28.2880966886878 20
      vertex 55.28919611956698 24.183973370424397 20
      vertex 55.136261748329375 24.0609560353997 20
    endloop
  endfacet
  facet normal 0 0 1
    outer loop
      vertex 89.21386566013098 28.2880966886878 20
      vertex 55.308421396372125 24.202824817853195 20
      vertex 55.28919611956698 24.183973370424397 20
    endloop
  endfacet
  facet normal -0.9987954562476219 -0.049067673463338644 1.2020346635925787e-12
    outer loop
      vertex 86.32586173713207 13.722399644553661 12
      vertex 86.46079340124314 10.97580247579332 16.990000000000002
      vertex 86.46030251161383 10.985794763926458 16.990000000000002
    endloop
  endfacet
  facet normal -0.9987954562475144 -0.04906767346552706 -5.284158208627762e-15
    outer loop
      vertex 86.32586173713207 13.722399644553661 12
      vertex 86.64047756046057 7.318247325718403 18.6
      vertex 86.46079340124314 10.97580247579332 16.990000000000002
    endloop
  endfacet
  facet normal -0.9987954562475143 -0.04906767346552664 -6.557836034991838e-16
    outer loop
      vertex 86.32586173713207 13.722399644553661 12
      vertex 86.46030251161383 10.985794763926458 16.990000000000002
      vertex 86.41419979392626 11.924237157763647 18.6
    endloop
  endfacet
  facet normal 0 0 1
    outer loop
      vertex 86.46030251161383 10.985794763926458 16.990000000000002
      vertex 86.46079340124314 10.97580247579332 16.990000000000002
      vertex 91.44153602007162 11.367795421149243 16.990000000000002
    endloop
  endfacet
  facet normal 0 0 1
    outer loop
      vertex 86.46030251161383 10.985794763926458 16.990000000000002
      vertex 91.44153602007162 11.367795421149243 16.990000000000002
      vertex 91.44104513043189 11.37778770928156 16.990000000000002
    endloop
  endfacet
  facet normal 0 0 1
    outer loop
      vertex 91.950873150049 1.0000000000000004 20
      vertex 91.52744170702672 9.619144997993606 20
      vertex 57.76112095430497 6.961677921566869 20
    endloop
  endfacet
  facet normal 0 0 -1
    outer loop
      vertex 57.27894069939397 10.532613562653252 18.6
      vertex 86.32586173713207 13.722399644553661 18.6
      vertex 86.41419979392626 11.924237157763647 18.6
    endloop
  endfacet
  facet normal 0 0 -1
    outer loop
      vertex 58.49470813297731 7.832753075569529 18.6
      vertex 86.50689611893071 10.037360081956132 18.6
      vertex 86.64047756046057 7.318247325718403 18.6
    endloop
  endfacet
  facet normal -0.06777131147328298 0.8611161588185985 0.5038710255240855
    outer loop
      vertex 58.49328262487835 7.829002863856662 18.60621738340342
      vertex 91.52744170702672 9.619144997993606 19.990000000000002
      vertex 86.50689611893071 10.037360081956132 18.6
    endloop
  endfacet
  facet normal -0.07845909572784496 0.9969173337331281 0
    outer loop
      vertex 57.76112095430497 6.961677921566869 19.990000000000002
      vertex 91.52744170702672 9.619144997993606 20
      vertex 91.52744170702672 9.619144997993606 19.990000000000002
    endloop
  endfacet
  facet normal 0.06777131147328284 -0.8611161588185979 0.5038710255240862
    outer loop
      vertex 58.231540572405564 9.868688428682614 18.877669370352926
      vertex 86.41419979392626 11.924237157763647 18.6
      vertex 91.35513944347679 13.126438132437197 19.990000000000002
    endloop
  endfacet
  facet normal 0.07845909572784492 -0.9969173337331281 0
    outer loop
      vertex 57.469096967423894 10.459548752040316 19.990000000000002
      vertex 91.35513944347679 13.126438132437197 19.990000000000002
      vertex 91.35513944347679 13.126438132437197 20
    endloop
  endfacet
  facet normal 0 0 1
    outer loop
      vertex 91.30178536474705 14.21248535066843 20
      vertex 56.70017409556533 10.630115011027073 20
      vertex 91.35513944347679 13.126438132437197 20
    endloop
  endfacet
  facet normal 0.9987954561962868 0.049067674508288264 1.5549069024424812e-15
    outer loop
      vertex 91.950873150049 1.0000000000000004 20
      vertex 92 0 19
      vertex 91.52744170702672 9.619144997993606 19.990000000000002
    endloop
  endfacet
  facet normal -0.9987954562475145 -0.04906767346552366 2.450669062016926e-15
    outer loop
      vertex 86.46079340124314 10.97580247579332 16.990000000000002
      vertex 86.64047756046057 7.318247325718403 18.6
      vertex 86.50689611893071 10.037360081956132 18.6
    endloop
  endfacet
  facet normal 0.06777131147328287 -0.8611161588185978 0.5038710255240867
    outer loop
      vertex 86.46030251161383 10.985794763926458 16.990000000000002
      vertex 91.44104513043189 11.37778770928156 16.990000000000002
      vertex 86.41419979392626 11.924237157763647 18.6
    endloop
  endfacet
  facet normal -0.0677713114732831 0.8611161588185983 0.5038710255240859
    outer loop
      vertex 86.46079340124314 10.97580247579332 16.990000000000002
      vertex 86.50689611893071 10.037360081956132 18.6
      vertex 91.52744170702672 9.619144997993606 19.990000000000002
    endloop
  endfacet
  facet normal -0.06777131147328316 0.8611161588185982 0.5038710255240861
    outer loop
      vertex 86.46079340124314 10.97580247579332 16.990000000000002
      vertex 91.52744170702672 9.619144997993606 19.990000000000002
      vertex 91.44153602007162 11.367795421149243 16.990000000000002
    endloop
  endfacet
  facet normal 0.06777131147328279 -0.8611161588185979 0.5038710255240865
    outer loop
      vertex 86.41419979392626 11.924237157763647 18.6
      vertex 91.44104513043189 11.37778770928156 16.990000000000002
      vertex 91.35513944347679 13.126438132437197 19.990000000000002
    endloop
  endfacet
  facet normal 0.998795456196287 0.04906767450828827 0
    outer loop
      vertex 91.950873150049 1.0000000000000004 20
      vertex 91.52744170702672 9.619144997993606 19.990000000000002
      vertex 91.52744170702672 9.619144997993606 20
    endloop
  endfacet
  facet normal 0.9987954561962867 0.049067674508289146 0
    outer loop
      vertex 91.30178536474705 14.21248535066843 6
      vertex 91.30178536474705 14.21248535066843 20
      vertex 91.35513944347679 13.126438132437197 19.990000000000002
    endloop
  endfacet
  facet normal -0.9987954562475145 -0.04906767346552424 0
    outer loop
      vertex 86.32586173713207 13.722399644553661 12
      vertex 86.41419979392626 11.924237157763647 18.6
      vertex 86.32586173713207 13.722399644553661 18.6
    endloop
  endfacet
  facet normal 0.989176509999614 0.14673047422053695 0
    outer loop
      vertex 89.21386566013098 28.2880966886878 6
      vertex 89.21386566013098 28.2880966886878 20
      vertex 91.30178536474705 14.21248535066843 20
    endloop
  endfacet
  facet normal -0.989176509954098 -0.14673047452738006 0
    outer loop
      vertex 84.30993925780058 27.312645085155964 12
      vertex 86.32586173713207 13.722399644553661 18.6
      vertex 84.30993925780058 27.312645085155964 18.6
    endloop
  endfacet
  facet normal 0.9987954561962868 0.049067674508289146 0
    outer loop
      vertex 91.30178536474705 14.21248535066843 20
      vertex 91.35513944347679 13.126438132437197 20
      vertex 91.35513944347679 13.126438132437197 19.990000000000002
    endloop
  endfacet
  facet normal 0 0 1
    outer loop
      vertex 25.462822429835796 15.607225760817528 12
      vertex 84.30993925780058 27.312645085155964 12
      vertex 80.97164700180292 40.639854818582535 12
    endloop
  endfacet
  facet normal 0 0 1
    outer loop
      vertex 20.910362601280212 30.61467459052801 12
      vertex 80.97164700180292 40.639854818582535 12
      vertex 76.34313455224037 53.575680531561375 12
    endloop
  endfacet
  facet normal 0.9700312532400269 0.2429801797216861 0
    outer loop
      vertex 89.21386566013098 28.2880966886878 6
      vertex 86.61546019770628 38.66151278389616 6
      vertex 89.21386566013098 28.2880966886878 20
    endloop
  endfacet
  facet normal 0.9700312532400266 0.2429801797216874 1.014437170594016e-15
    outer loop
      vertex 85.88607135893699 41.573396255959935 6
      vertex 89.21386566013098 28.2880966886878 20
      vertex 86.61546019770628 38.66151278389616 6
    endloop
  endfacet
  facet normal 0.9700312532400206 0.24298017972171107 2.4924652127118266e-14
    outer loop
      vertex 85.88607135893699 41.573396255959935 6
      vertex 85.75634868443012 42.091278202831745 6
      vertex 89.21386566013098 28.2880966886878 20
    endloop
  endfacet
  facet normal -0.9700312531595526 -0.24298018004295707 0
    outer loop
      vertex 80.97164700180292 40.639854818582535 12
      vertex 84.30993925780058 27.312645085155964 12
      vertex 84.30993925780058 27.312645085155964 18.6
    endloop
  endfacet
  facet normal 0.9700312532403002 0.24298017972059455 -8.727811345378668e-13
    outer loop
      vertex 85.75634868443012 42.091278202831745 6
      vertex 87.82816230099058 33.820134600691645 16.990000000000002
      vertex 87.8305922198881 33.810433820668585 16.990000000000002
    endloop
  endfacet
  facet normal 0.9700312532400267 0.24298017972168723 9.63575975362216e-17
    outer loop
      vertex 85.75634868443012 42.091278202831745 6
      vertex 87.8305922198881 33.810433820668585 16.990000000000002
      vertex 89.21386566013098 28.2880966886878 20
    endloop
  endfacet
  facet normal 0.9700312532400263 0.24298017972168826 -1.981945682475034e-16
    outer loop
      vertex 85.75634868443012 42.091278202831745 6
      vertex 87.40292649392234 35.51777110472839 19.990000000000002
      vertex 87.82816230099058 33.820134600691645 16.990000000000002
    endloop
  endfacet
  facet normal 0.9415440651112372 0.33688985359284157 2.7035689878867237e-15
    outer loop
      vertex 85.75634868443012 42.091278202831745 20
      vertex 81.46847642680785 54.07507834719204 6
      vertex 80.96253221688346 55.48909768630647 6
    endloop
  endfacet
  facet normal 0.9415442844048041 0.33688924070738474 -4.972622994169413e-7
    outer loop
      vertex 85.75634868443012 42.091278202831745 20
      vertex 80.96253221688346 55.48909768630647 6
      vertex 80.96253221482038 55.48909769207239 6
    endloop
  endfacet
  facet normal 0.9415440651112384 0.3368898535928383 0
    outer loop
      vertex 85.75634868443012 42.091278202831745 6
      vertex 81.46847642680785 54.07507834719204 6
      vertex 85.75634868443012 42.091278202831745 20
    endloop
  endfacet
  facet normal -0.9415440651938444 -0.3368898533619699 0
    outer loop
      vertex 80.97164700180292 40.639854818582535 12
      vertex 80.97164700180292 40.639854818582535 18.6
      vertex 76.34313455224037 53.575680531561375 12
    endloop
  endfacet
  facet normal 0.9415440651112383 0.3368898535928383 0
    outer loop
      vertex 85.75634868443012 42.091278202831745 20
      vertex 80.96253221482038 55.48909769207239 6
      vertex 80.96253221482038 55.48909769207239 16.990000001819574
    endloop
  endfacet
  facet normal 0.9540444024062882 -0.29966527699623186 0
    outer loop
      vertex 52.02771966616726 26.191062027788295 18.6
      vertex 52.08430857189944 26.371224138304576 18.6
      vertex 52.08430857189944 26.371224138304576 18.877669370352923
    endloop
  endfacet
  facet normal 0 0 -1
    outer loop
      vertex 24.46899728044511 19.574798155590706 18.6
      vertex 80.97164700180292 40.639854818582535 18.6
      vertex 53.30543088462103 27.568602117083348 18.6
    endloop
  endfacet
  facet normal -0.6419516025626837 -0.7667451597285777 0
    outer loop
      vertex 55.16780312765157 27.273631331695007 18.6
      vertex 55.31829273481031 27.147635043020966 18.6
      vertex 55.31829273481031 27.147635043020966 18.87766937035292
    endloop
  endfacet
  facet normal -0.7140145980512549 -0.7001308118985372 0
    outer loop
      vertex 55.4505057056018 27.012800252732482 18.6
      vertex 55.31829273481031 27.147635043020966 18.87766937035292
      vertex 55.31829273481031 27.147635043020966 18.6
    endloop
  endfacet
  facet normal 0.9200780843345816 -0.39173501085198714 0
    outer loop
      vertex 52.08430857189944 26.371224138304576 18.6
      vertex 52.161194675639976 26.55180850549628 19.147919831418214
      vertex 52.08430857189944 26.371224138304576 18.877669370352923
    endloop
  endfacet
  facet normal 0.9200780843345816 -0.39173501085198714 0
    outer loop
      vertex 52.08430857189944 26.371224138304576 18.6
      vertex 52.161194675639976 26.55180850549628 18.6
      vertex 52.161194675639976 26.55180850549628 19.147919831418214
    endloop
  endfacet
  facet normal 0.8772509113448907 -0.4800321224090726 0
    outer loop
      vertex 52.161194675639976 26.55180850549628 18.6
      vertex 52.25541091503625 26.723987153581493 18.6
      vertex 52.25541091503625 26.723987153581493 19.39722324978245
    endloop
  endfacet
  facet normal 0.8259753325248755 -0.5637062622150132 0
    outer loop
      vertex 52.25541091503625 26.723987153581493 18.6
      vertex 52.36604993619902 26.886101908056737 18.6
      vertex 52.36604993619902 26.886101908056737 19.623178697243667
    endloop
  endfacet
  facet normal 0.8772509113448905 -0.48003212240907256 0
    outer loop
      vertex 52.161194675639976 26.55180850549628 18.6
      vertex 52.25541091503625 26.723987153581493 19.39722324978245
      vertex 52.161194675639976 26.55180850549628 19.147919831418214
    endloop
  endfacet
  facet normal 0.7667451597285896 -0.6419516025626696 0
    outer loop
      vertex 52.36604993619902 26.886101908056737 18.6
      vertex 52.49204622487305 27.036591515215477 18.6
      vertex 52.49204622487305 27.036591515215477 19.823610099323012
    endloop
  endfacet
  facet normal 0.8259753325248755 -0.5637062622150133 0
    outer loop
      vertex 52.25541091503625 26.723987153581493 18.6
      vertex 52.36604993619902 26.886101908056737 19.623178697243667
      vertex 52.25541091503625 26.723987153581493 19.39722324978245
    endloop
  endfacet
  facet normal 0.7001308118985221 -0.7140145980512699 -2.0347448992590304e-15
    outer loop
      vertex 52.49204622487305 27.036591515215477 18.6
      vertex 52.63218636792186 27.17400667787479 18.6
      vertex 52.62684964950542 27.168773730246016 19.990000000000002
    endloop
  endfacet
  facet normal 0.7667451597285896 -0.6419516025626695 0
    outer loop
      vertex 52.36604993619902 26.886101908056737 18.6
      vertex 52.49204622487305 27.036591515215477 19.823610099323012
      vertex 52.36604993619902 26.886101908056737 19.623178697243667
    endloop
  endfacet
  facet normal 0.6267738216194887 -0.7792012426405013 0
    outer loop
      vertex 52.63218636792186 27.17400667787479 18.6
      vertex 52.78512073915947 27.297024012899488 18.6
      vertex 52.78512073915947 27.297024012899488 20
    endloop
  endfacet
  facet normal 0.5473806568087887 -0.8368837533084145 0
    outer loop
      vertex 52.78512073915947 27.297024012899488 18.6
      vertex 52.94937649698845 27.404458796105178 18.6
      vertex 52.94937649698845 27.404458796105178 20
    endloop
  endfacet
  facet normal 0.46271591704433396 -0.8865066159447549 0
    outer loop
      vertex 52.94937649698845 27.404458796105178 18.6
      vertex 53.12337176866957 27.495276371799758 18.6
      vertex 53.12337176866957 27.495276371799758 20
    endloop
  endfacet
  facet normal 0.37359497005251646 -0.9275919352557239 0
    outer loop
      vertex 53.12337176866957 27.495276371799758 18.6
      vertex 53.30543088462103 27.568602117083348 18.6
      vertex 53.30543088462103 27.568602117083348 20
    endloop
  endfacet
  facet normal 0.28087609927129376 -0.9597440371568569 0
    outer loop
      vertex 53.30543088462103 27.568602117083348 18.6
      vertex 53.49380051603261 27.623729864944945 18.6
      vertex 53.49380051603261 27.623729864944945 20
    endloop
  endfacet
  facet normal 0.7001308118985113 -0.7140145980512802 0
    outer loop
      vertex 52.49204622487305 27.036591515215477 18.6
      vertex 52.62684964950542 27.168773730246016 19.990000000000002
      vertex 52.49204622487305 27.036591515215477 19.823610099323012
    endloop
  endfacet
  facet normal 0.7001308118987918 -0.7140145980510053 0
    outer loop
      vertex 52.63218636792186 27.17400667787479 18.6
      vertex 52.62684964950542 27.168773730246016 20
      vertex 52.62684964950542 27.168773730246016 19.990000000000002
    endloop
  endfacet
  facet normal 0.7001308118987916 -0.7140145980510054 0
    outer loop
      vertex 52.63218636792186 27.17400667787479 18.6
      vertex 52.63218636792186 27.17400667787479 20
      vertex 52.62684964950542 27.168773730246016 20
    endloop
  endfacet
  facet normal 0.6267738216194887 -0.7792012426405013 0
    outer loop
      vertex 52.63218636792186 27.17400667787479 18.6
      vertex 52.78512073915947 27.297024012899488 20
      vertex 52.63218636792186 27.17400667787479 20
    endloop
  endfacet
  facet normal 0.5473806568087887 -0.8368837533084145 0
    outer loop
      vertex 52.78512073915947 27.297024012899488 18.6
      vertex 52.94937649698845 27.404458796105178 20
      vertex 52.78512073915947 27.297024012899488 20
    endloop
  endfacet
  facet normal 0.46271591704433396 -0.8865066159447549 0
    outer loop
      vertex 52.94937649698845 27.404458796105178 18.6
      vertex 53.12337176866957 27.495276371799758 20
      vertex 52.94937649698845 27.404458796105178 20
    endloop
  endfacet
  facet normal 0.37359497005251646 -0.9275919352557239 0
    outer loop
      vertex 53.12337176866957 27.495276371799758 18.6
      vertex 53.30543088462103 27.568602117083348 20
      vertex 53.12337176866957 27.495276371799758 20
    endloop
  endfacet
  facet normal 0.28087609927129376 -0.9597440371568569 0
    outer loop
      vertex 53.30543088462103 27.568602117083348 18.6
      vertex 53.49380051603261 27.623729864944945 20
      vertex 53.30543088462103 27.568602117083348 20
    endloop
  endfacet
  facet normal 0 0 1
    outer loop
      vertex 85.75634868443012 42.091278202831745 20
      vertex 19.415744040522014 19.1954927079626 20
      vertex 53.49380051603261 27.623729864944945 20
    endloop
  endfacet
  facet normal -0.6419516025626836 -0.7667451597285777 0
    outer loop
      vertex 55.16780312765157 27.273631331695007 18.6
      vertex 55.31829273481031 27.147635043020966 18.87766937035292
      vertex 55.16780312765157 27.273631331695007 19.147919831418214
    endloop
  endfacet
  facet normal -0.391735010851963 -0.9200780843345918 0
    outer loop
      vertex 54.652925357899406 27.55537269599456 18.6
      vertex 54.833509725091105 27.478486592254033 18.6
      vertex 54.833509725091105 27.478486592254033 19.623178697243663
    endloop
  endfacet
  facet normal -0.2996652769962523 -0.9540444024062817 0
    outer loop
      vertex 54.465674397774734 27.61418820887011 18.6
      vertex 54.652925357899406 27.55537269599456 18.6
      vertex 54.652925357899406 27.55537269599456 19.823610099323012
    endloop
  endfacet
  facet normal -0.5637062622150216 -0.8259753325248698 0
    outer loop
      vertex 55.005688373176326 27.384270352857776 18.6
      vertex 55.16780312765157 27.273631331695007 18.6
      vertex 55.16780312765157 27.273631331695007 19.147919831418214
    endloop
  endfacet
  facet normal -0.4800321224089877 -0.8772509113449372 0
    outer loop
      vertex 55.005688373176326 27.384270352857776 18.6
      vertex 55.005688373176326 27.384270352857776 19.397223249782446
      vertex 54.833509725091105 27.478486592254033 18.6
    endloop
  endfacet
  facet normal -0.5637062622150216 -0.8259753325248699 0
    outer loop
      vertex 55.005688373176326 27.384270352857776 18.6
      vertex 55.16780312765157 27.273631331695007 19.147919831418214
      vertex 55.005688373176326 27.384270352857776 19.397223249782446
    endloop
  endfacet
  facet normal 0.18545223811159156 -0.9826532793307116 0
    outer loop
      vertex 53.49380051603261 27.623729864944945 18.6
      vertex 53.68666656038049 27.660128705036747 18.6
      vertex 53.68666656038049 27.660128705036747 20
    endloop
  endfacet
  facet normal 0.08824237052037114 -0.9960990332516871 0
    outer loop
      vertex 53.68666656038049 27.660128705036747 18.6
      vertex 53.88217161222629 27.67744809663104 18.6
      vertex 53.88217161222629 27.67744809663104 20
    endloop
  endfacet
  facet normal -0.009817319337149034 -0.999951808959328 0
    outer loop
      vertex 53.88217161222629 27.67744809663104 18.6
      vertex 54.0784328510468 27.675521244519025 18.6
      vertex 54.0784328510468 27.675521244519025 20
    endloop
  endfacet
  facet normal -0.2047096027093954 -0.9788227513490689 0
    outer loop
      vertex 54.27356017382489 27.654366705339868 18.6
      vertex 54.465674397774734 27.61418820887011 18.6
      vertex 54.465674397774734 27.61418820887011 20
    endloop
  endfacet
  facet normal -0.48003212240898757 -0.8772509113449372 0
    outer loop
      vertex 54.833509725091105 27.478486592254033 18.6
      vertex 55.005688373176326 27.384270352857776 19.397223249782446
      vertex 54.833509725091105 27.478486592254033 19.623178697243663
    endloop
  endfacet
  facet normal -0.10778246304276054 -0.994174502117428 0
    outer loop
      vertex 54.0784328510468 27.675521244519025 18.6
      vertex 54.27356017382489 27.654366705339868 18.6
      vertex 54.27356017382489 27.654366705339868 20
    endloop
  endfacet
  facet normal -0.3917350108519631 -0.9200780843345919 0
    outer loop
      vertex 54.652925357899406 27.55537269599456 18.6
      vertex 54.833509725091105 27.478486592254033 19.623178697243663
      vertex 54.652925357899406 27.55537269599456 19.823610099323012
    endloop
  endfacet
  facet normal -0.29966527699625106 -0.9540444024062822 -2.2081199910176865e-16
    outer loop
      vertex 54.465674397774734 27.61418820887011 18.6
      vertex 54.652925357899406 27.55537269599456 19.823610099323012
      vertex 54.47280515721063 27.611948437852995 19.990000000000002
    endloop
  endfacet
  facet normal -0.29966527699629286 -0.9540444024062691 0
    outer loop
      vertex 54.465674397774734 27.61418820887011 18.6
      vertex 54.47280515721063 27.611948437852995 19.990000000000002
      vertex 54.47280515721063 27.611948437852995 20
    endloop
  endfacet
  facet normal 0.18545223811159156 -0.9826532793307116 0
    outer loop
      vertex 53.49380051603261 27.623729864944945 18.6
      vertex 53.68666656038049 27.660128705036747 20
      vertex 53.49380051603261 27.623729864944945 20
    endloop
  endfacet
  facet normal 0.08824237052037114 -0.9960990332516871 0
    outer loop
      vertex 53.68666656038049 27.660128705036747 18.6
      vertex 53.88217161222629 27.67744809663104 20
      vertex 53.68666656038049 27.660128705036747 20
    endloop
  endfacet
  facet normal -0.009817319337149034 -0.999951808959328 0
    outer loop
      vertex 53.88217161222629 27.67744809663104 18.6
      vertex 54.0784328510468 27.675521244519025 20
      vertex 53.88217161222629 27.67744809663104 20
    endloop
  endfacet
  facet normal -0.10778246304276054 -0.994174502117428 0
    outer loop
      vertex 54.0784328510468 27.675521244519025 18.6
      vertex 54.27356017382489 27.654366705339868 20
      vertex 54.0784328510468 27.675521244519025 20
    endloop
  endfacet
  facet normal -0.2996652769962902 -0.95404440240627 0
    outer loop
      vertex 54.465674397774734 27.61418820887011 18.6
      vertex 54.47280515721063 27.611948437852995 20
      vertex 54.465674397774734 27.61418820887011 20
    endloop
  endfacet
  facet normal -0.2047096027093954 -0.9788227513490689 0
    outer loop
      vertex 54.27356017382489 27.654366705339868 18.6
      vertex 54.465674397774734 27.61418820887011 20
      vertex 54.27356017382489 27.654366705339868 20
    endloop
  endfacet
  facet normal 0 0 -1
    outer loop
      vertex 21.22713989385001 29.729341365423085 18.6
      vertex 42.19242089706397 36.72401126996094 18.6
      vertex 80.97164700180292 40.639854818582535 18.6
    endloop
  endfacet
  facet normal 0 0 -1
    outer loop
      vertex 55.136261748329375 24.0609560353997 18.6
      vertex 55.28919611956698 24.183973370424397 18.6
      vertex 83.20257478489506 31.733491868490397 18.6
    endloop
  endfacet
  facet normal 0 0 -1
    outer loop
      vertex 55.28919611956698 24.183973370424397 18.6
      vertex 55.42933626261579 24.32138853308371 18.6
      vertex 83.20257478489506 31.733491868490397 18.6
    endloop
  endfacet
  facet normal 0 0 -1
    outer loop
      vertex 55.42933626261579 24.32138853308371 18.6
      vertex 55.55533255128982 24.47187814024245 18.6
      vertex 83.20257478489506 31.733491868490397 18.6
    endloop
  endfacet
  facet normal 0 0 -1
    outer loop
      vertex 55.55533255128982 24.47187814024245 18.6
      vertex 55.665971572452605 24.633992894717693 18.6
      vertex 83.20257478489506 31.733491868490397 18.6
    endloop
  endfacet
  facet normal 0 0 -1
    outer loop
      vertex 55.665971572452605 24.633992894717693 18.6
      vertex 55.760187811848866 24.806171542802907 18.6
      vertex 83.20257478489506 31.733491868490397 18.6
    endloop
  endfacet
  facet normal 0 0 -1
    outer loop
      vertex 55.760187811848866 24.806171542802907 18.6
      vertex 55.8370739155894 24.98675590999461 18.6
      vertex 83.20257478489506 31.733491868490397 18.6
    endloop
  endfacet
  facet normal 0 0 -1
    outer loop
      vertex 55.8370739155894 24.98675590999461 18.6
      vertex 55.89588942846494 25.17400687011928 18.6
      vertex 83.20257478489506 31.733491868490397 18.6
    endloop
  endfacet
  facet normal -0.20164517981126862 0.8399126211077187 0.5038710255242335
    outer loop
      vertex 55.89671072383062 25.177933909099714 18.6
      vertex 55.89588942846494 25.17400687011928 18.606217383403422
      vertex 83.20257478489506 31.733491868490397 18.6
    endloop
  endfacet
  facet normal 0 0 -1
    outer loop
      vertex 55.89671072383062 25.177933909099714 18.6
      vertex 83.20257478489506 31.733491868490397 18.6
      vertex 55.89588942846494 25.17400687011928 18.6
    endloop
  endfacet
  facet normal -0.20164517981128904 0.8399126211078036 0.5038710255240838
    outer loop
      vertex 55.8370739155894 24.98675590999461 18.894812227495784
      vertex 83.20257478489506 31.733491868490397 18.6
      vertex 55.89588942846494 25.17400687011928 18.606217383403422
    endloop
  endfacet
  facet normal 0 0 -1
    outer loop
      vertex 54.652925357899406 27.55537269599456 18.6
      vertex 82.74372509913607 33.56532249603355 18.6
      vertex 54.833509725091105 27.478486592254033 18.6
    endloop
  endfacet
  facet normal 0 0 -1
    outer loop
      vertex 55.005688373176326 27.384270352857776 18.6
      vertex 54.833509725091105 27.478486592254033 18.6
      vertex 82.74372509913607 33.56532249603355 18.6
    endloop
  endfacet
  facet normal 0 0 -1
    outer loop
      vertex 55.005688373176326 27.384270352857776 18.6
      vertex 82.74372509913607 33.56532249603355 18.6
      vertex 55.16780312765157 27.273631331695007 18.6
    endloop
  endfacet
  facet normal 0 0 -1
    outer loop
      vertex 55.16780312765157 27.273631331695007 18.6
      vertex 82.74372509913607 33.56532249603355 18.6
      vertex 55.31829273481031 27.147635043020966 18.6
    endloop
  endfacet
  facet normal 0 0 -1
    outer loop
      vertex 55.4505057056018 27.012800252732482 18.6
      vertex 55.31829273481031 27.147635043020966 18.6
      vertex 82.74372509913607 33.56532249603355 18.6
    endloop
  endfacet
  facet normal 0.20164517981128802 -0.8399126211077982 0.5038710255240935
    outer loop
      vertex 55.4505057056018 27.012800252732482 18.6
      vertex 82.74372509913607 33.56532249603355 18.6
      vertex 55.31829273481031 27.147635043020966 18.87766937035292
    endloop
  endfacet
  facet normal 0 0 -1
    outer loop
      vertex 53.30543088462103 27.568602117083348 18.6
      vertex 80.97164700180292 40.639854818582535 18.6
      vertex 53.49380051603261 27.623729864944945 18.6
    endloop
  endfacet
  facet normal 0 0 -1
    outer loop
      vertex 53.49380051603261 27.623729864944945 18.6
      vertex 80.97164700180292 40.639854818582535 18.6
      vertex 53.68666656038049 27.660128705036747 18.6
    endloop
  endfacet
  facet normal 0 0 -1
    outer loop
      vertex 53.68666656038049 27.660128705036747 18.6
      vertex 80.97164700180292 40.639854818582535 18.6
      vertex 53.88217161222629 27.67744809663104 18.6
    endloop
  endfacet
  facet normal 0 0 -1
    outer loop
      vertex 53.88217161222629 27.67744809663104 18.6
      vertex 80.97164700180292 40.639854818582535 18.6
      vertex 54.0784328510468 27.675521244519025 18.6
    endloop
  endfacet
  facet normal 0 0 -1
    outer loop
      vertex 54.0784328510468 27.675521244519025 18.6
      vertex 80.97164700180292 40.639854818582535 18.6
      vertex 54.27356017382489 27.654366705339868 18.6
    endloop
  endfacet
  facet normal 0 0 -1
    outer loop
      vertex 54.27356017382489 27.654366705339868 18.6
      vertex 80.97164700180292 40.639854818582535 18.6
      vertex 54.465674397774734 27.61418820887011 18.6
    endloop
  endfacet
  facet normal 0 0 -1
    outer loop
      vertex 54.465674397774734 27.61418820887011 18.6
      vertex 80.97164700180292 40.639854818582535 18.6
      vertex 54.652925357899406 27.55537269599456 18.6
    endloop
  endfacet
  facet normal -0.2016451798112888 0.8399126211078026 0.5038710255240856
    outer loop
      vertex 55.8370739155894 24.98675590999461 18.894812227495784
      vertex 55.760187811848866 24.806171542802907 19.16506268856108
      vertex 83.20257478489506 31.733491868490397 18.6
    endloop
  endfacet
  facet normal -0.2016451798112886 0.8399126211078012 0.503871025524088
    outer loop
      vertex 55.760187811848866 24.806171542802907 19.16506268856108
      vertex 55.665971572452605 24.633992894717693 19.414366106925314
      vertex 88.25582802695635 32.11279731663184 19.990000000000002
    endloop
  endfacet
  facet normal -0.20164517981128813 0.8399126211077989 0.5038710255240924
    outer loop
      vertex 55.665971572452605 24.633992894717693 19.414366106925314
      vertex 55.55533255128982 24.47187814024245 19.640321554386524
      vertex 88.25582802695635 32.11279731663184 19.990000000000002
    endloop
  endfacet
  facet normal -0.20164517981128893 0.8399126211078024 0.503871025524086
    outer loop
      vertex 55.55533255128982 24.47187814024245 19.640321554386524
      vertex 55.42933626261579 24.32138853308371 19.84075295646587
      vertex 88.25582802695635 32.11279731663184 19.990000000000002
    endloop
  endfacet
  facet normal -0.20164517981129026 0.8399126211078084 0.5038710255240754
    outer loop
      vertex 55.308421396372125 24.202824817853195 19.990000000000002
      vertex 88.25582802695635 32.11279731663184 19.990000000000002
      vertex 55.42933626261579 24.32138853308371 19.84075295646587
    endloop
  endfacet
  facet normal -0.23344536385590536 0.9723699203976767 0
    outer loop
      vertex 55.308421396372125 24.202824817853195 19.990000000000002
      vertex 55.308421396372125 24.202824817853195 20
      vertex 88.25582802695635 32.11279731663184 20
    endloop
  endfacet
  facet normal 0.20164517981128982 -0.8399126211078053 0.5038710255240809
    outer loop
      vertex 55.31829273481031 27.147635043020966 18.87766937035292
      vertex 87.40292649392234 35.51777110472839 19.990000000000002
      vertex 55.16780312765157 27.273631331695007 19.147919831418214
    endloop
  endfacet
  facet normal 0.20164517981128913 -0.8399126211078031 0.5038710255240848
    outer loop
      vertex 55.16780312765157 27.273631331695007 19.147919831418214
      vertex 87.40292649392234 35.51777110472839 19.990000000000002
      vertex 55.005688373176326 27.384270352857776 19.397223249782446
    endloop
  endfacet
  facet normal 0.2016451798112878 -0.8399126211077983 0.5038710255240931
    outer loop
      vertex 55.005688373176326 27.384270352857776 19.397223249782446
      vertex 87.40292649392234 35.51777110472839 19.990000000000002
      vertex 54.833509725091105 27.478486592254033 19.623178697243663
    endloop
  endfacet
  facet normal 0.20164517981128977 -0.8399126211078057 0.5038710255240803
    outer loop
      vertex 54.652925357899406 27.55537269599456 19.823610099323012
      vertex 54.833509725091105 27.478486592254033 19.623178697243663
      vertex 87.40292649392234 35.51777110472839 19.990000000000002
    endloop
  endfacet
  facet normal 0.20164517981128605 -0.839912621107791 0.5038710255241062
    outer loop
      vertex 54.652925357899406 27.55537269599456 19.823610099323012
      vertex 87.40292649392234 35.51777110472839 19.990000000000002
      vertex 54.47280515721063 27.611948437852995 19.990000000000002
    endloop
  endfacet
  facet normal 0.2334453638559053 -0.9723699203976767 0
    outer loop
      vertex 54.47280515721063 27.611948437852995 19.990000000000002
      vertex 87.40292649392234 35.51777110472839 19.990000000000002
      vertex 54.47280515721063 27.611948437852995 20
    endloop
  endfacet
  facet normal 0 0 1
    outer loop
      vertex 85.75634868443012 42.091278202831745 20
      vertex 53.49380051603261 27.623729864944945 20
      vertex 53.68666656038049 27.660128705036747 20
    endloop
  endfacet
  facet normal 0 0 1
    outer loop
      vertex 85.75634868443012 42.091278202831745 20
      vertex 53.68666656038049 27.660128705036747 20
      vertex 53.88217161222629 27.67744809663104 20
    endloop
  endfacet
  facet normal 0 0 1
    outer loop
      vertex 85.75634868443012 42.091278202831745 20
      vertex 53.88217161222629 27.67744809663104 20
      vertex 54.0784328510468 27.675521244519025 20
    endloop
  endfacet
  facet normal 0 0 1
    outer loop
      vertex 85.75634868443012 42.091278202831745 20
      vertex 54.465674397774734 27.61418820887011 20
      vertex 54.47280515721063 27.611948437852995 20
    endloop
  endfacet
  facet normal 0 0 1
    outer loop
      vertex 85.75634868443012 42.091278202831745 20
      vertex 54.0784328510468 27.675521244519025 20
      vertex 54.27356017382489 27.654366705339868 20
    endloop
  endfacet
  facet normal 0 0 1
    outer loop
      vertex 85.75634868443012 42.091278202831745 20
      vertex 54.27356017382489 27.654366705339868 20
      vertex 54.465674397774734 27.61418820887011 20
    endloop
  endfacet
  facet normal 0 0 1
    outer loop
      vertex 18.77052517980337 21.771350793540478 20
      vertex 81.55280046219877 53.83940845621189 20
      vertex 56.97449341724456 42.846946187802374 20
    endloop
  endfacet
  facet normal -0.38268343236508956 0.9238795325112868 0
    outer loop
      vertex 56.97449341724456 42.846946187802374 18.6
      vertex 42.19242089706397 36.72401126996094 20
      vertex 56.97449341724456 42.846946187802374 20
    endloop
  endfacet
  facet normal -0.923879532511288 -0.3826834323650869 0
    outer loop
      vertex 56.97449341724456 42.846946187802374 18.6
      vertex 56.97449341724456 42.846946187802374 20
      vertex 56.37718835989472 44.288968158130416 18.6
    endloop
  endfacet
  facet normal -0.9238795325112873 -0.38268343236508845 -2.0929546977070722e-15
    outer loop
      vertex 56.37718835989472 44.288968158130416 18.6
      vertex 56.97449341724456 42.846946187802374 20
      vertex 56.68748084297074 43.53985583718584 19.990000000000002
    endloop
  endfacet
  facet normal -0.9238795325112873 -0.3826834323650885 0
    outer loop
      vertex 56.68748084297074 43.53985583718584 19.990000000000002
      vertex 56.97449341724456 42.846946187802374 20
      vertex 56.68748084297074 43.53985583718584 20
    endloop
  endfacet
  facet normal 0 0 -1
    outer loop
      vertex 17.553701147437096 37.71173894405365 18.6
      vertex 75.9368240907412 54.43475182447654 18.6
      vertex 55.061076255419124 47.46634385035881 18.6
    endloop
  endfacet
  facet normal 0.38268343236508956 -0.9238795325112868 0
    outer loop
      vertex 40.27900373523853 41.34340893251738 18.6
      vertex 55.061076255419124 47.46634385035881 18.6
      vertex 55.061076255419124 47.46634385035881 20
    endloop
  endfacet
  facet normal -0.9238795325112864 -0.3826834323650901 -6.33483655165949e-15
    outer loop
      vertex 55.65455447844532 46.033560675355886 18.6
      vertex 55.34426199536928 46.78267299630046 19.990000000000002
      vertex 55.061076255419124 47.46634385035881 18.6
    endloop
  endfacet
  facet normal -0.9238795325112912 -0.38268343236507923 0
    outer loop
      vertex 55.061076255419124 47.46634385035881 18.6
      vertex 55.34426199536928 46.78267299630046 19.990000000000002
      vertex 55.061076255419124 47.46634385035881 20
    endloop
  endfacet
  facet normal -0.9238795325112912 -0.38268343236507923 0
    outer loop
      vertex 55.34426199536928 46.78267299630046 19.990000000000002
      vertex 55.34426199536928 46.78267299630046 20
      vertex 55.061076255419124 47.46634385035881 20
    endloop
  endfacet
  facet normal 0 0 -1
    outer loop
      vertex 42.19242089706397 36.72401126996094 18.6
      vertex 56.97449341724456 42.846946187802374 18.6
      vertex 80.97164700180292 40.639854818582535 18.6
    endloop
  endfacet
  facet normal 0 0 1
    outer loop
      vertex 18.77052517980337 21.771350793540478 20
      vertex 85.75634868443012 42.091278202831745 20
      vertex 81.55280046219877 53.83940845621189 20
    endloop
  endfacet
  facet normal 0 0 -1
    outer loop
      vertex 56.97449341724456 42.846946187802374 18.6
      vertex 56.37718835989472 44.288968158130416 18.6
      vertex 76.6599118450336 52.69034730753823 18.6
    endloop
  endfacet
  facet normal 0 0 -1
    outer loop
      vertex 55.65455447844532 46.033560675355886 18.6
      vertex 55.061076255419124 47.46634385035881 18.6
      vertex 75.9368240907412 54.43475182447654 18.6
    endloop
  endfacet
  facet normal -0.33055387460035657 0.7980276471551563 0.5038710255240891
    outer loop
      vertex 56.37718835989472 44.288968158130416 18.6
      vertex 56.68748084297074 43.53985583718584 19.990000000000002
      vertex 81.55280046219877 53.83940845621189 19.990000000000002
    endloop
  endfacet
  facet normal 0 0 1
    outer loop
      vertex 81.55280046219877 53.83940845621189 20
      vertex 56.68748084297074 43.53985583718584 20
      vertex 56.97449341724456 42.846946187802374 20
    endloop
  endfacet
  facet normal -0.3826834323650897 0.9238795325112868 0
    outer loop
      vertex 56.68748084297074 43.53985583718584 19.990000000000002
      vertex 56.68748084297074 43.53985583718584 20
      vertex 81.55280046219877 53.83940845621189 20
    endloop
  endfacet
  facet normal 0.3305538746003563 -0.7980276471551547 0.5038710255240917
    outer loop
      vertex 55.65455447844532 46.033560675355886 18.6
      vertex 75.9368240907412 54.43475182447654 18.6
      vertex 55.34426199536928 46.78267299630046 19.990000000000002
    endloop
  endfacet
  facet normal 0.3826834323650899 -0.9238795325112866 0
    outer loop
      vertex 55.34426199536928 46.78267299630046 19.990000000000002
      vertex 80.2091277406671 57.08203761458902 19.990000000000002
      vertex 55.34426199536928 46.78267299630046 20
    endloop
  endfacet
  facet normal 0 0 1
    outer loop
      vertex 80.2091277406671 57.08203761458902 20
      vertex 55.061076255419124 47.46634385035881 20
      vertex 55.34426199536928 46.78267299630046 20
    endloop
  endfacet
  facet normal -0.9700312531595513 -0.24298018004296273 -1.1793773174150412e-14
    outer loop
      vertex 80.97164700180292 40.639854818582535 12
      vertex 84.30993925780058 27.312645085155964 18.6
      vertex 82.97436490146592 32.64455679225083 16.990000000000002
    endloop
  endfacet
  facet normal -0.9700312531600422 -0.24298018004100255 3.3104854678784214e-12
    outer loop
      vertex 80.97164700180292 40.639854818582535 12
      vertex 82.97436490146592 32.64455679225083 16.990000000000002
      vertex 82.97193498256519 32.65425757227312 16.990000000000002
    endloop
  endfacet
  facet normal -0.970031253159552 -0.2429801800429598 -3.0693956674123135e-15
    outer loop
      vertex 80.97164700180292 40.639854818582535 12
      vertex 82.97193498256519 32.65425757227312 16.990000000000002
      vertex 82.74372509913607 33.56532249603355 18.6
    endloop
  endfacet
  facet normal -0.9700312531595526 -0.2429801800429571 0
    outer loop
      vertex 80.97164700180292 40.639854818582535 12
      vertex 82.74372509913607 33.56532249603355 18.6
      vertex 80.97164700180292 40.639854818582535 18.6
    endloop
  endfacet
  facet normal 0 0 1
    outer loop
      vertex 82.97193498256519 32.65425757227312 16.990000000000002
      vertex 82.97436490146592 32.64455679225083 16.990000000000002
      vertex 87.82816230099058 33.820134600691645 16.990000000000002
    endloop
  endfacet
  facet normal 0 0 1
    outer loop
      vertex 82.97436490146592 32.64455679225083 16.990000000000002
      vertex 87.8305922198881 33.810433820668585 16.990000000000002
      vertex 87.82816230099058 33.820134600691645 16.990000000000002
    endloop
  endfacet
  facet normal 0 0 -1
    outer loop
      vertex 55.136261748329375 24.0609560353997 18.6
      vertex 83.20257478489506 31.733491868490397 18.6
      vertex 84.30993925780058 27.312645085155964 18.6
    endloop
  endfacet
  facet normal -0.20164517981128902 0.8399126211078035 0.5038710255240844
    outer loop
      vertex 55.760187811848866 24.806171542802907 19.16506268856108
      vertex 88.25582802695635 32.11279731663184 19.990000000000002
      vertex 83.20257478489506 31.733491868490397 18.6
    endloop
  endfacet
  facet normal 0 0 1
    outer loop
      vertex 89.21386566013098 28.2880966886878 20
      vertex 88.25582802695635 32.11279731663184 20
      vertex 55.308421396372125 24.202824817853195 20
    endloop
  endfacet
  facet normal -0.23344536385590536 0.9723699203976767 0
    outer loop
      vertex 55.308421396372125 24.202824817853195 19.990000000000002
      vertex 88.25582802695635 32.11279731663184 20
      vertex 88.25582802695635 32.11279731663184 19.990000000000002
    endloop
  endfacet
  facet normal 0 0 -1
    outer loop
      vertex 54.652925357899406 27.55537269599456 18.6
      vertex 80.97164700180292 40.639854818582535 18.6
      vertex 82.74372509913607 33.56532249603355 18.6
    endloop
  endfacet
  facet normal 0.20164517981128902 -0.839912621107803 0.5038710255240851
    outer loop
      vertex 55.31829273481031 27.147635043020966 18.87766937035292
      vertex 82.74372509913607 33.56532249603355 18.6
      vertex 87.40292649392234 35.51777110472839 19.990000000000002
    endloop
  endfacet
  facet normal 0.2334453638559053 -0.9723699203976767 0
    outer loop
      vertex 87.40292649392234 35.51777110472839 20
      vertex 54.47280515721063 27.611948437852995 20
      vertex 87.40292649392234 35.51777110472839 19.990000000000002
    endloop
  endfacet
  facet normal 0 0 1
    outer loop
      vertex 85.75634868443012 42.091278202831745 20
      vertex 54.47280515721063 27.611948437852995 20
      vertex 87.40292649392234 35.51777110472839 20
    endloop
  endfacet
  facet normal -0.970031253159554 -0.24298018004295224 2.47541442011341e-14
    outer loop
      vertex 82.97436490146592 32.64455679225083 16.990000000000002
      vertex 84.30993925780058 27.312645085155964 18.6
      vertex 83.20257478489506 31.733491868490397 18.6
    endloop
  endfacet
  facet normal 0.9700312532400266 0.242980179721687 -6.015895167766772e-16
    outer loop
      vertex 89.21386566013098 28.2880966886878 20
      vertex 87.8305922198881 33.810433820668585 16.990000000000002
      vertex 88.25582802695635 32.11279731663184 19.990000000000002
    endloop
  endfacet
  facet normal 0.9700312532400267 0.242980179721687 0
    outer loop
      vertex 89.21386566013098 28.2880966886878 20
      vertex 88.25582802695635 32.11279731663184 19.990000000000002
      vertex 88.25582802695635 32.11279731663184 20
    endloop
  endfacet
  facet normal 0.20164517981128835 -0.8399126211078007 0.5038710255240889
    outer loop
      vertex 82.97193498256519 32.65425757227312 16.990000000000002
      vertex 87.82816230099058 33.820134600691645 16.990000000000002
      vertex 82.74372509913607 33.56532249603355 18.6
    endloop
  endfacet
  facet normal -0.20164517981128802 0.8399126211078018 0.5038710255240875
    outer loop
      vertex 82.97436490146592 32.64455679225083 16.990000000000002
      vertex 88.25582802695635 32.11279731663184 19.990000000000002
      vertex 87.8305922198881 33.810433820668585 16.990000000000002
    endloop
  endfacet
  facet normal -0.20164517981129076 0.8399126211077986 0.5038710255240916
    outer loop
      vertex 82.97436490146592 32.64455679225083 16.990000000000002
      vertex 83.20257478489506 31.733491868490397 18.6
      vertex 88.25582802695635 32.11279731663184 19.990000000000002
    endloop
  endfacet
  facet normal 0.20164517981128793 -0.8399126211078018 0.5038710255240874
    outer loop
      vertex 82.74372509913607 33.56532249603355 18.6
      vertex 87.82816230099058 33.820134600691645 16.990000000000002
      vertex 87.40292649392234 35.51777110472839 19.990000000000002
    endloop
  endfacet
  facet normal 0.9700312532400261 0.2429801797216887 0
    outer loop
      vertex 85.75634868443012 42.091278202831745 20
      vertex 87.40292649392234 35.51777110472839 20
      vertex 87.40292649392234 35.51777110472839 19.990000000000002
    endloop
  endfacet
  facet normal -0.9415440651938444 -0.33688985336196997 0
    outer loop
      vertex 80.97164700180292 40.639854818582535 18.6
      vertex 76.34313455224037 53.575680531561375 16.990000000000002
      vertex 76.34313455224037 53.575680531561375 12
    endloop
  endfacet
  facet normal 0.9700312532400261 0.2429801797216887 0
    outer loop
      vertex 85.75634868443012 42.091278202831745 6
      vertex 85.75634868443012 42.091278202831745 20
      vertex 87.40292649392234 35.51777110472839 19.990000000000002
    endloop
  endfacet
  facet normal 0 0 -1
    outer loop
      vertex 56.97449341724456 42.846946187802374 18.6
      vertex 76.6599118450336 52.69034730753823 18.6
      vertex 80.97164700180292 40.639854818582535 18.6
    endloop
  endfacet
  facet normal -0.9415440651938446 -0.33688985336196964 3.448261407736399e-15
    outer loop
      vertex 80.97164700180292 40.639854818582535 18.6
      vertex 76.6599118450336 52.69034730753823 18.6
      vertex 76.34313455224037 53.575680531561375 16.990000000000002
    endloop
  endfacet
  facet normal -0.33055387460035646 0.798027647155156 0.5038710255240896
    outer loop
      vertex 56.37718835989472 44.288968158130416 18.6
      vertex 81.55280046219877 53.83940845621189 19.990000000000002
      vertex 76.6599118450336 52.69034730753823 18.6
    endloop
  endfacet
  facet normal -0.3826834323650897 0.9238795325112868 0
    outer loop
      vertex 56.68748084297074 43.53985583718584 19.990000000000002
      vertex 81.55280046219877 53.83940845621189 20
      vertex 81.55280046219877 53.83940845621189 19.990000000000002
    endloop
  endfacet
  facet normal 0.9415440651112387 0.3368898535928375 -3.798168001639373e-15
    outer loop
      vertex 85.75634868443012 42.091278202831745 20
      vertex 80.96253221482038 55.48909769207239 16.990000001819574
      vertex 81.55280046219877 53.83940845621189 19.990000000000002
    endloop
  endfacet
  facet normal 0.9415440651112387 0.3368898535928376 0
    outer loop
      vertex 85.75634868443012 42.091278202831745 20
      vertex 81.55280046219877 53.83940845621189 19.990000000000002
      vertex 81.55280046219877 53.83940845621189 20
    endloop
  endfacet
  facet normal 0 0 -1
    outer loop
      vertex 1.923642499309416 51.09445659372504 0
      vertex 54.118594041131004 97.73871705036532 0
      vertex 3.9226822331654247 48.85753009907555 0
    endloop
  endfacet
  facet normal -0.666346577952004 0.7456421648831655 0
    outer loop
      vertex 1.923642499309416 51.09445659372504 0
      vertex 1.923642499309416 51.09445659372504 6
      vertex 54.118594041131004 97.73871705036532 0
    endloop
  endfacet
  facet normal 0.6663465779520037 -0.7456421648831657 0
    outer loop
      vertex 3.9226822331654247 48.85753009907555 0
      vertex 55.997899311081284 95.39478929687604 6
      vertex 3.9226822331654247 48.85753009907555 6
    endloop
  endfacet
  facet normal 0 0 -1
    outer loop
      vertex 7.299058227674806 44.623688516924325 0
      vertex 64.38831905482301 85.13067924951072 0
      vertex 9.035072116214224 42.17700591004654 0
    endloop
  endfacet
  facet normal -0.5786712961798057 0.8155608689592602 0
    outer loop
      vertex 7.299058227674806 44.623688516924325 0
      vertex 7.299058227674806 44.623688516924325 6
      vertex 64.38831905482301 85.13067924951072 0
    endloop
  endfacet
  facet normal 0.5786712961798058 -0.81556086895926 0
    outer loop
      vertex 9.035072116214224 42.17700591004654 0
      vertex 66.03376970591023 82.61973859887763 6
      vertex 9.035072116214224 42.17700591004654 6
    endloop
  endfacet
  facet normal 0 0 -1
    outer loop
      vertex 9.035072116214224 42.17700591004654 0
      vertex 64.38831905482301 85.13067924951072 0
      vertex 66.12433294336243 82.68399664263295 0
    endloop
  endfacet
  facet normal 0.5786712961798058 -0.81556086895926 0
    outer loop
      vertex 9.035072116214224 42.17700591004654 0
      vertex 66.12433294336243 82.68399664263295 0
      vertex 66.12433294336243 82.68399664263295 6
    endloop
  endfacet
  facet normal 0.5786712961798203 -0.8155608689592498 -6.825325505131991e-13
    outer loop
      vertex 9.035072116214224 42.17700591004654 0
      vertex 66.12433294336243 82.68399664263295 6
      vertex 66.03376970591023 82.61973859887763 6
    endloop
  endfacet
  facet normal -0.5786712961798058 0.8155608689592602 -1.0854324333709572e-15
    outer loop
      vertex 7.299058227674806 44.623688516924325 6
      vertex 64.24627625857002 85.0298945108736 6
      vertex 64.38831905482301 85.13067924951072 0
    endloop
  endfacet
  facet normal 0 0 -1
    outer loop
      vertex 4.975784003734589 47.579496309161186 6
      vertex 3.9226822331654247 48.85753009907555 6
      vertex 59.08651573956013 91.98702620714903 6
    endloop
  endfacet
  facet normal 0 0 -1
    outer loop
      vertex 1.923642499309416 51.09445659372504 6
      vertex 0.03300859034061432 53.033008590340614 6
      vertex 53.98317290994228 97.61769732857405 6
    endloop
  endfacet
  facet normal -0.7071067811865475 0.7071067811865475 0
    outer loop
      vertex 0.03300859034061432 53.033008590340614 6
      vertex 21.246212024587493 74.24621202458749 7
      vertex 49.53048327565193 102.53048327565193 6
    endloop
  endfacet
  facet normal 0 0 -1
    outer loop
      vertex 21.23914095677563 74.25328309239936 7
      vertex 28.31727983645297 81.31727983645297 7
      vertex 21.246212024587493 74.24621202458749 7
    endloop
  endfacet
  facet normal -0.7071067811865476 0.7071067811865476 0
    outer loop
      vertex 0.03300859034061432 53.033008590340614 6
      vertex 21.246212024587493 74.24621202458749 11
      vertex 21.246212024587493 74.24621202458749 7
    endloop
  endfacet
  facet normal -0.8889745564266025 -0.4579565896743111 0
    outer loop
      vertex 21.23914095677563 74.25328309239936 7
      vertex 20.037059428758496 76.58673547031496 10.2
      vertex 20.037059428758496 76.58673547031496 7.8
    endloop
  endfacet
  facet normal -0.7071067811865475 -0.7071067811865475 0
    outer loop
      vertex 21.23914095677563 74.25328309239936 7
      vertex 21.246212024587493 74.24621202458749 7
      vertex 21.246212024587493 74.24621202458749 11
    endloop
  endfacet
  facet normal -0.7071067811865475 -0.7071067811865475 0
    outer loop
      vertex 21.23914095677563 74.25328309239936 7
      vertex 21.246212024587493 74.24621202458749 11
      vertex 21.23914095677563 74.25328309239936 11
    endloop
  endfacet
  facet normal -0.8889745564266025 -0.457956589674311 0
    outer loop
      vertex 21.23914095677563 74.25328309239936 7
      vertex 21.23914095677563 74.25328309239936 11
      vertex 20.037059428758496 76.58673547031496 10.2
    endloop
  endfacet
  facet normal 0 0 -1
    outer loop
      vertex 9.360220924019814 41.667767480015755 6
      vertex 9.035072116214224 42.17700591004654 6
      vertex 67.56309378147125 80.55768378823996 6
    endloop
  endfacet
  facet normal 0 0 -1
    outer loop
      vertex 4.975784003734589 47.579496309161186 6
      vertex 64.24627625857002 85.0298945108736 6
      vertex 7.299058227674806 44.623688516924325 6
    endloop
  endfacet
  facet normal 0 0 -1
    outer loop
      vertex 4.975784003734589 47.579496309161186 6
      vertex 59.08651573956013 91.98702620714903 6
      vertex 64.24627625857002 85.0298945108736 6
    endloop
  endfacet
  facet normal 0 0 -1
    outer loop
      vertex 3.9226822331654247 48.85753009907555 0
      vertex 54.118594041131004 97.73871705036532 0
      vertex 56.11763377498703 95.50179055571581 0
    endloop
  endfacet
  facet normal 0.6663465779520038 -0.7456421648831657 0
    outer loop
      vertex 3.9226822331654247 48.85753009907555 0
      vertex 56.11763377498703 95.50179055571581 0
      vertex 56.11763377498703 95.50179055571581 6
    endloop
  endfacet
  facet normal 0.6663465779520303 -0.7456421648831421 -4.719871902779774e-13
    outer loop
      vertex 3.9226822331654247 48.85753009907555 0
      vertex 56.11763377498703 95.50179055571581 6
      vertex 55.997899311081284 95.39478929687604 6
    endloop
  endfacet
  facet normal -0.6663465779520039 0.7456421648831656 1.0855482704617094e-15
    outer loop
      vertex 1.923642499309416 51.09445659372504 6
      vertex 53.98317290994228 97.61769732857405 6
      vertex 54.118594041131004 97.73871705036532 0
    endloop
  endfacet
  facet normal -0.2155089833761461 0.2155089833761461 -0.9524241471993242
    outer loop
      vertex 21.23914095677563 74.25328309239936 7
      vertex 20.037059428758496 76.58673547031496 7.8
      vertex 25.976756390725498 82.52643243228196 7.8
    endloop
  endfacet
  facet normal -0.7071067811865476 0.7071067811865476 0
    outer loop
      vertex 20.037059428758496 76.58673547031496 7.8
      vertex 20.037059428758496 76.58673547031496 10.2
      vertex 25.976756390725498 82.52643243228196 7.8
    endloop
  endfacet
  facet normal 0 0 -1
    outer loop
      vertex 21.23914095677563 74.25328309239936 7
      vertex 28.310208768641104 81.32435090426483 7
      vertex 28.31727983645297 81.31727983645297 7
    endloop
  endfacet
  facet normal -0.21550898337614605 0.21550898337614605 -0.9524241471993243
    outer loop
      vertex 21.23914095677563 74.25328309239936 7
      vertex 25.976756390725498 82.52643243228196 7.8
      vertex 28.310208768641104 81.32435090426483 7
    endloop
  endfacet
  facet normal 0 0 -1
    outer loop
      vertex 0.03300859034061432 53.033008590340614 6
      vertex 49.53048327565193 102.53048327565193 6
      vertex 53.98317290994228 97.61769732857405 6
    endloop
  endfacet
  facet normal -0.7071067811865476 0.7071067811865476 0
    outer loop
      vertex 21.246212024587493 74.24621202458749 7
      vertex 28.31727983645297 81.31727983645297 7
      vertex 49.53048327565193 102.53048327565193 6
    endloop
  endfacet
  facet normal 0 0 -1
    outer loop
      vertex 3.9226822331654247 48.85753009907555 6
      vertex 55.997899311081284 95.39478929687604 6
      vertex 59.08651573956013 91.98702620714903 6
    endloop
  endfacet
  facet normal 0.7071067811865475 0.7071067811865475 0
    outer loop
      vertex 28.310208768641104 81.32435090426483 7
      vertex 28.310208768641104 81.32435090426483 11
      vertex 28.31727983645297 81.31727983645297 7
    endloop
  endfacet
  facet normal 0.4579565896743111 0.8889745564266025 0
    outer loop
      vertex 28.310208768641104 81.32435090426483 7
      vertex 25.976756390725498 82.52643243228196 7.8
      vertex 25.976756390725498 82.52643243228196 10.2
    endloop
  endfacet
  facet normal -0.7071067811865476 0.7071067811865476 0
    outer loop
      vertex 25.976756390725498 82.52643243228196 7.8
      vertex 20.037059428758496 76.58673547031496 10.2
      vertex 25.976756390725498 82.52643243228196 10.2
    endloop
  endfacet
  facet normal 0.7071067811865475 0.7071067811865475 0
    outer loop
      vertex 28.31727983645297 81.31727983645297 7
      vertex 28.310208768641104 81.32435090426483 11
      vertex 28.31727983645297 81.31727983645297 11
    endloop
  endfacet
  facet normal 0.457956589674311 0.8889745564266025 0
    outer loop
      vertex 28.310208768641104 81.32435090426483 7
      vertex 25.976756390725498 82.52643243228196 10.2
      vertex 28.310208768641104 81.32435090426483 11
    endloop
  endfacet
  facet normal -0.7071067811865475 0.7071067811865475 0
    outer loop
      vertex 28.31727983645297 81.31727983645297 7
      vertex 28.31727983645297 81.31727983645297 11
      vertex 49.53048327565193 102.53048327565193 6
    endloop
  endfacet
  facet normal 0.48371888710523986 -0.8752234219087537 0
    outer loop
      vertex 13.36733497381438 34.96608140002985 0
      vertex 74.63297450742714 68.82640349739664 0
      vertex 74.63297450742714 68.82640349739664 6
    endloop
  endfacet
  facet normal 0 0 -1
    outer loop
      vertex 13.36733497381438 34.96608140002985 0
      vertex 73.18181784611143 71.4520737631229 0
      vertex 74.63297450742714 68.82640349739664 0
    endloop
  endfacet
  facet normal 0.48371888710534383 -0.8752234219086963 0
    outer loop
      vertex 13.36733497381438 34.96608140002985 0
      vertex 74.63297450742714 68.82640349739664 6
      vertex 74.60411327268966 68.81045245678435 6
    endloop
  endfacet
  facet normal -0.48371888710523986 0.8752234219087537 0
    outer loop
      vertex 11.916178312498673 37.59175166575611 6
      vertex 73.0608565186492 71.38522080051 6
      vertex 73.18181784611143 71.4520737631229 0
    endloop
  endfacet
  facet normal 0.9238795325112873 0.38268343236508856 0
    outer loop
      vertex 80.38850706558895 56.87491699170495 0
      vertex 81.53655736268422 54.103278394171085 6
      vertex 81.53655736268422 54.103278394171085 0
    endloop
  endfacet
  facet normal 0.923879947588434 0.3826824302785776 -2.7226838097194976e-7
    outer loop
      vertex 80.38850706558895 56.87491699170495 0
      vertex 80.96253221220209 55.48909769760833 6
      vertex 80.96253221688346 55.48909768630647 6
    endloop
  endfacet
  facet normal 0.9238795325112866 0.3826834323650902 9.12850046837822e-16
    outer loop
      vertex 80.38850706558895 56.87491699170495 0
      vertex 80.96253221688346 55.48909768630647 6
      vertex 81.53655736268422 54.103278394171085 6
    endloop
  endfacet
  facet normal 0.9238795325112845 0.382683432365095 0
    outer loop
      vertex 80.38850706558895 56.87491699170495 0
      vertex 80.38850706558895 56.87491699170495 6
      vertex 80.96253221220209 55.48909769760833 6
    endloop
  endfacet
  facet normal -0.38268343236501523 0.9238795325113177 0
    outer loop
      vertex 80.38850706558895 56.87491699170495 0
      vertex 80.32042612882717 56.84671694435916 6
      vertex 80.38850706558895 56.87491699170495 6
    endloop
  endfacet
  facet normal 0.8752234219087551 0.48371888710523736 0
    outer loop
      vertex 74.63297450742714 68.82640349739664 0
      vertex 73.18181784611143 71.4520737631229 0
      vertex 74.63297450742714 68.82640349739664 6
    endloop
  endfacet
  facet normal 0.8752234219087551 0.48371888710523736 0
    outer loop
      vertex 73.18181784611143 71.4520737631229 0
      vertex 73.18181784611143 71.4520737631229 6
      vertex 74.63297450742714 68.82640349739664 6
    endloop
  endfacet
  facet normal -0.48371888710523253 0.8752234219087578 0
    outer loop
      vertex 73.18181784611143 71.4520737631229 0
      vertex 73.0608565186492 71.38522080051 6
      vertex 73.18181784611143 71.4520737631229 6
    endloop
  endfacet
  facet normal 0 0 -1
    outer loop
      vertex 13.36733497381438 34.96608140002985 6
      vertex 74.87858332693577 68.35252683609724 6
      vertex 80.32042612882717 56.84671694435916 6
    endloop
  endfacet
  facet normal 0 0 -1
    outer loop
      vertex 13.36733497381438 34.96608140002985 6
      vertex 74.60411327268966 68.81045245678435 6
      vertex 74.87858332693577 68.35252683609724 6
    endloop
  endfacet
  facet normal 0 0 -1
    outer loop
      vertex 9.360220924019814 41.667767480015755 6
      vertex 67.56309378147125 80.55768378823996 6
      vertex 73.0608565186492 71.38522080051 6
    endloop
  endfacet
  facet normal 0 0 -1
    outer loop
      vertex 9.035072116214224 42.17700591004654 6
      vertex 66.03376970591023 82.61973859887763 6
      vertex 67.56309378147125 80.55768378823996 6
    endloop
  endfacet
  facet normal 0 0 1
    outer loop
      vertex 81.46847642680785 54.07507834719204 6
      vertex 81.53655736268422 54.103278394171085 6
      vertex 80.96253221688346 55.48909768630647 6
    endloop
  endfacet
  facet normal 0 0 -1
    outer loop
      vertex 80.96253221482038 55.48909769207239 6
      vertex 80.96253221688346 55.48909768630647 6
      vertex 80.96253221220209 55.48909769760833 6
    endloop
  endfacet
  facet normal 0 0 1
    outer loop
      vertex 80.32042612882717 56.84671694435916 6
      vertex 80.96253221220209 55.48909769760833 6
      vertex 80.38850706558895 56.87491699170495 6
    endloop
  endfacet
  facet normal 0.9039892929716838 0.42755509375115036 -1.74892499959229e-16
    outer loop
      vertex 80.32042612882717 56.84671694435916 6
      vertex 80.96253221436604 55.48909769303306 16.990000000000002
      vertex 80.96253221220209 55.48909769760833 6
    endloop
  endfacet
  facet normal 0.9039899561185506 0.42755369164209206 -8.925188398513642e-16
    outer loop
      vertex 80.96253221482038 55.48909769207239 6
      vertex 80.96253221220209 55.48909769760833 6
      vertex 80.96253221436604 55.48909769303306 16.990000000000002
    endloop
  endfacet
  facet normal 0.9039892929716886 0.42755509375114065 -8.889486049157998e-17
    outer loop
      vertex 80.32042612882717 56.84671694435916 6
      vertex 74.87858332693577 68.35252683609724 6
      vertex 80.95825150712909 55.4981484880419 16.990000000000002
    endloop
  endfacet
  facet normal 0 0 1
    outer loop
      vertex 74.63297450742714 68.82640349739664 6
      vertex 73.18181784611143 71.4520737631229 6
      vertex 74.60411327268966 68.81045245678435 6
    endloop
  endfacet
  facet normal 0 0 1
    outer loop
      vertex 74.60411327268966 68.81045245678435 6
      vertex 73.18181784611143 71.4520737631229 6
      vertex 73.0608565186492 71.38522080051 6
    endloop
  endfacet
  facet normal 0.8155608689592592 0.5786712961798072 0
    outer loop
      vertex 66.12433294336243 82.68399664263295 0
      vertex 64.38831905482301 85.13067924951072 0
      vertex 66.12433294336243 82.68399664263295 6
    endloop
  endfacet
  facet normal 0.8155608689592592 0.5786712961798072 0
    outer loop
      vertex 64.38831905482301 85.13067924951072 0
      vertex 64.38831905482301 85.13067924951072 6
      vertex 66.12433294336243 82.68399664263295 6
    endloop
  endfacet
  facet normal -0.5786712961797809 0.8155608689592778 0
    outer loop
      vertex 64.38831905482301 85.13067924951072 0
      vertex 64.24627625857002 85.0298945108736 6
      vertex 64.38831905482301 85.13067924951072 6
    endloop
  endfacet
  facet normal 0.7456421648831657 0.6663465779520039 0
    outer loop
      vertex 56.11763377498703 95.50179055571581 0
      vertex 54.118594041131004 97.73871705036532 0
      vertex 56.11763377498703 95.50179055571581 6
    endloop
  endfacet
  facet normal -0.6663465779520358 0.7456421648831373 0
    outer loop
      vertex 54.118594041131004 97.73871705036532 0
      vertex 53.98317290994228 97.61769732857405 6
      vertex 54.118594041131004 97.73871705036532 6
    endloop
  endfacet
  facet normal 0.7456421648831657 0.6663465779520039 0
    outer loop
      vertex 54.118594041131004 97.73871705036532 0
      vertex 54.118594041131004 97.73871705036532 6
      vertex 56.11763377498703 95.50179055571581 6
    endloop
  endfacet
  facet normal 0 0 1
    outer loop
      vertex 66.03376970591023 82.61973859887763 6
      vertex 64.38831905482301 85.13067924951072 6
      vertex 64.24627625857002 85.0298945108736 6
    endloop
  endfacet
  facet normal 0 0 1
    outer loop
      vertex 66.03376970591023 82.61973859887763 6
      vertex 66.12433294336243 82.68399664263295 6
      vertex 64.38831905482301 85.13067924951072 6
    endloop
  endfacet
  facet normal 0 0 1
    outer loop
      vertex 55.997899311081284 95.39478929687604 6
      vertex 54.118594041131004 97.73871705036532 6
      vertex 53.98317290994228 97.61769732857405 6
    endloop
  endfacet
  facet normal 0 0 1
    outer loop
      vertex 55.997899311081284 95.39478929687604 6
      vertex 56.11763377498703 95.50179055571581 6
      vertex 54.118594041131004 97.73871705036532 6
    endloop
  endfacet
  facet normal 0.7409511254180539 0.6715589547774039 1.9502227887917454e-16
    outer loop
      vertex 49.53048327565193 102.53048327565193 6
      vertex 57.16711633554965 94.10475710539862 16.990000000000002
      vertex 53.98317290994228 97.61769732857405 6
    endloop
  endfacet
  facet normal 0.7409511245750185 0.6715589557075503 0
    outer loop
      vertex 8.840836271643639 50.75146273523569 12
      vertex 6.3802919536828995 53.46625503152609 12
      vertex 6.3802919536828995 53.46625503152609 18.6
    endloop
  endfacet
  facet normal 0 0 1
    outer loop
      vertex 8.840836271643639 50.75146273523569 12
      vertex 50.915510915219784 93.56594629585743 12
      vertex 6.3802919536828995 53.46625503152609 12
    endloop
  endfacet
  facet normal 0 0 1
    outer loop
      vertex 21.23914095677563 74.25328309239936 11
      vertex 21.246212024587493 74.24621202458749 11
      vertex 28.310208768641104 81.32435090426483 11
    endloop
  endfacet
  facet normal -0.7071067811865476 0.7071067811865476 0
    outer loop
      vertex 0.03300859034061432 53.033008590340614 6
      vertex 49.530483272049395 102.5304832720494 19
      vertex 21.246212024587493 74.24621202458749 11
    endloop
  endfacet
  facet normal -0.7071067811865475 0.7071067811865475 0
    outer loop
      vertex 0.03300859034061432 53.033008590340614 6
      vertex 0.03300859034061432 53.033008590340614 19
      vertex 49.530483272049395 102.5304832720494 19
    endloop
  endfacet
  facet normal 0 0 1
    outer loop
      vertex 8.840836271643639 50.75146273523569 12
      vertex 13.517568983137608 44.44561864435673 12
      vertex 63.40574572235346 77.77983262389898 12
    endloop
  endfacet
  facet normal 0 0 1
    outer loop
      vertex 8.840836271643639 50.75146273523569 12
      vertex 63.40574572235346 77.77983262389898 12
      vertex 55.22146347165108 88.81505978107452 12
    endloop
  endfacet
  facet normal 0.7409511245749116 0.671558955707668 -5.337434213866837e-14
    outer loop
      vertex 8.840836271643639 50.75146273523569 12
      vertex 7.778845545207972 51.923188934928305 16.990000000000002
      vertex 7.7855640485230495 51.91577620884602 16.990000000000002
    endloop
  endfacet
  facet normal 0.7409511245750185 0.6715589557075502 0
    outer loop
      vertex 8.840836271643639 50.75146273523569 12
      vertex 6.3802919536828995 53.46625503152609 18.6
      vertex 7.778845545207972 51.923188934928305 16.990000000000002
    endloop
  endfacet
  facet normal 0.7409511245750204 0.6715589557075481 5.613873762905807e-16
    outer loop
      vertex 8.840836271643639 50.75146273523569 12
      vertex 7.7855640485230495 51.91577620884602 16.990000000000002
      vertex 8.416543484863574 51.21959768428499 18.6
    endloop
  endfacet
  facet normal 0.5609795213772791 -0.6568226292026081 0.5038710255240838
    outer loop
      vertex 7.778845545207972 51.923188934928305 16.990000000000002
      vertex 7.147866108867447 52.619367459489325 18.6
      vertex 2.8040097127100694 49.975679986849144 19.990000000000002
    endloop
  endfacet
  facet normal 0.7409511245750192 0.6715589557075494 1.3273053240242987e-15
    outer loop
      vertex 7.778845545207972 51.923188934928305 16.990000000000002
      vertex 6.3802919536828995 53.46625503152609 18.6
      vertex 7.147866108867447 52.619367459489325 18.6
    endloop
  endfacet
  facet normal -0.5000006240338207 0.4999993759657922 0.7071067811862702
    outer loop
      vertex 0.033008616461749796 53.03300856152038 19.00000003884941
      vertex 0.7401153701776124 52.32590180780452 20
      vertex 0.03300859034061432 53.033008590340614 19
    endloop
  endfacet
  facet normal -0.7409511256161994 -0.6715589545587842 0
    outer loop
      vertex 0.033008616461749796 53.03300856152038 19.00000003884941
      vertex 2.8040097127100694 49.975679986849144 20
      vertex 0.033008616461749796 53.03300856152038 20
    endloop
  endfacet
  facet normal 0.7071067811865475 0.7071067811865475 0
    outer loop
      vertex 0.033008616461749796 53.03300856152038 19.00000003884941
      vertex 0.033008616461749796 53.03300856152038 20
      vertex 0.7401153701776124 52.32590180780452 20
    endloop
  endfacet
  facet normal 0 0 1
    outer loop
      vertex 0.033008616461749796 53.03300856152038 20
      vertex 2.8040097127100694 49.975679986849144 20
      vertex 0.7401153701776124 52.32590180780452 20
    endloop
  endfacet
  facet normal 0.6494480483301834 -0.7604059656000312 0
    outer loop
      vertex 28.77984700406809 72.16114090613966 19.990000000000002
      vertex 2.8040097127100694 49.975679986849144 20
      vertex 2.8040097127100694 49.975679986849144 19.990000000000002
    endloop
  endfacet
  facet normal 0 0 -1
    outer loop
      vertex 8.840836271643639 50.75146273523569 18.6
      vertex 8.416543484863574 51.21959768428499 18.6
      vertex 31.621898698997313 69.69429330217461 18.6
    endloop
  endfacet
  facet normal -0.5609795213772775 0.6568226292026054 0.5038710255240892
    outer loop
      vertex 8.416543484863574 51.21959768428499 18.6
      vertex 4.975784003734589 47.579496309161186 19.51433189355466
      vertex 29.915715216245104 69.5768554468026 18.60621738340342
    endloop
  endfacet
  facet normal -0.5609795213772796 0.6568226292026078 0.5038710255240838
    outer loop
      vertex 30.879731010919087 69.45314840241035 19.84075295646587
      vertex 4.975784003734589 47.579496309161186 19.51433189355466
      vertex 5.141465597190205 47.3561005412899 19.990000000000002
    endloop
  endfacet
  facet normal -0.6494480483301833 0.7604059656000313 0
    outer loop
      vertex 31.04672304661777 69.48128058080455 19.990000000000002
      vertex 5.141465597190205 47.3561005412899 19.990000000000002
      vertex 5.141465597190205 47.3561005412899 20
    endloop
  endfacet
  facet normal 0 0 -1
    outer loop
      vertex 6.3802919536828995 53.46625503152609 18.6
      vertex 28.658519302093552 71.20421052140452 18.6
      vertex 7.147866108867447 52.619367459489325 18.6
    endloop
  endfacet
  facet normal -0.5609795213773522 0.6568226292026929 0.5038710255238921
    outer loop
      vertex 8.416543484863574 51.21959768428499 18.6
      vertex 29.915715216245104 69.5768554468026 18.60621738340342
      vertex 29.91205542966864 69.57849926049224 18.6
    endloop
  endfacet
  facet normal 0 0 -1
    outer loop
      vertex 8.416543484863574 51.21959768428499 18.6
      vertex 29.91205542966864 69.57849926049224 18.6
      vertex 29.915715216245104 69.5768554468026 18.6
    endloop
  endfacet
  facet normal 0 0 -1
    outer loop
      vertex 8.416543484863574 51.21959768428499 18.6
      vertex 29.915715216245104 69.5768554468026 18.6
      vertex 30.101775316273248 69.5143748434129 18.6
    endloop
  endfacet
  facet normal 0 0 -1
    outer loop
      vertex 8.416543484863574 51.21959768428499 18.6
      vertex 30.101775316273248 69.5143748434129 18.6
      vertex 30.29306365613469 69.47043218014042 18.6
    endloop
  endfacet
  facet normal 0 0 -1
    outer loop
      vertex 8.416543484863574 51.21959768428499 18.6
      vertex 30.29306365613469 69.47043218014042 18.6
      vertex 30.487738024547724 69.44545064885395 18.6
    endloop
  endfacet
  facet normal 0 0 -1
    outer loop
      vertex 8.416543484863574 51.21959768428499 18.6
      vertex 30.487738024547724 69.44545064885395 18.6
      vertex 30.683923600924658 69.43967083535608 18.6
    endloop
  endfacet
  facet normal 0 0 -1
    outer loop
      vertex 8.416543484863574 51.21959768428499 18.6
      vertex 30.683923600924658 69.43967083535608 18.6
      vertex 30.879731010919087 69.45314840241035 18.6
    endloop
  endfacet
  facet normal 0 0 -1
    outer loop
      vertex 8.416543484863574 51.21959768428499 18.6
      vertex 30.879731010919087 69.45314840241035 18.6
      vertex 31.073274522133516 69.48575355367846 18.6
    endloop
  endfacet
  facet normal 0 0 -1
    outer loop
      vertex 8.416543484863574 51.21959768428499 18.6
      vertex 31.073274522133516 69.48575355367846 18.6
      vertex 31.262690204753298 69.53717228372989 18.6
    endloop
  endfacet
  facet normal 0 0 -1
    outer loop
      vertex 8.416543484863574 51.21959768428499 18.6
      vertex 31.262690204753298 69.53717228372989 18.6
      vertex 31.446153882209686 69.60690940208593 18.6
    endloop
  endfacet
  facet normal 0.5609795213772791 -0.6568226292026073 0.503871025524085
    outer loop
      vertex 7.147866108867447 52.619367459489325 18.6
      vertex 28.658519302093552 71.20421052140452 18.87766937035292
      vertex 2.8040097127100694 49.975679986849144 19.990000000000002
    endloop
  endfacet
  facet normal -0.5609795213772771 0.6568226292026049 0.5038710255240904
    outer loop
      vertex 29.915715216245104 69.5768554468026 18.60621738340342
      vertex 4.975784003734589 47.579496309161186 19.51433189355466
      vertex 30.101775316273248 69.5143748434129 18.894812227495784
    endloop
  endfacet
  facet normal -0.5609795213772746 0.6568226292026021 0.5038710255240967
    outer loop
      vertex 30.101775316273248 69.5143748434129 18.894812227495784
      vertex 4.975784003734589 47.579496309161186 19.51433189355466
      vertex 30.29306365613469 69.47043218014042 19.165062688561054
    endloop
  endfacet
  facet normal -0.5609795213772834 0.6568226292026119 0.5038710255240744
    outer loop
      vertex 30.29306365613469 69.47043218014042 19.165062688561054
      vertex 4.975784003734589 47.579496309161186 19.51433189355466
      vertex 30.487738024547724 69.44545064885395 19.41436610692531
    endloop
  endfacet
  facet normal -0.5609795213772756 0.656822629202603 0.5038710255240946
    outer loop
      vertex 30.487738024547724 69.44545064885395 19.41436610692531
      vertex 4.975784003734589 47.579496309161186 19.51433189355466
      vertex 30.683923600924658 69.43967083535608 19.640321554386503
    endloop
  endfacet
  facet normal -0.5609795213772776 0.6568226292026055 0.5038710255240891
    outer loop
      vertex 30.683923600924658 69.43967083535608 19.640321554386503
      vertex 4.975784003734589 47.579496309161186 19.51433189355466
      vertex 30.879731010919087 69.45314840241035 19.84075295646587
    endloop
  endfacet
  facet normal -0.5609795213772641 0.6568226292025902 0.503871025524124
    outer loop
      vertex 30.879731010919087 69.45314840241035 19.84075295646587
      vertex 5.141465597190205 47.3561005412899 19.990000000000002
      vertex 31.04672304661777 69.48128058080455 19.990000000000002
    endloop
  endfacet
  facet normal 0 0 1
    outer loop
      vertex 5.141465597190205 47.3561005412899 20
      vertex 31.073274522133516 69.48575355367846 20
      vertex 31.04672304661777 69.48128058080455 20
    endloop
  endfacet
  facet normal -0.6494480483301833 0.7604059656000313 0
    outer loop
      vertex 31.04672304661777 69.48128058080455 19.990000000000002
      vertex 5.141465597190205 47.3561005412899 20
      vertex 31.04672304661777 69.48128058080455 20
    endloop
  endfacet
  facet normal 0 0 1
    outer loop
      vertex 5.141465597190205 47.3561005412899 20
      vertex 31.262690204753298 69.53717228372989 20
      vertex 31.073274522133516 69.48575355367846 20
    endloop
  endfacet
  facet normal 0 0 1
    outer loop
      vertex 5.141465597190205 47.3561005412899 20
      vertex 31.446153882209686 69.60690940208593 20
      vertex 31.262690204753298 69.53717228372989 20
    endloop
  endfacet
  facet normal 0 0 1
    outer loop
      vertex 5.141465597190205 47.3561005412899 20
      vertex 31.621898698997313 69.69429330217461 20
      vertex 31.446153882209686 69.60690940208593 20
    endloop
  endfacet
  facet normal 0 0 1
    outer loop
      vertex 5.141465597190205 47.3561005412899 20
      vertex 31.78823213645863 69.79848242926917 20
      vertex 31.621898698997313 69.69429330217461 20
    endloop
  endfacet
  facet normal 0 0 1
    outer loop
      vertex 5.141465597190205 47.3561005412899 20
      vertex 31.94355231266377 69.91847338512015 20
      vertex 31.78823213645863 69.79848242926917 20
    endloop
  endfacet
  facet normal 0.6691306063374202 -0.7431448254966971 0
    outer loop
      vertex 6.3802919536828995 53.46625503152609 12
      vertex 50.915510915219784 93.56594629585743 18.6
      vertex 6.3802919536828995 53.46625503152609 18.6
    endloop
  endfacet
  facet normal 0 0 -1
    outer loop
      vertex 7.147866108867447 52.619367459489325 18.6
      vertex 28.658519302093552 71.20421052140452 18.6
      vertex 28.689890104476902 71.01799407992989 18.6
    endloop
  endfacet
  facet normal 0.5609795213772801 -0.6568226292026085 0.5038710255240821
    outer loop
      vertex 7.147866108867447 52.619367459489325 18.6
      vertex 28.689890104476902 71.01799407992989 18.6
      vertex 28.658519302093552 71.20421052140452 18.87766937035292
    endloop
  endfacet
  facet normal 0 0 -1
    outer loop
      vertex 6.3802919536828995 53.46625503152609 18.6
      vertex 28.64504173503927 71.40001793139893 18.6
      vertex 28.658519302093552 71.20421052140452 18.6
    endloop
  endfacet
  facet normal 0 0 -1
    outer loop
      vertex 6.3802919536828995 53.46625503152609 18.6
      vertex 28.650821548537152 71.5962035077759 18.6
      vertex 28.64504173503927 71.40001793139893 18.6
    endloop
  endfacet
  facet normal 0 0 -1
    outer loop
      vertex 6.3802919536828995 53.46625503152609 18.6
      vertex 28.675803079823623 71.79087787618892 18.6
      vertex 28.650821548537152 71.5962035077759 18.6
    endloop
  endfacet
  facet normal 0 0 -1
    outer loop
      vertex 6.3802919536828995 53.46625503152609 18.6
      vertex 28.719745743096112 71.98216621605035 18.6
      vertex 28.675803079823623 71.79087787618892 18.6
    endloop
  endfacet
  facet normal 0 0 -1
    outer loop
      vertex 6.3802919536828995 53.46625503152609 18.6
      vertex 28.7822263464858 72.1682263160785 18.6
      vertex 28.719745743096112 71.98216621605035 18.6
    endloop
  endfacet
  facet normal 0 0 -1
    outer loop
      vertex 6.3802919536828995 53.46625503152609 18.6
      vertex 28.862643167626672 72.34726631579929 18.6
      vertex 28.7822263464858 72.1682263160785 18.6
    endloop
  endfacet
  facet normal 0 0 -1
    outer loop
      vertex 6.3802919536828995 53.46625503152609 18.6
      vertex 28.960221748570817 72.5175619621422 18.6
      vertex 28.862643167626672 72.34726631579929 18.6
    endloop
  endfacet
  facet normal 0 0 -1
    outer loop
      vertex 6.3802919536828995 53.46625503152609 18.6
      vertex 29.07402235424192 72.67747321493987 18.6
      vertex 28.960221748570817 72.5175619621422 18.6
    endloop
  endfacet
  facet normal 0 0 -1
    outer loop
      vertex 6.3802919536828995 53.46625503152609 18.6
      vertex 29.202949022597565 72.82546004141147 18.6
      vertex 29.07402235424192 72.67747321493987 18.6
    endloop
  endfacet
  facet normal -0.5000000000000006 0.5000000000000006 0.7071067811865468
    outer loop
      vertex 0.03300859034061432 53.033008590340614 19
      vertex 0.7401153701776124 52.32590180780452 20
      vertex 49.530483272049395 102.5304832720494 19
    endloop
  endfacet
  facet normal 0.5609795213772738 -0.6568226292026 0.5038710255241005
    outer loop
      vertex 28.658519302093552 71.20421052140452 18.87766937035292
      vertex 28.64504173503927 71.40001793139893 19.1479198314182
      vertex 2.8040097127100694 49.975679986849144 19.990000000000002
    endloop
  endfacet
  facet normal 0.5609795213772816 -0.6568226292026103 0.5038710255240784
    outer loop
      vertex 28.64504173503927 71.40001793139893 19.1479198314182
      vertex 28.650821548537152 71.5962035077759 19.397223249782453
      vertex 2.8040097127100694 49.975679986849144 19.990000000000002
    endloop
  endfacet
  facet normal 0.5609795213772741 -0.6568226292026008 0.5038710255240989
    outer loop
      vertex 28.650821548537152 71.5962035077759 19.397223249782453
      vertex 28.675803079823623 71.79087787618892 19.623178697243667
      vertex 2.8040097127100694 49.975679986849144 19.990000000000002
    endloop
  endfacet
  facet normal 0.5609795213772898 -0.6568226292026201 0.5038710255240563
    outer loop
      vertex 28.675803079823623 71.79087787618892 19.623178697243667
      vertex 28.719745743096112 71.98216621605035 19.823610099323012
      vertex 2.8040097127100694 49.975679986849144 19.990000000000002
    endloop
  endfacet
  facet normal 0.5609795213772907 -0.6568226292026211 0.503871025524054
    outer loop
      vertex 28.719745743096112 71.98216621605035 19.823610099323012
      vertex 28.77984700406809 72.16114090613966 19.990000000000002
      vertex 2.8040097127100694 49.975679986849144 19.990000000000002
    endloop
  endfacet
  facet normal 0 0 1
    outer loop
      vertex 2.8040097127100694 49.975679986849144 20
      vertex 28.77984700406809 72.16114090613966 20
      vertex 28.7822263464858 72.1682263160785 20
    endloop
  endfacet
  facet normal 0.6494480483301834 -0.7604059656000312 0
    outer loop
      vertex 28.77984700406809 72.16114090613966 19.990000000000002
      vertex 28.77984700406809 72.16114090613966 20
      vertex 2.8040097127100694 49.975679986849144 20
    endloop
  endfacet
  facet normal 0 0 1
    outer loop
      vertex 2.8040097127100694 49.975679986849144 20
      vertex 28.7822263464858 72.1682263160785 20
      vertex 28.862643167626672 72.34726631579929 20
    endloop
  endfacet
  facet normal 0 0 1
    outer loop
      vertex 2.8040097127100694 49.975679986849144 20
      vertex 28.862643167626672 72.34726631579929 20
      vertex 28.960221748570817 72.5175619621422 20
    endloop
  endfacet
  facet normal 0 0 1
    outer loop
      vertex 2.8040097127100694 49.975679986849144 20
      vertex 28.960221748570817 72.5175619621422 20
      vertex 29.07402235424192 72.67747321493987 20
    endloop
  endfacet
  facet normal 0 0 1
    outer loop
      vertex 2.8040097127100694 49.975679986849144 20
      vertex 29.07402235424192 72.67747321493987 20
      vertex 29.202949022597565 72.82546004141147 20
    endloop
  endfacet
  facet normal 0 0 1
    outer loop
      vertex 2.8040097127100694 49.975679986849144 20
      vertex 50.20285212816157 101.78863856578847 20
      vertex 0.7401153701776124 52.32590180780452 20
    endloop
  endfacet
  facet normal 0 0 -1
    outer loop
      vertex 8.840836271643639 50.75146273523569 18.6
      vertex 63.40574572235346 77.77983262389898 18.6
      vertex 13.517568983137608 44.44561864435673 18.6
    endloop
  endfacet
  facet normal 0 0 -1
    outer loop
      vertex 14.64434041790527 42.56571407666766 18.6
      vertex 38.7919600064687 57.5533617502725 18.6
      vertex 38.79381391281409 57.36453046751217 18.6
    endloop
  endfacet
  facet normal 0 0 -1
    outer loop
      vertex 14.64434041790527 42.56571407666766 18.6
      vertex 38.80927939806298 57.74886680211831 18.6
      vertex 38.7919600064687 57.5533617502725 18.6
    endloop
  endfacet
  facet normal 0 0 -1
    outer loop
      vertex 14.64434041790527 42.56571407666766 18.6
      vertex 38.845678238154804 57.94173284646618 18.6
      vertex 38.80927939806298 57.74886680211831 18.6
    endloop
  endfacet
  facet normal 0.4513232359513452 -0.7364925840276282 0.5038710255241053
    outer loop
      vertex 14.64434041790527 42.56571407666766 18.6
      vertex 38.79381391281409 57.36453046751217 18.6
      vertex 38.7919600064687 57.5533617502725 18.877669370352926
    endloop
  endfacet
  facet normal 0 0 -1
    outer loop
      vertex 14.64434041790527 42.56571407666766 18.6
      vertex 38.900805986016394 58.130102477877756 18.6
      vertex 38.845678238154804 57.94173284646618 18.6
    endloop
  endfacet
  facet normal 0 0 -1
    outer loop
      vertex 14.64434041790527 42.56571407666766 18.6
      vertex 38.97413173129999 58.312161593829224 18.6
      vertex 38.900805986016394 58.130102477877756 18.6
    endloop
  endfacet
  facet normal 0 0 -1
    outer loop
      vertex 14.64434041790527 42.56571407666766 18.6
      vertex 39.06494930699458 58.486156865510345 18.6
      vertex 38.97413173129999 58.312161593829224 18.6
    endloop
  endfacet
  facet normal 0 0 -1
    outer loop
      vertex 14.64434041790527 42.56571407666766 18.6
      vertex 39.172384090200254 58.650412623339314 18.6
      vertex 39.06494930699458 58.486156865510345 18.6
    endloop
  endfacet
  facet normal 0 0 -1
    outer loop
      vertex 14.64434041790527 42.56571407666766 18.6
      vertex 39.295401425224966 58.80334699457693 18.6
      vertex 39.172384090200254 58.650412623339314 18.6
    endloop
  endfacet
  facet normal 0 0 -1
    outer loop
      vertex 13.517568983137608 44.44561864435673 18.6
      vertex 39.432816587884275 58.94348713762574 18.6
      vertex 39.295401425224966 58.80334699457693 18.6
    endloop
  endfacet
  facet normal 0 0 -1
    outer loop
      vertex 13.517568983137608 44.44561864435673 18.6
      vertex 39.58330619504301 59.06948342629978 18.6
      vertex 39.432816587884275 58.94348713762574 18.6
    endloop
  endfacet
  facet normal 0.45132323595134904 -0.736492584027633 0.5038710255240948
    outer loop
      vertex 38.7919600064687 57.5533617502725 18.877669370352926
      vertex 38.80927939806298 57.74886680211831 19.14791983141823
      vertex 9.969197868341205 40.651750828299456 19.990000000000002
    endloop
  endfacet
  facet normal 0.4513232359513517 -0.736492584027638 0.5038710255240849
    outer loop
      vertex 38.80927939806298 57.74886680211831 19.14791983141823
      vertex 38.845678238154804 57.94173284646618 19.397223249782446
      vertex 9.969197868341205 40.651750828299456 19.990000000000002
    endloop
  endfacet
  facet normal 0.45132323595135243 -0.7364925840276392 0.5038710255240826
    outer loop
      vertex 38.845678238154804 57.94173284646618 19.397223249782446
      vertex 38.900805986016394 58.130102477877756 19.623178697243674
      vertex 9.969197868341205 40.651750828299456 19.990000000000002
    endloop
  endfacet
  facet normal 0.4513232359513503 -0.7364925840276354 0.50387102552409
    outer loop
      vertex 38.900805986016394 58.130102477877756 19.623178697243674
      vertex 38.97413173129999 58.312161593829224 19.82361009932301
      vertex 9.969197868341205 40.651750828299456 19.990000000000002
    endloop
  endfacet
  facet normal 0.45132323595135865 -0.7364925840276495 0.5038710255240619
    outer loop
      vertex 38.97413173129999 58.312161593829224 19.82361009932301
      vertex 39.061490855916944 58.479530899883684 19.990000000000002
      vertex 9.969197868341205 40.651750828299456 19.990000000000002
    endloop
  endfacet
  facet normal 0 0 1
    outer loop
      vertex 9.969197868341205 40.651750828299456 20
      vertex 39.061490855916944 58.479530899883684 20
      vertex 39.06494930699458 58.486156865510345 20
    endloop
  endfacet
  facet normal 0.5224985647159489 -0.8526401643540923 0
    outer loop
      vertex 39.061490855916944 58.479530899883684 19.990000000000002
      vertex 39.061490855916944 58.479530899883684 20
      vertex 9.969197868341205 40.651750828299456 20
    endloop
  endfacet
  facet normal 0 0 1
    outer loop
      vertex 9.969197868341205 40.651750828299456 20
      vertex 39.06494930699458 58.486156865510345 20
      vertex 39.172384090200254 58.650412623339314 20
    endloop
  endfacet
  facet normal 0 0 1
    outer loop
      vertex 9.969197868341205 40.651750828299456 20
      vertex 39.172384090200254 58.650412623339314 20
      vertex 39.295401425224966 58.80334699457693 20
    endloop
  endfacet
  facet normal 0 0 1
    outer loop
      vertex 9.969197868341205 40.651750828299456 20
      vertex 39.295401425224966 58.80334699457693 20
      vertex 39.432816587884275 58.94348713762574 20
    endloop
  endfacet
  facet normal 0 0 1
    outer loop
      vertex 9.360220924019814 41.667767480015755 20
      vertex 39.432816587884275 58.94348713762574 20
      vertex 39.58330619504301 59.06948342629978 20
    endloop
  endfacet
  facet normal 0 0 1
    outer loop
      vertex 9.360220924019814 41.667767480015755 20
      vertex 67.56309378147125 80.55768378823996 20
      vertex 5.141465597190205 47.3561005412899 20
    endloop
  endfacet
  facet normal 0 0 -1
    outer loop
      vertex 8.840836271643639 50.75146273523569 18.6
      vertex 31.621898698997313 69.69429330217461 18.6
      vertex 31.78823213645863 69.79848242926917 18.6
    endloop
  endfacet
  facet normal 0 0 -1
    outer loop
      vertex 8.416543484863574 51.21959768428499 18.6
      vertex 31.446153882209686 69.60690940208593 18.6
      vertex 31.621898698997313 69.69429330217461 18.6
    endloop
  endfacet
  facet normal 0 0 -1
    outer loop
      vertex 8.840836271643639 50.75146273523569 18.6
      vertex 31.78823213645863 69.79848242926917 18.6
      vertex 31.94355231266377 69.91847338512015 18.6
    endloop
  endfacet
  facet normal 0.37359497005249137 0.9275919352557341 0
    outer loop
      vertex 40.135157719826765 55.585230025820614 18.6
      vertex 39.95309860387529 55.658555771104204 18.6
      vertex 39.95309860387529 55.658555771104204 18.894812227495766
    endloop
  endfacet
  facet normal 0.5473806568075843 0.8368837533092023 0
    outer loop
      vertex 39.77574575277869 55.751569439169394 18.6
      vertex 39.77910333219418 55.74937334679878 18.606217383403433
      vertex 39.77910333219418 55.74937334679878 18.6
    endloop
  endfacet
  facet normal 0.46271591704433535 0.8865066159447542 0
    outer loop
      vertex 39.77910333219418 55.74937334679878 18.6
      vertex 39.77910333219418 55.74937334679878 18.606217383403433
      vertex 39.95309860387529 55.658555771104204 18.6
    endloop
  endfacet
  facet normal 0.4627159170443353 0.8865066159447542 0
    outer loop
      vertex 39.77910333219418 55.74937334679878 18.606217383403433
      vertex 39.95309860387529 55.658555771104204 18.894812227495766
      vertex 39.95309860387529 55.658555771104204 18.6
    endloop
  endfacet
  facet normal 0.9999518089593274 0.009817319337206525 0
    outer loop
      vertex 38.79381391281409 57.36453046751217 18.6
      vertex 38.7919600064687 57.5533617502725 18.6
      vertex 38.7919600064687 57.5533617502725 18.877669370352926
    endloop
  endfacet
  facet normal 0 0 -1
    outer loop
      vertex 15.61518455211663 40.94595849350062 18.6
      vertex 41.48265219310514 55.5984594469094 18.6
      vertex 70.46897701174021 65.99554315209389 18.6
    endloop
  endfacet
  facet normal -0.9941745021175671 -0.10778246304147858 0
    outer loop
      vertex 42.7865168758464 57.59657235629423 18.6
      vertex 42.78694929931959 57.592583726056745 18.6
      vertex 42.78694929931959 57.592583726056745 18.60621738340342
    endloop
  endfacet
  facet normal -0.9999518089593276 -0.009817319337185234 0
    outer loop
      vertex 42.78887615143161 57.39632248723623 18.6
      vertex 42.78887615143161 57.39632248723623 18.894812227495784
      vertex 42.78694929931959 57.592583726056745 18.6
    endloop
  endfacet
  facet normal -0.9999518089593278 -0.009817319337185234 0
    outer loop
      vertex 42.78694929931959 57.592583726056745 18.6
      vertex 42.78887615143161 57.39632248723623 18.894812227495784
      vertex 42.78694929931959 57.592583726056745 18.60621738340342
    endloop
  endfacet
  facet normal 0.37359497005249137 0.9275919352557341 0
    outer loop
      vertex 40.135157719826765 55.585230025820614 18.6
      vertex 39.95309860387529 55.658555771104204 18.894812227495766
      vertex 40.135157719826765 55.585230025820614 19.165062688561065
    endloop
  endfacet
  facet normal 0.2808760992712742 0.9597440371568626 0
    outer loop
      vertex 40.135157719826765 55.585230025820614 18.6
      vertex 40.135157719826765 55.585230025820614 19.165062688561065
      vertex 40.323527351238354 55.53010227795902 18.6
    endloop
  endfacet
  facet normal 0.18545223811162223 0.9826532793307058 0
    outer loop
      vertex 40.323527351238354 55.53010227795902 18.6
      vertex 40.323527351238354 55.53010227795902 19.414366106925314
      vertex 40.51639339558622 55.49370343786721 18.6
    endloop
  endfacet
  facet normal 0.08824237052037111 0.996099033251687 0
    outer loop
      vertex 40.51639339558622 55.49370343786721 18.6
      vertex 40.51639339558622 55.49370343786721 19.64032155438654
      vertex 40.71189844743202 55.47638404627292 18.6
    endloop
  endfacet
  facet normal 0.2808760992712742 0.9597440371568625 0
    outer loop
      vertex 40.135157719826765 55.585230025820614 19.165062688561065
      vertex 40.323527351238354 55.53010227795902 19.414366106925314
      vertex 40.323527351238354 55.53010227795902 18.6
    endloop
  endfacet
  facet normal -0.009817319337185234 0.9999518089593277 0
    outer loop
      vertex 40.71189844743202 55.47638404627292 18.6
      vertex 40.71189844743202 55.47638404627292 19.840752956465874
      vertex 40.90815968625253 55.47831089838494 18.6
    endloop
  endfacet
  facet normal 0.18545223811162226 0.9826532793307058 0
    outer loop
      vertex 40.51639339558622 55.49370343786721 18.6
      vertex 40.323527351238354 55.53010227795902 19.414366106925314
      vertex 40.51639339558622 55.49370343786721 19.64032155438654
    endloop
  endfacet
  facet normal -0.10778246304273255 0.9941745021174312 0
    outer loop
      vertex 40.90815968625253 55.47831089838494 18.6
      vertex 40.90815968625253 55.47831089838494 20
      vertex 41.10328700903061 55.49946543756409 18.6
    endloop
  endfacet
  facet normal -0.2047096027093809 0.978822751349072 0
    outer loop
      vertex 41.10328700903061 55.49946543756409 18.6
      vertex 41.10328700903061 55.49946543756409 20
      vertex 41.29540123298047 55.53964393403385 18.6
    endloop
  endfacet
  facet normal -0.2996652769962689 0.9540444024062767 0
    outer loop
      vertex 41.29540123298047 55.53964393403385 18.6
      vertex 41.29540123298047 55.53964393403385 20
      vertex 41.48265219310514 55.5984594469094 18.6
    endloop
  endfacet
  facet normal -0.3917350108519324 0.9200780843346049 0
    outer loop
      vertex 41.48265219310514 55.5984594469094 18.6
      vertex 41.48265219310514 55.5984594469094 20
      vertex 41.66323656029684 55.67534555064992 18.6
    endloop
  endfacet
  facet normal 0.08824237052037111 0.996099033251687 0
    outer loop
      vertex 40.71189844743202 55.47638404627292 18.6
      vertex 40.51639339558622 55.49370343786721 19.64032155438654
      vertex 40.71189844743202 55.47638404627292 19.840752956465874
    endloop
  endfacet
  facet normal 0.9960990332516905 -0.08824237052033201 0
    outer loop
      vertex 38.7919600064687 57.5533617502725 18.6
      vertex 38.80927939806298 57.74886680211831 19.14791983141823
      vertex 38.7919600064687 57.5533617502725 18.877669370352926
    endloop
  endfacet
  facet normal -0.009817319337181753 0.9999518089593277 5.505453849951166e-16
    outer loop
      vertex 40.90815968625253 55.47831089838494 18.6
      vertex 40.71189844743202 55.47638404627292 19.840752956465874
      vertex 40.88123537634135 55.47804656109792 19.990000000000002
    endloop
  endfacet
  facet normal -0.009817319337210176 0.9999518089593274 0
    outer loop
      vertex 40.90815968625253 55.47831089838494 18.6
      vertex 40.88123537634135 55.47804656109792 19.990000000000002
      vertex 40.90815968625253 55.47831089838494 20
    endloop
  endfacet
  facet normal -0.10778246304273255 0.9941745021174312 0
    outer loop
      vertex 41.10328700903061 55.49946543756409 18.6
      vertex 40.90815968625253 55.47831089838494 20
      vertex 41.10328700903061 55.49946543756409 20
    endloop
  endfacet
  facet normal -0.2047096027093809 0.978822751349072 0
    outer loop
      vertex 41.29540123298047 55.53964393403385 18.6
      vertex 41.10328700903061 55.49946543756409 20
      vertex 41.29540123298047 55.53964393403385 20
    endloop
  endfacet
  facet normal -0.2996652769962689 0.9540444024062767 0
    outer loop
      vertex 41.48265219310514 55.5984594469094 18.6
      vertex 41.29540123298047 55.53964393403385 20
      vertex 41.48265219310514 55.5984594469094 20
    endloop
  endfacet
  facet normal -0.009817319337210173 0.9999518089593273 0
    outer loop
      vertex 40.88123537634135 55.47804656109792 19.990000000000002
      vertex 40.88123537634135 55.47804656109792 20
      vertex 40.90815968625253 55.47831089838494 20
    endloop
  endfacet
  facet normal 0 0 1
    outer loop
      vertex 74.87858332693577 68.35252683609724 20
      vertex 41.835415208382045 55.76956179004618 20
      vertex 11.773785463345916 37.640978313670715 20
    endloop
  endfacet
  facet normal -0.48003212240903215 0.8772509113449128 0
    outer loop
      vertex 41.66323656029684 55.67534555064992 18.6
      vertex 41.66323656029684 55.67534555064992 20
      vertex 41.835415208382045 55.76956179004618 18.6
    endloop
  endfacet
  facet normal -0.5637062622149879 0.8259753325248929 0
    outer loop
      vertex 41.835415208382045 55.76956179004618 18.6
      vertex 41.835415208382045 55.76956179004618 20
      vertex 41.9975299628573 55.88020081120895 18.6
    endloop
  endfacet
  facet normal -0.64195160256273 0.7667451597285391 0
    outer loop
      vertex 41.9975299628573 55.88020081120895 18.6
      vertex 41.9975299628573 55.88020081120895 20
      vertex 42.14801957001603 56.006197099882996 18.6
    endloop
  endfacet
  facet normal -0.7140145980512788 0.7001308118985129 0
    outer loop
      vertex 42.14801957001603 56.006197099882996 18.6
      vertex 42.14801957001603 56.006197099882996 20
      vertex 42.28543473267534 56.14633724293181 18.6
    endloop
  endfacet
  facet normal -0.9275919352557166 0.3735949700525351 0
    outer loop
      vertex 42.60670442660032 56.63752264367951 18.6
      vertex 42.60670442660032 56.63752264367951 19.840752956465874
      vertex 42.680030171883914 56.81958175963098 18.6
    endloop
  endfacet
  facet normal -0.9960990332516839 0.08824237052040704 0
    outer loop
      vertex 42.77155675983731 57.200817435390434 18.6
      vertex 42.77155675983731 57.200817435390434 19.165062688561072
      vertex 42.78887615143161 57.39632248723623 18.6
    endloop
  endfacet
  facet normal -0.9826532793307082 0.18545223811160902 0
    outer loop
      vertex 42.735157919745504 57.00795139104255 18.6
      vertex 42.735157919745504 57.00795139104255 19.414366106925314
      vertex 42.77155675983731 57.200817435390434 18.6
    endloop
  endfacet
  facet normal -0.9960990332516839 0.08824237052040702 0
    outer loop
      vertex 42.78887615143161 57.39632248723623 18.6
      vertex 42.77155675983731 57.200817435390434 19.165062688561072
      vertex 42.78887615143161 57.39632248723623 18.894812227495784
    endloop
  endfacet
  facet normal -0.9597440371568667 0.2808760992712604 0
    outer loop
      vertex 42.680030171883914 56.81958175963098 18.6
      vertex 42.680030171883914 56.81958175963098 19.64032155438654
      vertex 42.735157919745504 57.00795139104255 18.6
    endloop
  endfacet
  facet normal -0.9826532793307083 0.18545223811160905 0
    outer loop
      vertex 42.77155675983731 57.200817435390434 18.6
      vertex 42.735157919745504 57.00795139104255 19.414366106925314
      vertex 42.77155675983731 57.200817435390434 19.165062688561072
    endloop
  endfacet
  facet normal -0.7792012426404802 0.626773821619515 0
    outer loop
      vertex 42.28543473267534 56.14633724293181 18.6
      vertex 42.28543473267534 56.14633724293181 20
      vertex 42.408452067700054 56.29927161416942 18.6
    endloop
  endfacet
  facet normal -0.8368837533084369 0.5473806568087545 0
    outer loop
      vertex 42.408452067700054 56.29927161416942 18.6
      vertex 42.408452067700054 56.29927161416942 20
      vertex 42.51588685090573 56.463527371998396 18.6
    endloop
  endfacet
  facet normal -0.8865066159447322 0.46271591704437737 0
    outer loop
      vertex 42.51588685090573 56.463527371998396 18.6
      vertex 42.51588685090573 56.463527371998396 20
      vertex 42.60670442660032 56.63752264367951 18.6
    endloop
  endfacet
  facet normal -0.9275919352557166 0.37359497005253517 0
    outer loop
      vertex 42.680030171883914 56.81958175963098 18.6
      vertex 42.60670442660032 56.63752264367951 19.840752956465874
      vertex 42.680030171883914 56.81958175963098 19.64032155438654
    endloop
  endfacet
  facet normal -0.9597440371568666 0.2808760992712604 0
    outer loop
      vertex 42.735157919745504 57.00795139104255 18.6
      vertex 42.680030171883914 56.81958175963098 19.64032155438654
      vertex 42.735157919745504 57.00795139104255 19.414366106925314
    endloop
  endfacet
  facet normal -0.3917350108519324 0.9200780843346049 0
    outer loop
      vertex 41.66323656029684 55.67534555064992 18.6
      vertex 41.48265219310514 55.5984594469094 20
      vertex 41.66323656029684 55.67534555064992 20
    endloop
  endfacet
  facet normal -0.48003212240903215 0.8772509113449128 0
    outer loop
      vertex 41.835415208382045 55.76956179004618 18.6
      vertex 41.66323656029684 55.67534555064992 20
      vertex 41.835415208382045 55.76956179004618 20
    endloop
  endfacet
  facet normal -0.5637062622149879 0.8259753325248929 0
    outer loop
      vertex 41.9975299628573 55.88020081120895 18.6
      vertex 41.835415208382045 55.76956179004618 20
      vertex 41.9975299628573 55.88020081120895 20
    endloop
  endfacet
  facet normal -0.64195160256273 0.7667451597285391 0
    outer loop
      vertex 42.14801957001603 56.006197099882996 18.6
      vertex 41.9975299628573 55.88020081120895 20
      vertex 42.14801957001603 56.006197099882996 20
    endloop
  endfacet
  facet normal -0.8865066159447449 0.462715917044353 0
    outer loop
      vertex 42.60670442660032 56.63752264367951 18.6
      vertex 42.52834575806477 56.48739710117149 19.990000000000002
      vertex 42.60670442660032 56.63752264367951 19.840752956465874
    endloop
  endfacet
  facet normal -0.886506615944648 0.46271591704453874 2.5535524134360325e-14
    outer loop
      vertex 42.60670442660032 56.63752264367951 18.6
      vertex 42.51588685090573 56.463527371998396 20
      vertex 42.52834575806477 56.48739710117149 19.990000000000002
    endloop
  endfacet
  facet normal -0.7140145980512788 0.7001308118985129 0
    outer loop
      vertex 42.28543473267534 56.14633724293181 18.6
      vertex 42.14801957001603 56.006197099882996 20
      vertex 42.28543473267534 56.14633724293181 20
    endloop
  endfacet
  facet normal -0.7792012426404802 0.626773821619515 0
    outer loop
      vertex 42.408452067700054 56.29927161416942 18.6
      vertex 42.28543473267534 56.14633724293181 20
      vertex 42.408452067700054 56.29927161416942 20
    endloop
  endfacet
  facet normal -0.8368837533084369 0.5473806568087545 0
    outer loop
      vertex 42.51588685090573 56.463527371998396 18.6
      vertex 42.408452067700054 56.29927161416942 20
      vertex 42.51588685090573 56.463527371998396 20
    endloop
  endfacet
  facet normal -0.8865066159446523 0.4627159170445302 0
    outer loop
      vertex 42.52834575806477 56.48739710117149 19.990000000000002
      vertex 42.51588685090573 56.463527371998396 20
      vertex 42.52834575806477 56.48739710117149 20
    endloop
  endfacet
  facet normal 0 0 -1
    outer loop
      vertex 13.517568983137608 44.44561864435673 18.6
      vertex 63.40574572235346 77.77983262389898 18.6
      vertex 39.58330619504301 59.06948342629978 18.6
    endloop
  endfacet
  facet normal -0.3735949700524975 -0.9275919352557317 0
    outer loop
      vertex 41.44567843807353 59.36445421168813 18.6
      vertex 41.62773755402502 59.29112846640453 18.6
      vertex 41.62773755402502 59.29112846640453 18.87766937035292
    endloop
  endfacet
  facet normal -0.4627159170443465 -0.8865066159447483 0
    outer loop
      vertex 41.795145803067115 59.20374901532875 18.6
      vertex 41.62773755402502 59.29112846640453 18.87766937035292
      vertex 41.62773755402502 59.29112846640453 18.6
    endloop
  endfacet
  facet normal 0.9960990332516906 -0.08824237052033201 0
    outer loop
      vertex 38.7919600064687 57.5533617502725 18.6
      vertex 38.80927939806298 57.74886680211831 18.6
      vertex 38.80927939806298 57.74886680211831 19.14791983141823
    endloop
  endfacet
  facet normal 0.9826532793306939 -0.18545223811168557 0
    outer loop
      vertex 38.80927939806298 57.74886680211831 18.6
      vertex 38.845678238154804 57.94173284646618 18.6
      vertex 38.845678238154804 57.94173284646618 19.397223249782446
    endloop
  endfacet
  facet normal 0.9597440371568666 -0.2808760992712604 0
    outer loop
      vertex 38.845678238154804 57.94173284646618 18.6
      vertex 38.900805986016394 58.130102477877756 18.6
      vertex 38.900805986016394 58.130102477877756 19.623178697243674
    endloop
  endfacet
  facet normal 0.9826532793306939 -0.18545223811168557 0
    outer loop
      vertex 38.80927939806298 57.74886680211831 18.6
      vertex 38.845678238154804 57.94173284646618 19.397223249782446
      vertex 38.80927939806298 57.74886680211831 19.14791983141823
    endloop
  endfacet
  facet normal 0.9275919352557165 -0.37359497005253506 0
    outer loop
      vertex 38.900805986016394 58.130102477877756 18.6
      vertex 38.97413173129999 58.312161593829224 18.6
      vertex 38.97413173129999 58.312161593829224 19.82361009932301
    endloop
  endfacet
  facet normal 0.9597440371568666 -0.2808760992712604 0
    outer loop
      vertex 38.845678238154804 57.94173284646618 18.6
      vertex 38.900805986016394 58.130102477877756 19.623178697243674
      vertex 38.845678238154804 57.94173284646618 19.397223249782446
    endloop
  endfacet
  facet normal 0.8865066159447399 -0.46271591704436243 -7.248778703610024e-16
    outer loop
      vertex 38.97413173129999 58.312161593829224 18.6
      vertex 39.06494930699458 58.486156865510345 18.6
      vertex 39.061490855916944 58.479530899883684 19.990000000000002
    endloop
  endfacet
  facet normal 0.9275919352557166 -0.3735949700525351 0
    outer loop
      vertex 38.900805986016394 58.130102477877756 18.6
      vertex 38.97413173129999 58.312161593829224 19.82361009932301
      vertex 38.900805986016394 58.130102477877756 19.623178697243674
    endloop
  endfacet
  facet normal 0.836883753308426 -0.547380656808771 0
    outer loop
      vertex 39.06494930699458 58.486156865510345 18.6
      vertex 39.172384090200254 58.650412623339314 18.6
      vertex 39.172384090200254 58.650412623339314 20
    endloop
  endfacet
  facet normal 0.7792012426404802 -0.626773821619515 0
    outer loop
      vertex 39.172384090200254 58.650412623339314 18.6
      vertex 39.295401425224966 58.80334699457693 18.6
      vertex 39.295401425224966 58.80334699457693 20
    endloop
  endfacet
  facet normal 0.7140145980512788 -0.7001308118985129 0
    outer loop
      vertex 39.295401425224966 58.80334699457693 18.6
      vertex 39.432816587884275 58.94348713762574 18.6
      vertex 39.432816587884275 58.94348713762574 20
    endloop
  endfacet
  facet normal 0.64195160256273 -0.7667451597285391 0
    outer loop
      vertex 39.432816587884275 58.94348713762574 18.6
      vertex 39.58330619504301 59.06948342629978 18.6
      vertex 39.58330619504301 59.06948342629978 20
    endloop
  endfacet
  facet normal 0.5637062622149879 -0.8259753325248929 0
    outer loop
      vertex 39.58330619504301 59.06948342629978 18.6
      vertex 39.74542094951826 59.18012244746255 18.6
      vertex 39.74542094951826 59.18012244746255 20
    endloop
  endfacet
  facet normal 0.48003212240903215 -0.8772509113449128 0
    outer loop
      vertex 39.74542094951826 59.18012244746255 18.6
      vertex 39.91759959760347 59.27433868685881 18.6
      vertex 39.91759959760347 59.27433868685881 20
    endloop
  endfacet
  facet normal -0.2808760992712604 -0.9597440371568667 0
    outer loop
      vertex 41.25730880666195 59.41958195954972 18.6
      vertex 41.44567843807353 59.36445421168813 18.6
      vertex 41.44567843807353 59.36445421168813 19.14791983141823
    endloop
  endfacet
  facet normal -0.18545223811162226 -0.9826532793307059 0
    outer loop
      vertex 41.06444276231409 59.45598079964152 18.6
      vertex 41.25730880666195 59.41958195954972 18.6
      vertex 41.25730880666195 59.41958195954972 19.39722324978245
    endloop
  endfacet
  facet normal -0.3735949700524974 -0.9275919352557316 0
    outer loop
      vertex 41.44567843807353 59.36445421168813 18.6
      vertex 41.62773755402502 59.29112846640453 18.87766937035292
      vertex 41.44567843807353 59.36445421168813 19.14791983141823
    endloop
  endfacet
  facet normal 0.009817319337149034 -0.9999518089593279 0
    outer loop
      vertex 40.672676471647776 59.4713733391238 18.6
      vertex 40.86893771046829 59.473300191235815 18.6
      vertex 40.86893771046829 59.473300191235815 19.82361009932302
    endloop
  endfacet
  facet normal -0.08824237052037112 -0.9960990332516869 0
    outer loop
      vertex 40.86893771046829 59.473300191235815 18.6
      vertex 41.06444276231409 59.45598079964152 18.6
      vertex 41.06444276231409 59.45598079964152 19.623178697243674
    endloop
  endfacet
  facet normal -0.2808760992712604 -0.9597440371568666 0
    outer loop
      vertex 41.25730880666195 59.41958195954972 18.6
      vertex 41.44567843807353 59.36445421168813 19.14791983141823
      vertex 41.25730880666195 59.41958195954972 19.39722324978245
    endloop
  endfacet
  facet normal 0.3917350108519324 -0.9200780843346049 0
    outer loop
      vertex 39.91759959760347 59.27433868685881 18.6
      vertex 40.09818396479517 59.35122479059933 18.6
      vertex 40.09818396479517 59.35122479059933 20
    endloop
  endfacet
  facet normal 0.2996652769962689 -0.9540444024062767 0
    outer loop
      vertex 40.09818396479517 59.35122479059933 18.6
      vertex 40.28543492491984 59.41004030347489 18.6
      vertex 40.28543492491984 59.41004030347489 20
    endloop
  endfacet
  facet normal 0.2047096027093809 -0.978822751349072 0
    outer loop
      vertex 40.28543492491984 59.41004030347489 18.6
      vertex 40.4775491488697 59.45021879994464 18.6
      vertex 40.4775491488697 59.45021879994464 20
    endloop
  endfacet
  facet normal 0.10778246304276833 -0.9941745021174273 0
    outer loop
      vertex 40.4775491488697 59.45021879994464 18.6
      vertex 40.672676471647776 59.4713733391238 18.6
      vertex 40.672676471647776 59.4713733391238 20
    endloop
  endfacet
  facet normal -0.18545223811162226 -0.9826532793307059 0
    outer loop
      vertex 41.06444276231409 59.45598079964152 18.6
      vertex 41.25730880666195 59.41958195954972 19.39722324978245
      vertex 41.06444276231409 59.45598079964152 19.623178697243674
    endloop
  endfacet
  facet normal -0.08824237052037112 -0.996099033251687 0
    outer loop
      vertex 40.86893771046829 59.473300191235815 18.6
      vertex 41.06444276231409 59.45598079964152 19.623178697243674
      vertex 40.86893771046829 59.473300191235815 19.82361009932302
    endloop
  endfacet
  facet normal 0.8865066159447375 -0.4627159170443672 0
    outer loop
      vertex 38.97413173129999 58.312161593829224 18.6
      vertex 39.061490855916944 58.479530899883684 19.990000000000002
      vertex 38.97413173129999 58.312161593829224 19.82361009932301
    endloop
  endfacet
  facet normal 0.8865066159448043 -0.46271591704423914 0
    outer loop
      vertex 39.06494930699458 58.486156865510345 18.6
      vertex 39.061490855916944 58.479530899883684 20
      vertex 39.061490855916944 58.479530899883684 19.990000000000002
    endloop
  endfacet
  facet normal 0.8865066159448024 -0.46271591704424286 0
    outer loop
      vertex 39.06494930699458 58.486156865510345 18.6
      vertex 39.06494930699458 58.486156865510345 20
      vertex 39.061490855916944 58.479530899883684 20
    endloop
  endfacet
  facet normal 0.836883753308426 -0.547380656808771 0
    outer loop
      vertex 39.06494930699458 58.486156865510345 18.6
      vertex 39.172384090200254 58.650412623339314 20
      vertex 39.06494930699458 58.486156865510345 20
    endloop
  endfacet
  facet normal 0.7792012426404802 -0.626773821619515 0
    outer loop
      vertex 39.172384090200254 58.650412623339314 18.6
      vertex 39.295401425224966 58.80334699457693 20
      vertex 39.172384090200254 58.650412623339314 20
    endloop
  endfacet
  facet normal 0.7140145980512788 -0.7001308118985129 0
    outer loop
      vertex 39.295401425224966 58.80334699457693 18.6
      vertex 39.432816587884275 58.94348713762574 20
      vertex 39.295401425224966 58.80334699457693 20
    endloop
  endfacet
  facet normal 0.64195160256273 -0.7667451597285391 0
    outer loop
      vertex 39.432816587884275 58.94348713762574 18.6
      vertex 39.58330619504301 59.06948342629978 20
      vertex 39.432816587884275 58.94348713762574 20
    endloop
  endfacet
  facet normal 0.5637062622149879 -0.8259753325248929 0
    outer loop
      vertex 39.58330619504301 59.06948342629978 18.6
      vertex 39.74542094951826 59.18012244746255 20
      vertex 39.58330619504301 59.06948342629978 20
    endloop
  endfacet
  facet normal 0.48003212240903215 -0.8772509113449128 0
    outer loop
      vertex 39.74542094951826 59.18012244746255 18.6
      vertex 39.91759959760347 59.27433868685881 20
      vertex 39.74542094951826 59.18012244746255 20
    endloop
  endfacet
  facet normal 0.3917350108519324 -0.9200780843346049 0
    outer loop
      vertex 39.91759959760347 59.27433868685881 18.6
      vertex 40.09818396479517 59.35122479059933 20
      vertex 39.91759959760347 59.27433868685881 20
    endloop
  endfacet
  facet normal 0.009817319337149978 -0.9999518089593281 -1.512171558094635e-16
    outer loop
      vertex 40.672676471647776 59.4713733391238 18.6
      vertex 40.86893771046829 59.473300191235815 19.82361009932302
      vertex 40.680150354183226 59.471446716151455 19.990000000000002
    endloop
  endfacet
  facet normal 0.009817319337121669 -0.9999518089593283 0
    outer loop
      vertex 40.672676471647776 59.4713733391238 18.6
      vertex 40.680150354183226 59.471446716151455 19.990000000000002
      vertex 40.680150354183226 59.471446716151455 20
    endloop
  endfacet
  facet normal 0.2996652769962689 -0.9540444024062767 0
    outer loop
      vertex 40.09818396479517 59.35122479059933 18.6
      vertex 40.28543492491984 59.41004030347489 20
      vertex 40.09818396479517 59.35122479059933 20
    endloop
  endfacet
  facet normal 0.2047096027093809 -0.978822751349072 0
    outer loop
      vertex 40.28543492491984 59.41004030347489 18.6
      vertex 40.4775491488697 59.45021879994464 20
      vertex 40.28543492491984 59.41004030347489 20
    endloop
  endfacet
  facet normal 0.10778246304276833 -0.9941745021174273 0
    outer loop
      vertex 40.4775491488697 59.45021879994464 18.6
      vertex 40.672676471647776 59.4713733391238 20
      vertex 40.4775491488697 59.45021879994464 20
    endloop
  endfacet
  facet normal 0.009817319337121856 -0.9999518089593283 0
    outer loop
      vertex 40.672676471647776 59.4713733391238 18.6
      vertex 40.680150354183226 59.471446716151455 20
      vertex 40.672676471647776 59.4713733391238 20
    endloop
  endfacet
  facet normal 0 0 1
    outer loop
      vertex 9.360220924019814 41.667767480015755 20
      vertex 39.58330619504301 59.06948342629978 20
      vertex 67.56309378147125 80.55768378823996 20
    endloop
  endfacet
  facet normal 0.4097240303487582 0.9122095257969903 0
    outer loop
      vertex 29.915715216245104 69.5768554468026 18.6
      vertex 29.91205542966864 69.57849926049224 18.6
      vertex 29.915715216245104 69.5768554468026 18.60621738340342
    endloop
  endfacet
  facet normal 0.318338928052626 0.9479769653774849 0
    outer loop
      vertex 29.915715216245104 69.5768554468026 18.6
      vertex 29.915715216245104 69.5768554468026 18.60621738340342
      vertex 30.101775316273248 69.5143748434129 18.6
    endloop
  endfacet
  facet normal 0.3183389280526259 0.9479769653774848 0
    outer loop
      vertex 29.915715216245104 69.5768554468026 18.60621738340342
      vertex 30.101775316273248 69.5143748434129 18.894812227495784
      vertex 30.101775316273248 69.5143748434129 18.6
    endloop
  endfacet
  facet normal 0.22388804785842534 0.9746148685640619 0
    outer loop
      vertex 30.101775316273248 69.5143748434129 18.6
      vertex 30.101775316273248 69.5143748434129 18.894812227495784
      vertex 30.29306365613469 69.47043218014042 18.6
    endloop
  endfacet
  facet normal 0 0 -1
    outer loop
      vertex 8.840836271643639 50.75146273523569 18.6
      vertex 31.94355231266377 69.91847338512015 18.6
      vertex 55.22146347165108 88.81505978107452 18.6
    endloop
  endfacet
  facet normal 0.12728100337389714 0.9918666977876281 0
    outer loop
      vertex 30.29306365613469 69.47043218014042 18.6
      vertex 30.29306365613469 69.47043218014042 19.165062688561054
      vertex 30.487738024547724 69.44545064885395 18.6
    endloop
  endfacet
  facet normal 0.2238880478584253 0.9746148685640618 0
    outer loop
      vertex 30.29306365613469 69.47043218014042 18.6
      vertex 30.101775316273248 69.5143748434129 18.894812227495784
      vertex 30.29306365613469 69.47043218014042 19.165062688561054
    endloop
  endfacet
  facet normal 0.029448173247929803 0.9995663085020223 0
    outer loop
      vertex 30.487738024547724 69.44545064885395 18.6
      vertex 30.487738024547724 69.44545064885395 19.41436610692531
      vertex 30.683923600924658 69.43967083535608 18.6
    endloop
  endfacet
  facet normal 0.1272810033738971 0.991866697787628 0
    outer loop
      vertex 30.487738024547724 69.44545064885395 18.6
      vertex 30.29306365613469 69.47043218014042 19.165062688561054
      vertex 30.487738024547724 69.44545064885395 19.41436610692531
    endloop
  endfacet
  facet normal -0.0686682588843166 0.9976395492470197 0
    outer loop
      vertex 30.683923600924658 69.43967083535608 18.6
      vertex 30.683923600924658 69.43967083535608 19.640321554386503
      vertex 30.879731010919087 69.45314840241035 18.6
    endloop
  endfacet
  facet normal -0.16612337814579764 0.9861049757675033 0
    outer loop
      vertex 30.879731010919087 69.45314840241035 18.6
      vertex 30.879731010919087 69.45314840241035 19.84075295646587
      vertex 31.073274522133516 69.48575355367846 18.6
    endloop
  endfacet
  facet normal -0.26197863846328634 0.9650736723115613 0
    outer loop
      vertex 31.073274522133516 69.48575355367846 18.6
      vertex 31.073274522133516 69.48575355367846 20
      vertex 31.262690204753298 69.53717228372989 18.6
    endloop
  endfacet
  facet normal 0.029448173247929803 0.9995663085020223 0
    outer loop
      vertex 30.683923600924658 69.43967083535608 18.6
      vertex 30.487738024547724 69.44545064885395 19.41436610692531
      vertex 30.683923600924658 69.43967083535608 19.640321554386503
    endloop
  endfacet
  facet normal -0.0686682588843166 0.9976395492470196 0
    outer loop
      vertex 30.879731010919087 69.45314840241035 18.6
      vertex 30.683923600924658 69.43967083535608 19.640321554386503
      vertex 30.879731010919087 69.45314840241035 19.84075295646587
    endloop
  endfacet
  facet normal -0.3553109012804579 0.9347481818282766 0
    outer loop
      vertex 31.262690204753298 69.53717228372989 18.6
      vertex 31.262690204753298 69.53717228372989 20
      vertex 31.446153882209686 69.60690940208593 18.6
    endloop
  endfacet
  facet normal -0.4452213258854861 0.8954205553686881 0
    outer loop
      vertex 31.446153882209686 69.60690940208593 18.6
      vertex 31.446153882209686 69.60690940208593 20
      vertex 31.621898698997313 69.69429330217461 18.6
    endloop
  endfacet
  facet normal -0.5308440257394637 0.8474695394742632 0
    outer loop
      vertex 31.621898698997313 69.69429330217461 18.6
      vertex 31.621898698997313 69.69429330217461 20
      vertex 31.78823213645863 69.79848242926917 18.6
    endloop
  endfacet
  facet normal -0.6113544074368775 0.7913569286406132 0
    outer loop
      vertex 31.78823213645863 69.79848242926917 18.6
      vertex 31.78823213645863 69.79848242926917 20
      vertex 31.94355231266377 69.91847338512015 18.6
    endloop
  endfacet
  facet normal -0.6859771119901455 0.7276231179846193 0
    outer loop
      vertex 31.94355231266377 69.91847338512015 18.6
      vertex 31.94355231266377 69.91847338512015 20
      vertex 32.086363409409245 70.05311059122893 18.6
    endloop
  endfacet
  facet normal -0.7539934819618959 0.6568818989430111 0
    outer loop
      vertex 32.086363409409245 70.05311059122893 18.6
      vertex 32.086363409409245 70.05311059122893 20
      vertex 32.21529007776489 70.20109741770054 18.6
    endloop
  endfacet
  facet normal -0.8147484825274827 0.5798145481265231 0
    outer loop
      vertex 32.21529007776489 70.20109741770054 18.6
      vertex 32.21529007776489 70.20109741770054 20
      vertex 32.32909068343598 70.36100867049821 18.6
    endloop
  endfacet
  facet normal -0.867657009819553 0.49716326625263896 0
    outer loop
      vertex 32.32909068343598 70.36100867049821 18.6
      vertex 32.32909068343598 70.36100867049821 20
      vertex 32.42666926438014 70.53130431684112 18.6
    endloop
  endfacet
  facet normal -0.16612337814575978 0.9861049757675098 6.074312065344704e-15
    outer loop
      vertex 31.073274522133516 69.48575355367846 18.6
      vertex 30.879731010919087 69.45314840241035 19.84075295646587
      vertex 31.04672304661777 69.48128058080455 19.990000000000002
    endloop
  endfacet
  facet normal -0.166123378146069 0.9861049757674577 0
    outer loop
      vertex 31.073274522133516 69.48575355367846 18.6
      vertex 31.04672304661777 69.48128058080455 19.990000000000002
      vertex 31.073274522133516 69.48575355367846 20
    endloop
  endfacet
  facet normal -0.26197863846328634 0.9650736723115613 0
    outer loop
      vertex 31.262690204753298 69.53717228372989 18.6
      vertex 31.073274522133516 69.48575355367846 20
      vertex 31.262690204753298 69.53717228372989 20
    endloop
  endfacet
  facet normal -0.3553109012804579 0.9347481818282766 0
    outer loop
      vertex 31.446153882209686 69.60690940208593 18.6
      vertex 31.262690204753298 69.53717228372989 20
      vertex 31.446153882209686 69.60690940208593 20
    endloop
  endfacet
  facet normal -0.4452213258854861 0.8954205553686881 0
    outer loop
      vertex 31.621898698997313 69.69429330217461 18.6
      vertex 31.446153882209686 69.60690940208593 20
      vertex 31.621898698997313 69.69429330217461 20
    endloop
  endfacet
  facet normal -0.5308440257394637 0.8474695394742632 0
    outer loop
      vertex 31.78823213645863 69.79848242926917 18.6
      vertex 31.621898698997313 69.69429330217461 20
      vertex 31.78823213645863 69.79848242926917 20
    endloop
  endfacet
  facet normal -0.6113544074368775 0.7913569286406132 0
    outer loop
      vertex 31.94355231266377 69.91847338512015 18.6
      vertex 31.78823213645863 69.79848242926917 20
      vertex 31.94355231266377 69.91847338512015 20
    endloop
  endfacet
  facet normal -0.6859771119901455 0.7276231179846193 0
    outer loop
      vertex 32.086363409409245 70.05311059122893 18.6
      vertex 31.94355231266377 69.91847338512015 20
      vertex 32.086363409409245 70.05311059122893 20
    endloop
  endfacet
  facet normal -0.7539934819618959 0.6568818989430111 0
    outer loop
      vertex 32.21529007776489 70.20109741770054 18.6
      vertex 32.086363409409245 70.05311059122893 20
      vertex 32.21529007776489 70.20109741770054 20
    endloop
  endfacet
  facet normal -0.8147484825274827 0.5798145481265231 0
    outer loop
      vertex 32.32909068343598 70.36100867049821 18.6
      vertex 32.21529007776489 70.20109741770054 20
      vertex 32.32909068343598 70.36100867049821 20
    endloop
  endfacet
  facet normal -0.867657009819553 0.49716326625263896 0
    outer loop
      vertex 32.42666926438014 70.53130431684112 18.6
      vertex 32.32909068343598 70.36100867049821 20
      vertex 32.42666926438014 70.53130431684112 20
    endloop
  endfacet
  facet normal -0.166123378146069 0.9861049757674577 0
    outer loop
      vertex 31.04672304661777 69.48128058080455 19.990000000000002
      vertex 31.04672304661777 69.48128058080455 20
      vertex 31.073274522133516 69.48575355367846 20
    endloop
  endfacet
  facet normal 0 0 1
    outer loop
      vertex 59.08651573956013 91.98702620714903 20
      vertex 31.94355231266377 69.91847338512015 20
      vertex 5.141465597190205 47.3561005412899 20
    endloop
  endfacet
  facet normal 0.9861049757675155 0.16612337814572473 0
    outer loop
      vertex 28.689890104476902 71.01799407992989 18.6
      vertex 28.658519302093552 71.20421052140452 18.6
      vertex 28.658519302093552 71.20421052140452 18.87766937035292
    endloop
  endfacet
  facet normal 0 0 -1
    outer loop
      vertex 6.3802919536828995 53.46625503152609 18.6
      vertex 50.915510915219784 93.56594629585743 18.6
      vertex 29.202949022597565 72.82546004141147 18.6
    endloop
  endfacet
  facet normal -0.9650736723115286 -0.2619786384634069 0
    outer loop
      vertex 32.597136919785044 71.8717755000961 18.6
      vertex 32.59818797864516 71.8679036224503 18.6
      vertex 32.59818797864516 71.8679036224503 18.60621738340342
    endloop
  endfacet
  facet normal -0.9861049757675132 -0.1661233781457391 0
    outer loop
      vertex 32.63079312991326 71.67436011123588 18.6
      vertex 32.63079312991326 71.67436011123588 18.894812227495777
      vertex 32.59818797864516 71.8679036224503 18.6
    endloop
  endfacet
  facet normal -0.9861049757675132 -0.16612337814573913 0
    outer loop
      vertex 32.59818797864516 71.8679036224503 18.6
      vertex 32.63079312991326 71.67436011123588 18.894812227495777
      vertex 32.59818797864516 71.8679036224503 18.60621738340342
    endloop
  endfacet
  facet normal -0.22388804785842534 -0.9746148685640618 0
    outer loop
      vertex 30.996248775872118 73.40813845249998 18.6
      vertex 31.187537115733562 73.36419578922751 18.6
      vertex 31.187537115733562 73.36419578922751 18.877669370352926
    endloop
  endfacet
  facet normal -0.31833892805259695 -0.9479769653774945 0
    outer loop
      vertex 31.187537115733562 73.36419578922751 18.6
      vertex 31.366553449116438 73.30408054407457 18.6
      vertex 31.187537115733562 73.36419578922751 18.877669370352926
    endloop
  endfacet
  facet normal 0.9976395492470143 0.06866825888439362 0
    outer loop
      vertex 28.658519302093552 71.20421052140452 18.6
      vertex 28.64504173503927 71.40001793139893 19.1479198314182
      vertex 28.658519302093552 71.20421052140452 18.87766937035292
    endloop
  endfacet
  facet normal 0.9976395492470144 0.06866825888439362 0
    outer loop
      vertex 28.64504173503927 71.40001793139893 18.6
      vertex 28.64504173503927 71.40001793139893 19.1479198314182
      vertex 28.658519302093552 71.20421052140452 18.6
    endloop
  endfacet
  facet normal 0.9995663085020202 -0.02944817324799788 0
    outer loop
      vertex 28.64504173503927 71.40001793139893 18.6
      vertex 28.650821548537152 71.5962035077759 18.6
      vertex 28.650821548537152 71.5962035077759 19.397223249782453
    endloop
  endfacet
  facet normal 0.9995663085020202 -0.02944817324799788 0
    outer loop
      vertex 28.64504173503927 71.40001793139893 18.6
      vertex 28.650821548537152 71.5962035077759 19.397223249782453
      vertex 28.64504173503927 71.40001793139893 19.1479198314182
    endloop
  endfacet
  facet normal 0.991866697787627 -0.1272810033739063 0
    outer loop
      vertex 28.650821548537152 71.5962035077759 18.6
      vertex 28.675803079823623 71.79087787618892 18.6
      vertex 28.675803079823623 71.79087787618892 19.623178697243667
    endloop
  endfacet
  facet normal 0.9746148685640424 -0.2238880478585099 0
    outer loop
      vertex 28.675803079823623 71.79087787618892 18.6
      vertex 28.719745743096112 71.98216621605035 18.6
      vertex 28.719745743096112 71.98216621605035 19.823610099323012
    endloop
  endfacet
  facet normal 0.9918666977876269 -0.12728100337390627 0
    outer loop
      vertex 28.650821548537152 71.5962035077759 18.6
      vertex 28.675803079823623 71.79087787618892 19.623178697243667
      vertex 28.650821548537152 71.5962035077759 19.397223249782453
    endloop
  endfacet
  facet normal 0.9746148685640423 -0.22388804785850988 0
    outer loop
      vertex 28.675803079823623 71.79087787618892 18.6
      vertex 28.719745743096112 71.98216621605035 19.823610099323012
      vertex 28.675803079823623 71.79087787618892 19.623178697243667
    endloop
  endfacet
  facet normal 0.9479769653775141 -0.31833892805253905 -4.718064735156815e-15
    outer loop
      vertex 28.719745743096112 71.98216621605035 18.6
      vertex 28.7822263464858 72.1682263160785 18.6
      vertex 28.77984700406809 72.16114090613966 19.990000000000002
    endloop
  endfacet
  facet normal 0.9122095257974587 -0.40972403034771526 0
    outer loop
      vertex 28.7822263464858 72.1682263160785 18.6
      vertex 28.862643167626672 72.34726631579929 18.6
      vertex 28.862643167626672 72.34726631579929 20
    endloop
  endfacet
  facet normal 0.8676570098195842 -0.4971632662525844 0
    outer loop
      vertex 28.862643167626672 72.34726631579929 18.6
      vertex 28.960221748570817 72.5175619621422 18.6
      vertex 28.960221748570817 72.5175619621422 20
    endloop
  endfacet
  facet normal 0.8147484825274484 -0.5798145481265712 0
    outer loop
      vertex 28.960221748570817 72.5175619621422 18.6
      vertex 29.07402235424192 72.67747321493987 18.6
      vertex 29.07402235424192 72.67747321493987 20
    endloop
  endfacet
  facet normal 0.7539934819618959 -0.6568818989430111 0
    outer loop
      vertex 29.07402235424192 72.67747321493987 18.6
      vertex 29.202949022597565 72.82546004141147 18.6
      vertex 29.202949022597565 72.82546004141147 20
    endloop
  endfacet
  facet normal 0.68597711199022 -0.727623117984549 0
    outer loop
      vertex 29.202949022597565 72.82546004141147 18.6
      vertex 29.345760119343026 72.96009724752027 18.6
      vertex 29.345760119343026 72.96009724752027 20
    endloop
  endfacet
  facet normal 0.611354407436797 -0.7913569286406752 0
    outer loop
      vertex 29.345760119343026 72.96009724752027 18.6
      vertex 29.501080295548178 73.08008820337123 18.6
      vertex 29.501080295548178 73.08008820337123 20
    endloop
  endfacet
  facet normal 0.5308440257394637 -0.8474695394742632 0
    outer loop
      vertex 29.501080295548178 73.08008820337123 18.6
      vertex 29.667413733009496 73.18427733046579 18.6
      vertex 29.667413733009496 73.18427733046579 20
    endloop
  endfacet
  facet normal 0.9479769653775029 -0.3183389280525719 0
    outer loop
      vertex 28.719745743096112 71.98216621605035 18.6
      vertex 28.77984700406809 72.16114090613966 19.990000000000002
      vertex 28.719745743096112 71.98216621605035 19.823610099323012
    endloop
  endfacet
  facet normal 0.9479769653777924 -0.3183389280517099 0
    outer loop
      vertex 28.7822263464858 72.1682263160785 18.6
      vertex 28.77984700406809 72.16114090613966 20
      vertex 28.77984700406809 72.16114090613966 19.990000000000002
    endloop
  endfacet
  facet normal 0.9479769653777933 -0.31833892805170727 0
    outer loop
      vertex 28.7822263464858 72.1682263160785 18.6
      vertex 28.7822263464858 72.1682263160785 20
      vertex 28.77984700406809 72.16114090613966 20
    endloop
  endfacet
  facet normal 0.9122095257974587 -0.40972403034771526 0
    outer loop
      vertex 28.7822263464858 72.1682263160785 18.6
      vertex 28.862643167626672 72.34726631579929 20
      vertex 28.7822263464858 72.1682263160785 20
    endloop
  endfacet
  facet normal 0.8676570098195842 -0.4971632662525844 0
    outer loop
      vertex 28.862643167626672 72.34726631579929 18.6
      vertex 28.960221748570817 72.5175619621422 20
      vertex 28.862643167626672 72.34726631579929 20
    endloop
  endfacet
  facet normal 0.8147484825274484 -0.5798145481265712 0
    outer loop
      vertex 28.960221748570817 72.5175619621422 18.6
      vertex 29.07402235424192 72.67747321493987 20
      vertex 28.960221748570817 72.5175619621422 20
    endloop
  endfacet
  facet normal 0.7539934819618959 -0.6568818989430111 0
    outer loop
      vertex 29.07402235424192 72.67747321493987 18.6
      vertex 29.202949022597565 72.82546004141147 20
      vertex 29.07402235424192 72.67747321493987 20
    endloop
  endfacet
  facet normal 0.68597711199022 -0.727623117984549 0
    outer loop
      vertex 29.202949022597565 72.82546004141147 18.6
      vertex 29.345760119343026 72.96009724752027 20
      vertex 29.202949022597565 72.82546004141147 20
    endloop
  endfacet
  facet normal 0.611354407436797 -0.7913569286406752 0
    outer loop
      vertex 29.345760119343026 72.96009724752027 18.6
      vertex 29.501080295548178 73.08008820337123 20
      vertex 29.345760119343026 72.96009724752027 20
    endloop
  endfacet
  facet normal 0.5308440257394637 -0.8474695394742632 0
    outer loop
      vertex 29.501080295548178 73.08008820337123 18.6
      vertex 29.667413733009496 73.18427733046579 20
      vertex 29.501080295548178 73.08008820337123 20
    endloop
  endfacet
  facet normal 0 0 1
    outer loop
      vertex 2.8040097127100694 49.975679986849144 20
      vertex 29.202949022597565 72.82546004141147 20
      vertex 50.20285212816157 101.78863856578847 20
    endloop
  endfacet
  facet normal -0.9918666977876178 0.12728100337397752 0
    outer loop
      vertex 32.61350935218317 71.08769275645149 18.6
      vertex 32.61350935218317 71.08769275645149 19.640321554386507
      vertex 32.63849088346966 71.2823671248645 18.6
    endloop
  endfacet
  facet normal -0.9746148685640581 0.2238880478584411 0
    outer loop
      vertex 32.5695666889107 70.89640441659006 18.6
      vertex 32.5695666889107 70.89640441659006 19.840752956465852
      vertex 32.61350935218317 71.08769275645149 18.6
    endloop
  endfacet
  facet normal -0.9976395492470144 -0.06866825888439362 0
    outer loop
      vertex 32.64427069696754 71.47855270124147 18.6
      vertex 32.64427069696754 71.47855270124147 19.165062688561058
      vertex 32.63079312991326 71.67436011123588 18.6
    endloop
  endfacet
  facet normal -0.9995663085020203 0.02944817324799788 0
    outer loop
      vertex 32.63849088346966 71.2823671248645 18.6
      vertex 32.63849088346966 71.2823671248645 19.4143661069253
      vertex 32.64427069696754 71.47855270124147 18.6
    endloop
  endfacet
  facet normal -0.9976395492470143 -0.06866825888439364 0
    outer loop
      vertex 32.63079312991326 71.67436011123588 18.6
      vertex 32.64427069696754 71.47855270124147 19.165062688561058
      vertex 32.63079312991326 71.67436011123588 18.894812227495777
    endloop
  endfacet
  facet normal -0.9995663085020202 0.029448173247997884 0
    outer loop
      vertex 32.64427069696754 71.47855270124147 18.6
      vertex 32.63849088346966 71.2823671248645 19.4143661069253
      vertex 32.64427069696754 71.47855270124147 19.165062688561058
    endloop
  endfacet
  facet normal -0.9122095257974587 0.40972403034771526 0
    outer loop
      vertex 32.42666926438014 70.53130431684112 18.6
      vertex 32.42666926438014 70.53130431684112 20
      vertex 32.50708608552101 70.7103443165619 18.6
    endloop
  endfacet
  facet normal -0.9479769653775139 0.318338928052539 0
    outer loop
      vertex 32.50708608552101 70.7103443165619 18.6
      vertex 32.50708608552101 70.7103443165619 20
      vertex 32.5695666889107 70.89640441659006 18.6
    endloop
  endfacet
  facet normal -0.9918666977876177 0.1272810033739775 0
    outer loop
      vertex 32.63849088346966 71.2823671248645 18.6
      vertex 32.61350935218317 71.08769275645149 19.640321554386507
      vertex 32.63849088346966 71.2823671248645 19.4143661069253
    endloop
  endfacet
  facet normal -0.9746148685640581 0.2238880478584411 0
    outer loop
      vertex 32.61350935218317 71.08769275645149 18.6
      vertex 32.5695666889107 70.89640441659006 19.840752956465852
      vertex 32.61350935218317 71.08769275645149 19.640321554386507
    endloop
  endfacet
  facet normal -0.1272810033738971 -0.991866697787628 0
    outer loop
      vertex 30.801574407459086 73.43311998378645 18.6
      vertex 30.996248775872118 73.40813845249998 18.6
      vertex 30.996248775872118 73.40813845249998 19.1479198314182
    endloop
  endfacet
  facet normal -0.02944817324792767 -0.9995663085020223 0
    outer loop
      vertex 30.605388831082138 73.43889979728432 18.6
      vertex 30.801574407459086 73.43311998378645 18.6
      vertex 30.801574407459086 73.43311998378645 19.397223249782456
    endloop
  endfacet
  facet normal -0.2238880478584253 -0.9746148685640618 0
    outer loop
      vertex 30.996248775872118 73.40813845249998 18.6
      vertex 31.187537115733562 73.36419578922751 18.877669370352926
      vertex 30.996248775872118 73.40813845249998 19.1479198314182
    endloop
  endfacet
  facet normal 0.16612337814579767 -0.9861049757675033 0
    outer loop
      vertex 30.216037909873293 73.39281707896194 18.6
      vertex 30.409581421087722 73.42542223023005 18.6
      vertex 30.409581421087722 73.42542223023005 19.823610099323012
    endloop
  endfacet
  facet normal 0.06866825888432156 -0.9976395492470193 0
    outer loop
      vertex 30.409581421087722 73.42542223023005 18.6
      vertex 30.605388831082138 73.43889979728432 18.6
      vertex 30.605388831082138 73.43889979728432 19.623178697243667
    endloop
  endfacet
  facet normal -0.1272810033738971 -0.9918666977876281 0
    outer loop
      vertex 30.801574407459086 73.43311998378645 18.6
      vertex 30.996248775872118 73.40813845249998 19.1479198314182
      vertex 30.801574407459086 73.43311998378645 19.397223249782456
    endloop
  endfacet
  facet normal 0.44522132588551483 -0.8954205553686736 0
    outer loop
      vertex 29.667413733009496 73.18427733046579 18.6
      vertex 29.84315854979711 73.27166123055447 18.6
      vertex 29.84315854979711 73.27166123055447 20
    endloop
  endfacet
  facet normal 0.3553109012804338 -0.9347481818282856 0
    outer loop
      vertex 29.84315854979711 73.27166123055447 18.6
      vertex 30.02662222725351 73.34139834891052 18.6
      vertex 30.02662222725351 73.34139834891052 20
    endloop
  endfacet
  facet normal 0.26197863846328634 -0.9650736723115613 0
    outer loop
      vertex 30.02662222725351 73.34139834891052 18.6
      vertex 30.216037909873293 73.39281707896194 18.6
      vertex 30.216037909873293 73.39281707896194 20
    endloop
  endfacet
  facet normal -0.029448173247927673 -0.9995663085020223 0
    outer loop
      vertex 30.605388831082138 73.43889979728432 18.6
      vertex 30.801574407459086 73.43311998378645 19.397223249782456
      vertex 30.605388831082138 73.43889979728432 19.623178697243667
    endloop
  endfacet
  facet normal 0.06866825888432156 -0.9976395492470193 0
    outer loop
      vertex 30.409581421087722 73.42542223023005 18.6
      vertex 30.605388831082138 73.43889979728432 19.623178697243667
      vertex 30.409581421087722 73.42542223023005 19.823610099323012
    endloop
  endfacet
  facet normal -0.9479769653775189 0.3183389280525243 0
    outer loop
      vertex 32.5695666889107 70.89640441659006 18.6
      vertex 32.5156575545447 70.73586917223574 19.990000000000002
      vertex 32.5695666889107 70.89640441659006 19.840752956465852
    endloop
  endfacet
  facet normal -0.9479769653774812 0.31833892805263675 1.4418347277387647e-14
    outer loop
      vertex 32.5695666889107 70.89640441659006 18.6
      vertex 32.50708608552101 70.7103443165619 20
      vertex 32.5156575545447 70.73586917223574 19.990000000000002
    endloop
  endfacet
  facet normal -0.9122095257974587 0.40972403034771526 0
    outer loop
      vertex 32.50708608552101 70.7103443165619 18.6
      vertex 32.42666926438014 70.53130431684112 20
      vertex 32.50708608552101 70.7103443165619 20
    endloop
  endfacet
  facet normal -0.9479769653774829 0.3183389280526317 0
    outer loop
      vertex 32.5156575545447 70.73586917223574 19.990000000000002
      vertex 32.50708608552101 70.7103443165619 20
      vertex 32.5156575545447 70.73586917223574 20
    endloop
  endfacet
  facet normal 0.1661233781457836 -0.9861049757675058 2.29056469459312e-15
    outer loop
      vertex 30.216037909873293 73.39281707896194 18.6
      vertex 30.409581421087722 73.42542223023005 19.823610099323012
      vertex 30.223408297816476 73.39405872541283 19.990000000000002
    endloop
  endfacet
  facet normal 0.16612337814620542 -0.9861049757674345 0
    outer loop
      vertex 30.216037909873293 73.39281707896194 18.6
      vertex 30.223408297816476 73.39405872541283 19.990000000000002
      vertex 30.223408297816476 73.39405872541283 20
    endloop
  endfacet
  facet normal 0.44522132588551483 -0.8954205553686736 0
    outer loop
      vertex 29.667413733009496 73.18427733046579 18.6
      vertex 29.84315854979711 73.27166123055447 20
      vertex 29.667413733009496 73.18427733046579 20
    endloop
  endfacet
  facet normal 0.3553109012804338 -0.9347481818282856 0
    outer loop
      vertex 29.84315854979711 73.27166123055447 18.6
      vertex 30.02662222725351 73.34139834891052 20
      vertex 29.84315854979711 73.27166123055447 20
    endloop
  endfacet
  facet normal 0.26197863846328634 -0.9650736723115613 0
    outer loop
      vertex 30.02662222725351 73.34139834891052 18.6
      vertex 30.216037909873293 73.39281707896194 20
      vertex 30.02662222725351 73.34139834891052 20
    endloop
  endfacet
  facet normal 0.16612337814620365 -0.9861049757674349 0
    outer loop
      vertex 30.216037909873293 73.39281707896194 18.6
      vertex 30.223408297816476 73.39405872541283 20
      vertex 30.216037909873293 73.39281707896194 20
    endloop
  endfacet
  facet normal 0 0 -1
    outer loop
      vertex 31.94355231266377 69.91847338512015 18.6
      vertex 32.086363409409245 70.05311059122893 18.6
      vertex 55.22146347165108 88.81505978107452 18.6
    endloop
  endfacet
  facet normal 0 0 -1
    outer loop
      vertex 32.086363409409245 70.05311059122893 18.6
      vertex 32.21529007776489 70.20109741770054 18.6
      vertex 55.22146347165108 88.81505978107452 18.6
    endloop
  endfacet
  facet normal 0 0 -1
    outer loop
      vertex 8.840836271643639 50.75146273523569 18.6
      vertex 55.22146347165108 88.81505978107452 18.6
      vertex 63.40574572235346 77.77983262389898 18.6
    endloop
  endfacet
  facet normal 0 0 1
    outer loop
      vertex 67.56309378147125 80.55768378823996 20
      vertex 59.08651573956013 91.98702620714903 20
      vertex 5.141465597190205 47.3561005412899 20
    endloop
  endfacet
  facet normal -0.21550898337614627 0.2155089833761463 0.9524241471993241
    outer loop
      vertex 20.037059428758496 76.58673547031496 10.2
      vertex 21.23914095677563 74.25328309239936 11
      vertex 28.310208768641104 81.32435090426483 11
    endloop
  endfacet
  facet normal 0 0 1
    outer loop
      vertex 21.246212024587493 74.24621202458749 11
      vertex 28.31727983645297 81.31727983645297 11
      vertex 28.310208768641104 81.32435090426483 11
    endloop
  endfacet
  facet normal -0.21550898337614627 0.21550898337614627 0.9524241471993241
    outer loop
      vertex 20.037059428758496 76.58673547031496 10.2
      vertex 28.310208768641104 81.32435090426483 11
      vertex 25.976756390725498 82.52643243228196 10.2
    endloop
  endfacet
  facet normal 0 0 1
    outer loop
      vertex 8.840836271643639 50.75146273523569 12
      vertex 55.22146347165108 88.81505978107452 12
      vertex 50.915510915219784 93.56594629585743 12
    endloop
  endfacet
  facet normal -0.7071067811865476 0.7071067811865476 0
    outer loop
      vertex 21.246212024587493 74.24621202458749 11
      vertex 49.530483272049395 102.5304832720494 19
      vertex 28.31727983645297 81.31727983645297 11
    endloop
  endfacet
  facet normal 0.6691306063374202 -0.7431448254966971 0
    outer loop
      vertex 6.3802919536828995 53.46625503152609 12
      vertex 50.915510915219784 93.56594629585743 12
      vertex 50.915510915219784 93.56594629585743 18.6
    endloop
  endfacet
  facet normal -0.7071067811865476 0.7071067811865476 0
    outer loop
      vertex 28.31727983645297 81.31727983645297 11
      vertex 49.530483272049395 102.5304832720494 19
      vertex 49.53048327565193 102.53048327565193 6
    endloop
  endfacet
  facet normal -0.5000000000000006 0.5000000000000006 0.7071067811865468
    outer loop
      vertex 0.7401153701776124 52.32590180780452 20
      vertex 50.20285212816157 101.78863856578847 20
      vertex 49.530483272049395 102.5304832720494 19
    endloop
  endfacet
  facet normal 0 0 -1
    outer loop
      vertex 29.202949022597565 72.82546004141147 18.6
      vertex 50.915510915219784 93.56594629585743 18.6
      vertex 29.345760119343026 72.96009724752027 18.6
    endloop
  endfacet
  facet normal 0 0 -1
    outer loop
      vertex 29.345760119343026 72.96009724752027 18.6
      vertex 50.915510915219784 93.56594629585743 18.6
      vertex 29.501080295548178 73.08008820337123 18.6
    endloop
  endfacet
  facet normal 0 0 -1
    outer loop
      vertex 29.501080295548178 73.08008820337123 18.6
      vertex 50.915510915219784 93.56594629585743 18.6
      vertex 29.667413733009496 73.18427733046579 18.6
    endloop
  endfacet
  facet normal 0 0 -1
    outer loop
      vertex 29.667413733009496 73.18427733046579 18.6
      vertex 50.915510915219784 93.56594629585743 18.6
      vertex 29.84315854979711 73.27166123055447 18.6
    endloop
  endfacet
  facet normal 0 0 -1
    outer loop
      vertex 29.84315854979711 73.27166123055447 18.6
      vertex 50.915510915219784 93.56594629585743 18.6
      vertex 30.02662222725351 73.34139834891052 18.6
    endloop
  endfacet
  facet normal 0 0 -1
    outer loop
      vertex 30.02662222725351 73.34139834891052 18.6
      vertex 50.915510915219784 93.56594629585743 18.6
      vertex 30.216037909873293 73.39281707896194 18.6
    endloop
  endfacet
  facet normal 0 0 -1
    outer loop
      vertex 30.996248775872118 73.40813845249998 18.6
      vertex 52.73703913920707 91.55619961095437 18.6
      vertex 31.187537115733562 73.36419578922751 18.6
    endloop
  endfacet
  facet normal 0 0 -1
    outer loop
      vertex 31.187537115733562 73.36419578922751 18.6
      vertex 52.73703913920707 91.55619961095437 18.6
      vertex 31.366553449116438 73.30408054407457 18.6
    endloop
  endfacet
  facet normal 0.5609795213772777 -0.6568226292026059 0.5038710255240884
    outer loop
      vertex 31.366553449116438 73.30408054407457 18.6
      vertex 52.73703913920707 91.55619961095437 18.6
      vertex 31.187537115733562 73.36419578922751 18.877669370352926
    endloop
  endfacet
  facet normal 0 0 -1
    outer loop
      vertex 32.21529007776489 70.20109741770054 18.6
      vertex 32.32909068343598 70.36100867049821 18.6
      vertex 54.005716515763936 90.15642983622895 18.6
    endloop
  endfacet
  facet normal 0 0 -1
    outer loop
      vertex 32.32909068343598 70.36100867049821 18.6
      vertex 32.42666926438014 70.53130431684112 18.6
      vertex 54.005716515763936 90.15642983622895 18.6
    endloop
  endfacet
  facet normal 0 0 -1
    outer loop
      vertex 32.42666926438014 70.53130431684112 18.6
      vertex 32.50708608552101 70.7103443165619 18.6
      vertex 54.005716515763936 90.15642983622895 18.6
    endloop
  endfacet
  facet normal 0 0 -1
    outer loop
      vertex 32.50708608552101 70.7103443165619 18.6
      vertex 32.5695666889107 70.89640441659006 18.6
      vertex 54.005716515763936 90.15642983622895 18.6
    endloop
  endfacet
  facet normal 0 0 -1
    outer loop
      vertex 32.5695666889107 70.89640441659006 18.6
      vertex 32.61350935218317 71.08769275645149 18.6
      vertex 54.005716515763936 90.15642983622895 18.6
    endloop
  endfacet
  facet normal 0 0 -1
    outer loop
      vertex 32.61350935218317 71.08769275645149 18.6
      vertex 32.63849088346966 71.2823671248645 18.6
      vertex 54.005716515763936 90.15642983622895 18.6
    endloop
  endfacet
  facet normal 0 0 -1
    outer loop
      vertex 32.63849088346966 71.2823671248645 18.6
      vertex 32.64427069696754 71.47855270124147 18.6
      vertex 54.005716515763936 90.15642983622895 18.6
    endloop
  endfacet
  facet normal 0 0 -1
    outer loop
      vertex 32.64427069696754 71.47855270124147 18.6
      vertex 32.63079312991326 71.67436011123588 18.6
      vertex 54.005716515763936 90.15642983622895 18.6
    endloop
  endfacet
  facet normal -0.5609795213773054 0.6568226292026377 0.5038710255240161
    outer loop
      vertex 32.597136919785044 71.8717755000961 18.6
      vertex 32.59818797864516 71.8679036224503 18.60621738340342
      vertex 54.005716515763936 90.15642983622895 18.6
    endloop
  endfacet
  facet normal 0 0 -1
    outer loop
      vertex 32.63079312991326 71.67436011123588 18.6
      vertex 32.59818797864516 71.8679036224503 18.6
      vertex 54.005716515763936 90.15642983622895 18.6
    endloop
  endfacet
  facet normal 0 0 -1
    outer loop
      vertex 32.597136919785044 71.8717755000961 18.6
      vertex 54.005716515763936 90.15642983622895 18.6
      vertex 32.59818797864516 71.8679036224503 18.6
    endloop
  endfacet
  facet normal -0.5609795213772901 0.6568226292026198 0.5038710255240565
    outer loop
      vertex 32.59818797864516 71.8679036224503 18.60621738340342
      vertex 32.63079312991326 71.67436011123588 18.894812227495777
      vertex 54.005716515763936 90.15642983622895 18.6
    endloop
  endfacet
  facet normal 0 0 -1
    outer loop
      vertex 30.216037909873293 73.39281707896194 18.6
      vertex 50.915510915219784 93.56594629585743 18.6
      vertex 30.409581421087722 73.42542223023005 18.6
    endloop
  endfacet
  facet normal 0 0 -1
    outer loop
      vertex 30.409581421087722 73.42542223023005 18.6
      vertex 50.915510915219784 93.56594629585743 18.6
      vertex 30.605388831082138 73.43889979728432 18.6
    endloop
  endfacet
  facet normal 0 0 -1
    outer loop
      vertex 30.605388831082138 73.43889979728432 18.6
      vertex 50.915510915219784 93.56594629585743 18.6
      vertex 30.801574407459086 73.43311998378645 18.6
    endloop
  endfacet
  facet normal 0 0 -1
    outer loop
      vertex 30.801574407459086 73.43311998378645 18.6
      vertex 50.915510915219784 93.56594629585743 18.6
      vertex 30.996248775872118 73.40813845249998 18.6
    endloop
  endfacet
  facet normal 0 0 -1
    outer loop
      vertex 32.21529007776489 70.20109741770054 18.6
      vertex 54.005716515763936 90.15642983622895 18.6
      vertex 55.22146347165108 88.81505978107452 18.6
    endloop
  endfacet
  facet normal -0.5609795213772754 0.6568226292026033 0.5038710255240946
    outer loop
      vertex 32.64427069696754 71.47855270124147 19.165062688561058
      vertex 32.63849088346966 71.2823671248645 19.4143661069253
      vertex 54.005716515763936 90.15642983622895 18.6
    endloop
  endfacet
  facet normal -0.5609795213772728 0.6568226292026005 0.5038710255241008
    outer loop
      vertex 32.63079312991326 71.67436011123588 18.894812227495777
      vertex 32.64427069696754 71.47855270124147 19.165062688561058
      vertex 54.005716515763936 90.15642983622895 18.6
    endloop
  endfacet
  facet normal -0.5609795213772792 0.6568226292026074 0.5038710255240845
    outer loop
      vertex 32.63849088346966 71.2823671248645 19.4143661069253
      vertex 32.61350935218317 71.08769275645149 19.640321554386507
      vertex 54.005716515763936 90.15642983622895 18.6
    endloop
  endfacet
  facet normal -0.5609795213772788 0.6568226292026069 0.5038710255240858
    outer loop
      vertex 32.61350935218317 71.08769275645149 19.640321554386507
      vertex 32.5695666889107 70.89640441659006 19.840752956465852
      vertex 54.005716515763936 90.15642983622895 18.6
    endloop
  endfacet
  facet normal -0.5609795213772807 0.6568226292026086 0.5038710255240815
    outer loop
      vertex 32.5695666889107 70.89640441659006 19.840752956465852
      vertex 32.5156575545447 70.73586917223574 19.990000000000002
      vertex 54.005716515763936 90.15642983622895 18.6
    endloop
  endfacet
  facet normal 0 0 1
    outer loop
      vertex 59.08651573956013 91.98702620714903 20
      vertex 32.086363409409245 70.05311059122893 20
      vertex 31.94355231266377 69.91847338512015 20
    endloop
  endfacet
  facet normal 0 0 1
    outer loop
      vertex 58.349572917320856 92.80011731348077 20
      vertex 32.21529007776489 70.20109741770054 20
      vertex 32.086363409409245 70.05311059122893 20
    endloop
  endfacet
  facet normal 0 0 1
    outer loop
      vertex 58.349572917320856 92.80011731348077 20
      vertex 32.32909068343598 70.36100867049821 20
      vertex 32.21529007776489 70.20109741770054 20
    endloop
  endfacet
  facet normal 0 0 1
    outer loop
      vertex 58.349572917320856 92.80011731348077 20
      vertex 32.42666926438014 70.53130431684112 20
      vertex 32.32909068343598 70.36100867049821 20
    endloop
  endfacet
  facet normal 0 0 1
    outer loop
      vertex 58.349572917320856 92.80011731348077 20
      vertex 32.5156575545447 70.73586917223574 20
      vertex 32.50708608552101 70.7103443165619 20
    endloop
  endfacet
  facet normal 0 0 1
    outer loop
      vertex 58.349572917320856 92.80011731348077 20
      vertex 32.50708608552101 70.7103443165619 20
      vertex 32.42666926438014 70.53130431684112 20
    endloop
  endfacet
  facet normal -0.6494480483301835 0.760405965600031 0
    outer loop
      vertex 32.5156575545447 70.73586917223574 19.990000000000002
      vertex 32.5156575545447 70.73586917223574 20
      vertex 58.349572917320856 92.80011731348077 20
    endloop
  endfacet
  facet normal 0.5609795213772765 -0.6568226292026044 0.5038710255240918
    outer loop
      vertex 31.187537115733562 73.36419578922751 18.877669370352926
      vertex 55.99137825708395 95.40198417122602 19.990000000000002
      vertex 30.996248775872118 73.40813845249998 19.1479198314182
    endloop
  endfacet
  facet normal 0 0 1
    outer loop
      vertex 50.20285212816157 101.78863856578847 20
      vertex 29.202949022597565 72.82546004141147 20
      vertex 29.345760119343026 72.96009724752027 20
    endloop
  endfacet
  facet normal 0 0 1
    outer loop
      vertex 50.20285212816157 101.78863856578847 20
      vertex 29.345760119343026 72.96009724752027 20
      vertex 29.501080295548178 73.08008820337123 20
    endloop
  endfacet
  facet normal 0 0 1
    outer loop
      vertex 50.20285212816157 101.78863856578847 20
      vertex 29.501080295548178 73.08008820337123 20
      vertex 29.667413733009496 73.18427733046579 20
    endloop
  endfacet
  facet normal 0 0 1
    outer loop
      vertex 50.20285212816157 101.78863856578847 20
      vertex 29.667413733009496 73.18427733046579 20
      vertex 29.84315854979711 73.27166123055447 20
    endloop
  endfacet
  facet normal 0 0 1
    outer loop
      vertex 50.20285212816157 101.78863856578847 20
      vertex 29.84315854979711 73.27166123055447 20
      vertex 30.02662222725351 73.34139834891052 20
    endloop
  endfacet
  facet normal 0 0 1
    outer loop
      vertex 50.20285212816157 101.78863856578847 20
      vertex 30.02662222725351 73.34139834891052 20
      vertex 30.216037909873293 73.39281707896194 20
    endloop
  endfacet
  facet normal 0 0 1
    outer loop
      vertex 50.20285212816157 101.78863856578847 20
      vertex 30.216037909873293 73.39281707896194 20
      vertex 30.223408297816476 73.39405872541283 20
    endloop
  endfacet
  facet normal 0.5609795213772835 -0.6568226292026118 0.5038710255240745
    outer loop
      vertex 30.996248775872118 73.40813845249998 19.1479198314182
      vertex 55.99137825708395 95.40198417122602 19.990000000000002
      vertex 30.801574407459086 73.43311998378645 19.397223249782456
    endloop
  endfacet
  facet normal 0.5609795213772768 -0.6568226292026045 0.5038710255240914
    outer loop
      vertex 30.801574407459086 73.43311998378645 19.397223249782456
      vertex 55.99137825708395 95.40198417122602 19.990000000000002
      vertex 30.605388831082138 73.43889979728432 19.623178697243667
    endloop
  endfacet
  facet normal 0.5609795213772736 -0.656822629202601 0.5038710255240995
    outer loop
      vertex 30.605388831082138 73.43889979728432 19.623178697243667
      vertex 55.99137825708395 95.40198417122602 19.990000000000002
      vertex 30.409581421087722 73.42542223023005 19.823610099323012
    endloop
  endfacet
  facet normal 0.5609795213772875 -0.6568226292026168 0.5038710255240633
    outer loop
      vertex 30.409581421087722 73.42542223023005 19.823610099323012
      vertex 55.99137825708395 95.40198417122602 19.990000000000002
      vertex 30.223408297816476 73.39405872541283 19.990000000000002
    endloop
  endfacet
  facet normal 0.6494480483301837 -0.7604059656000309 0
    outer loop
      vertex 30.223408297816476 73.39405872541283 19.990000000000002
      vertex 55.99137825708395 95.40198417122602 19.990000000000002
      vertex 30.223408297816476 73.39405872541283 20
    endloop
  endfacet
  facet normal 0 0 -1
    outer loop
      vertex 30.996248775872118 73.40813845249998 18.6
      vertex 50.915510915219784 93.56594629585743 18.6
      vertex 52.73703913920707 91.55619961095437 18.6
    endloop
  endfacet
  facet normal 0.5609795213772762 -0.6568226292026041 0.5038710255240924
    outer loop
      vertex 31.187537115733562 73.36419578922751 18.877669370352926
      vertex 52.73703913920707 91.55619961095437 18.6
      vertex 55.99137825708395 95.40198417122602 19.990000000000002
    endloop
  endfacet
  facet normal 0.6494480483301837 -0.7604059656000309 0
    outer loop
      vertex 55.99137825708395 95.40198417122602 20
      vertex 30.223408297816476 73.39405872541283 20
      vertex 55.99137825708395 95.40198417122602 19.990000000000002
    endloop
  endfacet
  facet normal 0 0 1
    outer loop
      vertex 50.20285212816157 101.78863856578847 20
      vertex 30.223408297816476 73.39405872541283 20
      vertex 55.99137825708395 95.40198417122602 20
    endloop
  endfacet
  facet normal 0 0 1
    outer loop
      vertex 17.553701147437096 37.71173894405365 12
      vertex 76.34313455224037 53.575680531561375 12
      vertex 70.46897701174021 65.99554315209389 12
    endloop
  endfacet
  facet normal 0 0 1
    outer loop
      vertex 13.517568983137608 44.44561864435673 12
      vertex 70.46897701174021 65.99554315209389 12
      vertex 63.40574572235346 77.77983262389898 12
    endloop
  endfacet
  facet normal -0.857728609995264 -0.5141027442015771 0
    outer loop
      vertex 63.40574572235346 77.77983262389898 12
      vertex 70.46897701174021 65.99554315209389 12
      vertex 70.46897701174021 65.99554315209389 18.6
    endloop
  endfacet
  facet normal 0.8577286101123837 0.5141027440061745 -1.3191274883694248e-14
    outer loop
      vertex 67.56309378147125 80.55768378823996 6
      vertex 70.48985378248882 75.6746797251941 16.990000000000002
      vertex 71.38957694309701 74.17358231804803 19.990000000000002
    endloop
  endfacet
  facet normal 0.90398929297095 0.427555093752702 2.340868837717692e-13
    outer loop
      vertex 80.32042612882717 56.84671694435916 6
      vertex 80.95825150712909 55.4981484880419 16.990000000000002
      vertex 80.96253221436604 55.48909769303306 16.990000000000002
    endloop
  endfacet
  facet normal 0.9039939024511839 0.4275453476896682 0
    outer loop
      vertex 80.96253221482038 55.48909769207239 6
      vertex 80.96253221436604 55.48909769303306 16.990000000000002
      vertex 80.96253221482038 55.48909769207239 16.990000001819574
    endloop
  endfacet
  facet normal -0.9039892931352864 -0.4275550934052423 -4.674015247499962e-16
    outer loop
      vertex 76.34313455224037 53.575680531561375 12
      vertex 76.33885384507633 53.58473132642507 16.990000000000002
      vertex 70.46897701174021 65.99554315209389 12
    endloop
  endfacet
  facet normal 0.9039892929716886 0.42755509375114037 -4.590474517650124e-16
    outer loop
      vertex 74.87858332693577 68.35252683609724 6
      vertex 80.2091277406671 57.08203761458902 19.990000000000002
      vertex 80.95825150712909 55.4981484880419 16.990000000000002
    endloop
  endfacet
  facet normal 0.8577286101123703 0.5141027440061972 3.962645197689209e-17
    outer loop
      vertex 74.60411327268966 68.81045245678435 6
      vertex 73.0608565186492 71.38522080051 6
      vertex 74.87858332693577 68.35252683609724 20
    endloop
  endfacet
  facet normal 0.8577286101123708 0.5141027440061962 0
    outer loop
      vertex 74.60411327268966 68.81045245678435 6
      vertex 74.87858332693577 68.35252683609724 20
      vertex 74.87858332693577 68.35252683609724 6
    endloop
  endfacet
  facet normal 0.8577286101123717 0.5141027440061948 -6.644374951245053e-16
    outer loop
      vertex 67.56309378147125 80.55768378823996 6
      vertex 74.87858332693577 68.35252683609724 20
      vertex 73.0608565186492 71.38522080051 6
    endloop
  endfacet
  facet normal 0 0 -1
    outer loop
      vertex 17.553701147437096 37.71173894405365 18.6
      vertex 70.46897701174021 65.99554315209389 18.6
      vertex 75.9368240907412 54.43475182447654 18.6
    endloop
  endfacet
  facet normal 0 0 1
    outer loop
      vertex 74.87858332693577 68.35252683609724 20
      vertex 40.27900373523853 41.34340893251738 20
      vertex 55.061076255419124 47.46634385035881 20
    endloop
  endfacet
  facet normal 0 0 -1
    outer loop
      vertex 41.48265219310514 55.5984594469094 18.6
      vertex 41.66323656029684 55.67534555064992 18.6
      vertex 70.46897701174021 65.99554315209389 18.6
    endloop
  endfacet
  facet normal 0 0 -1
    outer loop
      vertex 41.66323656029684 55.67534555064992 18.6
      vertex 41.835415208382045 55.76956179004618 18.6
      vertex 70.46897701174021 65.99554315209389 18.6
    endloop
  endfacet
  facet normal 0 0 -1
    outer loop
      vertex 41.835415208382045 55.76956179004618 18.6
      vertex 41.9975299628573 55.88020081120895 18.6
      vertex 70.46897701174021 65.99554315209389 18.6
    endloop
  endfacet
  facet normal 0 0 -1
    outer loop
      vertex 41.9975299628573 55.88020081120895 18.6
      vertex 42.14801957001603 56.006197099882996 18.6
      vertex 70.46897701174021 65.99554315209389 18.6
    endloop
  endfacet
  facet normal 0 0 -1
    outer loop
      vertex 42.14801957001603 56.006197099882996 18.6
      vertex 42.28543473267534 56.14633724293181 18.6
      vertex 70.46897701174021 65.99554315209389 18.6
    endloop
  endfacet
  facet normal 0 0 -1
    outer loop
      vertex 42.28543473267534 56.14633724293181 18.6
      vertex 42.408452067700054 56.29927161416942 18.6
      vertex 70.46897701174021 65.99554315209389 18.6
    endloop
  endfacet
  facet normal 0 0 -1
    outer loop
      vertex 42.408452067700054 56.29927161416942 18.6
      vertex 42.51588685090573 56.463527371998396 18.6
      vertex 70.46897701174021 65.99554315209389 18.6
    endloop
  endfacet
  facet normal 0 0 -1
    outer loop
      vertex 42.51588685090573 56.463527371998396 18.6
      vertex 42.60670442660032 56.63752264367951 18.6
      vertex 66.71443439520841 72.25961907070656 18.6
    endloop
  endfacet
  facet normal 0 0 -1
    outer loop
      vertex 42.60670442660032 56.63752264367951 18.6
      vertex 42.680030171883914 56.81958175963098 18.6
      vertex 66.71443439520841 72.25961907070656 18.6
    endloop
  endfacet
  facet normal 0 0 -1
    outer loop
      vertex 42.680030171883914 56.81958175963098 18.6
      vertex 42.735157919745504 57.00795139104255 18.6
      vertex 66.71443439520841 72.25961907070656 18.6
    endloop
  endfacet
  facet normal 0 0 -1
    outer loop
      vertex 42.735157919745504 57.00795139104255 18.6
      vertex 42.77155675983731 57.200817435390434 18.6
      vertex 66.71443439520841 72.25961907070656 18.6
    endloop
  endfacet
  facet normal 0 0 -1
    outer loop
      vertex 42.77155675983731 57.200817435390434 18.6
      vertex 42.78887615143161 57.39632248723623 18.6
      vertex 66.71443439520841 72.25961907070656 18.6
    endloop
  endfacet
  facet normal 0 0 -1
    outer loop
      vertex 42.78887615143161 57.39632248723623 18.6
      vertex 42.78694929931959 57.592583726056745 18.6
      vertex 66.71443439520841 72.25961907070656 18.6
    endloop
  endfacet
  facet normal -0.451323235951354 0.7364925840276414 0.5038710255240781
    outer loop
      vertex 42.78694929931959 57.592583726056745 18.60621738340342
      vertex 42.78887615143161 57.39632248723623 18.894812227495784
      vertex 66.71443439520841 72.25961907070656 18.6
    endloop
  endfacet
  facet normal -0.4513232359513289 0.7364925840276008 0.5038710255241599
    outer loop
      vertex 42.7865168758464 57.59657235629423 18.6
      vertex 42.78694929931959 57.592583726056745 18.60621738340342
      vertex 66.71443439520841 72.25961907070656 18.6
    endloop
  endfacet
  facet normal 0 0 -1
    outer loop
      vertex 42.7865168758464 57.59657235629423 18.6
      vertex 66.71443439520841 72.25961907070656 18.6
      vertex 42.78694929931959 57.592583726056745 18.6
    endloop
  endfacet
  facet normal 0 0 1
    outer loop
      vertex 74.87858332693577 68.35252683609724 20
      vertex 41.9975299628573 55.88020081120895 20
      vertex 41.835415208382045 55.76956179004618 20
    endloop
  endfacet
  facet normal 0 0 1
    outer loop
      vertex 74.87858332693577 68.35252683609724 20
      vertex 42.14801957001603 56.006197099882996 20
      vertex 41.9975299628573 55.88020081120895 20
    endloop
  endfacet
  facet normal 0 0 1
    outer loop
      vertex 74.87858332693577 68.35252683609724 20
      vertex 42.28543473267534 56.14633724293181 20
      vertex 42.14801957001603 56.006197099882996 20
    endloop
  endfacet
  facet normal 0 0 1
    outer loop
      vertex 74.87858332693577 68.35252683609724 20
      vertex 42.408452067700054 56.29927161416942 20
      vertex 42.28543473267534 56.14633724293181 20
    endloop
  endfacet
  facet normal 0 0 1
    outer loop
      vertex 74.87858332693577 68.35252683609724 20
      vertex 42.51588685090573 56.463527371998396 20
      vertex 42.408452067700054 56.29927161416942 20
    endloop
  endfacet
  facet normal 0 0 1
    outer loop
      vertex 74.87858332693577 68.35252683609724 20
      vertex 42.52834575806477 56.48739710117149 20
      vertex 42.51588685090573 56.463527371998396 20
    endloop
  endfacet
  facet normal -0.45132323595135243 0.7364925840276392 0.5038710255240825
    outer loop
      vertex 42.78887615143161 57.39632248723623 18.894812227495784
      vertex 42.77155675983731 57.200817435390434 19.165062688561072
      vertex 66.71443439520841 72.25961907070656 18.6
    endloop
  endfacet
  facet normal -0.4513232359513526 0.7364925840276394 0.5038710255240822
    outer loop
      vertex 42.77155675983731 57.200817435390434 19.165062688561072
      vertex 42.735157919745504 57.00795139104255 19.414366106925314
      vertex 66.71443439520841 72.25961907070656 18.6
    endloop
  endfacet
  facet normal -0.4513232359513504 0.7364925840276363 0.5038710255240886
    outer loop
      vertex 42.735157919745504 57.00795139104255 19.414366106925314
      vertex 42.680030171883914 56.81958175963098 19.64032155438654
      vertex 66.71443439520841 72.25961907070656 18.6
    endloop
  endfacet
  facet normal -0.4513232359513499 0.7364925840276355 0.5038710255240904
    outer loop
      vertex 42.680030171883914 56.81958175963098 19.64032155438654
      vertex 42.60670442660032 56.63752264367951 19.840752956465874
      vertex 66.71443439520841 72.25961907070656 18.6
    endloop
  endfacet
  facet normal -0.4513232359513438 0.7364925840276275 0.5038710255241073
    outer loop
      vertex 42.60670442660032 56.63752264367951 19.840752956465874
      vertex 42.52834575806477 56.48739710117149 19.990000000000002
      vertex 66.71443439520841 72.25961907070656 18.6
    endloop
  endfacet
  facet normal -0.522498564715949 0.8526401643540922 0
    outer loop
      vertex 42.52834575806477 56.48739710117149 19.990000000000002
      vertex 42.52834575806477 56.48739710117149 20
      vertex 71.38957694309701 74.17358231804803 20
    endloop
  endfacet
  facet normal 0.33055387460035657 -0.7980276471551558 0.5038710255240898
    outer loop
      vertex 55.34426199536928 46.78267299630046 19.990000000000002
      vertex 75.9368240907412 54.43475182447654 18.6
      vertex 80.2091277406671 57.08203761458902 19.990000000000002
    endloop
  endfacet
  facet normal 0 0 1
    outer loop
      vertex 74.87858332693577 68.35252683609724 20
      vertex 55.061076255419124 47.46634385035881 20
      vertex 80.2091277406671 57.08203761458902 20
    endloop
  endfacet
  facet normal -0.8577286099949926 -0.5141027442020302 -6.051425048816567e-13
    outer loop
      vertex 63.40574572235346 77.77983262389898 12
      vertex 66.2315829654996 73.06520801242984 16.990000000000002
      vertex 66.22644169029418 73.07378571189804 16.990000000000002
    endloop
  endfacet
  facet normal -0.8577286099952659 -0.514102744201574 3.810188989019315e-15
    outer loop
      vertex 63.40574572235346 77.77983262389898 12
      vertex 66.22644169029418 73.07378571189804 16.990000000000002
      vertex 65.74359026058536 73.87937465362131 18.6
    endloop
  endfacet
  facet normal -0.8577286099952646 -0.5141027442015763 1.76097382152717e-15
    outer loop
      vertex 63.40574572235346 77.77983262389898 12
      vertex 70.46897701174021 65.99554315209389 18.6
      vertex 66.2315829654996 73.06520801242984 16.990000000000002
    endloop
  endfacet
  facet normal -0.8577286099952631 -0.5141027442015786 0
    outer loop
      vertex 63.40574572235346 77.77983262389898 12
      vertex 65.74359026058536 73.87937465362131 18.6
      vertex 63.40574572235346 77.77983262389898 18.6
    endloop
  endfacet
  facet normal 0 0 1
    outer loop
      vertex 66.22644169029418 73.07378571189804 16.990000000000002
      vertex 66.2315829654996 73.06520801242984 16.990000000000002
      vertex 70.48985378248882 75.6746797251941 16.990000000000002
    endloop
  endfacet
  facet normal 0 0 1
    outer loop
      vertex 66.22644169029418 73.07378571189804 16.990000000000002
      vertex 70.48985378248882 75.6746797251941 16.990000000000002
      vertex 70.48471250728534 75.6832574246635 16.990000000000002
    endloop
  endfacet
  facet normal 0 0 -1
    outer loop
      vertex 39.58330619504301 59.06948342629978 18.6
      vertex 63.40574572235346 77.77983262389898 18.6
      vertex 39.74542094951826 59.18012244746255 18.6
    endloop
  endfacet
  facet normal 0 0 -1
    outer loop
      vertex 39.74542094951826 59.18012244746255 18.6
      vertex 63.40574572235346 77.77983262389898 18.6
      vertex 39.91759959760347 59.27433868685881 18.6
    endloop
  endfacet
  facet normal 0 0 -1
    outer loop
      vertex 39.91759959760347 59.27433868685881 18.6
      vertex 63.40574572235346 77.77983262389898 18.6
      vertex 40.09818396479517 59.35122479059933 18.6
    endloop
  endfacet
  facet normal 0 0 -1
    outer loop
      vertex 40.09818396479517 59.35122479059933 18.6
      vertex 63.40574572235346 77.77983262389898 18.6
      vertex 40.28543492491984 59.41004030347489 18.6
    endloop
  endfacet
  facet normal 0 0 -1
    outer loop
      vertex 40.28543492491984 59.41004030347489 18.6
      vertex 63.40574572235346 77.77983262389898 18.6
      vertex 40.4775491488697 59.45021879994464 18.6
    endloop
  endfacet
  facet normal 0 0 -1
    outer loop
      vertex 40.4775491488697 59.45021879994464 18.6
      vertex 63.40574572235346 77.77983262389898 18.6
      vertex 40.672676471647776 59.4713733391238 18.6
    endloop
  endfacet
  facet normal 0 0 -1
    outer loop
      vertex 40.672676471647776 59.4713733391238 18.6
      vertex 65.74359026058536 73.87937465362131 18.6
      vertex 40.86893771046829 59.473300191235815 18.6
    endloop
  endfacet
  facet normal 0 0 -1
    outer loop
      vertex 40.86893771046829 59.473300191235815 18.6
      vertex 65.74359026058536 73.87937465362131 18.6
      vertex 41.06444276231409 59.45598079964152 18.6
    endloop
  endfacet
  facet normal 0 0 -1
    outer loop
      vertex 41.06444276231409 59.45598079964152 18.6
      vertex 65.74359026058536 73.87937465362131 18.6
      vertex 41.25730880666195 59.41958195954972 18.6
    endloop
  endfacet
  facet normal 0 0 -1
    outer loop
      vertex 41.25730880666195 59.41958195954972 18.6
      vertex 65.74359026058536 73.87937465362131 18.6
      vertex 41.44567843807353 59.36445421168813 18.6
    endloop
  endfacet
  facet normal 0 0 -1
    outer loop
      vertex 41.44567843807353 59.36445421168813 18.6
      vertex 65.74359026058536 73.87937465362131 18.6
      vertex 41.62773755402502 59.29112846640453 18.6
    endloop
  endfacet
  facet normal 0 0 -1
    outer loop
      vertex 41.795145803067115 59.20374901532875 18.6
      vertex 41.62773755402502 59.29112846640453 18.6
      vertex 65.74359026058536 73.87937465362131 18.6
    endloop
  endfacet
  facet normal 0.4513232359513534 -0.7364925840276411 0.5038710255240788
    outer loop
      vertex 41.795145803067115 59.20374901532875 18.6
      vertex 65.74359026058536 73.87937465362131 18.6
      vertex 41.62773755402502 59.29112846640453 18.87766937035292
    endloop
  endfacet
  facet normal 0 0 -1
    outer loop
      vertex 40.672676471647776 59.4713733391238 18.6
      vertex 63.40574572235346 77.77983262389898 18.6
      vertex 65.74359026058536 73.87937465362131 18.6
    endloop
  endfacet
  facet normal 0.451323235951349 -0.736492584027634 0.5038710255240932
    outer loop
      vertex 41.62773755402502 59.29112846640453 18.87766937035292
      vertex 69.58498934667715 77.18435483180957 19.990000000000002
      vertex 41.44567843807353 59.36445421168813 19.14791983141823
    endloop
  endfacet
  facet normal 0.45132323595134927 -0.736492584027634 0.5038710255240931
    outer loop
      vertex 40.86893771046829 59.473300191235815 19.82361009932302
      vertex 69.58498934667715 77.18435483180957 19.990000000000002
      vertex 40.680150354183226 59.471446716151455 19.990000000000002
    endloop
  endfacet
  facet normal 0.522498564715949 -0.8526401643540922 0
    outer loop
      vertex 40.680150354183226 59.471446716151455 19.990000000000002
      vertex 69.58498934667715 77.18435483180957 19.990000000000002
      vertex 40.680150354183226 59.471446716151455 20
    endloop
  endfacet
  facet normal 0 0 1
    outer loop
      vertex 67.56309378147125 80.55768378823996 20
      vertex 39.58330619504301 59.06948342629978 20
      vertex 39.74542094951826 59.18012244746255 20
    endloop
  endfacet
  facet normal 0 0 1
    outer loop
      vertex 67.56309378147125 80.55768378823996 20
      vertex 39.74542094951826 59.18012244746255 20
      vertex 39.91759959760347 59.27433868685881 20
    endloop
  endfacet
  facet normal 0 0 1
    outer loop
      vertex 67.56309378147125 80.55768378823996 20
      vertex 39.91759959760347 59.27433868685881 20
      vertex 40.09818396479517 59.35122479059933 20
    endloop
  endfacet
  facet normal 0 0 1
    outer loop
      vertex 67.56309378147125 80.55768378823996 20
      vertex 40.09818396479517 59.35122479059933 20
      vertex 40.28543492491984 59.41004030347489 20
    endloop
  endfacet
  facet normal 0 0 1
    outer loop
      vertex 67.56309378147125 80.55768378823996 20
      vertex 40.28543492491984 59.41004030347489 20
      vertex 40.4775491488697 59.45021879994464 20
    endloop
  endfacet
  facet normal 0 0 1
    outer loop
      vertex 67.56309378147125 80.55768378823996 20
      vertex 40.4775491488697 59.45021879994464 20
      vertex 40.672676471647776 59.4713733391238 20
    endloop
  endfacet
  facet normal 0 0 1
    outer loop
      vertex 67.56309378147125 80.55768378823996 20
      vertex 40.672676471647776 59.4713733391238 20
      vertex 40.680150354183226 59.471446716151455 20
    endloop
  endfacet
  facet normal 0.45132323595134965 -0.7364925840276348 0.5038710255240914
    outer loop
      vertex 41.44567843807353 59.36445421168813 19.14791983141823
      vertex 69.58498934667715 77.18435483180957 19.990000000000002
      vertex 41.25730880666195 59.41958195954972 19.39722324978245
    endloop
  endfacet
  facet normal 0.45132323595135354 -0.7364925840276406 0.5038710255240794
    outer loop
      vertex 41.25730880666195 59.41958195954972 19.39722324978245
      vertex 69.58498934667715 77.18435483180957 19.990000000000002
      vertex 41.06444276231409 59.45598079964152 19.623178697243674
    endloop
  endfacet
  facet normal 0.45132323595135265 -0.7364925840276393 0.5038710255240824
    outer loop
      vertex 41.06444276231409 59.45598079964152 19.623178697243674
      vertex 69.58498934667715 77.18435483180957 19.990000000000002
      vertex 40.86893771046829 59.473300191235815 19.82361009932302
    endloop
  endfacet
  facet normal 0.45132323595135027 -0.7364925840276356 0.5038710255240896
    outer loop
      vertex 41.62773755402502 59.29112846640453 18.87766937035292
      vertex 65.74359026058536 73.87937465362131 18.6
      vertex 69.58498934667715 77.18435483180957 19.990000000000002
    endloop
  endfacet
  facet normal 0 0 1
    outer loop
      vertex 67.56309378147125 80.55768378823996 20
      vertex 40.680150354183226 59.471446716151455 20
      vertex 69.58498934667715 77.18435483180957 20
    endloop
  endfacet
  facet normal 0 0 -1
    outer loop
      vertex 42.51588685090573 56.463527371998396 18.6
      vertex 66.71443439520841 72.25961907070656 18.6
      vertex 70.46897701174021 65.99554315209389 18.6
    endloop
  endfacet
  facet normal -0.8577286099952638 -0.5141027442015778 -6.382986612727894e-15
    outer loop
      vertex 66.2315829654996 73.06520801242984 16.990000000000002
      vertex 70.46897701174021 65.99554315209389 18.6
      vertex 66.71443439520841 72.25961907070656 18.6
    endloop
  endfacet
  facet normal 0 0 1
    outer loop
      vertex 74.87858332693577 68.35252683609724 20
      vertex 71.38957694309701 74.17358231804803 20
      vertex 42.52834575806477 56.48739710117149 20
    endloop
  endfacet
  facet normal -0.4513232359513515 0.7364925840276374 0.5038710255240859
    outer loop
      vertex 42.52834575806477 56.48739710117149 19.990000000000002
      vertex 71.38957694309701 74.17358231804803 19.990000000000002
      vertex 66.71443439520841 72.25961907070656 18.6
    endloop
  endfacet
  facet normal -0.522498564715949 0.8526401643540922 0
    outer loop
      vertex 42.52834575806477 56.48739710117149 19.990000000000002
      vertex 71.38957694309701 74.17358231804803 20
      vertex 71.38957694309701 74.17358231804803 19.990000000000002
    endloop
  endfacet
  facet normal -0.45132323595135143 0.7364925840276363 0.5038710255240877
    outer loop
      vertex 66.2315829654996 73.06520801242984 16.990000000000002
      vertex 66.71443439520841 72.25961907070656 18.6
      vertex 71.38957694309701 74.17358231804803 19.990000000000002
    endloop
  endfacet
  facet normal 0.45132323595135104 -0.7364925840276365 0.5038710255240877
    outer loop
      vertex 66.22644169029418 73.07378571189804 16.990000000000002
      vertex 70.48471250728534 75.6832574246635 16.990000000000002
      vertex 65.74359026058536 73.87937465362131 18.6
    endloop
  endfacet
  facet normal -0.45132323595135054 0.7364925840276384 0.5038710255240856
    outer loop
      vertex 66.2315829654996 73.06520801242984 16.990000000000002
      vertex 71.38957694309701 74.17358231804803 19.990000000000002
      vertex 70.48985378248882 75.6746797251941 16.990000000000002
    endloop
  endfacet
  facet normal 0.4513232359513511 -0.7364925840276363 0.503871025524088
    outer loop
      vertex 65.74359026058536 73.87937465362131 18.6
      vertex 70.48471250728534 75.6832574246635 16.990000000000002
      vertex 69.58498934667715 77.18435483180957 19.990000000000002
    endloop
  endfacet
  facet normal 0.522498564715949 -0.8526401643540922 0
    outer loop
      vertex 69.58498934667715 77.18435483180957 20
      vertex 40.680150354183226 59.471446716151455 20
      vertex 69.58498934667715 77.18435483180957 19.990000000000002
    endloop
  endfacet
  facet normal -0.9039892931351867 -0.42755509340545284 0
    outer loop
      vertex 76.34313455224037 53.575680531561375 12
      vertex 76.34313455224037 53.575680531561375 16.990000000000002
      vertex 76.33885384507633 53.58473132642507 16.990000000000002
    endloop
  endfacet
  facet normal 0 0 1
    outer loop
      vertex 76.33885384507633 53.58473132642507 16.990000000000002
      vertex 76.34313455224037 53.575680531561375 16.990000000000002
      vertex 80.95825150712909 55.4981484880419 16.990000000000002
    endloop
  endfacet
  facet normal 0 0 1
    outer loop
      vertex 76.34313455224037 53.575680531561375 16.990000000000002
      vertex 80.96253221436604 55.48909769303306 16.990000000000002
      vertex 80.95825150712909 55.4981484880419 16.990000000000002
    endloop
  endfacet
  facet normal -0.9039892931352864 -0.4275550934052423 -5.303412279082679e-16
    outer loop
      vertex 70.46897701174021 65.99554315209389 12
      vertex 76.33885384507633 53.58473132642507 16.990000000000002
      vertex 75.9368240907412 54.43475182447654 18.6
    endloop
  endfacet
  facet normal -0.9039892931352864 -0.427555093405242 0
    outer loop
      vertex 70.46897701174021 65.99554315209389 12
      vertex 75.9368240907412 54.43475182447654 18.6
      vertex 70.46897701174021 65.99554315209389 18.6
    endloop
  endfacet
  facet normal -0.33055387455989527 0.7980276471306 0.5038710255895247
    outer loop
      vertex 76.34313455224037 53.575680531561375 16.990000000000002
      vertex 76.6599118450336 52.69034730753823 18.6
      vertex 80.96253221436604 55.48909769303306 16.990000000000002
    endloop
  endfacet
  facet normal -0.330553874600356 0.7980276471551574 0.5038710255240874
    outer loop
      vertex 76.6599118450336 52.69034730753823 18.6
      vertex 81.55280046219877 53.83940845621189 19.990000000000002
      vertex 80.96253221482038 55.48909769207239 16.990000001819574
    endloop
  endfacet
  facet normal 0.3305538746003582 -0.7980276471551574 0.5038710255240861
    outer loop
      vertex 76.33885384507633 53.58473132642507 16.990000000000002
      vertex 80.95825150712909 55.4981484880419 16.990000000000002
      vertex 75.9368240907412 54.43475182447654 18.6
    endloop
  endfacet
  facet normal -0.3305546260565653 0.7980280993175257 0.5038698164131898
    outer loop
      vertex 76.6599118450336 52.69034730753823 18.6
      vertex 80.96253221482038 55.48909769207239 16.990000001819574
      vertex 80.96253221436604 55.48909769303306 16.990000000000002
    endloop
  endfacet
  facet normal 0.33055387460035823 -0.798027647155157 0.5038710255240868
    outer loop
      vertex 75.9368240907412 54.43475182447654 18.6
      vertex 80.95825150712909 55.4981484880419 16.990000000000002
      vertex 80.2091277406671 57.08203761458902 19.990000000000002
    endloop
  endfacet
  facet normal 0.3826834323650899 -0.9238795325112866 0
    outer loop
      vertex 80.2091277406671 57.08203761458902 20
      vertex 55.34426199536928 46.78267299630046 20
      vertex 80.2091277406671 57.08203761458902 19.990000000000002
    endloop
  endfacet
  facet normal 0.9039892929716884 0.4275550937511408 0
    outer loop
      vertex 74.87858332693577 68.35252683609724 20
      vertex 80.2091277406671 57.08203761458902 20
      vertex 80.2091277406671 57.08203761458902 19.990000000000002
    endloop
  endfacet
  facet normal 0.9039892929716884 0.42755509375114087 0
    outer loop
      vertex 74.87858332693577 68.35252683609724 6
      vertex 74.87858332693577 68.35252683609724 20
      vertex 80.2091277406671 57.08203761458902 19.990000000000002
    endloop
  endfacet
  facet normal 0.8577286101123716 0.5141027440061952 -2.995858043772633e-16
    outer loop
      vertex 67.56309378147125 80.55768378823996 6
      vertex 71.38957694309701 74.17358231804803 19.990000000000002
      vertex 74.87858332693577 68.35252683609724 20
    endloop
  endfacet
  facet normal 0.8577286101123714 0.5141027440061952 0
    outer loop
      vertex 74.87858332693577 68.35252683609724 20
      vertex 71.38957694309701 74.17358231804803 19.990000000000002
      vertex 71.38957694309701 74.17358231804803 20
    endloop
  endfacet
  facet normal 0.8032075317026688 0.5956993041930687 0
    outer loop
      vertex 66.03376970591023 82.61973859887763 6
      vertex 67.56309378147125 80.55768378823996 20
      vertex 67.56309378147125 80.55768378823996 6
    endloop
  endfacet
  facet normal 0.8032075317026661 0.5956993041930724 8.245546070063323e-16
    outer loop
      vertex 66.03376970591023 82.61973859887763 6
      vertex 64.24627625857002 85.0298945108736 6
      vertex 67.56309378147125 80.55768378823996 20
    endloop
  endfacet
  facet normal 0.8032075317026686 0.5956993041930689 -8.496258512827e-16
    outer loop
      vertex 64.24627625857002 85.0298945108736 6
      vertex 59.08651573956013 91.98702620714903 6
      vertex 67.56309378147125 80.55768378823996 20
    endloop
  endfacet
  facet normal 0.8577286101117579 0.5141027440072188 6.141793168940586e-13
    outer loop
      vertex 67.56309378147125 80.55768378823996 6
      vertex 70.48471250728534 75.6832574246635 16.990000000000002
      vertex 70.48985378248882 75.6746797251941 16.990000000000002
    endloop
  endfacet
  facet normal -0.8032075314337297 -0.5956993045556913 0
    outer loop
      vertex 55.22146347165108 88.81505978107452 12
      vertex 63.40574572235346 77.77983262389898 12
      vertex 63.40574572235346 77.77983262389898 18.6
    endloop
  endfacet
  facet normal 0.8577286101123732 0.5141027440061922 -1.3708622359737403e-15
    outer loop
      vertex 67.56309378147125 80.55768378823996 6
      vertex 69.58498934667715 77.18435483180957 19.990000000000002
      vertex 70.48471250728534 75.6832574246635 16.990000000000002
    endloop
  endfacet
  facet normal 0.740951125418055 0.6715589547774027 -5.498112172651724e-16
    outer loop
      vertex 55.997899311081284 95.39478929687604 6
      vertex 53.98317290994228 97.61769732857405 6
      vertex 59.08651573956013 91.98702620714903 20
    endloop
  endfacet
  facet normal 0.7409511254180537 0.6715589547774039 0
    outer loop
      vertex 55.997899311081284 95.39478929687604 6
      vertex 59.08651573956013 91.98702620714903 20
      vertex 59.08651573956013 91.98702620714903 6
    endloop
  endfacet
  facet normal 0.7409511254182508 0.6715589547771866 -1.4540744346593752e-13
    outer loop
      vertex 53.98317290994228 97.61769732857405 6
      vertex 57.16711633554965 94.10475710539862 16.990000000000002
      vertex 57.17383483885517 94.09734437930817 16.990000000000002
    endloop
  endfacet
  facet normal -0.7409511243129933 -0.6715589559966507 0
    outer loop
      vertex 55.22146347165108 88.81505978107452 12
      vertex 55.22146347165108 88.81505978107452 18.6
      vertex 50.915510915219784 93.56594629585743 12
    endloop
  endfacet
  facet normal 0.740951125418049 0.6715589547774093 3.561643872757355e-15
    outer loop
      vertex 53.98317290994228 97.61769732857405 6
      vertex 57.17383483885517 94.09734437930817 16.990000000000002
      vertex 58.349572917320856 92.80011731348077 19.990000000000002
    endloop
  endfacet
  facet normal 0.740951125418054 0.6715589547774037 1.2580449324048013e-17
    outer loop
      vertex 49.53048327565193 102.53048327565193 6
      vertex 49.530483345380716 102.53048319871807 19.000000103706153
      vertex 57.16711633554965 94.10475710539862 16.990000000000002
    endloop
  endfacet
  facet normal -0.8032075314337297 -0.5956993045556913 0
    outer loop
      vertex 55.22146347165108 88.81505978107452 12
      vertex 63.40574572235346 77.77983262389898 18.6
      vertex 55.22146347165108 88.81505978107452 18.6
    endloop
  endfacet
  facet normal 0.8577286101123709 0.5141027440061963 0
    outer loop
      vertex 67.56309378147125 80.55768378823996 6
      vertex 67.56309378147125 80.55768378823996 20
      vertex 69.58498934667715 77.18435483180957 19.990000000000002
    endloop
  endfacet
  facet normal 0.8032075317026681 0.5956993041930697 0
    outer loop
      vertex 59.08651573956013 91.98702620714903 6
      vertex 59.08651573956013 91.98702620714903 20
      vertex 67.56309378147125 80.55768378823996 20
    endloop
  endfacet
  facet normal -0.5609795213772779 0.6568226292026059 0.5038710255240881
    outer loop
      vertex 32.5156575545447 70.73586917223574 19.990000000000002
      vertex 58.349572917320856 92.80011731348077 19.990000000000002
      vertex 54.005716515763936 90.15642983622895 18.6
    endloop
  endfacet
  facet normal -0.6494480483301835 0.760405965600031 0
    outer loop
      vertex 32.5156575545447 70.73586917223574 19.990000000000002
      vertex 58.349572917320856 92.80011731348077 20
      vertex 58.349572917320856 92.80011731348077 19.990000000000002
    endloop
  endfacet
  facet normal 0 0 1
    outer loop
      vertex 59.08651573956013 91.98702620714903 20
      vertex 58.349572917320856 92.80011731348077 20
      vertex 32.086363409409245 70.05311059122893 20
    endloop
  endfacet
  facet normal 0.8577286101123709 0.5141027440061962 0
    outer loop
      vertex 67.56309378147125 80.55768378823996 20
      vertex 69.58498934667715 77.18435483180957 20
      vertex 69.58498934667715 77.18435483180957 19.990000000000002
    endloop
  endfacet
  facet normal -0.7409511243131819 -0.6715589559964426 2.1349736855231536e-13
    outer loop
      vertex 50.915510915219784 93.56594629585743 12
      vertex 53.37473707914452 90.85260836055178 16.990000000000002
      vertex 53.36801857582648 90.86002108663153 16.990000000000002
    endloop
  endfacet
  facet normal -0.740951124312992 -0.6715589559966518 -1.3618394281065888e-15
    outer loop
      vertex 50.915510915219784 93.56594629585743 12
      vertex 55.22146347165108 88.81505978107452 18.6
      vertex 53.37473707914452 90.85260836055178 16.990000000000002
    endloop
  endfacet
  facet normal -0.7409511243129921 -0.6715589559966517 -8.404307316141257e-16
    outer loop
      vertex 50.915510915219784 93.56594629585743 12
      vertex 53.36801857582648 90.86002108663153 16.990000000000002
      vertex 52.73703913920707 91.55619961095437 18.6
    endloop
  endfacet
  facet normal 0.7409511254180549 0.671558954777403 -2.3239996951705097e-16
    outer loop
      vertex 53.98317290994228 97.61769732857405 6
      vertex 58.349572917320856 92.80011731348077 19.990000000000002
      vertex 59.08651573956013 91.98702620714903 20
    endloop
  endfacet
  facet normal -0.7409511243129936 -0.6715589559966502 0
    outer loop
      vertex 50.915510915219784 93.56594629585743 12
      vertex 52.73703913920707 91.55619961095437 18.6
      vertex 50.915510915219784 93.56594629585743 18.6
    endloop
  endfacet
  facet normal 0 0 1
    outer loop
      vertex 53.36801857582648 90.86002108663153 16.990000000000002
      vertex 53.37473707914452 90.85260836055178 16.990000000000002
      vertex 57.16711633554965 94.10475710539862 16.990000000000002
    endloop
  endfacet
  facet normal 0 0 1
    outer loop
      vertex 53.37473707914452 90.85260836055178 16.990000000000002
      vertex 57.17383483885517 94.09734437930817 16.990000000000002
      vertex 57.16711633554965 94.10475710539862 16.990000000000002
    endloop
  endfacet
  facet normal -0.7071067811865476 0.7071067811865476 0
    outer loop
      vertex 49.53048327565193 102.53048327565193 6
      vertex 49.530483272049395 102.5304832720494 19
      vertex 49.53048327565193 102.53048327565193 20
    endloop
  endfacet
  facet normal 0.7409511264758349 0.6715589536103226 0
    outer loop
      vertex 49.53048327565193 102.53048327565193 6
      vertex 49.53048327565193 102.53048327565193 20
      vertex 49.530483345380716 102.53048319871807 19.000000103706153
    endloop
  endfacet
  facet normal -0.7409511243129936 -0.6715589559966502 2.1331104105041685e-15
    outer loop
      vertex 53.37473707914452 90.85260836055178 16.990000000000002
      vertex 55.22146347165108 88.81505978107452 18.6
      vertex 54.005716515763936 90.15642983622895 18.6
    endloop
  endfacet
  facet normal 0.5609795213772791 -0.6568226292026069 0.5038710255240852
    outer loop
      vertex 53.36801857582648 90.86002108663153 16.990000000000002
      vertex 57.16711633554965 94.10475710539862 16.990000000000002
      vertex 52.73703913920707 91.55619961095437 18.6
    endloop
  endfacet
  facet normal -0.5609795213772782 0.6568226292026074 0.5038710255240857
    outer loop
      vertex 53.37473707914452 90.85260836055178 16.990000000000002
      vertex 58.349572917320856 92.80011731348077 19.990000000000002
      vertex 57.17383483885517 94.09734437930817 16.990000000000002
    endloop
  endfacet
  facet normal -0.5609795213772781 0.6568226292026079 0.5038710255240852
    outer loop
      vertex 53.37473707914452 90.85260836055178 16.990000000000002
      vertex 54.005716515763936 90.15642983622895 18.6
      vertex 58.349572917320856 92.80011731348077 19.990000000000002
    endloop
  endfacet
  facet normal 0.5609795213772791 -0.6568226292026051 0.5038710255240878
    outer loop
      vertex 52.73703913920707 91.55619961095437 18.6
      vertex 57.16711633554965 94.10475710539862 16.990000000000002
      vertex 55.99137825708395 95.40198417122602 19.990000000000002
    endloop
  endfacet
  facet normal 0.7409511254180547 0.671558954777403 0
    outer loop
      vertex 59.08651573956013 91.98702620714903 20
      vertex 58.349572917320856 92.80011731348077 19.990000000000002
      vertex 58.349572917320856 92.80011731348077 20
    endloop
  endfacet
  facet normal 0.7409511254180531 0.671558954777405 -8.494283435209812e-15
    outer loop
      vertex 50.20285212816157 101.78863856578847 20
      vertex 57.16711633554965 94.10475710539862 16.990000000000002
      vertex 49.530483345380716 102.53048319871807 19.000000103706153
    endloop
  endfacet
  facet normal -0.7071067811865476 -0.7071067811865476 0
    outer loop
      vertex 49.530483272049395 102.5304832720494 20
      vertex 49.530483272049395 102.5304832720494 19
      vertex 49.530483345380716 102.53048319871807 19.000000103706153
    endloop
  endfacet
  facet normal -0.5000003655471038 0.499999656737369 0.7071067654288676
    outer loop
      vertex 50.20285212816157 101.78863856578847 20
      vertex 49.530483345380716 102.53048319871807 19.000000103706153
      vertex 49.530483272049395 102.5304832720494 19
    endloop
  endfacet
  facet normal -0.7071067811865475 0.7071067811865475 0
    outer loop
      vertex 49.53048327565193 102.53048327565193 20
      vertex 49.530483272049395 102.5304832720494 19
      vertex 49.530483272049395 102.5304832720494 20
    endloop
  endfacet
  facet normal 0.7409511264758349 0.6715589536103226 0
    outer loop
      vertex 49.53048327565193 102.53048327565193 20
      vertex 49.530483345380716 102.53048319871807 20
      vertex 49.530483345380716 102.53048319871807 19.000000103706153
    endloop
  endfacet
  facet normal -0.7071067811865476 -0.7071067811865476 0
    outer loop
      vertex 49.530483272049395 102.5304832720494 20
      vertex 49.530483345380716 102.53048319871807 19.000000103706153
      vertex 49.530483345380716 102.53048319871807 20
    endloop
  endfacet
  facet normal 0 0 1
    outer loop
      vertex 49.53048327565193 102.53048327565193 20
      vertex 49.530483272049395 102.5304832720494 20
      vertex 49.530483345380716 102.53048319871807 20
    endloop
  endfacet
  facet normal 0.7409511254180557 0.6715589547774018 5.774289173855043e-15
    outer loop
      vertex 50.20285212816157 101.78863856578847 20
      vertex 55.99137825708395 95.40198417122602 19.990000000000002
      vertex 57.16711633554965 94.10475710539862 16.990000000000002
    endloop
  endfacet
  facet normal 0.7409511254180559 0.6715589547774019 0
    outer loop
      vertex 50.20285212816157 101.78863856578847 20
      vertex 55.99137825708395 95.40198417122602 20
      vertex 55.99137825708395 95.40198417122602 19.990000000000002
    endloop
  endfacet
  facet normal -0.9723699203976774 -0.23344536385590142 0
    outer loop
      vertex 117.63593732500587 18.72386468969 0
      vertex 118.21955073464562 16.29293988869581 0
      vertex 117.63593732500587 18.72386468969 4
    endloop
  endfacet
  facet normal -0.9723699203976774 -0.23344536385590142 0
    outer loop
      vertex 118.21955073464562 16.29293988869581 0
      vertex 118.21955073464562 16.29293988869581 4
      vertex 117.63593732500587 18.72386468969 4
    endloop
  endfacet
  facet normal 0 0 -1
    outer loop
      vertex 117.63593732500587 18.72386468969 4
      vertex 118.21955073464562 16.29293988869581 4
      vertex 118.5588960275054 14.63177414983511 4
    endloop
  endfacet
  facet normal 0 0 -1
    outer loop
      vertex 117.63593732500587 18.72386468969 4
      vertex 118.5588960275054 14.63177414983511 4
      vertex 116.77052517980337 21.771350793540478 4
    endloop
  endfacet
  facet normal -0.9969173337331284 -0.07845909572783973 0
    outer loop
      vertex 119.8668738996444 4.6382855124219615 0
      vertex 119.6707261603248 7.130578846754781 4
      vertex 119.6707261603248 7.130578846754781 0
    endloop
  endfacet
  facet normal -0.9969173337331284 -0.07845909572783973 0
    outer loop
      vertex 119.8668738996444 4.6382855124219615 0
      vertex 119.8668738996444 4.6382855124219615 4
      vertex 119.6707261603248 7.130578846754781 4
    endloop
  endfacet
  facet normal 0 0 -1
    outer loop
      vertex 120 0 4
      vertex 119.63885450363159 7.351285524666309 4
      vertex 119.8668738996444 4.6382855124219615 4
    endloop
  endfacet
  facet normal 0 0 -1
    outer loop
      vertex 119.8668738996444 4.6382855124219615 4
      vertex 119.63885450363159 7.351285524666309 4
      vertex 119.6707261603248 7.130578846754781 4
    endloop
  endfacet
  facet normal 0 0 -1
    outer loop
      vertex 117.63593732500587 18.72386468969 0
      vertex 185.70183175284322 35.06504015960338 0
      vertex 118.21955073464562 16.29293988869581 0
    endloop
  endfacet
  facet normal -0.23344536385590545 0.9723699203976767 0
    outer loop
      vertex 117.63593732500587 18.72386468969 0
      vertex 117.63593732500587 18.72386468969 4
      vertex 185.70183175284322 35.06504015960338 0
    endloop
  endfacet
  facet normal 0 0 -1
    outer loop
      vertex 119.63885450363159 7.351285524666309 4
      vertex 118.5588960275054 14.63177414983511 4
      vertex 187.21386566013098 28.2880966886878 4
    endloop
  endfacet
  facet normal 0.2334453638559053 -0.9723699203976766 0
    outer loop
      vertex 118.21955073464562 16.29293988869581 0
      vertex 186.1343320820797 32.59783631778519 4
      vertex 118.21955073464562 16.29293988869581 4
    endloop
  endfacet
  facet normal 0 0 -1
    outer loop
      vertex 118.5588960275054 14.63177414983511 4
      vertex 118.21955073464562 16.29293988869581 4
      vertex 187.21386566013098 28.2880966886878 4
    endloop
  endfacet
  facet normal 0 0 -1
    outer loop
      vertex 117.63593732500587 18.72386468969 4
      vertex 116.77052517980337 21.771350793540478 4
      vertex 185.5268523576965 35.02303132355196 4
    endloop
  endfacet
  facet normal -0.9700312532852532 -0.2429801795411326 0
    outer loop
      vertex 118.5588960275054 14.63177414983511 4
      vertex 116.77052517980337 21.771350793540478 18
      vertex 116.77052517980337 21.771350793540478 4
    endloop
  endfacet
  facet normal 0 -1 0
    outer loop
      vertex 120 0 4
      vertex 149.8 0 4.8
      vertex 149.8 0 9.2
    endloop
  endfacet
  facet normal -0.9987954562265754 -0.049067673891748445 1.647051012222158e-16
    outer loop
      vertex 120 0 4
      vertex 119.71113932435101 5.879894183638295 14.99
      vertex 119.63885450363159 7.351285524666309 4
    endloop
  endfacet
  facet normal -0.9891765098435014 -0.14673047527296243 0
    outer loop
      vertex 119.63885450363159 7.351285524666309 4
      vertex 118.5588960275054 14.63177414983511 18
      vertex 118.5588960275054 14.63177414983511 4
    endloop
  endfacet
  facet normal 0.7261248176580701 0.6875629056173947 0
    outer loop
      vertex 140.92187932918722 20.1789741315084 9.9
      vertex 140.92187932918722 20.1789741315084 10
      vertex 141.07369633648324 20.01864247917584 9.9
    endloop
  endfacet
  facet normal 0.7261248176580701 0.6875629056173947 0
    outer loop
      vertex 140.92187932918722 20.1789741315084 10
      vertex 141.07369633648324 20.01864247917584 10
      vertex 141.07369633648324 20.01864247917584 9.9
    endloop
  endfacet
  facet normal 0.7900212779962315 0.6130794241476394 0
    outer loop
      vertex 140.78650861234308 20.353414412020435 9.9
      vertex 140.78650861234308 20.353414412020435 10
      vertex 140.92187932918722 20.1789741315084 9.9
    endloop
  endfacet
  facet normal 0.8463094015578515 0.5326916526798513 0
    outer loop
      vertex 140.78650861234308 20.353414412020435 9.9
      vertex 140.66888787995526 20.540283365451845 10
      vertex 140.78650861234308 20.353414412020435 10
    endloop
  endfacet
  facet normal 0.7900212779962315 0.6130794241476394 0
    outer loop
      vertex 140.92187932918722 20.1789741315084 9.9
      vertex 140.78650861234308 20.353414412020435 10
      vertex 140.92187932918722 20.1789741315084 10
    endloop
  endfacet
  facet normal 0.8944471029424743 0.44717376939822245 0
    outer loop
      vertex 140.66888787995526 20.540283365451845 9.9
      vertex 140.57014988397458 20.73778134162813 10
      vertex 140.66888787995526 20.540283365451845 10
    endloop
  endfacet
  facet normal 0.8944471029424743 0.44717376939822245 0
    outer loop
      vertex 140.66888787995526 20.540283365451845 9.9
      vertex 140.57014988397458 20.73778134162813 9.9
      vertex 140.57014988397458 20.73778134162813 10
    endloop
  endfacet
  facet normal 0.9339707897713968 0.35734935826693937 0
    outer loop
      vertex 140.57014988397458 20.73778134162813 9.9
      vertex 140.4912455252781 20.944006327075332 10
      vertex 140.57014988397458 20.73778134162813 10
    endloop
  endfacet
  facet normal 0.8463094015578515 0.5326916526798513 0
    outer loop
      vertex 140.66888787995526 20.540283365451845 9.9
      vertex 140.66888787995526 20.540283365451845 10
      vertex 140.78650861234308 20.353414412020435 9.9
    endloop
  endfacet
  facet normal 0.4077329243943018 0.9131012333607214 0
    outer loop
      vertex 141.61249823309572 19.636972966484333 9.9
      vertex 141.61249823309572 19.636972966484333 10
      vertex 141.81411512585498 19.54694368792399 9.9
    endloop
  endfacet
  facet normal 0.4077329243943018 0.9131012333607214 0
    outer loop
      vertex 141.61249823309572 19.636972966484333 10
      vertex 141.81411512585498 19.54694368792399 10
      vertex 141.81411512585498 19.54694368792399 9.9
    endloop
  endfacet
  facet normal 0.5780356642312948 0.8160115016816158 0
    outer loop
      vertex 141.420676593213 19.746330640731294 9.9
      vertex 141.24049755345925 19.8739635364809 10
      vertex 141.420676593213 19.746330640731294 10
    endloop
  endfacet
  facet normal 0.6552353783856908 0.7554247804459162 0
    outer loop
      vertex 141.24049755345925 19.8739635364809 9.9
      vertex 141.07369633648324 20.01864247917584 9.9
      vertex 141.07369633648324 20.01864247917584 10
    endloop
  endfacet
  facet normal 0.5780356642312948 0.8160115016816158 0
    outer loop
      vertex 141.24049755345925 19.8739635364809 9.9
      vertex 141.24049755345925 19.8739635364809 10
      vertex 141.420676593213 19.746330640731294 9.9
    endloop
  endfacet
  facet normal 0.6552353783856908 0.7554247804459162 0
    outer loop
      vertex 141.24049755345925 19.8739635364809 9.9
      vertex 141.07369633648324 20.01864247917584 10
      vertex 141.24049755345925 19.8739635364809 10
    endloop
  endfacet
  facet normal 0.49526915064394406 0.8687395860788354 0
    outer loop
      vertex 141.420676593213 19.746330640731294 9.9
      vertex 141.420676593213 19.746330640731294 10
      vertex 141.61249823309572 19.636972966484333 9.9
    endloop
  endfacet
  facet normal 0.49526915064394406 0.8687395860788354 0
    outer loop
      vertex 141.61249823309572 19.636972966484333 9.9
      vertex 141.420676593213 19.746330640731294 10
      vertex 141.61249823309572 19.636972966484333 10
    endloop
  endfacet
  facet normal 0.31627000719308657 0.948669216613507 0
    outer loop
      vertex 141.81411512585498 19.54694368792399 9.9
      vertex 141.81411512585498 19.54694368792399 10
      vertex 142.02358559059857 19.47710983621782 9.9
    endloop
  endfacet
  facet normal 0.2217612369319457 0.9751009967149112 0
    outer loop
      vertex 142.02358559059857 19.47710983621782 9.9
      vertex 142.02358559059857 19.47710983621782 10
      vertex 142.23889231224274 19.42814394953282 9.9
    endloop
  endfacet
  facet normal 0.31627000719308657 0.948669216613507 0
    outer loop
      vertex 142.02358559059857 19.47710983621782 9.9
      vertex 141.81411512585498 19.54694368792399 10
      vertex 142.02358559059857 19.47710983621782 10
    endloop
  endfacet
  facet normal 0.12511678473213472 0.9921420211735277 0
    outer loop
      vertex 142.23889231224274 19.42814394953282 9.9
      vertex 142.23889231224274 19.42814394953282 10
      vertex 142.45796176935943 19.400517596125237 9.9
    endloop
  endfacet
  facet normal 0.12511678473213472 0.9921420211735277 0
    outer loop
      vertex 142.45796176935943 19.400517596125237 9.9
      vertex 142.23889231224274 19.42814394953282 10
      vertex 142.45796176935943 19.400517596125237 10
    endloop
  endfacet
  facet normal 0.2217612369319457 0.9751009967149112 0
    outer loop
      vertex 142.23889231224274 19.42814394953282 9.9
      vertex 142.02358559059857 19.47710983621782 10
      vertex 142.23889231224274 19.42814394953282 10
    endloop
  endfacet
  facet normal 0 0 1
    outer loop
      vertex 140.78650861234308 20.353414412020435 9.9
      vertex 140.92187932918722 20.1789741315084 9.9
      vertex 140.85960285466396 23.033064552344374 9.9
    endloop
  endfacet
  facet normal 0 0 1
    outer loop
      vertex 140.92187932918722 20.1789741315084 9.9
      vertex 141.07369633648324 20.01864247917584 9.9
      vertex 141.00428179735889 23.199865769320393 9.9
    endloop
  endfacet
  facet normal 0.9339707897713968 0.35734935826693937 0
    outer loop
      vertex 140.4912455252781 20.944006327075332 9.9
      vertex 140.4912455252781 20.944006327075332 10
      vertex 140.57014988397458 20.73778134162813 9.9
    endloop
  endfacet
  facet normal 0.9644998273343421 0.2640834774688189 0
    outer loop
      vertex 140.4912455252781 20.944006327075332 9.9
      vertex 140.43293469597347 21.156972262449557 10
      vertex 140.4912455252781 20.944006327075332 10
    endloop
  endfacet
  facet normal 0.9644998273343421 0.2640834774688189 0
    outer loop
      vertex 140.4912455252781 20.944006327075332 9.9
      vertex 140.43293469597347 21.156972262449557 9.9
      vertex 140.43293469597347 21.156972262449557 10
    endloop
  endfacet
  facet normal 0 0 1
    outer loop
      vertex 140.66888787995526 20.540283365451845 9.9
      vertex 140.62261228466738 22.661063872707906 9.9
      vertex 140.57014988397458 20.73778134162813 9.9
    endloop
  endfacet
  facet normal 0 0 1
    outer loop
      vertex 140.4912455252781 20.944006327075332 9.9
      vertex 140.57014988397458 20.73778134162813 9.9
      vertex 140.53258300610705 22.459446979948616 9.9
    endloop
  endfacet
  facet normal 0 0 1
    outer loop
      vertex 140.43293469597347 21.156972262449557 9.9
      vertex 140.41378326771587 22.03466979356088 9.9
      vertex 140.39577896122296 21.374628169374123 9.9
    endloop
  endfacet
  facet normal 0 0 1
    outer loop
      vertex 140.4912455252781 20.944006327075332 9.9
      vertex 140.46274915440085 22.249976515205045 9.9
      vertex 140.43293469597347 21.156972262449557 9.9
    endloop
  endfacet
  facet normal 0 0 1
    outer loop
      vertex 140.39577896122296 21.374628169374123 9.9
      vertex 140.3861569143083 21.81560033644418 9.9
      vertex 140.38013615106354 21.594877902482523 9.9
    endloop
  endfacet
  facet normal 0 0 1
    outer loop
      vertex 140.66888787995526 20.540283365451845 9.9
      vertex 140.78650861234308 20.353414412020435 9.9
      vertex 140.73196995891436 22.85288551259064 9.9
    endloop
  endfacet
  facet normal 0.985740204310917 0.16827432841961248 0
    outer loop
      vertex 140.43293469597347 21.156972262449557 9.9
      vertex 140.39577896122296 21.374628169374123 9.9
      vertex 140.39577896122296 21.374628169374123 10
    endloop
  endfacet
  facet normal 0.985740204310917 0.16827432841961248 0
    outer loop
      vertex 140.43293469597347 21.156972262449557 9.9
      vertex 140.39577896122296 21.374628169374123 10
      vertex 140.43293469597347 21.156972262449557 10
    endloop
  endfacet
  facet normal 0.9974873642595201 0.07084460559982844 0
    outer loop
      vertex 140.39577896122296 21.374628169374123 9.9
      vertex 140.38013615106354 21.594877902482523 9.9
      vertex 140.38013615106354 21.594877902482523 10
    endloop
  endfacet
  facet normal 0.9974873642595201 0.07084460559982844 0
    outer loop
      vertex 140.39577896122296 21.374628169374123 9.9
      vertex 140.38013615106354 21.594877902482523 10
      vertex 140.39577896122296 21.374628169374123 10
    endloop
  endfacet
  facet normal 0 0 1
    outer loop
      vertex 140.39577896122296 21.374628169374123 9.9
      vertex 140.41378326771587 22.03466979356088 9.9
      vertex 140.3861569143083 21.81560033644418 9.9
    endloop
  endfacet
  facet normal 0 0 1
    outer loop
      vertex 140.43293469597347 21.156972262449557 9.9
      vertex 140.46274915440085 22.249976515205045 9.9
      vertex 140.41378326771587 22.03466979356088 9.9
    endloop
  endfacet
  facet normal 0 0 1
    outer loop
      vertex 140.4912455252781 20.944006327075332 9.9
      vertex 140.53258300610705 22.459446979948616 9.9
      vertex 140.46274915440085 22.249976515205045 9.9
    endloop
  endfacet
  facet normal 0 0 1
    outer loop
      vertex 140.57014988397458 20.73778134162813 9.9
      vertex 140.62261228466738 22.661063872707906 9.9
      vertex 140.53258300610705 22.459446979948616 9.9
    endloop
  endfacet
  facet normal 0 0 1
    outer loop
      vertex 140.66888787995526 20.540283365451845 9.9
      vertex 140.73196995891436 22.85288551259064 9.9
      vertex 140.62261228466738 22.661063872707906 9.9
    endloop
  endfacet
  facet normal 0.9996281756082513 -0.027267389499532224 0
    outer loop
      vertex 140.38013615106354 21.594877902482523 9.9
      vertex 140.3861569143083 21.81560033644418 9.9
      vertex 140.3861569143083 21.81560033644418 10
    endloop
  endfacet
  facet normal 0.9996281756082513 -0.027267389499532224 0
    outer loop
      vertex 140.38013615106354 21.594877902482523 9.9
      vertex 140.3861569143083 21.81560033644418 10
      vertex 140.38013615106354 21.594877902482523 10
    endloop
  endfacet
  facet normal 0.9921420211735285 -0.12511678473212873 0
    outer loop
      vertex 140.3861569143083 21.81560033644418 9.9
      vertex 140.41378326771587 22.03466979356088 9.9
      vertex 140.41378326771587 22.03466979356088 10
    endloop
  endfacet
  facet normal 0.9921420211735285 -0.12511678473212873 0
    outer loop
      vertex 140.3861569143083 21.81560033644418 9.9
      vertex 140.41378326771587 22.03466979356088 10
      vertex 140.3861569143083 21.81560033644418 10
    endloop
  endfacet
  facet normal 0 0 1
    outer loop
      vertex 140.78650861234308 20.353414412020435 9.9
      vertex 140.85960285466396 23.033064552344374 9.9
      vertex 140.73196995891436 22.85288551259064 9.9
    endloop
  endfacet
  facet normal 0 0 1
    outer loop
      vertex 140.92187932918722 20.1789741315084 9.9
      vertex 141.00428179735889 23.199865769320393 9.9
      vertex 140.85960285466396 23.033064552344374 9.9
    endloop
  endfacet
  facet normal 0.9751009967149279 -0.22176123693187266 0
    outer loop
      vertex 140.41378326771587 22.03466979356088 9.9
      vertex 140.46274915440085 22.249976515205045 9.9
      vertex 140.46274915440085 22.249976515205045 10
    endloop
  endfacet
  facet normal 0.9751009967149279 -0.22176123693187266 0
    outer loop
      vertex 140.41378326771587 22.03466979356088 9.9
      vertex 140.46274915440085 22.249976515205045 10
      vertex 140.41378326771587 22.03466979356088 10
    endloop
  endfacet
  facet normal 0.9486692166134653 -0.3162700071932121 0
    outer loop
      vertex 140.46274915440085 22.249976515205045 9.9
      vertex 140.53258300610705 22.459446979948616 9.9
      vertex 140.53258300610705 22.459446979948616 10
    endloop
  endfacet
  facet normal 0.9486692166134653 -0.3162700071932121 0
    outer loop
      vertex 140.46274915440085 22.249976515205045 9.9
      vertex 140.53258300610705 22.459446979948616 10
      vertex 140.46274915440085 22.249976515205045 10
    endloop
  endfacet
  facet normal 0 0 1
    outer loop
      vertex 141.24049755345925 19.8739635364809 9.9
      vertex 141.16461344969144 23.3516827766164 9.9
      vertex 141.07369633648324 20.01864247917584 9.9
    endloop
  endfacet
  facet normal 0 0 1
    outer loop
      vertex 141.24049755345925 19.8739635364809 9.9
      vertex 141.420676593213 19.746330640731294 9.9
      vertex 141.3390537302035 23.487053493460518 9.9
    endloop
  endfacet
  facet normal 0 0 1
    outer loop
      vertex 141.420676593213 19.746330640731294 9.9
      vertex 141.61249823309572 19.636972966484333 9.9
      vertex 141.5259226836349 23.604674225848374 9.9
    endloop
  endfacet
  facet normal 0 0 1
    outer loop
      vertex 141.61249823309572 19.636972966484333 9.9
      vertex 141.81411512585498 19.54694368792399 9.9
      vertex 141.72342065981118 23.70341222182904 9.9
    endloop
  endfacet
  facet normal 0 0 1
    outer loop
      vertex 141.81411512585498 19.54694368792399 9.9
      vertex 142.02358559059857 19.47710983621782 9.9
      vertex 141.9296456452584 23.78231658052555 9.9
    endloop
  endfacet
  facet normal 0 0 1
    outer loop
      vertex 142.02358559059857 19.47710983621782 9.9
      vertex 142.23889231224274 19.42814394953282 9.9
      vertex 142.1426115806326 23.840627409830137 9.9
    endloop
  endfacet
  facet normal 0 0 1
    outer loop
      vertex 142.23889231224274 19.42814394953282 9.9
      vertex 142.45796176935943 19.400517596125237 9.9
      vertex 142.36026748755717 23.877783144580658 9.9
    endloop
  endfacet
  facet normal 0 0 1
    outer loop
      vertex 141.00428179735889 23.199865769320393 9.9
      vertex 141.07369633648324 20.01864247917584 9.9
      vertex 141.16461344969144 23.3516827766164 9.9
    endloop
  endfacet
  facet normal 0 0 1
    outer loop
      vertex 141.24049755345925 19.8739635364809 9.9
      vertex 141.3390537302035 23.487053493460518 9.9
      vertex 141.16461344969144 23.3516827766164 9.9
    endloop
  endfacet
  facet normal 0 0 1
    outer loop
      vertex 141.420676593213 19.746330640731294 9.9
      vertex 141.5259226836349 23.604674225848374 9.9
      vertex 141.3390537302035 23.487053493460518 9.9
    endloop
  endfacet
  facet normal 0 0 1
    outer loop
      vertex 141.61249823309572 19.636972966484333 9.9
      vertex 141.72342065981118 23.70341222182904 9.9
      vertex 141.5259226836349 23.604674225848374 9.9
    endloop
  endfacet
  facet normal 0 0 1
    outer loop
      vertex 141.81411512585498 19.54694368792399 9.9
      vertex 141.9296456452584 23.78231658052555 9.9
      vertex 141.72342065981118 23.70341222182904 9.9
    endloop
  endfacet
  facet normal 0 0 1
    outer loop
      vertex 142.02358559059857 19.47710983621782 9.9
      vertex 142.1426115806326 23.840627409830137 9.9
      vertex 141.9296456452584 23.78231658052555 9.9
    endloop
  endfacet
  facet normal 0 0 1
    outer loop
      vertex 142.23889231224274 19.42814394953282 9.9
      vertex 142.36026748755717 23.877783144580658 9.9
      vertex 142.1426115806326 23.840627409830137 9.9
    endloop
  endfacet
  facet normal 0 0 1
    outer loop
      vertex 142.45796176935943 19.400517596125237 9.9
      vertex 142.58051722066557 23.89342595474008 9.9
      vertex 142.36026748755717 23.877783144580658 9.9
    endloop
  endfacet
  facet normal 0.9131012333607548 -0.4077329243942271 0
    outer loop
      vertex 140.53258300610705 22.459446979948616 9.9
      vertex 140.62261228466738 22.661063872707906 9.9
      vertex 140.62261228466738 22.661063872707906 10
    endloop
  endfacet
  facet normal 0.9131012333607548 -0.4077329243942271 0
    outer loop
      vertex 140.53258300610705 22.459446979948616 9.9
      vertex 140.62261228466738 22.661063872707906 10
      vertex 140.53258300610705 22.459446979948616 10
    endloop
  endfacet
  facet normal 0.8687395860788008 -0.49526915064400473 0
    outer loop
      vertex 140.62261228466738 22.661063872707906 9.9
      vertex 140.73196995891436 22.85288551259064 9.9
      vertex 140.73196995891436 22.85288551259064 10
    endloop
  endfacet
  facet normal 0.8687395860788008 -0.49526915064400473 0
    outer loop
      vertex 140.62261228466738 22.661063872707906 9.9
      vertex 140.73196995891436 22.85288551259064 10
      vertex 140.62261228466738 22.661063872707906 10
    endloop
  endfacet
  facet normal 0.8160115016816256 -0.5780356642312809 0
    outer loop
      vertex 140.73196995891436 22.85288551259064 9.9
      vertex 140.85960285466396 23.033064552344374 9.9
      vertex 140.85960285466396 23.033064552344374 10
    endloop
  endfacet
  facet normal 0.8160115016816256 -0.5780356642312809 0
    outer loop
      vertex 140.73196995891436 22.85288551259064 9.9
      vertex 140.85960285466396 23.033064552344374 10
      vertex 140.73196995891436 22.85288551259064 10
    endloop
  endfacet
  facet normal 0.7554247804459618 -0.6552353783856381 0
    outer loop
      vertex 140.85960285466396 23.033064552344374 9.9
      vertex 141.00428179735889 23.199865769320393 9.9
      vertex 141.00428179735889 23.199865769320393 10
    endloop
  endfacet
  facet normal 0.7554247804459618 -0.6552353783856381 0
    outer loop
      vertex 140.85960285466396 23.033064552344374 9.9
      vertex 141.00428179735889 23.199865769320393 10
      vertex 140.85960285466396 23.033064552344374 10
    endloop
  endfacet
  facet normal 0.6875629056173773 -0.7261248176580866 0
    outer loop
      vertex 141.00428179735889 23.199865769320393 9.9
      vertex 141.16461344969144 23.3516827766164 9.9
      vertex 141.16461344969144 23.3516827766164 10
    endloop
  endfacet
  facet normal 0.6875629056173773 -0.7261248176580866 0
    outer loop
      vertex 141.00428179735889 23.199865769320393 9.9
      vertex 141.16461344969144 23.3516827766164 10
      vertex 141.00428179735889 23.199865769320393 10
    endloop
  endfacet
  facet normal 0.6130794241475659 -0.7900212779962886 0
    outer loop
      vertex 141.16461344969144 23.3516827766164 9.9
      vertex 141.3390537302035 23.487053493460518 10
      vertex 141.16461344969144 23.3516827766164 10
    endloop
  endfacet
  facet normal 0.6130794241475659 -0.7900212779962886 0
    outer loop
      vertex 141.16461344969144 23.3516827766164 9.9
      vertex 141.3390537302035 23.487053493460518 9.9
      vertex 141.3390537302035 23.487053493460518 10
    endloop
  endfacet
  facet normal 0.5326916526799882 -0.8463094015577652 0
    outer loop
      vertex 141.3390537302035 23.487053493460518 9.9
      vertex 141.5259226836349 23.604674225848374 9.9
      vertex 141.5259226836349 23.604674225848374 10
    endloop
  endfacet
  facet normal 0.5326916526799882 -0.8463094015577652 0
    outer loop
      vertex 141.3390537302035 23.487053493460518 9.9
      vertex 141.5259226836349 23.604674225848374 10
      vertex 141.3390537302035 23.487053493460518 10
    endloop
  endfacet
  facet normal 0.4471737693981388 -0.8944471029425162 0
    outer loop
      vertex 141.5259226836349 23.604674225848374 9.9
      vertex 141.72342065981118 23.70341222182904 9.9
      vertex 141.72342065981118 23.70341222182904 10
    endloop
  endfacet
  facet normal 0.4471737693981388 -0.8944471029425162 0
    outer loop
      vertex 141.5259226836349 23.604674225848374 9.9
      vertex 141.72342065981118 23.70341222182904 10
      vertex 141.5259226836349 23.604674225848374 10
    endloop
  endfacet
  facet normal 0.35734935826698266 -0.9339707897713801 0
    outer loop
      vertex 141.72342065981118 23.70341222182904 9.9
      vertex 141.9296456452584 23.78231658052555 9.9
      vertex 141.9296456452584 23.78231658052555 10
    endloop
  endfacet
  facet normal 0.2640834774687278 -0.9644998273343671 0
    outer loop
      vertex 141.9296456452584 23.78231658052555 9.9
      vertex 142.1426115806326 23.840627409830137 9.9
      vertex 142.1426115806326 23.840627409830137 10
    endloop
  endfacet
  facet normal 0.35734935826698266 -0.9339707897713801 0
    outer loop
      vertex 141.72342065981118 23.70341222182904 9.9
      vertex 141.9296456452584 23.78231658052555 10
      vertex 141.72342065981118 23.70341222182904 10
    endloop
  endfacet
  facet normal 0.2640834774687278 -0.9644998273343671 0
    outer loop
      vertex 141.9296456452584 23.78231658052555 9.9
      vertex 142.1426115806326 23.840627409830137 10
      vertex 141.9296456452584 23.78231658052555 10
    endloop
  endfacet
  facet normal 0.1682743284196464 -0.9857402043109111 0
    outer loop
      vertex 142.1426115806326 23.840627409830137 9.9
      vertex 142.36026748755717 23.877783144580658 9.9
      vertex 142.36026748755717 23.877783144580658 10
    endloop
  endfacet
  facet normal 0.0708446055998433 -0.9974873642595191 0
    outer loop
      vertex 142.36026748755717 23.877783144580658 9.9
      vertex 142.58051722066557 23.89342595474008 9.9
      vertex 142.58051722066557 23.89342595474008 10
    endloop
  endfacet
  facet normal 0.1682743284196464 -0.9857402043109111 0
    outer loop
      vertex 142.1426115806326 23.840627409830137 9.9
      vertex 142.36026748755717 23.877783144580658 10
      vertex 142.1426115806326 23.840627409830137 10
    endloop
  endfacet
  facet normal 0.0708446055998433 -0.9974873642595191 0
    outer loop
      vertex 142.36026748755717 23.877783144580658 9.9
      vertex 142.58051722066557 23.89342595474008 10
      vertex 142.36026748755717 23.877783144580658 10
    endloop
  endfacet
  facet normal -0.9238795325112859 -0.3826834323650921 0
    outer loop
      vertex 114.76931922880287 27.546408011742624 0
      vertex 113.81261064789014 29.856106843020843 4
      vertex 113.81261064789014 29.856106843020843 0
    endloop
  endfacet
  facet normal -0.9238795325112854 -0.3826834323650932 7.549516745491358e-16
    outer loop
      vertex 114.76931922880287 27.546408011742624 0
      vertex 114.29096492706547 28.701257454616556 4
      vertex 113.81261064789014 29.856106843020843 4
    endloop
  endfacet
  facet normal -0.9238795325112857 -0.3826834323650924 0
    outer loop
      vertex 114.76931922880287 27.546408011742624 0
      vertex 114.76931922880287 27.546408011742624 4
      vertex 114.29096494786772 28.701257404395484 4
    endloop
  endfacet
  facet normal -0.9238795455059314 -0.3826834009932408 -1.072257045832119e-8
    outer loop
      vertex 114.76931922880287 27.546408011742624 0
      vertex 114.29096494786772 28.701257404395484 4
      vertex 114.29096492706547 28.701257454616556 4
    endloop
  endfacet
  facet normal 0 0 -1
    outer loop
      vertex 116.77052517980337 21.771350793540478 4
      vertex 114.29096494786772 28.701257404395484 4
      vertex 114.76931922880287 27.546408011742624 4
    endloop
  endfacet
  facet normal 0 0 1
    outer loop
      vertex 114.29096494786772 28.701257404395484 4
      vertex 114.2909649387002 28.701257430016994 4
      vertex 114.29096492706547 28.701257454616556 4
    endloop
  endfacet
  facet normal 0 0 -1
    outer loop
      vertex 114.29096492706547 28.701257454616556 4
      vertex 111.14409482479095 35.3547552600503 4
      vertex 113.81261064789014 29.856106843020843 4
    endloop
  endfacet
  facet normal 0 0 -1
    outer loop
      vertex 107.36022092401981 41.667767480015755 4
      vertex 109.60113553245186 38.12159214825355 4
      vertex 111.14409482479095 35.3547552600503 4
    endloop
  endfacet
  facet normal -0.7604059656000318 -0.6494480483301825 0
    outer loop
      vertex 102.84225748041504 47.75809616776374 0
      vertex 101.2186373595896 49.65911108176381 4
      vertex 101.2186373595896 49.65911108176381 0
    endloop
  endfacet
  facet normal -0.852640164354092 -0.5224985647159492 0
    outer loop
      vertex 108.29488912066199 40.253192559138775 0
      vertex 109.60113553245186 38.12159214825355 0
      vertex 108.29488912066199 40.253192559138775 4
    endloop
  endfacet
  facet normal -0.7604059656000318 -0.6494480483301825 0
    outer loop
      vertex 102.84225748041504 47.75809616776374 0
      vertex 102.84225748041504 47.75809616776374 4
      vertex 101.2186373595896 49.65911108176381 4
    endloop
  endfacet
  facet normal 0 0 -1
    outer loop
      vertex 102.97578400373459 47.579496309161186 4
      vertex 98.03300859034061 53.033008590340614 4
      vertex 101.2186373595896 49.65911108176381 4
    endloop
  endfacet
  facet normal 0 0 -1
    outer loop
      vertex 102.97578400373459 47.579496309161186 4
      vertex 101.2186373595896 49.65911108176381 4
      vertex 102.84225748041504 47.75809616776374 4
    endloop
  endfacet
  facet normal -0.852640164354092 -0.5224985647159492 0
    outer loop
      vertex 108.29488912066199 40.253192559138775 4
      vertex 109.60113553245186 38.12159214825355 0
      vertex 109.60113553245186 38.12159214825355 4
    endloop
  endfacet
  facet normal 0 0 -1
    outer loop
      vertex 108.29488912066199 40.253192559138775 4
      vertex 109.60113553245186 38.12159214825355 4
      vertex 107.36022092401981 41.667767480015755 4
    endloop
  endfacet
  facet normal 0 0 -1
    outer loop
      vertex 114.76931922880287 27.546408011742624 0
      vertex 113.81261064789014 29.856106843020843 0
      vertex 178.48417792368022 56.64394710857712 0
    endloop
  endfacet
  facet normal 0.3826834323650896 -0.9238795325112868 0
    outer loop
      vertex 114.76931922880287 27.546408011742624 0
      vertex 136.01854847656247 36.34812695613969 3.9
      vertex 114.76931922880287 27.546408011742624 4
    endloop
  endfacet
  facet normal 0 0 -1
    outer loop
      vertex 113.81261064789014 29.856106843020843 4
      vertex 111.14409482479095 35.3547552600503 4
      vertex 134.77482732137594 39.35073543680137 4
    endloop
  endfacet
  facet normal 0 0 -1
    outer loop
      vertex 114.76931922880287 27.546408011742624 4
      vertex 136.01854847656247 36.34812695613969 4
      vertex 136.30556105083627 35.65521730675623 4
    endloop
  endfacet
  facet normal 0.3826834323650896 -0.9238795325112867 0
    outer loop
      vertex 114.76931922880287 27.546408011742624 4
      vertex 136.01854847656247 36.34812695613969 3.9
      vertex 136.01854847656247 36.34812695613969 4
    endloop
  endfacet
  facet normal -0.38268343236508995 0.9238795325112867 0
    outer loop
      vertex 113.81261064789014 29.856106843020843 4
      vertex 135.06183989564974 38.65782578741791 4
      vertex 135.06183989564974 38.65782578741791 3.9
    endloop
  endfacet
  facet normal 0 0 -1
    outer loop
      vertex 113.81261064789014 29.856106843020843 4
      vertex 134.77482732137594 39.35073543680137 4
      vertex 135.06183989564974 38.65782578741791 4
    endloop
  endfacet
  facet normal 0 0 -1
    outer loop
      vertex 116.77052517980337 21.771350793540478 4
      vertex 114.76931922880287 27.546408011742624 4
      vertex 183.75634868443012 42.091278202831745 4
    endloop
  endfacet
  facet normal 0.9238795325112863 0.3826834323650911 0
    outer loop
      vertex 136.01854847656247 36.34812695613969 4
      vertex 136.01854847656247 36.34812695613969 3.9
      vertex 135.06183989564974 38.65782578741791 3.9
    endloop
  endfacet
  facet normal 0.9238795325112863 0.3826834323650911 0
    outer loop
      vertex 136.01854847656247 36.34812695613969 4
      vertex 135.06183989564974 38.65782578741791 3.9
      vertex 135.06183989564974 38.65782578741791 4
    endloop
  endfacet
  facet normal -0.3826834323650897 0.9238795325112868 0
    outer loop
      vertex 113.81261064789014 29.856106843020843 0
      vertex 113.81261064789014 29.856106843020843 4
      vertex 178.48417792368022 56.64394710857712 0
    endloop
  endfacet
  facet normal 0.5224985647159488 -0.8526401643540923 0
    outer loop
      vertex 109.60113553245186 38.12159214825355 0
      vertex 169.13251318292325 74.60246729151834 4
      vertex 109.60113553245186 38.12159214825355 4
    endloop
  endfacet
  facet normal -0.38268343236508984 0.9238795325112866 -4.0124766254687994e-15
    outer loop
      vertex 113.81261064789014 29.856106843020843 4
      vertex 135.06183989564974 38.65782578741791 3.9
      vertex 178.48417792368022 56.64394710857712 0
    endloop
  endfacet
  facet normal 0 0 -1
    outer loop
      vertex 109.60113553245186 38.12159214825355 4
      vertex 172.87858332693577 68.35252683609724 4
      vertex 111.14409482479095 35.3547552600503 4
    endloop
  endfacet
  facet normal 0 0 -1
    outer loop
      vertex 111.14409482479095 35.3547552600503 4
      vertex 172.87858332693577 68.35252683609724 4
      vertex 134.77482732137594 39.35073543680137 4
    endloop
  endfacet
  facet normal -0.941544065252131 -0.3368898531990702 -3.0744952329098154e-16
    outer loop
      vertex 116.77052517980337 21.771350793540478 4
      vertex 114.29096493947574 28.701257427849484 14.99
      vertex 114.29096494786772 28.701257404395484 4
    endloop
  endfacet
  facet normal -0.9415440780313051 -0.3368898174836684 0
    outer loop
      vertex 114.29096494786772 28.701257404395484 4
      vertex 114.2909649387002 28.701257430016994 14.99
      vertex 114.2909649387002 28.701257430016994 4
    endloop
  endfacet
  facet normal -0.9039893060211664 -0.4275550661603365 -1.6106715939229435e-8
    outer loop
      vertex 114.2909649387002 28.701257430016994 4
      vertex 111.14409482479095 35.3547552600503 18
      vertex 114.29096492706547 28.701257454616556 4
    endloop
  endfacet
  facet normal -0.9039892929220992 -0.42755509385598855 0
    outer loop
      vertex 114.29096492706547 28.701257454616556 4
      vertex 111.14409482479095 35.3547552600503 18
      vertex 111.14409482479095 35.3547552600503 4
    endloop
  endfacet
  facet normal -0.7409511256161999 -0.6715589545587834 0
    outer loop
      vertex 102.97578400373459 47.579496309161186 4
      vertex 98.03300859034061 53.033008590340614 17
      vertex 98.03300859034061 53.033008590340614 4
    endloop
  endfacet
  facet normal -0.8032075311726767 -0.5956993049076805 0
    outer loop
      vertex 102.97578400373459 47.579496309161186 4
      vertex 107.36022092401981 41.667767480015755 4
      vertex 102.97578400373459 47.579496309161186 17.514331893554665
    endloop
  endfacet
  facet normal -0.857728610355446 -0.5141027436006499 0
    outer loop
      vertex 107.36022092401981 41.667767480015755 4
      vertex 111.14409482479095 35.3547552600503 4
      vertex 107.36022092401981 41.667767480015755 18
    endloop
  endfacet
  facet normal 0.9238795325112926 0.38268343236507574 1.4210854715202215e-14
    outer loop
      vertex 134.77482732137594 39.35073543680137 7
      vertex 136.30556105083627 35.65521730675623 4
      vertex 136.01854847656247 36.34812695613969 4
    endloop
  endfacet
  facet normal 0.9238795325112862 0.3826834323650911 -4.159635598928901e-15
    outer loop
      vertex 134.77482732137594 39.35073543680137 7
      vertex 136.01854847656247 36.34812695613969 4
      vertex 135.06183989564974 38.65782578741791 4
    endloop
  endfacet
  facet normal 0.9238795325112886 0.38268343236508534 0
    outer loop
      vertex 136.30556105083627 35.65521730675623 7
      vertex 136.30556105083627 35.65521730675623 4
      vertex 134.77482732137594 39.35073543680137 7
    endloop
  endfacet
  facet normal 0.9238795325112926 0.38268343236507574 0
    outer loop
      vertex 134.77482732137594 39.35073543680137 7
      vertex 135.06183989564974 38.65782578741791 4
      vertex 134.77482732137594 39.35073543680137 4
    endloop
  endfacet
  facet normal 0 0 -1
    outer loop
      vertex 119.8668738996444 4.6382855124219615 0
      vertex 119.6707261603248 7.130578846754781 0
      vertex 189.45493952164375 12.622715547703928 0
    endloop
  endfacet
  facet normal -0.07845909572784497 0.9969173337331281 0
    outer loop
      vertex 119.6707261603248 7.130578846754781 0
      vertex 119.6707261603248 7.130578846754781 4
      vertex 189.45493952164375 12.622715547703928 0
    endloop
  endfacet
  facet normal 0 0 -1
    outer loop
      vertex 120 0 4
      vertex 119.8668738996444 4.6382855124219615 4
      vertex 190 0 4
    endloop
  endfacet
  facet normal 0 -1 0
    outer loop
      vertex 120 0 4
      vertex 160.2 0 4.8
      vertex 149.8 0 4.8
    endloop
  endfacet
  facet normal 0 0 1
    outer loop
      vertex 149.8 3 4.8
      vertex 149.8 0 4.8
      vertex 160.2 3 4.8
    endloop
  endfacet
  facet normal 0.07845909572784496 -0.996917333733128 0
    outer loop
      vertex 119.8668738996444 4.6382855124219615 0
      vertex 189.50289722503956 10.118759404609504 4
      vertex 119.8668738996444 4.6382855124219615 4
    endloop
  endfacet
  facet normal 0 0 -1
    outer loop
      vertex 119.6707261603248 7.130578846754781 4
      vertex 119.63885450363159 7.351285524666309 4
      vertex 189.38017481510371 12.616831437688985 4
    endloop
  endfacet
  facet normal 0 -1 0
    outer loop
      vertex 120 0 4
      vertex 190 0 4
      vertex 160.2 0 4.8
    endloop
  endfacet
  facet normal 0 0 1
    outer loop
      vertex 160.2 3 4.8
      vertex 149.8 0 4.8
      vertex 160.2 0 4.8
    endloop
  endfacet
  facet normal -0.07845909572784496 0.996917333733128 0
    outer loop
      vertex 119.6707261603248 7.130578846754781 4
      vertex 189.38017481510371 12.616831437688985 4
      vertex 189.45493952164375 12.622715547703928 0
    endloop
  endfacet
  facet normal 0 0 -1
    outer loop
      vertex 119.63885450363159 7.351285524666309 4
      vertex 189.30178536474705 14.21248535066843 4
      vertex 189.38017481510371 12.616831437688985 4
    endloop
  endfacet
  facet normal 0 0 -1
    outer loop
      vertex 119.63885450363159 7.351285524666309 4
      vertex 187.21386566013098 28.2880966886878 4
      vertex 189.30178536474705 14.21248535066843 4
    endloop
  endfacet
  facet normal 0 0 -1
    outer loop
      vertex 119.8668738996444 4.6382855124219615 0
      vertex 189.45493952164375 12.622715547703928 0
      vertex 189.65108726096335 10.130422213371107 0
    endloop
  endfacet
  facet normal 0.07845909572784494 -0.9969173337331281 0
    outer loop
      vertex 119.8668738996444 4.6382855124219615 0
      vertex 189.65108726096335 10.130422213371107 0
      vertex 189.65108726096335 10.130422213371107 4
    endloop
  endfacet
  facet normal 0.9969173337331284 0.07845909572783967 0
    outer loop
      vertex 189.65108726096335 10.130422213371107 0
      vertex 189.45493952164375 12.622715547703928 0
      vertex 189.65108726096335 10.130422213371107 4
    endloop
  endfacet
  facet normal 0 0 -1
    outer loop
      vertex 119.8668738996444 4.6382855124219615 4
      vertex 189.50289722503956 10.118759404609504 4
      vertex 190 0 4
    endloop
  endfacet
  facet normal 0.07845909572783881 -0.9969173337331285 9.560053956686925e-14
    outer loop
      vertex 119.8668738996444 4.6382855124219615 0
      vertex 189.65108726096335 10.130422213371107 4
      vertex 189.50289722503956 10.118759404609504 4
    endloop
  endfacet
  facet normal 0.9969173337331284 0.07845909572783967 0
    outer loop
      vertex 189.45493952164375 12.622715547703928 0
      vertex 189.45493952164375 12.622715547703928 4
      vertex 189.65108726096335 10.130422213371107 4
    endloop
  endfacet
  facet normal -0.07845909572784883 0.9969173337331276 0
    outer loop
      vertex 189.45493952164375 12.622715547703928 0
      vertex 189.38017481510371 12.616831437688985 4
      vertex 189.45493952164375 12.622715547703928 4
    endloop
  endfacet
  facet normal 0 0 1
    outer loop
      vertex 189.50289722503956 10.118759404609504 4
      vertex 189.65108726096335 10.130422213371107 4
      vertex 189.45493952164375 12.622715547703928 4
    endloop
  endfacet
  facet normal 0 0 1
    outer loop
      vertex 189.50289722503956 10.118759404609504 4
      vertex 189.45493952164375 12.622715547703928 4
      vertex 189.38017481510371 12.616831437688985 4
    endloop
  endfacet
  facet normal 1 0 0
    outer loop
      vertex 149.8 3 4.8
      vertex 149.8 3 9.2
      vertex 149.8 0 4.8
    endloop
  endfacet
  facet normal 0 -1 0
    outer loop
      vertex 149.8 3 4.8
      vertex 160.2 3 4.8
      vertex 149.8 3 9.2
    endloop
  endfacet
  facet normal -1 0 0
    outer loop
      vertex 160.2 3 4.8
      vertex 160.2 0 4.8
      vertex 160.2 0 9.2
    endloop
  endfacet
  facet normal 1 0 0
    outer loop
      vertex 149.8 3 9.2
      vertex 149.8 0 9.2
      vertex 149.8 0 4.8
    endloop
  endfacet
  facet normal 0 0 -1
    outer loop
      vertex 149.8 3 9.2
      vertex 160.2 0 9.2
      vertex 149.8 0 9.2
    endloop
  endfacet
  facet normal 0 -1 0
    outer loop
      vertex 160.2 3 4.8
      vertex 160.2 3 9.2
      vertex 149.8 3 9.2
    endloop
  endfacet
  facet normal -1 0 0
    outer loop
      vertex 160.2 3 4.8
      vertex 160.2 0 9.2
      vertex 160.2 3 9.2
    endloop
  endfacet
  facet normal 0 0 -1
    outer loop
      vertex 149.8 3 9.2
      vertex 160.2 3 9.2
      vertex 160.2 0 9.2
    endloop
  endfacet
  facet normal 0.027267389499514832 0.9996281756082518 0
    outer loop
      vertex 142.45796176935943 19.400517596125237 9.9
      vertex 142.45796176935943 19.400517596125237 10
      vertex 142.6786842033211 19.394496832880492 9.9
    endloop
  endfacet
  facet normal -0.0708446055998433 0.9974873642595191 0
    outer loop
      vertex 142.6786842033211 19.394496832880492 9.9
      vertex 142.6786842033211 19.394496832880492 10
      vertex 142.8989339364295 19.410139643039916 9.9
    endloop
  endfacet
  facet normal 0.027267389499514832 0.9996281756082518 0
    outer loop
      vertex 142.45796176935943 19.400517596125237 10
      vertex 142.6786842033211 19.394496832880492 10
      vertex 142.6786842033211 19.394496832880492 9.9
    endloop
  endfacet
  facet normal -0.0708446055998433 0.9974873642595191 0
    outer loop
      vertex 142.8989339364295 19.410139643039916 9.9
      vertex 142.6786842033211 19.394496832880492 10
      vertex 142.8989339364295 19.410139643039916 10
    endloop
  endfacet
  facet normal -0.1682743284196464 0.9857402043109111 0
    outer loop
      vertex 142.8989339364295 19.410139643039916 9.9
      vertex 142.8989339364295 19.410139643039916 10
      vertex 143.11658984335406 19.447295377790436 9.9
    endloop
  endfacet
  facet normal -0.264083477468695 0.9644998273343761 0
    outer loop
      vertex 143.11658984335406 19.447295377790436 9.9
      vertex 143.11658984335406 19.447295377790436 10
      vertex 143.3295557787283 19.505606207095024 9.9
    endloop
  endfacet
  facet normal -0.1682743284196464 0.9857402043109111 0
    outer loop
      vertex 143.11658984335406 19.447295377790436 9.9
      vertex 142.8989339364295 19.410139643039916 10
      vertex 143.11658984335406 19.447295377790436 10
    endloop
  endfacet
  facet normal -0.35734935826698266 0.9339707897713801 0
    outer loop
      vertex 143.3295557787283 19.505606207095024 9.9
      vertex 143.3295557787283 19.505606207095024 10
      vertex 143.5357807641755 19.584510565791533 9.9
    endloop
  endfacet
  facet normal -0.44717376939819026 0.8944471029424904 0
    outer loop
      vertex 143.5357807641755 19.584510565791533 9.9
      vertex 143.5357807641755 19.584510565791533 10
      vertex 143.73327874035178 19.6832485617722 9.9
    endloop
  endfacet
  facet normal -0.264083477468695 0.9644998273343761 0
    outer loop
      vertex 143.11658984335406 19.447295377790436 10
      vertex 143.3295557787283 19.505606207095024 10
      vertex 143.3295557787283 19.505606207095024 9.9
    endloop
  endfacet
  facet normal -0.35734935826698266 0.9339707897713801 0
    outer loop
      vertex 143.5357807641755 19.584510565791533 9.9
      vertex 143.3295557787283 19.505606207095024 10
      vertex 143.5357807641755 19.584510565791533 10
    endloop
  endfacet
  facet normal -0.5326916526799997 0.846309401557758 0
    outer loop
      vertex 143.73327874035178 19.6832485617722 9.9
      vertex 143.73327874035178 19.6832485617722 10
      vertex 143.92014769378318 19.80086929416006 9.9
    endloop
  endfacet
  facet normal -0.44717376939819026 0.8944471029424904 0
    outer loop
      vertex 143.73327874035178 19.6832485617722 9.9
      vertex 143.5357807641755 19.584510565791533 10
      vertex 143.73327874035178 19.6832485617722 10
    endloop
  endfacet
  facet normal -0.5326916526799997 0.846309401557758 0
    outer loop
      vertex 143.92014769378318 19.80086929416006 9.9
      vertex 143.73327874035178 19.6832485617722 10
      vertex 143.92014769378318 19.80086929416006 10
    endloop
  endfacet
  facet normal -0.6130794241475558 0.7900212779962964 0
    outer loop
      vertex 143.92014769378318 19.80086929416006 9.9
      vertex 143.92014769378318 19.80086929416006 10
      vertex 144.09458797429522 19.936240011004173 9.9
    endloop
  endfacet
  facet normal -0.6875629056173858 0.7261248176580785 0
    outer loop
      vertex 144.09458797429522 19.936240011004173 9.9
      vertex 144.09458797429522 19.936240011004173 10
      vertex 144.25491962662778 20.088057018300184 9.9
    endloop
  endfacet
  facet normal -0.6130794241475558 0.7900212779962964 0
    outer loop
      vertex 143.92014769378318 19.80086929416006 10
      vertex 144.09458797429522 19.936240011004173 10
      vertex 144.09458797429522 19.936240011004173 9.9
    endloop
  endfacet
  facet normal -0.7554247804458981 0.6552353783857116 0
    outer loop
      vertex 144.25491962662778 20.088057018300184 9.9
      vertex 144.25491962662778 20.088057018300184 10
      vertex 144.39959856932273 20.254858235276203 9.9
    endloop
  endfacet
  facet normal -0.6875629056173858 0.7261248176580785 0
    outer loop
      vertex 144.25491962662778 20.088057018300184 9.9
      vertex 144.09458797429522 19.936240011004173 10
      vertex 144.25491962662778 20.088057018300184 10
    endloop
  endfacet
  facet normal -0.7554247804458981 0.6552353783857116 0
    outer loop
      vertex 144.25491962662778 20.088057018300184 10
      vertex 144.39959856932273 20.254858235276203 10
      vertex 144.39959856932273 20.254858235276203 9.9
    endloop
  endfacet
  facet normal -0.816011501681681 0.5780356642312029 0
    outer loop
      vertex 144.39959856932273 20.254858235276203 9.9
      vertex 144.39959856932273 20.254858235276203 10
      vertex 144.5272314650723 20.435037275029934 9.9
    endloop
  endfacet
  facet normal -0.816011501681681 0.5780356642312029 0
    outer loop
      vertex 144.5272314650723 20.435037275029934 9.9
      vertex 144.39959856932273 20.254858235276203 10
      vertex 144.5272314650723 20.435037275029934 10
    endloop
  endfacet
  facet normal -0.8687395860787493 0.49526915064409494 0
    outer loop
      vertex 144.5272314650723 20.435037275029934 9.9
      vertex 144.5272314650723 20.435037275029934 10
      vertex 144.6365891393193 20.62685891491267 9.9
    endloop
  endfacet
  facet normal -0.8687395860787493 0.49526915064409494 0
    outer loop
      vertex 144.6365891393193 20.62685891491267 9.9
      vertex 144.5272314650723 20.435037275029934 10
      vertex 144.6365891393193 20.62685891491267 10
    endloop
  endfacet
  facet normal -0.913101233360752 0.4077329243942331 0
    outer loop
      vertex 144.6365891393193 20.62685891491267 9.9
      vertex 144.6365891393193 20.62685891491267 10
      vertex 144.72661841787965 20.828475807671957 9.9
    endloop
  endfacet
  facet normal -0.913101233360752 0.4077329243942331 0
    outer loop
      vertex 144.6365891393193 20.62685891491267 10
      vertex 144.72661841787965 20.828475807671957 10
      vertex 144.72661841787965 20.828475807671957 9.9
    endloop
  endfacet
  facet normal 0 0 1
    outer loop
      vertex 142.45796176935943 19.400517596125237 9.9
      vertex 142.6786842033211 19.394496832880492 9.9
      vertex 142.58051722066557 23.89342595474008 9.9
    endloop
  endfacet
  facet normal 0 0 1
    outer loop
      vertex 142.6786842033211 19.394496832880492 9.9
      vertex 142.8989339364295 19.410139643039916 9.9
      vertex 142.80123965462724 23.887405191495336 9.9
    endloop
  endfacet
  facet normal 0 0 1
    outer loop
      vertex 142.8989339364295 19.410139643039916 9.9
      vertex 143.11658984335406 19.447295377790436 9.9
      vertex 143.02030911174393 23.859778838087756 9.9
    endloop
  endfacet
  facet normal 0 0 1
    outer loop
      vertex 143.11658984335406 19.447295377790436 9.9
      vertex 143.3295557787283 19.505606207095024 9.9
      vertex 143.2356158333881 23.810812951402752 9.9
    endloop
  endfacet
  facet normal 0 0 1
    outer loop
      vertex 143.3295557787283 19.505606207095024 9.9
      vertex 143.5357807641755 19.584510565791533 9.9
      vertex 143.44508629813168 23.740979099696588 9.9
    endloop
  endfacet
  facet normal 0 0 1
    outer loop
      vertex 143.5357807641755 19.584510565791533 9.9
      vertex 143.73327874035178 19.6832485617722 9.9
      vertex 143.64670319089095 23.650949821136244 9.9
    endloop
  endfacet
  facet normal 0 0 1
    outer loop
      vertex 143.73327874035178 19.6832485617722 9.9
      vertex 143.92014769378318 19.80086929416006 9.9
      vertex 143.83852483077368 23.54159214688928 9.9
    endloop
  endfacet
  facet normal 0 0 1
    outer loop
      vertex 142.6786842033211 19.394496832880492 9.9
      vertex 142.80123965462724 23.887405191495336 9.9
      vertex 142.58051722066557 23.89342595474008 9.9
    endloop
  endfacet
  facet normal 0 0 1
    outer loop
      vertex 142.8989339364295 19.410139643039916 9.9
      vertex 143.02030911174393 23.859778838087756 9.9
      vertex 142.80123965462724 23.887405191495336 9.9
    endloop
  endfacet
  facet normal 0 0 1
    outer loop
      vertex 143.11658984335406 19.447295377790436 9.9
      vertex 143.2356158333881 23.810812951402752 9.9
      vertex 143.02030911174393 23.859778838087756 9.9
    endloop
  endfacet
  facet normal 0 0 1
    outer loop
      vertex 143.3295557787283 19.505606207095024 9.9
      vertex 143.44508629813168 23.740979099696588 9.9
      vertex 143.2356158333881 23.810812951402752 9.9
    endloop
  endfacet
  facet normal 0 0 1
    outer loop
      vertex 143.5357807641755 19.584510565791533 9.9
      vertex 143.64670319089095 23.650949821136244 9.9
      vertex 143.44508629813168 23.740979099696588 9.9
    endloop
  endfacet
  facet normal 0 0 1
    outer loop
      vertex 143.73327874035178 19.6832485617722 9.9
      vertex 143.83852483077368 23.54159214688928 9.9
      vertex 143.64670319089095 23.650949821136244 9.9
    endloop
  endfacet
  facet normal 0 0 1
    outer loop
      vertex 143.92014769378318 19.80086929416006 9.9
      vertex 144.01870387052742 23.413959251139676 9.9
      vertex 143.83852483077368 23.54159214688928 9.9
    endloop
  endfacet
  facet normal 0 0 1
    outer loop
      vertex 143.92014769378318 19.80086929416006 9.9
      vertex 144.09458797429522 19.936240011004173 9.9
      vertex 144.01870387052742 23.413959251139676 9.9
    endloop
  endfacet
  facet normal 0 0 1
    outer loop
      vertex 144.09458797429522 19.936240011004173 9.9
      vertex 144.25491962662778 20.088057018300184 9.9
      vertex 144.18550508750343 23.269280308444735 9.9
    endloop
  endfacet
  facet normal 0 0 1
    outer loop
      vertex 144.25491962662778 20.088057018300184 9.9
      vertex 144.39959856932273 20.254858235276203 9.9
      vertex 144.33732209479945 23.108948656112176 9.9
    endloop
  endfacet
  facet normal 0 0 1
    outer loop
      vertex 144.39959856932273 20.254858235276203 9.9
      vertex 144.5272314650723 20.435037275029934 9.9
      vertex 144.47269281164358 22.934508375600142 9.9
    endloop
  endfacet
  facet normal 0 0 1
    outer loop
      vertex 144.5272314650723 20.435037275029934 9.9
      vertex 144.6365891393193 20.62685891491267 9.9
      vertex 144.59031354403143 22.747639422168728 9.9
    endloop
  endfacet
  facet normal 0 0 1
    outer loop
      vertex 144.6365891393193 20.62685891491267 9.9
      vertex 144.72661841787965 20.828475807671957 9.9
      vertex 144.6890515400121 22.550141445992445 9.9
    endloop
  endfacet
  facet normal -0.9486692166135053 0.31627000719309134 0
    outer loop
      vertex 144.72661841787965 20.828475807671957 9.9
      vertex 144.72661841787965 20.828475807671957 10
      vertex 144.7964522695858 21.03794627241553 9.9
    endloop
  endfacet
  facet normal -0.9486692166135053 0.31627000719309134 0
    outer loop
      vertex 144.72661841787965 20.828475807671957 10
      vertex 144.7964522695858 21.03794627241553 10
      vertex 144.7964522695858 21.03794627241553 9.9
    endloop
  endfacet
  facet normal -0.9751009967149279 0.22176123693187266 0
    outer loop
      vertex 144.7964522695858 21.03794627241553 9.9
      vertex 144.7964522695858 21.03794627241553 10
      vertex 144.8454181562708 21.253252994059697 9.9
    endloop
  endfacet
  facet normal -0.9751009967149279 0.22176123693187266 0
    outer loop
      vertex 144.8454181562708 21.253252994059697 9.9
      vertex 144.7964522695858 21.03794627241553 10
      vertex 144.8454181562708 21.253252994059697 10
    endloop
  endfacet
  facet normal 0 0 1
    outer loop
      vertex 144.72661841787965 20.828475807671957 9.9
      vertex 144.7964522695858 21.03794627241553 9.9
      vertex 144.7679558987086 22.34391646054524 9.9
    endloop
  endfacet
  facet normal 0 0 1
    outer loop
      vertex 144.7964522695858 21.03794627241553 9.9
      vertex 144.8454181562708 21.253252994059697 9.9
      vertex 144.8262667280132 22.13095052517102 9.9
    endloop
  endfacet
  facet normal 0 0 1
    outer loop
      vertex 144.8454181562708 21.253252994059697 9.9
      vertex 144.87304450967838 21.472322451176392 9.9
      vertex 144.8634224627637 21.91329461824645 9.9
    endloop
  endfacet
  facet normal -0.9921420211735282 0.12511678473213073 0
    outer loop
      vertex 144.8454181562708 21.253252994059697 9.9
      vertex 144.8454181562708 21.253252994059697 10
      vertex 144.87304450967838 21.472322451176392 9.9
    endloop
  endfacet
  facet normal -0.9921420211735282 0.12511678473213073 0
    outer loop
      vertex 144.87304450967838 21.472322451176392 9.9
      vertex 144.8454181562708 21.253252994059697 10
      vertex 144.87304450967838 21.472322451176392 10
    endloop
  endfacet
  facet normal -0.9996281756082513 0.027267389499532224 0
    outer loop
      vertex 144.87304450967838 21.472322451176392 9.9
      vertex 144.87304450967838 21.472322451176392 10
      vertex 144.87906527292313 21.69304488513805 9.9
    endloop
  endfacet
  facet normal -0.9996281756082513 0.027267389499532224 0
    outer loop
      vertex 144.87906527292313 21.69304488513805 9.9
      vertex 144.87304450967838 21.472322451176392 10
      vertex 144.87906527292313 21.69304488513805 10
    endloop
  endfacet
  facet normal 0 0 1
    outer loop
      vertex 144.72661841787965 20.828475807671957 9.9
      vertex 144.7679558987086 22.34391646054524 9.9
      vertex 144.6890515400121 22.550141445992445 9.9
    endloop
  endfacet
  facet normal 0 0 1
    outer loop
      vertex 144.6365891393193 20.62685891491267 9.9
      vertex 144.6890515400121 22.550141445992445 9.9
      vertex 144.59031354403143 22.747639422168728 9.9
    endloop
  endfacet
  facet normal 0 0 1
    outer loop
      vertex 144.09458797429522 19.936240011004173 9.9
      vertex 144.18550508750343 23.269280308444735 9.9
      vertex 144.01870387052742 23.413959251139676 9.9
    endloop
  endfacet
  facet normal 0 0 1
    outer loop
      vertex 144.25491962662778 20.088057018300184 9.9
      vertex 144.33732209479945 23.108948656112176 9.9
      vertex 144.18550508750343 23.269280308444735 9.9
    endloop
  endfacet
  facet normal 0 0 1
    outer loop
      vertex 144.39959856932273 20.254858235276203 9.9
      vertex 144.47269281164358 22.934508375600142 9.9
      vertex 144.33732209479945 23.108948656112176 9.9
    endloop
  endfacet
  facet normal 0 0 1
    outer loop
      vertex 144.5272314650723 20.435037275029934 9.9
      vertex 144.59031354403143 22.747639422168728 9.9
      vertex 144.47269281164358 22.934508375600142 9.9
    endloop
  endfacet
  facet normal 0 0 1
    outer loop
      vertex 144.87304450967838 21.472322451176392 9.9
      vertex 144.87906527292313 21.69304488513805 9.9
      vertex 144.8634224627637 21.91329461824645 9.9
    endloop
  endfacet
  facet normal 0 0 1
    outer loop
      vertex 144.8454181562708 21.253252994059697 9.9
      vertex 144.8634224627637 21.91329461824645 9.9
      vertex 144.8262667280132 22.13095052517102 9.9
    endloop
  endfacet
  facet normal 0 0 1
    outer loop
      vertex 144.7964522695858 21.03794627241553 9.9
      vertex 144.8262667280132 22.13095052517102 9.9
      vertex 144.7679558987086 22.34391646054524 9.9
    endloop
  endfacet
  facet normal -0.9974873642595201 -0.07084460559982844 0
    outer loop
      vertex 144.87906527292313 21.69304488513805 9.9
      vertex 144.87906527292313 21.69304488513805 10
      vertex 144.8634224627637 21.91329461824645 9.9
    endloop
  endfacet
  facet normal -0.9857402043109174 -0.16827432841960976 0
    outer loop
      vertex 144.8634224627637 21.91329461824645 9.9
      vertex 144.8634224627637 21.91329461824645 10
      vertex 144.8262667280132 22.13095052517102 9.9
    endloop
  endfacet
  facet normal -0.9974873642595201 -0.07084460559982844 0
    outer loop
      vertex 144.87906527292313 21.69304488513805 10
      vertex 144.8634224627637 21.91329461824645 10
      vertex 144.8634224627637 21.91329461824645 9.9
    endloop
  endfacet
  facet normal -0.9644998273343739 -0.2640834774687032 0
    outer loop
      vertex 144.8262667280132 22.13095052517102 9.9
      vertex 144.8262667280132 22.13095052517102 10
      vertex 144.7679558987086 22.34391646054524 9.9
    endloop
  endfacet
  facet normal -0.9857402043109174 -0.16827432841960976 0
    outer loop
      vertex 144.8262667280132 22.13095052517102 9.9
      vertex 144.8634224627637 21.91329461824645 10
      vertex 144.8262667280132 22.13095052517102 10
    endloop
  endfacet
  facet normal -0.9339707897713538 -0.3573493582670516 0
    outer loop
      vertex 144.6890515400121 22.550141445992445 9.9
      vertex 144.7679558987086 22.34391646054524 9.9
      vertex 144.7679558987086 22.34391646054524 10
    endloop
  endfacet
  facet normal -0.9644998273343739 -0.2640834774687032 0
    outer loop
      vertex 144.7679558987086 22.34391646054524 9.9
      vertex 144.8262667280132 22.13095052517102 10
      vertex 144.7679558987086 22.34391646054524 10
    endloop
  endfacet
  facet normal -0.027267389499514832 -0.9996281756082518 0
    outer loop
      vertex 142.58051722066557 23.89342595474008 9.9
      vertex 142.80123965462724 23.887405191495336 9.9
      vertex 142.80123965462724 23.887405191495336 10
    endloop
  endfacet
  facet normal -0.027267389499514832 -0.9996281756082518 0
    outer loop
      vertex 142.58051722066557 23.89342595474008 9.9
      vertex 142.80123965462724 23.887405191495336 10
      vertex 142.58051722066557 23.89342595474008 10
    endloop
  endfacet
  facet normal -0.12511678473211887 -0.9921420211735297 0
    outer loop
      vertex 142.80123965462724 23.887405191495336 9.9
      vertex 143.02030911174393 23.859778838087756 10
      vertex 142.80123965462724 23.887405191495336 10
    endloop
  endfacet
  facet normal -0.22176123693196104 -0.9751009967149079 0
    outer loop
      vertex 143.02030911174393 23.859778838087756 9.9
      vertex 143.2356158333881 23.810812951402752 9.9
      vertex 143.2356158333881 23.810812951402752 10
    endloop
  endfacet
  facet normal -0.12511678473211887 -0.9921420211735297 0
    outer loop
      vertex 142.80123965462724 23.887405191495336 9.9
      vertex 143.02030911174393 23.859778838087756 9.9
      vertex 143.02030911174393 23.859778838087756 10
    endloop
  endfacet
  facet normal -0.22176123693196104 -0.9751009967149079 0
    outer loop
      vertex 143.02030911174393 23.859778838087756 9.9
      vertex 143.2356158333881 23.810812951402752 10
      vertex 143.02030911174393 23.859778838087756 10
    endloop
  endfacet
  facet normal -0.4952691506439562 -0.8687395860788286 0
    outer loop
      vertex 143.64670319089095 23.650949821136244 9.9
      vertex 143.83852483077368 23.54159214688928 9.9
      vertex 143.83852483077368 23.54159214688928 10
    endloop
  endfacet
  facet normal -0.5780356642312842 -0.8160115016816235 0
    outer loop
      vertex 143.83852483077368 23.54159214688928 9.9
      vertex 144.01870387052742 23.413959251139676 9.9
      vertex 144.01870387052742 23.413959251139676 10
    endloop
  endfacet
  facet normal -0.4952691506439562 -0.8687395860788286 0
    outer loop
      vertex 143.64670319089095 23.650949821136244 9.9
      vertex 143.83852483077368 23.54159214688928 10
      vertex 143.64670319089095 23.650949821136244 10
    endloop
  endfacet
  facet normal -0.5780356642312842 -0.8160115016816235 0
    outer loop
      vertex 143.83852483077368 23.54159214688928 9.9
      vertex 144.01870387052742 23.413959251139676 10
      vertex 143.83852483077368 23.54159214688928 10
    endloop
  endfacet
  facet normal -0.3162700071930721 -0.9486692166135118 0
    outer loop
      vertex 143.2356158333881 23.810812951402752 9.9
      vertex 143.44508629813168 23.740979099696588 9.9
      vertex 143.44508629813168 23.740979099696588 10
    endloop
  endfacet
  facet normal -0.4077329243943018 -0.9131012333607214 0
    outer loop
      vertex 143.44508629813168 23.740979099696588 9.9
      vertex 143.64670319089095 23.650949821136244 9.9
      vertex 143.64670319089095 23.650949821136244 10
    endloop
  endfacet
  facet normal -0.3162700071930721 -0.9486692166135118 0
    outer loop
      vertex 143.2356158333881 23.810812951402752 9.9
      vertex 143.44508629813168 23.740979099696588 10
      vertex 143.2356158333881 23.810812951402752 10
    endloop
  endfacet
  facet normal -0.4077329243943018 -0.9131012333607214 0
    outer loop
      vertex 143.44508629813168 23.740979099696588 9.9
      vertex 143.64670319089095 23.650949821136244 10
      vertex 143.44508629813168 23.740979099696588 10
    endloop
  endfacet
  facet normal -0.8944471029425259 -0.4471737693981195 0
    outer loop
      vertex 144.6890515400121 22.550141445992445 9.9
      vertex 144.6890515400121 22.550141445992445 10
      vertex 144.59031354403143 22.747639422168728 9.9
    endloop
  endfacet
  facet normal -0.9339707897713538 -0.3573493582670516 0
    outer loop
      vertex 144.6890515400121 22.550141445992445 9.9
      vertex 144.7679558987086 22.34391646054524 10
      vertex 144.6890515400121 22.550141445992445 10
    endloop
  endfacet
  facet normal -0.846309401557798 -0.5326916526799361 0
    outer loop
      vertex 144.47269281164358 22.934508375600142 9.9
      vertex 144.59031354403143 22.747639422168728 9.9
      vertex 144.59031354403143 22.747639422168728 10
    endloop
  endfacet
  facet normal -0.8944471029425259 -0.4471737693981195 0
    outer loop
      vertex 144.6890515400121 22.550141445992445 10
      vertex 144.59031354403143 22.747639422168728 10
      vertex 144.59031354403143 22.747639422168728 9.9
    endloop
  endfacet
  facet normal -0.7261248176580626 -0.6875629056174027 0
    outer loop
      vertex 144.33732209479945 23.108948656112176 9.9
      vertex 144.33732209479945 23.108948656112176 10
      vertex 144.18550508750343 23.269280308444735 9.9
    endloop
  endfacet
  facet normal -0.7261248176580626 -0.6875629056174027 0
    outer loop
      vertex 144.18550508750343 23.269280308444735 9.9
      vertex 144.33732209479945 23.108948656112176 10
      vertex 144.18550508750343 23.269280308444735 10
    endloop
  endfacet
  facet normal -0.7900212779962315 -0.6130794241476394 0
    outer loop
      vertex 144.33732209479945 23.108948656112176 9.9
      vertex 144.47269281164358 22.934508375600142 9.9
      vertex 144.47269281164358 22.934508375600142 10
    endloop
  endfacet
  facet normal -0.846309401557798 -0.5326916526799361 0
    outer loop
      vertex 144.47269281164358 22.934508375600142 9.9
      vertex 144.59031354403143 22.747639422168728 10
      vertex 144.47269281164358 22.934508375600142 10
    endloop
  endfacet
  facet normal -0.7900212779962315 -0.6130794241476394 0
    outer loop
      vertex 144.33732209479945 23.108948656112176 9.9
      vertex 144.47269281164358 22.934508375600142 10
      vertex 144.33732209479945 23.108948656112176 10
    endloop
  endfacet
  facet normal -0.6552353783857 -0.7554247804459083 0
    outer loop
      vertex 144.18550508750343 23.269280308444735 9.9
      vertex 144.18550508750343 23.269280308444735 10
      vertex 144.01870387052742 23.413959251139676 9.9
    endloop
  endfacet
  facet normal -0.6552353783857 -0.7554247804459083 0
    outer loop
      vertex 144.18550508750343 23.269280308444735 10
      vertex 144.01870387052742 23.413959251139676 10
      vertex 144.01870387052742 23.413959251139676 9.9
    endloop
  endfacet
  facet normal 0 -1 0
    outer loop
      vertex 190 0 4
      vertex 160.2 0 9.2
      vertex 160.2 0 4.8
    endloop
  endfacet
  facet normal 0.9987954561962868 0.04906767450828745 0
    outer loop
      vertex 190 0 4
      vertex 189.50289722503956 10.118759404609504 4
      vertex 190 0 17
    endloop
  endfacet
  facet normal 0.9987954561962872 0.049067674508280174 -5.675047456715245e-15
    outer loop
      vertex 189.50289722503956 10.118759404609504 4
      vertex 189.38017481510371 12.616831437688985 4
      vertex 190 0 17
    endloop
  endfacet
  facet normal 0.9987954561962865 0.049067674508295495 9.221335713415831e-15
    outer loop
      vertex 189.38017481510371 12.616831437688985 4
      vertex 189.30178536474705 14.21248535066843 4
      vertex 190 0 17
    endloop
  endfacet
  facet normal 0.989176509999614 0.14673047422053695 0
    outer loop
      vertex 189.30178536474705 14.21248535066843 4
      vertex 187.21386566013098 28.2880966886878 4
      vertex 189.30178536474705 14.21248535066843 18
    endloop
  endfacet
  facet normal 0 0 -1
    outer loop
      vertex 118.21955073464562 16.29293988869581 0
      vertex 185.70183175284322 35.06504015960338 0
      vertex 186.285445162483 32.634115358609186 0
    endloop
  endfacet
  facet normal 0.23344536385590534 -0.9723699203976767 0
    outer loop
      vertex 118.21955073464562 16.29293988869581 0
      vertex 186.285445162483 32.634115358609186 0
      vertex 186.285445162483 32.634115358609186 4
    endloop
  endfacet
  facet normal 0 0 -1
    outer loop
      vertex 114.76931922880287 27.546408011742624 4
      vertex 136.30556105083627 35.65521730675623 4
      vertex 183.75634868443012 42.091278202831745 4
    endloop
  endfacet
  facet normal 0.2334453638559221 -0.9723699203976726 -3.6577131857350096e-13
    outer loop
      vertex 118.21955073464562 16.29293988869581 0
      vertex 186.285445162483 32.634115358609186 4
      vertex 186.1343320820797 32.59783631778519 4
    endloop
  endfacet
  facet normal -0.23344536385590545 0.9723699203976768 0
    outer loop
      vertex 117.63593732500587 18.72386468969 4
      vertex 185.5268523576965 35.02303132355196 4
      vertex 185.70183175284322 35.06504015960338 0
    endloop
  endfacet
  facet normal 0 0 -1
    outer loop
      vertex 118.21955073464562 16.29293988869581 4
      vertex 186.1343320820797 32.59783631778519 4
      vertex 187.21386566013098 28.2880966886878 4
    endloop
  endfacet
  facet normal 0 0 -1
    outer loop
      vertex 116.77052517980337 21.771350793540478 4
      vertex 183.75634868443012 42.091278202831745 4
      vertex 185.5268523576965 35.02303132355196 4
    endloop
  endfacet
  facet normal 0.3826834323650898 -0.9238795325112868 -8.328706060191651e-16
    outer loop
      vertex 114.76931922880287 27.546408011742624 0
      vertex 179.44088650459295 54.33424827729891 0
      vertex 136.01854847656247 36.34812695613969 3.9
    endloop
  endfacet
  facet normal 0 0 -1
    outer loop
      vertex 114.76931922880287 27.546408011742624 0
      vertex 178.48417792368022 56.64394710857712 0
      vertex 179.44088650459295 54.33424827729891 0
    endloop
  endfacet
  facet normal 0 0 1
    outer loop
      vertex 135.06183989564974 38.65782578741791 3.9
      vertex 136.01854847656247 36.34812695613969 3.9
      vertex 178.48417792368022 56.64394710857712 3.9
    endloop
  endfacet
  facet normal 0 0 -1
    outer loop
      vertex 183.75634868443012 42.091278202831745 4
      vertex 136.30556105083627 35.65521730675623 4
      vertex 177.88014001384417 52.87597176318527 4
    endloop
  endfacet
  facet normal 0.3826834323650899 -0.9238795325112866 0
    outer loop
      vertex 179.44088650459295 54.33424827729891 0
      vertex 179.44088650459295 54.33424827729891 3.9
      vertex 136.01854847656247 36.34812695613969 3.9
    endloop
  endfacet
  facet normal -0.3826834323650896 0.9238795325112868 0
    outer loop
      vertex 178.48417792368022 56.64394710857712 0
      vertex 135.06183989564974 38.65782578741791 3.9
      vertex 178.48417792368022 56.64394710857712 3.9
    endloop
  endfacet
  facet normal 0 0 1
    outer loop
      vertex 136.01854847656247 36.34812695613969 3.9
      vertex 179.44088650459295 54.33424827729891 3.9
      vertex 178.48417792368022 56.64394710857712 3.9
    endloop
  endfacet
  facet normal 0.972369920397675 0.23344536385591222 0
    outer loop
      vertex 186.285445162483 32.634115358609186 0
      vertex 185.70183175284322 35.06504015960338 0
      vertex 186.285445162483 32.634115358609186 4
    endloop
  endfacet
  facet normal 0.972369920397675 0.23344536385591222 0
    outer loop
      vertex 185.70183175284322 35.06504015960338 0
      vertex 185.70183175284322 35.06504015960338 4
      vertex 186.285445162483 32.634115358609186 4
    endloop
  endfacet
  facet normal -0.2334453638559139 0.9723699203976746 0
    outer loop
      vertex 185.70183175284322 35.06504015960338 0
      vertex 185.5268523576965 35.02303132355196 4
      vertex 185.70183175284322 35.06504015960338 4
    endloop
  endfacet
  facet normal 0 0 1
    outer loop
      vertex 186.1343320820797 32.59783631778519 4
      vertex 186.285445162483 32.634115358609186 4
      vertex 185.70183175284322 35.06504015960338 4
    endloop
  endfacet
  facet normal 0 0 1
    outer loop
      vertex 185.5268523576965 35.02303132355196 4
      vertex 186.1343320820797 32.59783631778519 4
      vertex 185.70183175284322 35.06504015960338 4
    endloop
  endfacet
  facet normal 0 0 -1
    outer loop
      vertex 183.75634868443012 42.091278202831745 4
      vertex 177.88014001384417 52.87597176318527 4
      vertex 179.63712449758967 53.603738565231744 4
    endloop
  endfacet
  facet normal -0.3826834323650899 0.9238795325112867 0
    outer loop
      vertex 136.30556105083627 35.65521730675623 7
      vertex 177.88014001384417 52.87597176318527 4
      vertex 136.30556105083627 35.65521730675623 4
    endloop
  endfacet
  facet normal 0 0 -1
    outer loop
      vertex 136.30556105083627 35.65521730675623 7
      vertex 134.77482732137594 39.35073543680137 7
      vertex 178.1063907669809 57.29925669480119 7
    endloop
  endfacet
  facet normal 0.3826834323650898 -0.9238795325112867 0
    outer loop
      vertex 134.77482732137594 39.35073543680137 7
      vertex 134.77482732137594 39.35073543680137 4
      vertex 178.1063907669809 57.29925669480119 4
    endloop
  endfacet
  facet normal -0.3826834323650899 0.9238795325112867 0
    outer loop
      vertex 136.30556105083627 35.65521730675623 7
      vertex 177.88014001384417 52.87597176318527 7
      vertex 177.88014001384417 52.87597176318527 4
    endloop
  endfacet
  facet normal 0 0 -1
    outer loop
      vertex 136.30556105083627 35.65521730675623 7
      vertex 178.96253221482038 55.48909769207239 7
      vertex 177.88014001384417 52.87597176318527 7
    endloop
  endfacet
  facet normal 0 0 -1
    outer loop
      vertex 136.30556105083627 35.65521730675623 7
      vertex 178.1063907669809 57.29925669480119 7
      vertex 178.96253221482038 55.48909769207239 7
    endloop
  endfacet
  facet normal 0.9700312532400264 0.2429801797216876 0
    outer loop
      vertex 187.21386566013098 28.2880966886878 4
      vertex 186.1343320820797 32.59783631778519 4
      vertex 187.21386566013098 28.2880966886878 18
    endloop
  endfacet
  facet normal 0.9700312532400263 0.24298017972168834 2.5375303355983086e-16
    outer loop
      vertex 185.5268523576965 35.02303132355196 4
      vertex 187.21386566013098 28.2880966886878 18
      vertex 186.1343320820797 32.59783631778519 4
    endloop
  endfacet
  facet normal 0.9700312532400267 0.24298017972168676 -5.746324316774808e-16
    outer loop
      vertex 185.5268523576965 35.02303132355196 4
      vertex 183.75634868443012 42.091278202831745 4
      vertex 187.21386566013098 28.2880966886878 18
    endloop
  endfacet
  facet normal 0.9415440651112382 0.3368898535928389 0
    outer loop
      vertex 183.75634868443012 42.091278202831745 4
      vertex 179.63712449758967 53.603738565231744 4
      vertex 179.63712449758967 53.603738565231744 7
    endloop
  endfacet
  facet normal 0.9415440651112382 0.33688985359283885 0
    outer loop
      vertex 183.75634868443012 42.091278202831745 4
      vertex 179.63712449758967 53.603738565231744 7
      vertex 183.75634868443012 42.091278202831745 18
    endloop
  endfacet
  facet normal -0.9700312532852529 -0.24298017954113438 0
    outer loop
      vertex 118.5588960275054 14.63177414983511 4
      vertex 118.5588960275054 14.63177414983511 18
      vertex 117.84340976616922 17.48815542382631 14.99
    endloop
  endfacet
  facet normal -0.9700312532854423 -0.2429801795403779 -2.1011397683343171e-13
    outer loop
      vertex 118.5588960275054 14.63177414983511 4
      vertex 117.84340976616922 17.48815542382631 14.99
      vertex 117.8409798472735 17.49785620384981 14.99
    endloop
  endfacet
  facet normal -0.970031253285253 -0.24298017954113346 4.494459179760804e-16
    outer loop
      vertex 118.5588960275054 14.63177414983511 4
      vertex 117.8409798472735 17.49785620384981 14.99
      vertex 116.77052517980337 21.771350793540478 18
    endloop
  endfacet
  facet normal -0.9415440652521314 -0.3368898531990691 0
    outer loop
      vertex 116.77052517980337 21.771350793540478 4
      vertex 116.77052517980337 21.771350793540478 18
      vertex 114.88123318653435 27.051568190707656 17.990000000000002
    endloop
  endfacet
  facet normal 0 -1 0
    outer loop
      vertex 120 0 4
      vertex 149.8 0 9.2
      vertex 120 0 17
    endloop
  endfacet
  facet normal -0.9987954562265755 -0.04906767389174813 0
    outer loop
      vertex 120 0 4
      vertex 120 0 17
      vertex 119.71113932435101 5.879894183638295 14.99
    endloop
  endfacet
  facet normal -0.998795456226587 -0.04906767389151434 3.1555434779463213e-14
    outer loop
      vertex 119.63885450363159 7.351285524666309 4
      vertex 119.71113932435101 5.879894183638295 14.99
      vertex 119.71064843471743 5.889886471771098 14.99
    endloop
  endfacet
  facet normal 0.9987954562766879 0.049067672871684995 9.564079909516008e-16
    outer loop
      vertex 124.79455859959126 4.181855611503124 10
      vertex 124.61477813124657 7.841371223330498 10
      vertex 124.69139104866707 6.281879416743047 14.99
    endloop
  endfacet
  facet normal -0.9987954562265754 -0.0490676738917513 0
    outer loop
      vertex 119.63885450363159 7.351285524666309 4
      vertex 119.71064843471743 5.889886471771098 14.99
      vertex 119.63885450363159 7.351285524666309 17.497189030132837
    endloop
  endfacet
  facet normal 0.9987954562766937 0.04906767287156636 5.1150411215810776e-14
    outer loop
      vertex 124.79455859959126 4.181855611503124 10
      vertex 124.69139104866707 6.281879416743047 14.99
      vertex 124.69188193829046 6.271887128609443 14.99
    endloop
  endfacet
  facet normal 0 0 1
    outer loop
      vertex 124.69188193829046 6.271887128609443 14.99
      vertex 119.71064843471743 5.889886471771098 14.99
      vertex 119.71113932435101 5.879894183638295 14.99
    endloop
  endfacet
  facet normal 0 0 1
    outer loop
      vertex 124.69188193829046 6.271887128609443 14.99
      vertex 124.69139104866707 6.281879416743047 14.99
      vertex 119.71064843471743 5.889886471771098 14.99
    endloop
  endfacet
  facet normal 0.998795456276688 0.04906767287168784 0
    outer loop
      vertex 124.79455859959126 4.181855611503124 10
      vertex 124.69188193829046 6.271887128609443 14.99
      vertex 124.79455859959126 4.181855611503124 18
    endloop
  endfacet
  facet normal -0.9891765098435024 -0.14673047527295516 0
    outer loop
      vertex 119.63885450363159 7.351285524666309 4
      vertex 119.63885450363159 7.351285524666309 17.497189030132837
      vertex 119.59657364217139 7.636319938237006 17.990000000000002
    endloop
  endfacet
  facet normal -0.9891765098435014 -0.1467304752729627 1.5654429609519136e-16
    outer loop
      vertex 119.63885450363159 7.351285524666309 4
      vertex 119.59657364217139 7.636319938237006 17.990000000000002
      vertex 118.5588960275054 14.63177414983511 18
    endloop
  endfacet
  facet normal 0.9987954562766881 0.04906767287168195 0
    outer loop
      vertex 124.61477813124657 7.841371223330498 10
      vertex 124.61477813124657 7.841371223330498 17.66547781832635
      vertex 124.69139104866707 6.281879416743047 14.99
    endloop
  endfacet
  facet normal 0 0 1
    outer loop
      vertex 124.61477813124657 7.841371223330498 10
      vertex 142.45796176935943 19.400517596125237 10
      vertex 123.4628224298358 15.607225760817528 10
    endloop
  endfacet
  facet normal 0 0 1
    outer loop
      vertex 123.4628224298358 15.607225760817528 10
      vertex 140.92187932918722 20.1789741315084 10
      vertex 140.78650861234308 20.353414412020435 10
    endloop
  endfacet
  facet normal 0 0 1
    outer loop
      vertex 123.4628224298358 15.607225760817528 10
      vertex 140.66888787995526 20.540283365451845 10
      vertex 140.57014988397458 20.73778134162813 10
    endloop
  endfacet
  facet normal 0 0 1
    outer loop
      vertex 123.4628224298358 15.607225760817528 10
      vertex 140.78650861234308 20.353414412020435 10
      vertex 140.66888787995526 20.540283365451845 10
    endloop
  endfacet
  facet normal 0 0 1
    outer loop
      vertex 123.4628224298358 15.607225760817528 10
      vertex 140.57014988397458 20.73778134162813 10
      vertex 140.4912455252781 20.944006327075332 10
    endloop
  endfacet
  facet normal 0 0 1
    outer loop
      vertex 123.4628224298358 15.607225760817528 10
      vertex 141.420676593213 19.746330640731294 10
      vertex 141.24049755345925 19.8739635364809 10
    endloop
  endfacet
  facet normal 0 0 1
    outer loop
      vertex 123.4628224298358 15.607225760817528 10
      vertex 142.02358559059857 19.47710983621782 10
      vertex 141.81411512585498 19.54694368792399 10
    endloop
  endfacet
  facet normal 0 0 1
    outer loop
      vertex 123.4628224298358 15.607225760817528 10
      vertex 141.81411512585498 19.54694368792399 10
      vertex 141.61249823309572 19.636972966484333 10
    endloop
  endfacet
  facet normal 0 0 1
    outer loop
      vertex 123.4628224298358 15.607225760817528 10
      vertex 141.61249823309572 19.636972966484333 10
      vertex 141.420676593213 19.746330640731294 10
    endloop
  endfacet
  facet normal 0 0 1
    outer loop
      vertex 123.4628224298358 15.607225760817528 10
      vertex 142.23889231224274 19.42814394953282 10
      vertex 142.02358559059857 19.47710983621782 10
    endloop
  endfacet
  facet normal 0 0 1
    outer loop
      vertex 123.4628224298358 15.607225760817528 10
      vertex 142.45796176935943 19.400517596125237 10
      vertex 142.23889231224274 19.42814394953282 10
    endloop
  endfacet
  facet normal 0 0 1
    outer loop
      vertex 123.4628224298358 15.607225760817528 10
      vertex 141.24049755345925 19.8739635364809 10
      vertex 141.07369633648324 20.01864247917584 10
    endloop
  endfacet
  facet normal 0 0 1
    outer loop
      vertex 123.4628224298358 15.607225760817528 10
      vertex 141.07369633648324 20.01864247917584 10
      vertex 140.92187932918722 20.1789741315084 10
    endloop
  endfacet
  facet normal 0 0 1
    outer loop
      vertex 124.61477813124657 7.841371223330498 10
      vertex 142.6786842033211 19.394496832880492 10
      vertex 142.45796176935943 19.400517596125237 10
    endloop
  endfacet
  facet normal 0 0 1
    outer loop
      vertex 124.61477813124657 7.841371223330498 10
      vertex 142.8989339364295 19.410139643039916 10
      vertex 142.6786842033211 19.394496832880492 10
    endloop
  endfacet
  facet normal 0 0 1
    outer loop
      vertex 124.61477813124657 7.841371223330498 10
      vertex 143.11658984335406 19.447295377790436 10
      vertex 142.8989339364295 19.410139643039916 10
    endloop
  endfacet
  facet normal 0 0 1
    outer loop
      vertex 124.61477813124657 7.841371223330498 10
      vertex 143.3295557787283 19.505606207095024 10
      vertex 143.11658984335406 19.447295377790436 10
    endloop
  endfacet
  facet normal 0 0 1
    outer loop
      vertex 124.61477813124657 7.841371223330498 10
      vertex 143.5357807641755 19.584510565791533 10
      vertex 143.3295557787283 19.505606207095024 10
    endloop
  endfacet
  facet normal 0 0 1
    outer loop
      vertex 123.4628224298358 15.607225760817528 10
      vertex 140.4912455252781 20.944006327075332 10
      vertex 140.43293469597347 21.156972262449557 10
    endloop
  endfacet
  facet normal 0 0 1
    outer loop
      vertex 123.4628224298358 15.607225760817528 10
      vertex 140.43293469597347 21.156972262449557 10
      vertex 140.39577896122296 21.374628169374123 10
    endloop
  endfacet
  facet normal 0 0 1
    outer loop
      vertex 123.4628224298358 15.607225760817528 10
      vertex 140.39577896122296 21.374628169374123 10
      vertex 140.38013615106354 21.594877902482523 10
    endloop
  endfacet
  facet normal 0 0 1
    outer loop
      vertex 123.4628224298358 15.607225760817528 10
      vertex 140.38013615106354 21.594877902482523 10
      vertex 140.3861569143083 21.81560033644418 10
    endloop
  endfacet
  facet normal 0 0 1
    outer loop
      vertex 123.4628224298358 15.607225760817528 10
      vertex 140.3861569143083 21.81560033644418 10
      vertex 140.41378326771587 22.03466979356088 10
    endloop
  endfacet
  facet normal 0 0 1
    outer loop
      vertex 123.4628224298358 15.607225760817528 10
      vertex 140.41378326771587 22.03466979356088 10
      vertex 140.46274915440085 22.249976515205045 10
    endloop
  endfacet
  facet normal 0 0 1
    outer loop
      vertex 123.4628224298358 15.607225760817528 10
      vertex 140.46274915440085 22.249976515205045 10
      vertex 140.53258300610705 22.459446979948616 10
    endloop
  endfacet
  facet normal 0 0 1
    outer loop
      vertex 123.4628224298358 15.607225760817528 10
      vertex 140.53258300610705 22.459446979948616 10
      vertex 140.62261228466738 22.661063872707906 10
    endloop
  endfacet
  facet normal 0 0 1
    outer loop
      vertex 123.4628224298358 15.607225760817528 10
      vertex 140.62261228466738 22.661063872707906 10
      vertex 140.73196995891436 22.85288551259064 10
    endloop
  endfacet
  facet normal 0 0 1
    outer loop
      vertex 123.4628224298358 15.607225760817528 10
      vertex 140.73196995891436 22.85288551259064 10
      vertex 140.85960285466396 23.033064552344374 10
    endloop
  endfacet
  facet normal 0 0 1
    outer loop
      vertex 123.4628224298358 15.607225760817528 10
      vertex 140.85960285466396 23.033064552344374 10
      vertex 141.00428179735889 23.199865769320393 10
    endloop
  endfacet
  facet normal 0 0 1
    outer loop
      vertex 123.4628224298358 15.607225760817528 10
      vertex 141.00428179735889 23.199865769320393 10
      vertex 141.16461344969144 23.3516827766164 10
    endloop
  endfacet
  facet normal 0 0 1
    outer loop
      vertex 123.4628224298358 15.607225760817528 10
      vertex 141.16461344969144 23.3516827766164 10
      vertex 141.3390537302035 23.487053493460518 10
    endloop
  endfacet
  facet normal 0 0 1
    outer loop
      vertex 123.4628224298358 15.607225760817528 10
      vertex 141.3390537302035 23.487053493460518 10
      vertex 141.5259226836349 23.604674225848374 10
    endloop
  endfacet
  facet normal 0 0 1
    outer loop
      vertex 123.4628224298358 15.607225760817528 10
      vertex 141.5259226836349 23.604674225848374 10
      vertex 141.72342065981118 23.70341222182904 10
    endloop
  endfacet
  facet normal 0.9891765099737756 0.14673047439472486 0
    outer loop
      vertex 124.61477813124657 7.841371223330498 10
      vertex 123.4628224298358 15.607225760817528 10
      vertex 123.4628224298358 15.607225760817528 18
    endloop
  endfacet
  facet normal 0.9700312531437723 0.2429801801059561 5.962433503964278e-13
    outer loop
      vertex 123.4628224298358 15.607225760817528 10
      vertex 122.6972071639344 18.66373323184472 14.99
      vertex 122.69963708283578 18.65403245182258 14.99
    endloop
  endfacet
  facet normal 0.9700312531435438 0.24298018010686823 -2.4460001999669257e-16
    outer loop
      vertex 123.4628224298358 15.607225760817528 10
      vertex 122.69963708283578 18.65403245182258 14.99
      vertex 123.12487289057978 16.956395947948078 17.990000000000002
    endloop
  endfacet
  facet normal 0.9700312531435437 0.24298018010686837 -2.289097626850586e-15
    outer loop
      vertex 123.4628224298358 15.607225760817528 10
      vertex 121.55522685497999 23.222774177789688 18
      vertex 122.6972071639344 18.66373323184472 14.99
    endloop
  endfacet
  facet normal 0 0 1
    outer loop
      vertex 122.6972071639344 18.66373323184472 14.99
      vertex 117.8409798472735 17.49785620384981 14.99
      vertex 117.84340976616922 17.48815542382631 14.99
    endloop
  endfacet
  facet normal 0 0 1
    outer loop
      vertex 122.6972071639344 18.66373323184472 14.99
      vertex 117.84340976616922 17.48815542382631 14.99
      vertex 122.69963708283578 18.65403245182258 14.99
    endloop
  endfacet
  facet normal 0.9700312531435442 0.24298018010686626 0
    outer loop
      vertex 123.4628224298358 15.607225760817528 10
      vertex 121.55522685497999 23.222774177789688 10
      vertex 121.55522685497999 23.222774177789688 18
    endloop
  endfacet
  facet normal -0.9700312532852533 -0.24298017954113185 2.4905943396011055e-15
    outer loop
      vertex 118.5588960275054 14.63177414983511 18
      vertex 118.2686455729207 15.790518919713525 17.990000000000002
      vertex 117.84340976616922 17.48815542382631 14.99
    endloop
  endfacet
  facet normal -0.9700312532852533 -0.24298017954113169 -2.1788759231436817e-15
    outer loop
      vertex 116.77052517980337 21.771350793540478 18
      vertex 117.8409798472735 17.49785620384981 14.99
      vertex 117.41574404052201 19.1954927079626 17.990000000000002
    endloop
  endfacet
  facet normal -0.9700312532852533 -0.24298017954113194 0
    outer loop
      vertex 118.5588960275054 14.63177414983511 18
      vertex 118.2686455729207 15.790518919713525 18
      vertex 118.2686455729207 15.790518919713525 17.990000000000002
    endloop
  endfacet
  facet normal -0.9700312532852534 -0.24298017954113174 0
    outer loop
      vertex 116.77052517980337 21.771350793540478 18
      vertex 117.41574404052201 19.1954927079626 17.990000000000002
      vertex 117.41574404052201 19.1954927079626 18
    endloop
  endfacet
  facet normal 0 0 1
    outer loop
      vertex 116.77052517980337 21.771350793540478 18
      vertex 117.41574404052201 19.1954927079626 18
      vertex 121.55522685497999 23.222774177789688 18
    endloop
  endfacet
  facet normal -0.9415440652521312 -0.33688985319906906 0
    outer loop
      vertex 116.77052517980337 21.771350793540478 18
      vertex 114.88123318653435 27.051568190707656 18
      vertex 114.88123318653435 27.051568190707656 17.990000000000002
    endloop
  endfacet
  facet normal -0.06777131147328305 0.8611161588185983 0.5038710255240859
    outer loop
      vertex 124.69188193829046 6.271887128609443 14.99
      vertex 119.71113932435101 5.879894183638295 14.99
      vertex 124.77778762238442 4.523236705228629 17.990000000000002
    endloop
  endfacet
  facet normal -0.9987954562265754 -0.049067673891748875 -2.1746097084577344e-15
    outer loop
      vertex 119.71113932435101 5.879894183638295 14.99
      vertex 120 0 17
      vertex 119.79704501022826 4.1312437603978305 17.990000000000002
    endloop
  endfacet
  facet normal -0.0677713114732829 0.8611161588185983 0.5038710255240858
    outer loop
      vertex 124.77778762238442 4.523236705228629 17.990000000000002
      vertex 119.71113932435101 5.879894183638295 14.99
      vertex 119.79704501022826 4.1312437603978305 17.990000000000002
    endloop
  endfacet
  facet normal 0.9987954562766875 0.04906767287169287 3.524969345177238e-15
    outer loop
      vertex 124.69188193829046 6.271887128609443 14.99
      vertex 124.77778762238442 4.523236705228629 17.990000000000002
      vertex 124.79455859959126 4.181855611503124 18
    endloop
  endfacet
  facet normal 0.06777131147328291 -0.8611161588185982 0.5038710255240859
    outer loop
      vertex 124.69139104866707 6.281879416743047 14.99
      vertex 119.63885450363159 7.351285524666309 17.497189030132837
      vertex 119.71064843471743 5.889886471771098 14.99
    endloop
  endfacet
  facet normal 0.9891765099737756 0.14673047439472486 0
    outer loop
      vertex 124.61477813124657 7.841371223330498 10
      vertex 123.4628224298358 15.607225760817528 18
      vertex 124.61477813124657 7.841371223330498 17.66547781832635
    endloop
  endfacet
  facet normal 0.06777131147328302 -0.8611161588185979 0.5038710255240861
    outer loop
      vertex 124.69139104866707 6.281879416743047 14.99
      vertex 124.61477813124657 7.841371223330498 17.66547781832635
      vertex 119.63885450363159 7.351285524666309 17.497189030132837
    endloop
  endfacet
  facet normal 1 0 0
    outer loop
      vertex 120 0 18
      vertex 120 0 17
      vertex 120 1.0000000000000004 18
    endloop
  endfacet
  facet normal -0.9987954562265755 -0.049067673891749396 0
    outer loop
      vertex 120 0 18
      vertex 119.79704501022826 4.1312437603978305 17.990000000000002
      vertex 120 0 17
    endloop
  endfacet
  facet normal 0 0 1
    outer loop
      vertex 120 0 18
      vertex 120 1.0000000000000004 18
      vertex 119.79704501022826 4.1312437603978305 18
    endloop
  endfacet
  facet normal -0.9987954562265754 -0.049067673891749396 0
    outer loop
      vertex 120 0 18
      vertex 119.79704501022826 4.1312437603978305 18
      vertex 119.79704501022826 4.1312437603978305 17.990000000000002
    endloop
  endfacet
  facet normal -0.07845909572784496 0.9969173337331281 0
    outer loop
      vertex 119.79704501022826 4.1312437603978305 18
      vertex 124.77778762238442 4.523236705228629 18
      vertex 119.79704501022826 4.1312437603978305 17.990000000000002
    endloop
  endfacet
  facet normal 0 0 1
    outer loop
      vertex 119.79704501022826 4.1312437603978305 18
      vertex 124.79455859959126 4.181855611503124 18
      vertex 124.77778762238442 4.523236705228629 18
    endloop
  endfacet
  facet normal -0.07845909572784496 0.9969173337331281 0
    outer loop
      vertex 124.77778762238442 4.523236705228629 17.990000000000002
      vertex 119.79704501022826 4.1312437603978305 17.990000000000002
      vertex 124.77778762238442 4.523236705228629 18
    endloop
  endfacet
  facet normal 0.9987954562766876 0.04906767287169279 0
    outer loop
      vertex 124.77778762238442 4.523236705228629 17.990000000000002
      vertex 124.77778762238442 4.523236705228629 18
      vertex 124.79455859959126 4.181855611503124 18
    endloop
  endfacet
  facet normal 0.06777131147328308 -0.8611161588185982 0.5038710255240858
    outer loop
      vertex 124.61477813124657 7.841371223330498 17.66547781832635
      vertex 119.59657364217139 7.636319938237006 17.990000000000002
      vertex 119.63885450363159 7.351285524666309 17.497189030132837
    endloop
  endfacet
  facet normal 0.07845909572784497 -0.9969173337331281 0
    outer loop
      vertex 124.58693565581457 8.029069946383464 17.990000000000002
      vertex 119.59657364217139 7.636319938237006 18
      vertex 119.59657364217139 7.636319938237006 17.990000000000002
    endloop
  endfacet
  facet normal 0.067771311473283 -0.8611161588185994 0.5038710255240839
    outer loop
      vertex 124.61477813124657 7.841371223330498 17.66547781832635
      vertex 124.58693565581457 8.029069946383464 17.990000000000002
      vertex 119.59657364217139 7.636319938237006 17.990000000000002
    endloop
  endfacet
  facet normal 0.07845909572784497 -0.9969173337331281 0
    outer loop
      vertex 124.58693565581457 8.029069946383464 17.990000000000002
      vertex 124.58693565581457 8.029069946383464 18
      vertex 119.59657364217139 7.636319938237006 18
    endloop
  endfacet
  facet normal -0.9891765098435014 -0.14673047527296273 0
    outer loop
      vertex 118.5588960275054 14.63177414983511 18
      vertex 119.59657364217139 7.636319938237006 17.990000000000002
      vertex 119.59657364217139 7.636319938237006 18
    endloop
  endfacet
  facet normal 0 0 1
    outer loop
      vertex 118.5588960275054 14.63177414983511 18
      vertex 119.59657364217139 7.636319938237006 18
      vertex 124.58693565581457 8.029069946383464 18
    endloop
  endfacet
  facet normal 0.9891765099737757 0.14673047439472403 1.9886928369229633e-14
    outer loop
      vertex 124.61477813124657 7.841371223330498 17.66547781832635
      vertex 123.4628224298358 15.607225760817528 18
      vertex 124.58693565581457 8.029069946383464 17.990000000000002
    endloop
  endfacet
  facet normal 0.9891765099737758 0.14673047439472406 0
    outer loop
      vertex 124.58693565581457 8.029069946383464 17.990000000000002
      vertex 123.4628224298358 15.607225760817528 18
      vertex 124.58693565581457 8.029069946383464 18
    endloop
  endfacet
  facet normal 0 0 1
    outer loop
      vertex 118.5588960275054 14.63177414983511 18
      vertex 124.58693565581457 8.029069946383464 18
      vertex 123.4628224298358 15.607225760817528 18
    endloop
  endfacet
  facet normal 0.9700312531435441 0.24298018010686692 0
    outer loop
      vertex 123.4628224298358 15.607225760817528 10
      vertex 123.12487289057978 16.956395947948078 18
      vertex 123.4628224298358 15.607225760817528 18
    endloop
  endfacet
  facet normal 0.97003125314354 0.24298018010688324 0
    outer loop
      vertex 123.4628224298358 15.607225760817528 10
      vertex 123.12487289057978 16.956395947948078 17.990000000000002
      vertex 123.12487289057978 16.956395947948078 18
    endloop
  endfacet
  facet normal 0.20164517981128893 -0.839912621107802 0.5038710255240868
    outer loop
      vertex 122.6972071639344 18.66373323184472 14.99
      vertex 117.41574404052201 19.1954927079626 17.990000000000002
      vertex 117.8409798472735 17.49785620384981 14.99
    endloop
  endfacet
  facet normal -0.20164517981128902 0.8399126211078027 0.5038710255240856
    outer loop
      vertex 122.69963708283578 18.65403245182258 14.99
      vertex 117.84340976616922 17.48815542382631 14.99
      vertex 123.12487289057978 16.956395947948078 17.990000000000002
    endloop
  endfacet
  facet normal -0.20164517981128907 0.8399126211078025 0.5038710255240857
    outer loop
      vertex 123.12487289057978 16.956395947948078 17.990000000000002
      vertex 117.84340976616922 17.48815542382631 14.99
      vertex 118.2686455729207 15.790518919713525 17.990000000000002
    endloop
  endfacet
  facet normal 0.9415440653997904 0.33688985278638944 0
    outer loop
      vertex 121.55522685497999 23.222774177789688 10
      vertex 119.50063084799136 28.96498535207771 18
      vertex 121.55522685497999 23.222774177789688 18
    endloop
  endfacet
  facet normal 0.20164517981128904 -0.8399126211078016 0.503871025524087
    outer loop
      vertex 122.6972071639344 18.66373323184472 14.99
      vertex 122.27197135619039 20.36136973571923 17.990000000000002
      vertex 117.41574404052201 19.1954927079626 17.990000000000002
    endloop
  endfacet
  facet normal 0.9700312531435441 0.2429801801068667 6.033876471829296e-16
    outer loop
      vertex 122.6972071639344 18.66373323184472 14.99
      vertex 121.55522685497999 23.222774177789688 18
      vertex 122.27197135619039 20.36136973571923 17.990000000000002
    endloop
  endfacet
  facet normal 0 0 1
    outer loop
      vertex 118.5588960275054 14.63177414983511 18
      vertex 123.12487289057978 16.956395947948078 18
      vertex 118.2686455729207 15.790518919713525 18
    endloop
  endfacet
  facet normal 0 0 1
    outer loop
      vertex 118.5588960275054 14.63177414983511 18
      vertex 123.4628224298358 15.607225760817528 18
      vertex 123.12487289057978 16.956395947948078 18
    endloop
  endfacet
  facet normal -0.23344536385590559 0.9723699203976766 0
    outer loop
      vertex 118.2686455729207 15.790518919713525 18
      vertex 123.12487289057978 16.956395947948078 18
      vertex 118.2686455729207 15.790518919713525 17.990000000000002
    endloop
  endfacet
  facet normal -0.23344536385590559 0.9723699203976766 0
    outer loop
      vertex 123.12487289057978 16.956395947948078 17.990000000000002
      vertex 118.2686455729207 15.790518919713525 17.990000000000002
      vertex 123.12487289057978 16.956395947948078 18
    endloop
  endfacet
  facet normal 0.23344536385590578 -0.9723699203976764 0
    outer loop
      vertex 122.27197135619039 20.36136973571923 17.990000000000002
      vertex 117.41574404052201 19.1954927079626 18
      vertex 117.41574404052201 19.1954927079626 17.990000000000002
    endloop
  endfacet
  facet normal 0.23344536385590578 -0.9723699203976764 0
    outer loop
      vertex 122.27197135619039 20.36136973571923 17.990000000000002
      vertex 122.27197135619039 20.36136973571923 18
      vertex 117.41574404052201 19.1954927079626 18
    endloop
  endfacet
  facet normal 0 0 1
    outer loop
      vertex 117.41574404052201 19.1954927079626 18
      vertex 122.27197135619039 20.36136973571923 18
      vertex 121.55522685497999 23.222774177789688 18
    endloop
  endfacet
  facet normal 0.9700312531435441 0.24298018010686667 0
    outer loop
      vertex 122.27197135619039 20.36136973571923 17.990000000000002
      vertex 121.55522685497999 23.222774177789688 18
      vertex 122.27197135619039 20.36136973571923 18
    endloop
  endfacet
  facet normal 0 0 1
    outer loop
      vertex 116.77052517980337 21.771350793540478 18
      vertex 121.55522685497999 23.222774177789688 18
      vertex 119.50063084799136 28.96498535207771 18
    endloop
  endfacet
  facet normal -0.941544687150008 -0.3368881151058811 -4.476942578465181e-15
    outer loop
      vertex 114.29096494786772 28.701257404395484 4
      vertex 114.29096493947574 28.701257427849484 14.99
      vertex 114.2909649387002 28.701257430016994 14.99
    endloop
  endfacet
  facet normal -0.9039892929219436 -0.42755509385631757 0
    outer loop
      vertex 114.2909649387002 28.701257430016994 4
      vertex 114.2909649387002 28.701257430016994 14.99
      vertex 114.28668423244646 28.710308222944334 14.99
    endloop
  endfacet
  facet normal -0.9415440652521301 -0.3368898531990727 1.5470441649414462e-15
    outer loop
      vertex 116.77052517980337 21.771350793540478 4
      vertex 114.88123318653435 27.051568190707656 17.990000000000002
      vertex 114.29096493947574 28.701257427849484 14.99
    endloop
  endfacet
  facet normal -0.9039892929220995 -0.42755509385598783 -3.322592394731243e-16
    outer loop
      vertex 114.2909649387002 28.701257430016994 4
      vertex 114.28668423244646 28.710308222944334 14.99
      vertex 111.14409482479095 35.3547552600503 18
    endloop
  endfacet
  facet normal -0.8577286103552534 -0.5141027436009713 1.616261360239036e-13
    outer loop
      vertex 111.14409482479095 35.3547552600503 4
      vertex 108.87406230344328 39.14207572124915 14.99
      vertex 108.86892102824383 39.15065342072103 14.99
    endloop
  endfacet
  facet normal -0.8577286103554534 -0.5141027436006375 -6.262278642719262e-15
    outer loop
      vertex 111.14409482479095 35.3547552600503 4
      vertex 108.86892102824383 39.15065342072103 14.99
      vertex 107.96919786834121 40.651750828299456 17.990000000000002
    endloop
  endfacet
  facet normal -0.8577286103554459 -0.5141027436006499 0
    outer loop
      vertex 111.14409482479095 35.3547552600503 4
      vertex 111.14409482479095 35.3547552600503 18
      vertex 108.87406230344328 39.14207572124915 14.99
    endloop
  endfacet
  facet normal 0 0 1
    outer loop
      vertex 118.9060818945046 30.623725384563375 14.99
      vertex 114.28668423244646 28.710308222944334 14.99
      vertex 114.2909649387002 28.701257430016994 14.99
    endloop
  endfacet
  facet normal 0 0 1
    outer loop
      vertex 118.91036260164311 30.614674589513776 14.99
      vertex 114.2909649387002 28.701257430016994 14.99
      vertex 114.29096493947574 28.701257427849484 14.99
    endloop
  endfacet
  facet normal 0 0 1
    outer loop
      vertex 118.9060818945046 30.623725384563375 14.99
      vertex 114.2909649387002 28.701257430016994 14.99
      vertex 118.91036260128021 30.61467459052801 14.99
    endloop
  endfacet
  facet normal 0 0 1
    outer loop
      vertex 118.91036260164311 30.614674589513776 14.99
      vertex 118.91036260128021 30.61467459052801 14.99
      vertex 114.2909649387002 28.701257430016994 14.99
    endloop
  endfacet
  facet normal 0.9039892930057027 0.4275550936792237 0
    outer loop
      vertex 118.91036260128021 30.61467459052801 10
      vertex 115.5537011474371 37.71173894405365 10
      vertex 115.5537011474371 37.71173894405365 18
    endloop
  endfacet
  facet normal 0.9039892930057022 0.4275550936792249 -1.2964434662914976e-15
    outer loop
      vertex 118.91036260128021 30.61467459052801 10
      vertex 115.5537011474371 37.71173894405365 18
      vertex 118.9060818945046 30.623725384563375 14.99
    endloop
  endfacet
  facet normal -0.7409511256162022 -0.671558954558781 0
    outer loop
      vertex 102.97578400373459 47.579496309161186 4
      vertex 102.97578400373459 47.579496309161186 17.514331893554665
      vertex 101.98646629408606 48.67104019459375 14.99
    endloop
  endfacet
  facet normal -0.7409511256154168 -0.6715589545596476 1.575247304227224e-13
    outer loop
      vertex 102.97578400373459 47.579496309161186 4
      vertex 101.98646629408606 48.67104019459375 14.99
      vertex 101.97974779078277 48.67845292068611 14.99
    endloop
  endfacet
  facet normal -0.7409511256162016 -0.6715589545587818 -9.370970726207207e-16
    outer loop
      vertex 102.97578400373459 47.579496309161186 4
      vertex 101.97974779078277 48.67845292068611 14.99
      vertex 98.03300861646176 53.03300856152038 17.00000003884941
    endloop
  endfacet
  facet normal 0 0 1
    outer loop
      vertex 106.84083627164364 50.75146273523569 10
      vertex 111.51756898313761 44.44561864435673 10
      vertex 127.78324020577845 55.355279749316836 10
    endloop
  endfacet
  facet normal -0.8032075311726763 -0.5956993049076807 0
    outer loop
      vertex 107.36022092401981 41.667767480015755 4
      vertex 107.36022092401981 41.667767480015755 18
      vertex 103.1414655971902 47.3561005412899 17.990000000000002
    endloop
  endfacet
  facet normal -0.7409510660429591 -0.6715590202877183 4.9368861384212764e-8
    outer loop
      vertex 102.97578400373459 47.579496309161186 4
      vertex 98.03300861646176 53.03300856152038 17.00000003884941
      vertex 98.03300859034061 53.033008590340614 17
    endloop
  endfacet
  facet normal -0.8032075311726797 -0.5956993049076763 -3.425611493040109e-15
    outer loop
      vertex 107.36022092401981 41.667767480015755 4
      vertex 103.1414655971902 47.3561005412899 17.990000000000002
      vertex 102.97578400373459 47.579496309161186 17.514331893554665
    endloop
  endfacet
  facet normal 0.7409511245750169 0.6715589557075519 0
    outer loop
      vertex 106.84083627164364 50.75146273523569 10
      vertex 105.78556404852304 51.91577620884602 14.99
      vertex 106.84083627164364 50.75146273523569 17.682620680442014
    endloop
  endfacet
  facet normal 0 0 1
    outer loop
      vertex 105.77884554520797 51.923188934928305 14.99
      vertex 101.97974779078277 48.67845292068611 14.99
      vertex 101.98646629408606 48.67104019459375 14.99
    endloop
  endfacet
  facet normal 0 0 1
    outer loop
      vertex 105.77884554520797 51.923188934928305 14.99
      vertex 101.98646629408606 48.67104019459375 14.99
      vertex 105.78556404852304 51.91577620884602 14.99
    endloop
  endfacet
  facet normal -0.8577286103554446 -0.5141027436006521 1.5062985675765502e-15
    outer loop
      vertex 111.14409482479095 35.3547552600503 4
      vertex 107.96919786834121 40.651750828299456 17.990000000000002
      vertex 107.36022092401981 41.667767480015755 18
    endloop
  endfacet
  facet normal 0.8577286101271531 0.5141027439815335 8.543188304184226e-13
    outer loop
      vertex 115.5537011474371 37.71173894405365 10
      vertex 113.12719184740934 41.76012513481892 14.99
      vertex 113.13233312261256 41.751547435349366 14.99
    endloop
  endfacet
  facet normal 0.8577286101267118 0.5141027439822698 0
    outer loop
      vertex 115.5537011474371 37.71173894405365 10
      vertex 111.51756898313761 44.44561864435673 10
      vertex 111.51756898313761 44.44561864435673 18
    endloop
  endfacet
  facet normal 0 0 1
    outer loop
      vertex 113.13233312261256 41.751547435349366 14.99
      vertex 108.86892102824383 39.15065342072103 14.99
      vertex 108.87406230344328 39.14207572124915 14.99
    endloop
  endfacet
  facet normal 0 0 1
    outer loop
      vertex 113.12719184740934 41.76012513481892 14.99
      vertex 108.86892102824383 39.15065342072103 14.99
      vertex 113.13233312261256 41.751547435349366 14.99
    endloop
  endfacet
  facet normal 0.8577286101267102 0.5141027439822723 -1.709335753872865e-15
    outer loop
      vertex 115.5537011474371 37.71173894405365 10
      vertex 113.13233312261256 41.751547435349366 14.99
      vertex 114.03205628317914 40.250450028177795 17.990000000000002
    endloop
  endfacet
  facet normal 0.8577286101267007 0.5141027439822882 -2.0064783285023408e-14
    outer loop
      vertex 115.5537011474371 37.71173894405365 10
      vertex 111.51756898313761 44.44561864435673 18
      vertex 113.12719184740934 41.76012513481892 14.99
    endloop
  endfacet
  facet normal 0.8032075316764435 0.5956993042284294 0
    outer loop
      vertex 106.84083627164364 50.75146273523569 10
      vertex 106.84083627164364 50.75146273523569 17.682620680442014
      vertex 111.51756898313761 44.44561864435673 10
    endloop
  endfacet
  facet normal 0.9415440653997901 0.3368898527863904 -6.08189904371522e-16
    outer loop
      vertex 118.91036260128021 30.61467459052801 10
      vertex 118.91036260164311 30.614674589513776 14.99
      vertex 121.55522685497999 23.222774177789688 10
    endloop
  endfacet
  facet normal 0 0 1
    outer loop
      vertex 123.4628224298358 15.607225760817528 10
      vertex 178.97164700180292 40.639854818582535 10
      vertex 121.55522685497999 23.222774177789688 10
    endloop
  endfacet
  facet normal 0 0 1
    outer loop
      vertex 118.91036260128021 30.61467459052801 10
      vertex 121.55522685497999 23.222774177789688 10
      vertex 178.97164700180292 40.639854818582535 10
    endloop
  endfacet
  facet normal 0.9415431162589385 0.3368925054455904 0
    outer loop
      vertex 118.91036260128021 30.61467459052801 10
      vertex 118.91036260128021 30.61467459052801 14.99
      vertex 118.91036260164311 30.614674589513776 14.99
    endloop
  endfacet
  facet normal 0.9039892930059785 0.4275550936786408 0
    outer loop
      vertex 118.91036260128021 30.61467459052801 10
      vertex 118.9060818945046 30.623725384563375 14.99
      vertex 118.91036260128021 30.61467459052801 14.99
    endloop
  endfacet
  facet normal 0.94154406539979 0.33688985278639055 -8.800512823682894e-16
    outer loop
      vertex 121.55522685497999 23.222774177789688 10
      vertex 118.91036260164311 30.614674589513776 14.99
      vertex 119.50063084799136 28.96498535207771 17.990000000000002
    endloop
  endfacet
  facet normal 0 0 1
    outer loop
      vertex 111.51756898313761 44.44561864435673 10
      vertex 127.71382566665412 52.174056459172284 10
      vertex 127.5691467239592 52.3408576761483 10
    endloop
  endfacet
  facet normal 0 0 1
    outer loop
      vertex 111.51756898313761 44.44561864435673 10
      vertex 127.87415731898669 52.02223945187628 10
      vertex 127.71382566665412 52.174056459172284 10
    endloop
  endfacet
  facet normal 0 0 1
    outer loop
      vertex 111.51756898313761 44.44561864435673 10
      vertex 128.6391895145536 51.59160564796712 10
      vertex 128.4329645291064 51.67051000666363 10
    endloop
  endfacet
  facet normal 0 0 1
    outer loop
      vertex 111.51756898313761 44.44561864435673 10
      vertex 128.85215544992786 51.53329481866254 10
      vertex 128.6391895145536 51.59160564796712 10
    endloop
  endfacet
  facet normal 0 0 1
    outer loop
      vertex 111.51756898313761 44.44561864435673 10
      vertex 129.06981135685243 51.49613908391201 10
      vertex 128.85215544992786 51.53329481866254 10
    endloop
  endfacet
  facet normal 0 0 1
    outer loop
      vertex 111.51756898313761 44.44561864435673 10
      vertex 128.04859759949872 51.88686873503215 10
      vertex 127.87415731898669 52.02223945187628 10
    endloop
  endfacet
  facet normal 0 0 1
    outer loop
      vertex 111.51756898313761 44.44561864435673 10
      vertex 128.23546655293012 51.7692480026443 10
      vertex 128.04859759949872 51.88686873503215 10
    endloop
  endfacet
  facet normal 0 0 1
    outer loop
      vertex 111.51756898313761 44.44561864435673 10
      vertex 128.4329645291064 51.67051000666363 10
      vertex 128.23546655293012 51.7692480026443 10
    endloop
  endfacet
  facet normal 0 0 1
    outer loop
      vertex 111.51756898313761 44.44561864435673 10
      vertex 129.2900610899608 51.480496273752586 10
      vertex 129.06981135685243 51.49613908391201 10
    endloop
  endfacet
  facet normal 0 0 1
    outer loop
      vertex 111.51756898313761 44.44561864435673 10
      vertex 129.51078352392244 51.48651703699734 10
      vertex 129.2900610899608 51.480496273752586 10
    endloop
  endfacet
  facet normal 0 0 1
    outer loop
      vertex 111.51756898313761 44.44561864435673 10
      vertex 129.72985298103916 51.514143390404925 10
      vertex 129.51078352392244 51.48651703699734 10
    endloop
  endfacet
  facet normal 0 0 1
    outer loop
      vertex 111.51756898313761 44.44561864435673 10
      vertex 129.94515970268333 51.56310927708992 10
      vertex 129.72985298103916 51.514143390404925 10
    endloop
  endfacet
  facet normal 0 0 1
    outer loop
      vertex 111.51756898313761 44.44561864435673 10
      vertex 130.1546301674269 51.632943128796086 10
      vertex 129.94515970268333 51.56310927708992 10
    endloop
  endfacet
  facet normal 0 0 1
    outer loop
      vertex 111.51756898313761 44.44561864435673 10
      vertex 127.44151382820958 52.521036715902035 10
      vertex 127.33215615396261 52.712858355784775 10
    endloop
  endfacet
  facet normal 0 0 1
    outer loop
      vertex 111.51756898313761 44.44561864435673 10
      vertex 127.33215615396261 52.712858355784775 10
      vertex 127.24212687540228 52.91447524854406 10
    endloop
  endfacet
  facet normal 0 0 1
    outer loop
      vertex 111.51756898313761 44.44561864435673 10
      vertex 127.5691467239592 52.3408576761483 10
      vertex 127.44151382820958 52.521036715902035 10
    endloop
  endfacet
  facet normal 0 0 1
    outer loop
      vertex 111.51756898313761 44.44561864435673 10
      vertex 127.24212687540228 52.91447524854406 10
      vertex 127.1722930236961 53.12394571328763 10
    endloop
  endfacet
  facet normal 0 0 1
    outer loop
      vertex 111.51756898313761 44.44561864435673 10
      vertex 127.1233271370111 53.339252434931794 10
      vertex 127.09570078360352 53.55832189204849 10
    endloop
  endfacet
  facet normal 0 0 1
    outer loop
      vertex 111.51756898313761 44.44561864435673 10
      vertex 127.1722930236961 53.12394571328763 10
      vertex 127.1233271370111 53.339252434931794 10
    endloop
  endfacet
  facet normal 0 0 1
    outer loop
      vertex 111.51756898313761 44.44561864435673 10
      vertex 127.09570078360352 53.55832189204849 10
      vertex 127.08968002035878 53.77904432601015 10
    endloop
  endfacet
  facet normal 0 0 1
    outer loop
      vertex 111.51756898313761 44.44561864435673 10
      vertex 127.08968002035878 53.77904432601015 10
      vertex 127.10532283051819 53.99929405911855 10
    endloop
  endfacet
  facet normal 0 0 1
    outer loop
      vertex 111.51756898313761 44.44561864435673 10
      vertex 127.10532283051819 53.99929405911855 10
      vertex 127.14247856526872 54.21694996604312 10
    endloop
  endfacet
  facet normal 0 0 1
    outer loop
      vertex 111.51756898313761 44.44561864435673 10
      vertex 127.14247856526872 54.21694996604312 10
      vertex 127.2007893945733 54.429915901417345 10
    endloop
  endfacet
  facet normal 0 0 1
    outer loop
      vertex 111.51756898313761 44.44561864435673 10
      vertex 127.2007893945733 54.429915901417345 10
      vertex 127.27969375326981 54.636140886864546 10
    endloop
  endfacet
  facet normal 0 0 1
    outer loop
      vertex 118.91036260128021 30.61467459052801 10
      vertex 174.34313455224037 53.575680531561375 10
      vertex 115.5537011474371 37.71173894405365 10
    endloop
  endfacet
  facet normal 0 0 1
    outer loop
      vertex 115.5537011474371 37.71173894405365 10
      vertex 168.4689770117402 65.99554315209389 10
      vertex 111.51756898313761 44.44561864435673 10
    endloop
  endfacet
  facet normal 0.3305538746003568 -0.7980276471551591 0.5038710255240847
    outer loop
      vertex 118.9060818945046 30.623725384563375 14.99
      vertex 113.5375604657965 30.294197349413587 17.990000000000002
      vertex 114.28668423244646 28.710308222944334 14.99
    endloop
  endfacet
  facet normal -0.33055387460035685 0.7980276471551581 0.5038710255240861
    outer loop
      vertex 118.91036260164311 30.614674589513776 14.99
      vertex 114.29096493947574 28.701257427849484 14.99
      vertex 119.50063084799136 28.96498535207771 17.990000000000002
    endloop
  endfacet
  facet normal -0.33055387460035723 0.7980276471551573 0.5038710255240869
    outer loop
      vertex 119.50063084799136 28.96498535207771 17.990000000000002
      vertex 114.29096493947574 28.701257427849484 14.99
      vertex 114.88123318653435 27.051568190707656 17.990000000000002
    endloop
  endfacet
  facet normal -0.9039892929220992 -0.4275550938559886 1.694131663808545e-15
    outer loop
      vertex 111.14409482479095 35.3547552600503 18
      vertex 114.28668423244646 28.710308222944334 14.99
      vertex 113.5375604657965 30.294197349413587 17.990000000000002
    endloop
  endfacet
  facet normal 0.33055387460035784 -0.7980276471551574 0.5038710255240867
    outer loop
      vertex 118.9060818945046 30.623725384563375 14.99
      vertex 118.15695812817152 32.2076145111639 17.990000000000002
      vertex 113.5375604657965 30.294197349413587 17.990000000000002
    endloop
  endfacet
  facet normal -0.8577286103554462 -0.5141027436006493 8.90536635097395e-16
    outer loop
      vertex 111.14409482479095 35.3547552600503 18
      vertex 109.77378546334592 37.640978313670715 17.990000000000002
      vertex 108.87406230344328 39.14207572124915 14.99
    endloop
  endfacet
  facet normal 0.9039892930057032 0.42755509367922273 4.672421560701995e-15
    outer loop
      vertex 118.9060818945046 30.623725384563375 14.99
      vertex 115.5537011474371 37.71173894405365 18
      vertex 118.15695812817152 32.2076145111639 17.990000000000002
    endloop
  endfacet
  facet normal -0.9039892929220991 -0.4275550938559886 0
    outer loop
      vertex 111.14409482479095 35.3547552600503 18
      vertex 113.5375604657965 30.294197349413587 17.990000000000002
      vertex 113.5375604657965 30.294197349413587 18
    endloop
  endfacet
  facet normal 0 0 1
    outer loop
      vertex 116.77052517980337 21.771350793540478 18
      vertex 119.50063084799136 28.96498535207771 18
      vertex 114.88123318653435 27.051568190707656 18
    endloop
  endfacet
  facet normal -0.38268343236509 0.9238795325112866 0
    outer loop
      vertex 114.88123318653435 27.051568190707656 18
      vertex 119.50063084799136 28.96498535207771 18
      vertex 114.88123318653435 27.051568190707656 17.990000000000002
    endloop
  endfacet
  facet normal -0.38268343236509 0.9238795325112866 0
    outer loop
      vertex 119.50063084799136 28.96498535207771 17.990000000000002
      vertex 114.88123318653435 27.051568190707656 17.990000000000002
      vertex 119.50063084799136 28.96498535207771 18
    endloop
  endfacet
  facet normal 0.38268343236509056 -0.9238795325112865 0
    outer loop
      vertex 118.15695812817152 32.2076145111639 17.990000000000002
      vertex 113.5375604657965 30.294197349413587 18
      vertex 113.5375604657965 30.294197349413587 17.990000000000002
    endloop
  endfacet
  facet normal 0.38268343236509056 -0.9238795325112865 0
    outer loop
      vertex 118.15695812817152 32.2076145111639 17.990000000000002
      vertex 118.15695812817152 32.2076145111639 18
      vertex 113.5375604657965 30.294197349413587 18
    endloop
  endfacet
  facet normal -0.8577286103554463 -0.5141027436006494 0
    outer loop
      vertex 111.14409482479095 35.3547552600503 18
      vertex 109.77378546334592 37.640978313670715 18
      vertex 109.77378546334592 37.640978313670715 17.990000000000002
    endloop
  endfacet
  facet normal 0 0 1
    outer loop
      vertex 111.14409482479095 35.3547552600503 18
      vertex 114.03205628317914 40.250450028177795 18
      vertex 109.77378546334592 37.640978313670715 18
    endloop
  endfacet
  facet normal 0 0 1
    outer loop
      vertex 113.5375604657965 30.294197349413587 18
      vertex 118.15695812817152 32.2076145111639 18
      vertex 115.5537011474371 37.71173894405365 18
    endloop
  endfacet
  facet normal 0 0 1
    outer loop
      vertex 111.14409482479095 35.3547552600503 18
      vertex 113.5375604657965 30.294197349413587 18
      vertex 115.5537011474371 37.71173894405365 18
    endloop
  endfacet
  facet normal 0.9039892930057032 0.42755509367922284 0
    outer loop
      vertex 118.15695812817152 32.2076145111639 17.990000000000002
      vertex 115.5537011474371 37.71173894405365 18
      vertex 118.15695812817152 32.2076145111639 18
    endloop
  endfacet
  facet normal 0 0 1
    outer loop
      vertex 111.14409482479095 35.3547552600503 18
      vertex 115.5537011474371 37.71173894405365 18
      vertex 114.03205628317914 40.250450028177795 18
    endloop
  endfacet
  facet normal 0.5609795213772792 -0.656822629202608 0.5038710255240838
    outer loop
      vertex 105.77884554520797 51.923188934928305 14.99
      vertex 100.80400971271007 49.975679986849144 17.990000000000002
      vertex 101.97974779078277 48.67845292068611 14.99
    endloop
  endfacet
  facet normal -0.5609795213772794 0.6568226292026053 0.5038710255240874
    outer loop
      vertex 106.84083627164364 50.75146273523569 17.682620680442014
      vertex 105.78556404852304 51.91577620884602 14.99
      vertex 101.98646629408606 48.67104019459375 14.99
    endloop
  endfacet
  facet normal -0.7409511256162007 -0.6715589545587828 2.895156522207808e-15
    outer loop
      vertex 98.03300861646176 53.03300856152038 17.00000003884941
      vertex 101.97974779078277 48.67845292068611 14.99
      vertex 100.80400971271007 49.975679986849144 17.990000000000002
    endloop
  endfacet
  facet normal -0.560979521377279 0.6568226292026071 0.5038710255240854
    outer loop
      vertex 106.84083627164364 50.75146273523569 17.682620680442014
      vertex 101.98646629408606 48.67104019459375 14.99
      vertex 102.97578400373459 47.579496309161186 17.514331893554665
    endloop
  endfacet
  facet normal 0.45132323595135193 -0.7364925840276387 0.5038710255240838
    outer loop
      vertex 113.12719184740934 41.76012513481892 14.99
      vertex 107.96919786834121 40.651750828299456 17.990000000000002
      vertex 108.86892102824383 39.15065342072103 14.99
    endloop
  endfacet
  facet normal -0.45132323595135176 0.7364925840276365 0.503871025524087
    outer loop
      vertex 113.13233312261256 41.751547435349366 14.99
      vertex 108.87406230344328 39.14207572124915 14.99
      vertex 114.03205628317914 40.250450028177795 17.990000000000002
    endloop
  endfacet
  facet normal 0.8577286101267126 0.5141027439822684 0
    outer loop
      vertex 115.5537011474371 37.71173894405365 10
      vertex 114.03205628317914 40.250450028177795 18
      vertex 115.5537011474371 37.71173894405365 18
    endloop
  endfacet
  facet normal 0.8577286101267229 0.5141027439822513 0
    outer loop
      vertex 115.5537011474371 37.71173894405365 10
      vertex 114.03205628317914 40.250450028177795 17.990000000000002
      vertex 114.03205628317914 40.250450028177795 18
    endloop
  endfacet
  facet normal -0.4513232359513516 0.736492584027637 0.5038710255240867
    outer loop
      vertex 114.03205628317914 40.250450028177795 17.990000000000002
      vertex 108.87406230344328 39.14207572124915 14.99
      vertex 109.77378546334592 37.640978313670715 17.990000000000002
    endloop
  endfacet
  facet normal 0.4513232359513526 -0.7364925840276372 0.5038710255240855
    outer loop
      vertex 113.12719184740934 41.76012513481892 14.99
      vertex 112.22746868684277 43.26122254199049 17.990000000000002
      vertex 107.96919786834121 40.651750828299456 17.990000000000002
    endloop
  endfacet
  facet normal 0.8577286101267098 0.5141027439822732 -3.014383841386047e-15
    outer loop
      vertex 113.12719184740934 41.76012513481892 14.99
      vertex 111.51756898313761 44.44561864435673 18
      vertex 112.22746868684277 43.26122254199049 17.990000000000002
    endloop
  endfacet
  facet normal 0.8032075316764438 0.5956993042284292 0
    outer loop
      vertex 111.51756898313761 44.44561864435673 10
      vertex 106.94790061906257 50.60710317394279 18
      vertex 111.51756898313761 44.44561864435673 18
    endloop
  endfacet
  facet normal 0.8032075316764399 0.5956993042284343 -4.682052113802963e-15
    outer loop
      vertex 111.51756898313761 44.44561864435673 10
      vertex 106.84083627164364 50.75146273523569 17.682620680442014
      vertex 106.94790061906257 50.60710317394279 17.990000000000002
    endloop
  endfacet
  facet normal 0.8032075316764478 0.5956993042284237 0
    outer loop
      vertex 111.51756898313761 44.44561864435673 10
      vertex 106.94790061906257 50.60710317394279 17.990000000000002
      vertex 106.94790061906257 50.60710317394279 18
    endloop
  endfacet
  facet normal -0.7409511256162012 -0.6715589545587822 0
    outer loop
      vertex 98.03300861646176 53.03300856152038 17.00000003884941
      vertex 100.80400971271007 49.975679986849144 17.990000000000002
      vertex 100.80400971271007 49.975679986849144 18
    endloop
  endfacet
  facet normal -0.8032075311726763 -0.5956993049076809 0
    outer loop
      vertex 107.36022092401981 41.667767480015755 18
      vertex 103.1414655971902 47.3561005412899 18
      vertex 103.1414655971902 47.3561005412899 17.990000000000002
    endloop
  endfacet
  facet normal 0 0 1
    outer loop
      vertex 107.36022092401981 41.667767480015755 18
      vertex 106.94790061906257 50.60710317394279 18
      vertex 103.1414655971902 47.3561005412899 18
    endloop
  endfacet
  facet normal 0.6494480483301849 -0.76040596560003 0
    outer loop
      vertex 104.60310746507034 53.22041599932773 17.990000000000002
      vertex 100.80400971271007 49.975679986849144 18
      vertex 100.80400971271007 49.975679986849144 17.990000000000002
    endloop
  endfacet
  facet normal -0.5609795213772792 0.6568226292026074 0.5038710255240848
    outer loop
      vertex 106.84083627164364 50.75146273523569 17.682620680442014
      vertex 102.97578400373459 47.579496309161186 17.514331893554665
      vertex 106.94790061906257 50.60710317394279 17.990000000000002
    endloop
  endfacet
  facet normal -0.560979521377279 0.656822629202607 0.5038710255240856
    outer loop
      vertex 106.94790061906257 50.60710317394279 17.990000000000002
      vertex 102.97578400373459 47.579496309161186 17.514331893554665
      vertex 103.1414655971902 47.3561005412899 17.990000000000002
    endloop
  endfacet
  facet normal -0.6494480483301837 0.7604059656000309 0
    outer loop
      vertex 103.1414655971902 47.3561005412899 18
      vertex 106.94790061906257 50.60710317394279 18
      vertex 103.1414655971902 47.3561005412899 17.990000000000002
    endloop
  endfacet
  facet normal -0.6494480483301837 0.7604059656000309 0
    outer loop
      vertex 106.94790061906257 50.60710317394279 17.990000000000002
      vertex 103.1414655971902 47.3561005412899 17.990000000000002
      vertex 106.94790061906257 50.60710317394279 18
    endloop
  endfacet
  facet normal -0.8577286103554446 -0.5141027436006522 0
    outer loop
      vertex 107.36022092401981 41.667767480015755 18
      vertex 107.96919786834121 40.651750828299456 17.990000000000002
      vertex 107.96919786834121 40.651750828299456 18
    endloop
  endfacet
  facet normal 0.52249856471595 -0.8526401643540914 0
    outer loop
      vertex 112.22746868684277 43.26122254199049 17.990000000000002
      vertex 107.96919786834121 40.651750828299456 18
      vertex 107.96919786834121 40.651750828299456 17.990000000000002
    endloop
  endfacet
  facet normal -0.5224985647159494 0.852640164354092 0
    outer loop
      vertex 109.77378546334592 37.640978313670715 18
      vertex 114.03205628317914 40.250450028177795 18
      vertex 109.77378546334592 37.640978313670715 17.990000000000002
    endloop
  endfacet
  facet normal -0.5224985647159494 0.852640164354092 0
    outer loop
      vertex 114.03205628317914 40.250450028177795 17.990000000000002
      vertex 109.77378546334592 37.640978313670715 17.990000000000002
      vertex 114.03205628317914 40.250450028177795 18
    endloop
  endfacet
  facet normal 0 0 1
    outer loop
      vertex 107.36022092401981 41.667767480015755 18
      vertex 107.96919786834121 40.651750828299456 18
      vertex 111.51756898313761 44.44561864435673 18
    endloop
  endfacet
  facet normal 0.52249856471595 -0.8526401643540914 0
    outer loop
      vertex 112.22746868684277 43.26122254199049 17.990000000000002
      vertex 112.22746868684277 43.26122254199049 18
      vertex 107.96919786834121 40.651750828299456 18
    endloop
  endfacet
  facet normal 0 0 1
    outer loop
      vertex 107.96919786834121 40.651750828299456 18
      vertex 112.22746868684277 43.26122254199049 18
      vertex 111.51756898313761 44.44561864435673 18
    endloop
  endfacet
  facet normal 0.8577286101267096 0.5141027439822734 0
    outer loop
      vertex 112.22746868684277 43.26122254199049 17.990000000000002
      vertex 111.51756898313761 44.44561864435673 18
      vertex 112.22746868684277 43.26122254199049 18
    endloop
  endfacet
  facet normal 0 0 1
    outer loop
      vertex 107.36022092401981 41.667767480015755 18
      vertex 111.51756898313761 44.44561864435673 18
      vertex 106.94790061906257 50.60710317394279 18
    endloop
  endfacet
  facet normal 0.941544065399789 0.33688985278639333 0
    outer loop
      vertex 121.55522685497999 23.222774177789688 10
      vertex 119.50063084799136 28.96498535207771 17.990000000000002
      vertex 119.50063084799136 28.96498535207771 18
    endloop
  endfacet
  facet normal 0 -1 0
    outer loop
      vertex 120 0 17
      vertex 149.8 0 9.2
      vertex 160.2 0 9.2
    endloop
  endfacet
  facet normal 0 0 1
    outer loop
      vertex 124.79455859959126 4.181855611503124 10
      vertex 184.64047756046057 7.318247325718403 10
      vertex 124.61477813124657 7.841371223330498 10
    endloop
  endfacet
  facet normal 0 -1 0
    outer loop
      vertex 190 0 4
      vertex 120 0 17
      vertex 160.2 0 9.2
    endloop
  endfacet
  facet normal 0 0 1
    outer loop
      vertex 124.61477813124657 7.841371223330498 10
      vertex 184.64047756046057 7.318247325718403 10
      vertex 184.32586173713207 13.722399644553661 10
    endloop
  endfacet
  facet normal -0.05233595628160529 0.9986295347525477 0
    outer loop
      vertex 124.79455859959126 4.181855611503124 10
      vertex 124.79455859959126 4.181855611503124 18
      vertex 184.64047756046057 7.318247325718403 10
    endloop
  endfacet
  facet normal 0 0 1
    outer loop
      vertex 124.61477813124657 7.841371223330498 10
      vertex 182.30993925780058 27.312645085155964 10
      vertex 143.5357807641755 19.584510565791533 10
    endloop
  endfacet
  facet normal 0 0 1
    outer loop
      vertex 124.61477813124657 7.841371223330498 10
      vertex 184.32586173713207 13.722399644553661 10
      vertex 182.30993925780058 27.312645085155964 10
    endloop
  endfacet
  facet normal 0 0 1
    outer loop
      vertex 143.5357807641755 19.584510565791533 10
      vertex 182.30993925780058 27.312645085155964 10
      vertex 143.73327874035178 19.6832485617722 10
    endloop
  endfacet
  facet normal 0 0 1
    outer loop
      vertex 143.73327874035178 19.6832485617722 10
      vertex 182.30993925780058 27.312645085155964 10
      vertex 143.92014769378318 19.80086929416006 10
    endloop
  endfacet
  facet normal 0 0 1
    outer loop
      vertex 143.92014769378318 19.80086929416006 10
      vertex 182.30993925780058 27.312645085155964 10
      vertex 144.09458797429522 19.936240011004173 10
    endloop
  endfacet
  facet normal 0 0 1
    outer loop
      vertex 144.09458797429522 19.936240011004173 10
      vertex 182.30993925780058 27.312645085155964 10
      vertex 144.25491962662778 20.088057018300184 10
    endloop
  endfacet
  facet normal 0 0 1
    outer loop
      vertex 144.25491962662778 20.088057018300184 10
      vertex 182.30993925780058 27.312645085155964 10
      vertex 144.39959856932273 20.254858235276203 10
    endloop
  endfacet
  facet normal 0 0 1
    outer loop
      vertex 144.39959856932273 20.254858235276203 10
      vertex 182.30993925780058 27.312645085155964 10
      vertex 144.5272314650723 20.435037275029934 10
    endloop
  endfacet
  facet normal 0 0 1
    outer loop
      vertex 144.5272314650723 20.435037275029934 10
      vertex 182.30993925780058 27.312645085155964 10
      vertex 144.6365891393193 20.62685891491267 10
    endloop
  endfacet
  facet normal 0 0 1
    outer loop
      vertex 144.6365891393193 20.62685891491267 10
      vertex 182.30993925780058 27.312645085155964 10
      vertex 144.72661841787965 20.828475807671957 10
    endloop
  endfacet
  facet normal 0 0 1
    outer loop
      vertex 144.72661841787965 20.828475807671957 10
      vertex 182.30993925780058 27.312645085155964 10
      vertex 144.7964522695858 21.03794627241553 10
    endloop
  endfacet
  facet normal 0 0 1
    outer loop
      vertex 144.7964522695858 21.03794627241553 10
      vertex 182.30993925780058 27.312645085155964 10
      vertex 144.8454181562708 21.253252994059697 10
    endloop
  endfacet
  facet normal 0 0 1
    outer loop
      vertex 144.8454181562708 21.253252994059697 10
      vertex 182.30993925780058 27.312645085155964 10
      vertex 144.87304450967838 21.472322451176392 10
    endloop
  endfacet
  facet normal 0 0 1
    outer loop
      vertex 144.87304450967838 21.472322451176392 10
      vertex 182.30993925780058 27.312645085155964 10
      vertex 144.87906527292313 21.69304488513805 10
    endloop
  endfacet
  facet normal 0 0 1
    outer loop
      vertex 144.87906527292313 21.69304488513805 10
      vertex 182.30993925780058 27.312645085155964 10
      vertex 144.8634224627637 21.91329461824645 10
    endloop
  endfacet
  facet normal 0.9987954561962867 0.049067674508288105 1.1273564533175065e-15
    outer loop
      vertex 189.30178536474705 14.21248535066843 4
      vertex 189.44153602007162 11.367795421149243 14.99
      vertex 190 0 17
    endloop
  endfacet
  facet normal 0.9987954561963265 0.04906767450748078 -2.0801342607005407e-13
    outer loop
      vertex 189.30178536474705 14.21248535066843 4
      vertex 189.4410451304319 11.37778770928156 14.99
      vertex 189.44153602007162 11.367795421149243 14.99
    endloop
  endfacet
  facet normal 0 -1 0
    outer loop
      vertex 190 0 4
      vertex 190 0 17
      vertex 120 0 17
    endloop
  endfacet
  facet normal -0.9987954562475146 -0.049067673465521634 0
    outer loop
      vertex 184.64047756046057 7.318247325718403 10
      vertex 184.64047756046057 7.318247325718403 18
      vertex 184.32586173713207 13.722399644553661 10
    endloop
  endfacet
  facet normal -0.9987954562476219 -0.049067673463338644 1.2020346635925787e-12
    outer loop
      vertex 184.32586173713207 13.722399644553661 10
      vertex 184.46079340124314 10.97580247579332 14.99
      vertex 184.46030251161383 10.985794763926458 14.99
    endloop
  endfacet
  facet normal -0.9987954562475143 -0.04906767346553075 -7.319309664634515e-15
    outer loop
      vertex 184.32586173713207 13.722399644553661 10
      vertex 184.64047756046057 7.318247325718403 18
      vertex 184.46079340124314 10.97580247579332 14.99
    endloop
  endfacet
  facet normal -0.9987954562475143 -0.04906767346552848 -1.6565602183771942e-15
    outer loop
      vertex 184.32586173713207 13.722399644553661 10
      vertex 184.46030251161383 10.985794763926458 14.99
      vertex 184.3743968264817 12.734445187225568 17.990000000000002
    endloop
  endfacet
  facet normal 0 0 1
    outer loop
      vertex 184.46030251161383 10.985794763926458 14.99
      vertex 184.46079340124314 10.97580247579332 14.99
      vertex 189.44153602007162 11.367795421149243 14.99
    endloop
  endfacet
  facet normal 0 0 1
    outer loop
      vertex 184.46030251161383 10.985794763926458 14.99
      vertex 189.44153602007162 11.367795421149243 14.99
      vertex 189.4410451304319 11.37778770928156 14.99
    endloop
  endfacet
  facet normal 0.9987954561962868 0.04906767450828658 0
    outer loop
      vertex 189.30178536474705 14.21248535066843 4
      vertex 189.30178536474705 14.21248535066843 18
      vertex 189.4410451304319 11.37778770928156 14.99
    endloop
  endfacet
  facet normal -0.9891765099540981 -0.14673047452738006 0
    outer loop
      vertex 184.32586173713207 13.722399644553661 10
      vertex 184.32586173713207 13.722399644553661 18
      vertex 182.30993925780058 27.312645085155964 10
    endloop
  endfacet
  facet normal 0.989176509999614 0.14673047422053695 0
    outer loop
      vertex 187.21386566013098 28.2880966886878 4
      vertex 187.21386566013098 28.2880966886878 18
      vertex 189.30178536474705 14.21248535066843 18
    endloop
  endfacet
  facet normal -0.05233595628160529 0.9986295347525477 0
    outer loop
      vertex 184.64047756046057 7.318247325718403 10
      vertex 124.79455859959126 4.181855611503124 18
      vertex 184.64047756046057 7.318247325718403 18
    endloop
  endfacet
  facet normal 0 -0.7071067811865474 0.7071067811865477
    outer loop
      vertex 120 0 17
      vertex 189.950873150049 1.0000000000000004 18
      vertex 120 1.0000000000000004 18
    endloop
  endfacet
  facet normal 0 0 1
    outer loop
      vertex 119.79704501022826 4.1312437603978305 18
      vertex 120 1.0000000000000004 18
      vertex 189.950873150049 1.0000000000000004 18
    endloop
  endfacet
  facet normal 0 0 1
    outer loop
      vertex 119.79704501022826 4.1312437603978305 18
      vertex 189.950873150049 1.0000000000000004 18
      vertex 124.79455859959126 4.181855611503124 18
    endloop
  endfacet
  facet normal 0 -0.7071067811865474 0.7071067811865477
    outer loop
      vertex 120 0 17
      vertex 190 0 17
      vertex 189.950873150049 1.0000000000000004 18
    endloop
  endfacet
  facet normal 0.06777131147328289 -0.861116158818598 0.5038710255240864
    outer loop
      vertex 184.46030251161383 10.985794763926458 14.99
      vertex 189.4410451304319 11.37778770928156 14.99
      vertex 184.3743968264817 12.734445187225568 17.990000000000002
    endloop
  endfacet
  facet normal -0.06777131147328318 0.8611161588185983 0.5038710255240859
    outer loop
      vertex 184.46079340124314 10.97580247579332 14.99
      vertex 189.52744170702672 9.619144997993606 17.990000000000002
      vertex 189.44153602007162 11.367795421149243 14.99
    endloop
  endfacet
  facet normal 0.9987954561962867 0.04906767450828822 1.8850833020141564e-15
    outer loop
      vertex 190 0 17
      vertex 189.44153602007162 11.367795421149243 14.99
      vertex 189.52744170702672 9.619144997993606 17.990000000000002
    endloop
  endfacet
  facet normal -0.998795456247515 -0.049067673465518644 7.41946837953146e-15
    outer loop
      vertex 184.46079340124314 10.97580247579332 14.99
      vertex 184.64047756046057 7.318247325718403 18
      vertex 184.54669908637527 9.227152052494212 17.990000000000002
    endloop
  endfacet
  facet normal -0.06777131147328318 0.8611161588185982 0.5038710255240859
    outer loop
      vertex 184.46079340124314 10.97580247579332 14.99
      vertex 184.54669908637527 9.227152052494212 17.990000000000002
      vertex 189.52744170702672 9.619144997993606 17.990000000000002
    endloop
  endfacet
  facet normal 0.06777131147328284 -0.861116158818598 0.5038710255240862
    outer loop
      vertex 184.3743968264817 12.734445187225568 17.990000000000002
      vertex 189.4410451304319 11.37778770928156 14.99
      vertex 189.3551394434768 13.126438132437197 17.990000000000002
    endloop
  endfacet
  facet normal 0 0 1
    outer loop
      vertex 124.79455859959126 4.181855611503124 18
      vertex 189.950873150049 1.0000000000000004 18
      vertex 184.64047756046057 7.318247325718403 18
    endloop
  endfacet
  facet normal 0.9987954561962868 0.049067674508288264 1.5484816673084213e-15
    outer loop
      vertex 190 0 17
      vertex 189.52744170702672 9.619144997993606 17.990000000000002
      vertex 189.950873150049 1.0000000000000004 18
    endloop
  endfacet
  facet normal 0 0 1
    outer loop
      vertex 189.950873150049 1.0000000000000004 18
      vertex 189.52744170702672 9.619144997993606 18
      vertex 184.64047756046057 7.318247325718403 18
    endloop
  endfacet
  facet normal -0.9987954562475148 -0.049067673465518685 0
    outer loop
      vertex 184.54669908637527 9.227152052494212 17.990000000000002
      vertex 184.64047756046057 7.318247325718403 18
      vertex 184.54669908637527 9.227152052494212 18
    endloop
  endfacet
  facet normal 0 0 1
    outer loop
      vertex 189.52744170702672 9.619144997993606 18
      vertex 184.54669908637527 9.227152052494212 18
      vertex 184.64047756046057 7.318247325718403 18
    endloop
  endfacet
  facet normal -0.0784590957278453 0.996917333733128 0
    outer loop
      vertex 184.54669908637527 9.227152052494212 17.990000000000002
      vertex 184.54669908637527 9.227152052494212 18
      vertex 189.52744170702672 9.619144997993606 18
    endloop
  endfacet
  facet normal 0.998795456196287 0.04906767450828827 0
    outer loop
      vertex 189.950873150049 1.0000000000000004 18
      vertex 189.52744170702672 9.619144997993606 17.990000000000002
      vertex 189.52744170702672 9.619144997993606 18
    endloop
  endfacet
  facet normal -0.0784590957278453 0.996917333733128 0
    outer loop
      vertex 184.54669908637527 9.227152052494212 17.990000000000002
      vertex 189.52744170702672 9.619144997993606 18
      vertex 189.52744170702672 9.619144997993606 17.990000000000002
    endloop
  endfacet
  facet normal -0.9987954562475151 -0.04906767346551494 0
    outer loop
      vertex 184.32586173713207 13.722399644553661 10
      vertex 184.3743968264817 12.734445187225568 17.990000000000002
      vertex 184.3743968264817 12.734445187225568 18
    endloop
  endfacet
  facet normal -0.998795456247515 -0.04906767346551509 0
    outer loop
      vertex 184.32586173713207 13.722399644553661 10
      vertex 184.3743968264817 12.734445187225568 18
      vertex 184.32586173713207 13.722399644553661 18
    endloop
  endfacet
  facet normal 0.9987954561962867 0.04906767450828917 -2.4380288348295916e-15
    outer loop
      vertex 189.30178536474705 14.21248535066843 18
      vertex 189.3551394434768 13.126438132437197 17.990000000000002
      vertex 189.4410451304319 11.37778770928156 14.99
    endloop
  endfacet
  facet normal -0.9891765099540981 -0.14673047452738006 0
    outer loop
      vertex 182.30993925780058 27.312645085155964 10
      vertex 184.32586173713207 13.722399644553661 18
      vertex 182.30993925780058 27.312645085155964 18
    endloop
  endfacet
  facet normal 0.07845909572784489 -0.9969173337331281 0
    outer loop
      vertex 184.3743968264817 12.734445187225568 17.990000000000002
      vertex 189.3551394434768 13.126438132437197 17.990000000000002
      vertex 184.3743968264817 12.734445187225568 18
    endloop
  endfacet
  facet normal 0 0 1
    outer loop
      vertex 189.30178536474705 14.21248535066843 18
      vertex 184.32586173713207 13.722399644553661 18
      vertex 184.3743968264817 12.734445187225568 18
    endloop
  endfacet
  facet normal 0.07845909572784489 -0.9969173337331281 0
    outer loop
      vertex 189.3551394434768 13.126438132437197 18
      vertex 184.3743968264817 12.734445187225568 18
      vertex 189.3551394434768 13.126438132437197 17.990000000000002
    endloop
  endfacet
  facet normal 0 0 1
    outer loop
      vertex 189.30178536474705 14.21248535066843 18
      vertex 184.3743968264817 12.734445187225568 18
      vertex 189.3551394434768 13.126438132437197 18
    endloop
  endfacet
  facet normal 0.9987954561962868 0.049067674508289146 0
    outer loop
      vertex 189.30178536474705 14.21248535066843 18
      vertex 189.3551394434768 13.126438132437197 18
      vertex 189.3551394434768 13.126438132437197 17.990000000000002
    endloop
  endfacet
  facet normal 0 0 1
    outer loop
      vertex 189.30178536474705 14.21248535066843 18
      vertex 187.21386566013098 28.2880966886878 18
      vertex 184.32586173713207 13.722399644553661 18
    endloop
  endfacet
  facet normal 0 0 1
    outer loop
      vertex 187.21386566013098 28.2880966886878 18
      vertex 182.30993925780058 27.312645085155964 18
      vertex 184.32586173713207 13.722399644553661 18
    endloop
  endfacet
  facet normal 0 0 1
    outer loop
      vertex 123.4628224298358 15.607225760817528 10
      vertex 141.72342065981118 23.70341222182904 10
      vertex 178.97164700180292 40.639854818582535 10
    endloop
  endfacet
  facet normal 0 0 1
    outer loop
      vertex 141.72342065981118 23.70341222182904 10
      vertex 141.9296456452584 23.78231658052555 10
      vertex 178.97164700180292 40.639854818582535 10
    endloop
  endfacet
  facet normal 0 0 1
    outer loop
      vertex 141.9296456452584 23.78231658052555 10
      vertex 142.1426115806326 23.840627409830137 10
      vertex 178.97164700180292 40.639854818582535 10
    endloop
  endfacet
  facet normal 0 0 1
    outer loop
      vertex 144.8634224627637 21.91329461824645 10
      vertex 178.97164700180292 40.639854818582535 10
      vertex 144.8262667280132 22.13095052517102 10
    endloop
  endfacet
  facet normal 0 0 1
    outer loop
      vertex 144.8262667280132 22.13095052517102 10
      vertex 178.97164700180292 40.639854818582535 10
      vertex 144.7679558987086 22.34391646054524 10
    endloop
  endfacet
  facet normal 0 0 1
    outer loop
      vertex 144.6890515400121 22.550141445992445 10
      vertex 144.7679558987086 22.34391646054524 10
      vertex 178.97164700180292 40.639854818582535 10
    endloop
  endfacet
  facet normal 0 0 1
    outer loop
      vertex 144.47269281164358 22.934508375600142 10
      vertex 144.59031354403143 22.747639422168728 10
      vertex 178.97164700180292 40.639854818582535 10
    endloop
  endfacet
  facet normal 0 0 1
    outer loop
      vertex 144.6890515400121 22.550141445992445 10
      vertex 178.97164700180292 40.639854818582535 10
      vertex 144.59031354403143 22.747639422168728 10
    endloop
  endfacet
  facet normal 0 0 1
    outer loop
      vertex 142.1426115806326 23.840627409830137 10
      vertex 142.36026748755717 23.877783144580658 10
      vertex 178.97164700180292 40.639854818582535 10
    endloop
  endfacet
  facet normal 0 0 1
    outer loop
      vertex 142.36026748755717 23.877783144580658 10
      vertex 142.58051722066557 23.89342595474008 10
      vertex 178.97164700180292 40.639854818582535 10
    endloop
  endfacet
  facet normal 0 0 1
    outer loop
      vertex 143.02030911174393 23.859778838087756 10
      vertex 143.2356158333881 23.810812951402752 10
      vertex 178.97164700180292 40.639854818582535 10
    endloop
  endfacet
  facet normal 0 0 1
    outer loop
      vertex 142.58051722066557 23.89342595474008 10
      vertex 142.80123965462724 23.887405191495336 10
      vertex 178.97164700180292 40.639854818582535 10
    endloop
  endfacet
  facet normal 0 0 1
    outer loop
      vertex 142.80123965462724 23.887405191495336 10
      vertex 143.02030911174393 23.859778838087756 10
      vertex 178.97164700180292 40.639854818582535 10
    endloop
  endfacet
  facet normal 0 0 1
    outer loop
      vertex 144.33732209479945 23.108948656112176 10
      vertex 178.97164700180292 40.639854818582535 10
      vertex 144.18550508750343 23.269280308444735 10
    endloop
  endfacet
  facet normal 0 0 1
    outer loop
      vertex 143.83852483077368 23.54159214688928 10
      vertex 144.01870387052742 23.413959251139676 10
      vertex 178.97164700180292 40.639854818582535 10
    endloop
  endfacet
  facet normal 0 0 1
    outer loop
      vertex 144.18550508750343 23.269280308444735 10
      vertex 178.97164700180292 40.639854818582535 10
      vertex 144.01870387052742 23.413959251139676 10
    endloop
  endfacet
  facet normal 0 0 1
    outer loop
      vertex 143.2356158333881 23.810812951402752 10
      vertex 143.44508629813168 23.740979099696588 10
      vertex 178.97164700180292 40.639854818582535 10
    endloop
  endfacet
  facet normal 0 0 1
    outer loop
      vertex 143.64670319089095 23.650949821136244 10
      vertex 143.83852483077368 23.54159214688928 10
      vertex 178.97164700180292 40.639854818582535 10
    endloop
  endfacet
  facet normal 0 0 1
    outer loop
      vertex 143.44508629813168 23.740979099696588 10
      vertex 143.64670319089095 23.650949821136244 10
      vertex 178.97164700180292 40.639854818582535 10
    endloop
  endfacet
  facet normal 0 0 1
    outer loop
      vertex 144.33732209479945 23.108948656112176 10
      vertex 144.47269281164358 22.934508375600142 10
      vertex 178.97164700180292 40.639854818582535 10
    endloop
  endfacet
  facet normal 0 0 1
    outer loop
      vertex 118.91036260128021 30.61467459052801 10
      vertex 178.97164700180292 40.639854818582535 10
      vertex 174.34313455224037 53.575680531561375 10
    endloop
  endfacet
  facet normal 0 0 1
    outer loop
      vertex 144.8634224627637 21.91329461824645 10
      vertex 182.30993925780058 27.312645085155964 10
      vertex 178.97164700180292 40.639854818582535 10
    endloop
  endfacet
  facet normal 0.9700312532400265 0.24298017972168737 9.635759753622166e-17
    outer loop
      vertex 183.75634868443012 42.091278202831745 4
      vertex 185.8305922198881 33.810433820668585 14.99
      vertex 187.21386566013098 28.2880966886878 18
    endloop
  endfacet
  facet normal 0.9700312532403079 0.24298017972056415 -8.727811345378738e-13
    outer loop
      vertex 183.75634868443012 42.091278202831745 4
      vertex 185.82816230099058 33.820134600691645 14.99
      vertex 185.8305922198881 33.810433820668585 14.99
    endloop
  endfacet
  facet normal 0.9700312532400263 0.24298017972168834 -1.981945682475034e-16
    outer loop
      vertex 183.75634868443012 42.091278202831745 4
      vertex 185.40292649392234 35.51777110472839 17.990000000000002
      vertex 185.82816230099058 33.820134600691645 14.99
    endloop
  endfacet
  facet normal -0.9700312531595527 -0.2429801800429571 0
    outer loop
      vertex 178.97164700180292 40.639854818582535 10
      vertex 182.30993925780058 27.312645085155964 10
      vertex 182.30993925780058 27.312645085155964 18
    endloop
  endfacet
  facet normal -0.9700312531600422 -0.24298018004100255 3.3104854678784214e-12
    outer loop
      vertex 178.97164700180292 40.639854818582535 10
      vertex 180.97436490146592 32.64455679225083 14.99
      vertex 180.9719349825652 32.65425757227312 14.99
    endloop
  endfacet
  facet normal -0.9700312531595437 -0.2429801800429926 -6.375921995247191e-14
    outer loop
      vertex 178.97164700180292 40.639854818582535 10
      vertex 182.30993925780058 27.312645085155964 18
      vertex 180.97436490146592 32.64455679225083 14.99
    endloop
  endfacet
  facet normal 0 0 1
    outer loop
      vertex 180.9719349825652 32.65425757227312 14.99
      vertex 180.97436490146592 32.64455679225083 14.99
      vertex 185.82816230099058 33.820134600691645 14.99
    endloop
  endfacet
  facet normal -0.9700312531595525 -0.24298018004295782 3.18821098357021e-16
    outer loop
      vertex 178.97164700180292 40.639854818582535 10
      vertex 180.9719349825652 32.65425757227312 14.99
      vertex 180.5466991749333 34.351894076174545 17.990000000000002
    endloop
  endfacet
  facet normal 0 0 1
    outer loop
      vertex 180.97436490146592 32.64455679225083 14.99
      vertex 185.8305922198881 33.810433820668585 14.99
      vertex 185.82816230099058 33.820134600691645 14.99
    endloop
  endfacet
  facet normal -0.9415440651938444 -0.3368898533619699 0
    outer loop
      vertex 178.97164700180292 40.639854818582535 10
      vertex 178.97164700180292 40.639854818582535 18
      vertex 174.34313455224037 53.575680531561375 10
    endloop
  endfacet
  facet normal -0.941544065193844 -0.3368898533619711 -2.1488085209722432e-15
    outer loop
      vertex 174.34313455224037 53.575680531561375 10
      vertex 178.97164700180292 40.639854818582535 18
      vertex 174.343134552295 53.57568053140867 14.99
    endloop
  endfacet
  facet normal 0.9700312532400261 0.2429801797216887 0
    outer loop
      vertex 183.75634868443012 42.091278202831745 4
      vertex 183.75634868443012 42.091278202831745 18
      vertex 185.40292649392234 35.51777110472839 17.990000000000002
    endloop
  endfacet
  facet normal 0.9415440651112384 0.3368898535928382 -8.308916435548747e-16
    outer loop
      vertex 183.75634868443012 42.091278202831745 18
      vertex 179.63712449758967 53.603738565231744 7
      vertex 178.96253221482038 55.48909769207239 14.990000001819572
    endloop
  endfacet
  facet normal -0.9700312531595519 -0.24298018004296018 -1.741190580083243e-15
    outer loop
      vertex 180.97436490146592 32.64455679225083 14.99
      vertex 182.30993925780058 27.312645085155964 18
      vertex 181.3996007090978 30.946920288349403 17.990000000000002
    endloop
  endfacet
  facet normal -0.20164517981128915 0.8399126211078015 0.5038710255240871
    outer loop
      vertex 180.97436490146592 32.64455679225083 14.99
      vertex 181.3996007090978 30.946920288349403 17.990000000000002
      vertex 186.25582802695635 32.11279731663185 17.990000000000002
    endloop
  endfacet
  facet normal 0.9700312532400268 0.24298017972168656 -1.4287751023446053e-15
    outer loop
      vertex 187.21386566013098 28.2880966886878 18
      vertex 185.8305922198881 33.810433820668585 14.99
      vertex 186.25582802695635 32.11279731663185 17.990000000000002
    endloop
  endfacet
  facet normal 0.20164517981128863 -0.8399126211078018 0.5038710255240871
    outer loop
      vertex 180.9719349825652 32.65425757227312 14.99
      vertex 185.82816230099058 33.820134600691645 14.99
      vertex 180.5466991749333 34.351894076174545 17.990000000000002
    endloop
  endfacet
  facet normal -0.9700312531595513 -0.2429801800429624 0
    outer loop
      vertex 178.97164700180292 40.639854818582535 10
      vertex 180.5466991749333 34.351894076174545 17.990000000000002
      vertex 180.5466991749333 34.351894076174545 18
    endloop
  endfacet
  facet normal -0.20164517981128824 0.8399126211078027 0.5038710255240856
    outer loop
      vertex 180.97436490146592 32.64455679225083 14.99
      vertex 186.25582802695635 32.11279731663185 17.990000000000002
      vertex 185.8305922198881 33.810433820668585 14.99
    endloop
  endfacet
  facet normal 0.2016451798112886 -0.8399126211078018 0.5038710255240871
    outer loop
      vertex 180.5466991749333 34.351894076174545 17.990000000000002
      vertex 185.82816230099058 33.820134600691645 14.99
      vertex 185.40292649392234 35.51777110472839 17.990000000000002
    endloop
  endfacet
  facet normal -0.970031253159552 -0.24298018004296013 0
    outer loop
      vertex 181.3996007090978 30.946920288349403 17.990000000000002
      vertex 182.30993925780058 27.312645085155964 18
      vertex 181.3996007090978 30.946920288349403 18
    endloop
  endfacet
  facet normal 0 0 1
    outer loop
      vertex 186.25582802695635 32.11279731663185 18
      vertex 181.3996007090978 30.946920288349403 18
      vertex 182.30993925780058 27.312645085155964 18
    endloop
  endfacet
  facet normal -0.23344536385590597 0.9723699203976764 0
    outer loop
      vertex 181.3996007090978 30.946920288349403 17.990000000000002
      vertex 181.3996007090978 30.946920288349403 18
      vertex 186.25582802695635 32.11279731663185 18
    endloop
  endfacet
  facet normal 0 0 1
    outer loop
      vertex 187.21386566013098 28.2880966886878 18
      vertex 186.25582802695635 32.11279731663185 18
      vertex 182.30993925780058 27.312645085155964 18
    endloop
  endfacet
  facet normal -0.23344536385590597 0.9723699203976764 0
    outer loop
      vertex 181.3996007090978 30.946920288349403 17.990000000000002
      vertex 186.25582802695635 32.11279731663185 18
      vertex 186.25582802695635 32.11279731663185 17.990000000000002
    endloop
  endfacet
  facet normal 0.9700312532400267 0.24298017972168656 0
    outer loop
      vertex 187.21386566013098 28.2880966886878 18
      vertex 186.25582802695635 32.11279731663185 17.990000000000002
      vertex 186.25582802695635 32.11279731663185 18
    endloop
  endfacet
  facet normal 0.23344536385590525 -0.9723699203976766 0
    outer loop
      vertex 180.5466991749333 34.351894076174545 17.990000000000002
      vertex 185.40292649392234 35.51777110472839 17.990000000000002
      vertex 180.5466991749333 34.351894076174545 18
    endloop
  endfacet
  facet normal 0.23344536385590525 -0.9723699203976766 0
    outer loop
      vertex 185.40292649392234 35.51777110472839 18
      vertex 180.5466991749333 34.351894076174545 18
      vertex 185.40292649392234 35.51777110472839 17.990000000000002
    endloop
  endfacet
  facet normal 0 0 1
    outer loop
      vertex 183.75634868443012 42.091278202831745 18
      vertex 180.5466991749333 34.351894076174545 18
      vertex 185.40292649392234 35.51777110472839 18
    endloop
  endfacet
  facet normal 0.9700312532400261 0.2429801797216887 0
    outer loop
      vertex 183.75634868443012 42.091278202831745 18
      vertex 185.40292649392234 35.51777110472839 18
      vertex 185.40292649392234 35.51777110472839 17.990000000000002
    endloop
  endfacet
  facet normal -0.9415440651938443 -0.33688985336197036 1.433223636640002e-15
    outer loop
      vertex 174.343134552295 53.57568053140867 14.99
      vertex 178.97164700180292 40.639854818582535 18
      vertex 174.933402799634 51.925991294382996 17.990000000000002
    endloop
  endfacet
  facet normal -0.9700312531595523 -0.24298018004295815 0
    outer loop
      vertex 178.97164700180292 40.639854818582535 10
      vertex 180.5466991749333 34.351894076174545 18
      vertex 178.97164700180292 40.639854818582535 18
    endloop
  endfacet
  facet normal 0.9415440651112387 0.3368898535928375 -3.798168001639371e-15
    outer loop
      vertex 183.75634868443012 42.091278202831745 18
      vertex 178.96253221482038 55.48909769207239 14.990000001819572
      vertex 179.55280046219877 53.83940845621189 17.990000000000002
    endloop
  endfacet
  facet normal -0.9415440651938443 -0.3368898533619704 0
    outer loop
      vertex 174.933402799634 51.925991294382996 17.990000000000002
      vertex 178.97164700180292 40.639854818582535 18
      vertex 174.933402799634 51.925991294382996 18
    endloop
  endfacet
  facet normal 0 0 1
    outer loop
      vertex 179.55280046219877 53.83940845621189 18
      vertex 174.933402799634 51.925991294382996 18
      vertex 178.97164700180292 40.639854818582535 18
    endloop
  endfacet
  facet normal 0 0 1
    outer loop
      vertex 183.75634868443012 42.091278202831745 18
      vertex 178.97164700180292 40.639854818582535 18
      vertex 180.5466991749333 34.351894076174545 18
    endloop
  endfacet
  facet normal 0 0 1
    outer loop
      vertex 183.75634868443012 42.091278202831745 18
      vertex 179.55280046219877 53.83940845621189 18
      vertex 178.97164700180292 40.639854818582535 18
    endloop
  endfacet
  facet normal 0.9415440651112387 0.3368898535928376 0
    outer loop
      vertex 183.75634868443012 42.091278202831745 18
      vertex 179.55280046219877 53.83940845621189 17.990000000000002
      vertex 179.55280046219877 53.83940845621189 18
    endloop
  endfacet
  facet normal 0 0 -1
    outer loop
      vertex 101.2186373595896 49.65911108176381 4
      vertex 98.03300859034061 53.033008590340614 4
      vertex 154.33402192566538 95.02393514061346 4
    endloop
  endfacet
  facet normal 0 0 -1
    outer loop
      vertex 108.29488912066199 40.253192559138775 0
      vertex 167.97970062544846 76.8280920892552 0
      vertex 109.60113553245186 38.12159214825355 0
    endloop
  endfacet
  facet normal -0.5224985647159488 0.8526401643540924 0
    outer loop
      vertex 108.29488912066199 40.253192559138775 0
      vertex 108.29488912066199 40.253192559138775 4
      vertex 167.97970062544846 76.8280920892552 0
    endloop
  endfacet
  facet normal 0 0 -1
    outer loop
      vertex 108.29488912066199 40.253192559138775 4
      vertex 107.36022092401981 41.667767480015755 4
      vertex 167.8471943820544 76.74689215886985 4
    endloop
  endfacet
  facet normal 0 0 -1
    outer loop
      vertex 102.97578400373459 47.579496309161186 4
      vertex 165.56309378147125 80.55768378823996 4
      vertex 107.36022092401981 41.667767480015755 4
    endloop
  endfacet
  facet normal 0.6494480483301835 -0.7604059656000308 0
    outer loop
      vertex 102.84225748041504 47.75809616776374 0
      vertex 156.01364775204493 93.17075361800289 4
      vertex 102.84225748041504 47.75809616776374 4
    endloop
  endfacet
  facet normal 0 0 -1
    outer loop
      vertex 102.97578400373459 47.579496309161186 4
      vertex 102.84225748041504 47.75809616776374 4
      vertex 157.08651573956013 91.98702620714903 4
    endloop
  endfacet
  facet normal 0 0 -1
    outer loop
      vertex 102.84225748041504 47.75809616776374 0
      vertex 101.2186373595896 49.65911108176381 0
      vertex 154.44705495159178 95.12047446487668 0
    endloop
  endfacet
  facet normal -0.6494480483301835 0.7604059656000309 0
    outer loop
      vertex 101.2186373595896 49.65911108176381 0
      vertex 101.2186373595896 49.65911108176381 4
      vertex 154.44705495159178 95.12047446487668 0
    endloop
  endfacet
  facet normal -0.7071067811865475 0.7071067811865475 0
    outer loop
      vertex 98.03300859034061 53.033008590340614 4
      vertex 119.24621202458749 74.24621202458749 5
      vertex 147.53048327565193 102.53048327565193 4
    endloop
  endfacet
  facet normal 0 0 -1
    outer loop
      vertex 102.97578400373459 47.579496309161186 4
      vertex 157.08651573956013 91.98702620714903 4
      vertex 165.56309378147125 80.55768378823996 4
    endloop
  endfacet
  facet normal -0.7071067811865476 0.7071067811865476 0
    outer loop
      vertex 98.03300859034061 53.033008590340614 4
      vertex 119.24621202458749 74.24621202458749 9
      vertex 119.24621202458749 74.24621202458749 5
    endloop
  endfacet
  facet normal -0.8889745564266025 -0.4579565896743111 0
    outer loop
      vertex 119.23914095677563 74.25328309239936 5
      vertex 118.0370594287585 76.58673547031496 8.2
      vertex 118.0370594287585 76.58673547031496 5.8
    endloop
  endfacet
  facet normal 0.7554247804459618 0.6552353783856381 0
    outer loop
      vertex 127.71382566665412 52.174056459172284 9.9
      vertex 127.5691467239592 52.3408576761483 10
      vertex 127.71382566665412 52.174056459172284 10
    endloop
  endfacet
  facet normal 0.7554247804459618 0.6552353783856381 0
    outer loop
      vertex 127.71382566665412 52.174056459172284 9.9
      vertex 127.5691467239592 52.3408576761483 9.9
      vertex 127.5691467239592 52.3408576761483 10
    endloop
  endfacet
  facet normal 0.8160115016815899 0.5780356642313315 0
    outer loop
      vertex 127.44151382820958 52.521036715902035 9.9
      vertex 127.44151382820958 52.521036715902035 10
      vertex 127.5691467239592 52.3408576761483 9.9
    endloop
  endfacet
  facet normal 0.8160115016815899 0.5780356642313315 0
    outer loop
      vertex 127.5691467239592 52.3408576761483 9.9
      vertex 127.44151382820958 52.521036715902035 10
      vertex 127.5691467239592 52.3408576761483 10
    endloop
  endfacet
  facet normal 0.9131012333607493 0.407732924394239 0
    outer loop
      vertex 127.33215615396261 52.712858355784775 9.9
      vertex 127.24212687540228 52.91447524854406 9.9
      vertex 127.24212687540228 52.91447524854406 10
    endloop
  endfacet
  facet normal 0.8687395860788364 0.4952691506439423 0
    outer loop
      vertex 127.33215615396261 52.712858355784775 9.9
      vertex 127.33215615396261 52.712858355784775 10
      vertex 127.44151382820958 52.521036715902035 9.9
    endloop
  endfacet
  facet normal 0.8687395860788364 0.4952691506439423 0
    outer loop
      vertex 127.44151382820958 52.521036715902035 9.9
      vertex 127.33215615396261 52.712858355784775 10
      vertex 127.44151382820958 52.521036715902035 10
    endloop
  endfacet
  facet normal 0.9131012333607493 0.407732924394239 0
    outer loop
      vertex 127.33215615396261 52.712858355784775 9.9
      vertex 127.24212687540228 52.91447524854406 10
      vertex 127.33215615396261 52.712858355784775 10
    endloop
  endfacet
  facet normal 0 0 1
    outer loop
      vertex 127.71382566665412 52.174056459172284 9.9
      vertex 127.63142319848245 55.19494809698428 9.9
      vertex 127.5691467239592 52.3408576761483 9.9
    endloop
  endfacet
  facet normal 0.948669216613486 0.3162700071931493 0
    outer loop
      vertex 127.1722930236961 53.12394571328763 9.9
      vertex 127.1722930236961 53.12394571328763 10
      vertex 127.24212687540228 52.91447524854406 9.9
    endloop
  endfacet
  facet normal 0.948669216613486 0.3162700071931493 0
    outer loop
      vertex 127.1722930236961 53.12394571328763 10
      vertex 127.24212687540228 52.91447524854406 10
      vertex 127.24212687540228 52.91447524854406 9.9
    endloop
  endfacet
  facet normal 0.9751009967149132 0.2217612369319374 0
    outer loop
      vertex 127.1722930236961 53.12394571328763 9.9
      vertex 127.1233271370111 53.339252434931794 9.9
      vertex 127.1233271370111 53.339252434931794 10
    endloop
  endfacet
  facet normal 0.9751009967149132 0.2217612369319374 0
    outer loop
      vertex 127.1722930236961 53.12394571328763 9.9
      vertex 127.1233271370111 53.339252434931794 10
      vertex 127.1722930236961 53.12394571328763 10
    endloop
  endfacet
  facet normal 0 0 1
    outer loop
      vertex 127.33215615396261 52.712858355784775 9.9
      vertex 127.27969375326981 54.636140886864546 9.9
      vertex 127.24212687540228 52.91447524854406 9.9
    endloop
  endfacet
  facet normal 0 0 1
    outer loop
      vertex 127.1233271370111 53.339252434931794 9.9
      vertex 127.10532283051819 53.99929405911855 9.9
      vertex 127.09570078360352 53.55832189204849 9.9
    endloop
  endfacet
  facet normal 0 0 1
    outer loop
      vertex 127.1722930236961 53.12394571328763 9.9
      vertex 127.14247856526872 54.21694996604312 9.9
      vertex 127.1233271370111 53.339252434931794 9.9
    endloop
  endfacet
  facet normal 0 0 1
    outer loop
      vertex 127.1722930236961 53.12394571328763 9.9
      vertex 127.24212687540228 52.91447524854406 9.9
      vertex 127.2007893945733 54.429915901417345 9.9
    endloop
  endfacet
  facet normal 0 0 1
    outer loop
      vertex 127.33215615396261 52.712858355784775 9.9
      vertex 127.44151382820958 52.521036715902035 9.9
      vertex 127.37843174925048 54.83363886304083 9.9
    endloop
  endfacet
  facet normal 0 0 1
    outer loop
      vertex 127.44151382820958 52.521036715902035 9.9
      vertex 127.5691467239592 52.3408576761483 9.9
      vertex 127.49605248163834 55.02050781647225 9.9
    endloop
  endfacet
  facet normal 0.9921420211735282 0.12511678473213073 0
    outer loop
      vertex 127.1233271370111 53.339252434931794 9.9
      vertex 127.09570078360352 53.55832189204849 10
      vertex 127.1233271370111 53.339252434931794 10
    endloop
  endfacet
  facet normal 0.9921420211735282 0.12511678473213073 0
    outer loop
      vertex 127.1233271370111 53.339252434931794 9.9
      vertex 127.09570078360352 53.55832189204849 9.9
      vertex 127.09570078360352 53.55832189204849 10
    endloop
  endfacet
  facet normal 0.999628175608253 0.02726738949946747 0
    outer loop
      vertex 127.09570078360352 53.55832189204849 9.9
      vertex 127.08968002035878 53.77904432601015 10
      vertex 127.09570078360352 53.55832189204849 10
    endloop
  endfacet
  facet normal 0 0 1
    outer loop
      vertex 127.09570078360352 53.55832189204849 9.9
      vertex 127.10532283051819 53.99929405911855 9.9
      vertex 127.08968002035878 53.77904432601015 9.9
    endloop
  endfacet
  facet normal 0 0 1
    outer loop
      vertex 127.1233271370111 53.339252434931794 9.9
      vertex 127.14247856526872 54.21694996604312 9.9
      vertex 127.10532283051819 53.99929405911855 9.9
    endloop
  endfacet
  facet normal 0 0 1
    outer loop
      vertex 127.1722930236961 53.12394571328763 9.9
      vertex 127.2007893945733 54.429915901417345 9.9
      vertex 127.14247856526872 54.21694996604312 9.9
    endloop
  endfacet
  facet normal 0 0 1
    outer loop
      vertex 127.24212687540228 52.91447524854406 9.9
      vertex 127.27969375326981 54.636140886864546 9.9
      vertex 127.2007893945733 54.429915901417345 9.9
    endloop
  endfacet
  facet normal 0 0 1
    outer loop
      vertex 127.33215615396261 52.712858355784775 9.9
      vertex 127.37843174925048 54.83363886304083 9.9
      vertex 127.27969375326981 54.636140886864546 9.9
    endloop
  endfacet
  facet normal 0.999628175608253 0.02726738949946747 0
    outer loop
      vertex 127.09570078360352 53.55832189204849 9.9
      vertex 127.08968002035878 53.77904432601015 9.9
      vertex 127.08968002035878 53.77904432601015 10
    endloop
  endfacet
  facet normal 0.9974873642595247 -0.07084460559976555 0
    outer loop
      vertex 127.08968002035878 53.77904432601015 9.9
      vertex 127.10532283051819 53.99929405911855 10
      vertex 127.08968002035878 53.77904432601015 10
    endloop
  endfacet
  facet normal 0.9974873642595247 -0.07084460559976555 0
    outer loop
      vertex 127.08968002035878 53.77904432601015 9.9
      vertex 127.10532283051819 53.99929405911855 9.9
      vertex 127.10532283051819 53.99929405911855 10
    endloop
  endfacet
  facet normal 0 0 1
    outer loop
      vertex 127.44151382820958 52.521036715902035 9.9
      vertex 127.49605248163834 55.02050781647225 9.9
      vertex 127.37843174925048 54.83363886304083 9.9
    endloop
  endfacet
  facet normal 0 0 1
    outer loop
      vertex 127.5691467239592 52.3408576761483 9.9
      vertex 127.63142319848245 55.19494809698428 9.9
      vertex 127.49605248163834 55.02050781647225 9.9
    endloop
  endfacet
  facet normal 0.9857402043109067 -0.16827432841967233 0
    outer loop
      vertex 127.10532283051819 53.99929405911855 9.9
      vertex 127.14247856526872 54.21694996604312 9.9
      vertex 127.14247856526872 54.21694996604312 10
    endloop
  endfacet
  facet normal 0.9857402043109067 -0.16827432841967233 0
    outer loop
      vertex 127.10532283051819 53.99929405911855 9.9
      vertex 127.14247856526872 54.21694996604312 10
      vertex 127.10532283051819 53.99929405911855 10
    endloop
  endfacet
  facet normal 0.9644998273343761 -0.264083477468695 0
    outer loop
      vertex 127.14247856526872 54.21694996604312 9.9
      vertex 127.2007893945733 54.429915901417345 9.9
      vertex 127.2007893945733 54.429915901417345 10
    endloop
  endfacet
  facet normal 0.9644998273343761 -0.264083477468695 0
    outer loop
      vertex 127.14247856526872 54.21694996604312 9.9
      vertex 127.2007893945733 54.429915901417345 10
      vertex 127.14247856526872 54.21694996604312 10
    endloop
  endfacet
  facet normal 0.6130794241476271 0.7900212779962411 0
    outer loop
      vertex 127.87415731898669 52.02223945187628 9.9
      vertex 127.87415731898669 52.02223945187628 10
      vertex 128.04859759949872 51.88686873503215 9.9
    endloop
  endfacet
  facet normal 0.6130794241476271 0.7900212779962411 0
    outer loop
      vertex 127.87415731898669 52.02223945187628 10
      vertex 128.04859759949872 51.88686873503215 10
      vertex 128.04859759949872 51.88686873503215 9.9
    endloop
  endfacet
  facet normal 0.5326916526799882 0.8463094015577652 0
    outer loop
      vertex 128.04859759949872 51.88686873503215 9.9
      vertex 128.04859759949872 51.88686873503215 10
      vertex 128.23546655293012 51.7692480026443 9.9
    endloop
  endfacet
  facet normal 0.4471737693981259 0.8944471029425226 0
    outer loop
      vertex 128.23546655293012 51.7692480026443 9.9
      vertex 128.23546655293012 51.7692480026443 10
      vertex 128.4329645291064 51.67051000666363 9.9
    endloop
  endfacet
  facet normal 0.5326916526799882 0.8463094015577652 0
    outer loop
      vertex 128.23546655293012 51.7692480026443 9.9
      vertex 128.04859759949872 51.88686873503215 10
      vertex 128.23546655293012 51.7692480026443 10
    endloop
  endfacet
  facet normal 0.4471737693981259 0.8944471029425226 0
    outer loop
      vertex 128.4329645291064 51.67051000666363 9.9
      vertex 128.23546655293012 51.7692480026443 10
      vertex 128.4329645291064 51.67051000666363 10
    endloop
  endfacet
  facet normal 0.35734935826703973 0.9339707897713584 0
    outer loop
      vertex 128.4329645291064 51.67051000666363 9.9
      vertex 128.4329645291064 51.67051000666363 10
      vertex 128.6391895145536 51.59160564796712 9.9
    endloop
  endfacet
  facet normal 0.26408347746863226 0.9644998273343932 0
    outer loop
      vertex 128.6391895145536 51.59160564796712 9.9
      vertex 128.6391895145536 51.59160564796712 10
      vertex 128.85215544992786 51.53329481866254 9.9
    endloop
  endfacet
  facet normal 0.35734935826703973 0.9339707897713584 0
    outer loop
      vertex 128.6391895145536 51.59160564796712 9.9
      vertex 128.4329645291064 51.67051000666363 10
      vertex 128.6391895145536 51.59160564796712 10
    endloop
  endfacet
  facet normal 0.16827432841967768 0.9857402043109059 0
    outer loop
      vertex 128.85215544992786 51.53329481866254 9.9
      vertex 128.85215544992786 51.53329481866254 10
      vertex 129.06981135685243 51.49613908391201 9.9
    endloop
  endfacet
  facet normal 0.07084460559986841 0.9974873642595173 0
    outer loop
      vertex 129.06981135685243 51.49613908391201 9.9
      vertex 129.06981135685243 51.49613908391201 10
      vertex 129.2900610899608 51.480496273752586 9.9
    endloop
  endfacet
  facet normal 0.26408347746863226 0.9644998273343932 0
    outer loop
      vertex 128.6391895145536 51.59160564796712 10
      vertex 128.85215544992786 51.53329481866254 10
      vertex 128.85215544992786 51.53329481866254 9.9
    endloop
  endfacet
  facet normal 0.16827432841967768 0.9857402043109059 0
    outer loop
      vertex 129.06981135685243 51.49613908391201 9.9
      vertex 128.85215544992786 51.53329481866254 10
      vertex 129.06981135685243 51.49613908391201 10
    endloop
  endfacet
  facet normal 0.6875629056173367 0.726124817658125 0
    outer loop
      vertex 127.71382566665412 52.174056459172284 9.9
      vertex 127.71382566665412 52.174056459172284 10
      vertex 127.87415731898669 52.02223945187628 9.9
    endloop
  endfacet
  facet normal 0.6875629056173367 0.726124817658125 0
    outer loop
      vertex 127.87415731898669 52.02223945187628 9.9
      vertex 127.71382566665412 52.174056459172284 10
      vertex 127.87415731898669 52.02223945187628 10
    endloop
  endfacet
  facet normal -0.027267389499566575 0.9996281756082503 0
    outer loop
      vertex 129.2900610899608 51.480496273752586 9.9
      vertex 129.2900610899608 51.480496273752586 10
      vertex 129.51078352392244 51.48651703699734 9.9
    endloop
  endfacet
  facet normal 0.07084460559986841 0.9974873642595173 0
    outer loop
      vertex 129.2900610899608 51.480496273752586 9.9
      vertex 129.06981135685243 51.49613908391201 10
      vertex 129.2900610899608 51.480496273752586 10
    endloop
  endfacet
  facet normal -0.027267389499566575 0.9996281756082503 0
    outer loop
      vertex 129.2900610899608 51.480496273752586 10
      vertex 129.51078352392244 51.48651703699734 10
      vertex 129.51078352392244 51.48651703699734 9.9
    endloop
  endfacet
  facet normal -0.12511678473211876 0.9921420211735298 0
    outer loop
      vertex 129.51078352392244 51.48651703699734 9.9
      vertex 129.51078352392244 51.48651703699734 10
      vertex 129.72985298103916 51.514143390404925 9.9
    endloop
  endfacet
  facet normal -0.22176123693193042 0.9751009967149148 0
    outer loop
      vertex 129.72985298103916 51.514143390404925 9.9
      vertex 129.72985298103916 51.514143390404925 10
      vertex 129.94515970268333 51.56310927708992 9.9
    endloop
  endfacet
  facet normal -0.12511678473211876 0.9921420211735298 0
    outer loop
      vertex 129.72985298103916 51.514143390404925 9.9
      vertex 129.51078352392244 51.48651703699734 10
      vertex 129.72985298103916 51.514143390404925 10
    endloop
  endfacet
  facet normal -0.22176123693193042 0.9751009967149148 0
    outer loop
      vertex 129.94515970268333 51.56310927708992 9.9
      vertex 129.72985298103916 51.514143390404925 10
      vertex 129.94515970268333 51.56310927708992 10
    endloop
  endfacet
  facet normal -0.3162700071931107 0.9486692166134989 0
    outer loop
      vertex 129.94515970268333 51.56310927708992 9.9
      vertex 129.94515970268333 51.56310927708992 10
      vertex 130.1546301674269 51.632943128796086 9.9
    endloop
  endfacet
  facet normal -0.40773292439420605 0.9131012333607642 0
    outer loop
      vertex 130.1546301674269 51.632943128796086 9.9
      vertex 130.1546301674269 51.632943128796086 10
      vertex 130.3562470601862 51.72297240735643 9.9
    endloop
  endfacet
  facet normal -0.3162700071931107 0.9486692166134989 0
    outer loop
      vertex 129.94515970268333 51.56310927708992 10
      vertex 130.1546301674269 51.632943128796086 10
      vertex 130.1546301674269 51.632943128796086 9.9
    endloop
  endfacet
  facet normal -0.4952691506439562 0.8687395860788286 0
    outer loop
      vertex 130.3562470601862 51.72297240735643 9.9
      vertex 130.3562470601862 51.72297240735643 10
      vertex 130.54806870006894 51.832330081603395 9.9
    endloop
  endfacet
  facet normal -0.40773292439420605 0.9131012333607642 0
    outer loop
      vertex 130.3562470601862 51.72297240735643 9.9
      vertex 130.1546301674269 51.632943128796086 10
      vertex 130.3562470601862 51.72297240735643 10
    endloop
  endfacet
  facet normal -0.4952691506439562 0.8687395860788286 0
    outer loop
      vertex 130.54806870006894 51.832330081603395 9.9
      vertex 130.3562470601862 51.72297240735643 10
      vertex 130.54806870006894 51.832330081603395 10
    endloop
  endfacet
  facet normal -0.5780356642313341 0.816011501681588 0
    outer loop
      vertex 130.54806870006894 51.832330081603395 9.9
      vertex 130.54806870006894 51.832330081603395 10
      vertex 130.72824773982265 51.959962977352994 9.9
    endloop
  endfacet
  facet normal 0 0 1
    outer loop
      vertex 127.71382566665412 52.174056459172284 9.9
      vertex 127.87415731898669 52.02223945187628 9.9
      vertex 127.78324020577845 55.355279749316836 9.9
    endloop
  endfacet
  facet normal 0 0 1
    outer loop
      vertex 127.87415731898669 52.02223945187628 9.9
      vertex 128.04859759949872 51.88686873503215 9.9
      vertex 127.9500414227545 55.49995869201178 9.9
    endloop
  endfacet
  facet normal 0 0 1
    outer loop
      vertex 128.23546655293012 51.7692480026443 9.9
      vertex 128.4329645291064 51.67051000666363 9.9
      vertex 128.32204210239095 55.736949262008345 9.9
    endloop
  endfacet
  facet normal 0 0 1
    outer loop
      vertex 128.04859759949872 51.88686873503215 9.9
      vertex 128.23546655293012 51.7692480026443 9.9
      vertex 128.1302204625082 55.62759158776138 9.9
    endloop
  endfacet
  facet normal 0 0 1
    outer loop
      vertex 128.4329645291064 51.67051000666363 9.9
      vertex 128.6391895145536 51.59160564796712 9.9
      vertex 128.52365899515024 55.82697854056869 9.9
    endloop
  endfacet
  facet normal 0 0 1
    outer loop
      vertex 128.6391895145536 51.59160564796712 9.9
      vertex 128.85215544992786 51.53329481866254 9.9
      vertex 128.7331294598938 55.89681239227486 9.9
    endloop
  endfacet
  facet normal 0 0 1
    outer loop
      vertex 128.85215544992786 51.53329481866254 9.9
      vertex 129.06981135685243 51.49613908391201 9.9
      vertex 128.948436181538 55.94577827895986 9.9
    endloop
  endfacet
  facet normal 0 0 1
    outer loop
      vertex 127.71382566665412 52.174056459172284 9.9
      vertex 127.78324020577845 55.355279749316836 9.9
      vertex 127.63142319848245 55.19494809698428 9.9
    endloop
  endfacet
  facet normal 0 0 1
    outer loop
      vertex 127.87415731898669 52.02223945187628 9.9
      vertex 127.9500414227545 55.49995869201178 9.9
      vertex 127.78324020577845 55.355279749316836 9.9
    endloop
  endfacet
  facet normal 0 0 1
    outer loop
      vertex 128.04859759949872 51.88686873503215 9.9
      vertex 128.1302204625082 55.62759158776138 9.9
      vertex 127.9500414227545 55.49995869201178 9.9
    endloop
  endfacet
  facet normal 0 0 1
    outer loop
      vertex 128.23546655293012 51.7692480026443 9.9
      vertex 128.32204210239095 55.736949262008345 9.9
      vertex 128.1302204625082 55.62759158776138 9.9
    endloop
  endfacet
  facet normal 0 0 1
    outer loop
      vertex 128.4329645291064 51.67051000666363 9.9
      vertex 128.52365899515024 55.82697854056869 9.9
      vertex 128.32204210239095 55.736949262008345 9.9
    endloop
  endfacet
  facet normal 0 0 1
    outer loop
      vertex 128.6391895145536 51.59160564796712 9.9
      vertex 128.7331294598938 55.89681239227486 9.9
      vertex 128.52365899515024 55.82697854056869 9.9
    endloop
  endfacet
  facet normal 0 0 1
    outer loop
      vertex 128.85215544992786 51.53329481866254 9.9
      vertex 128.948436181538 55.94577827895986 9.9
      vertex 128.7331294598938 55.89681239227486 9.9
    endloop
  endfacet
  facet normal 0 0 1
    outer loop
      vertex 129.06981135685243 51.49613908391201 9.9
      vertex 129.2900610899608 51.480496273752586 9.9
      vertex 129.1675056386547 55.97340463236744 9.9
    endloop
  endfacet
  facet normal 0 0 1
    outer loop
      vertex 129.2900610899608 51.480496273752586 9.9
      vertex 129.51078352392244 51.48651703699734 9.9
      vertex 129.38822807261636 55.97942539561219 9.9
    endloop
  endfacet
  facet normal 0 0 1
    outer loop
      vertex 129.51078352392244 51.48651703699734 9.9
      vertex 129.72985298103916 51.514143390404925 9.9
      vertex 129.60847780572473 55.96378258545276 9.9
    endloop
  endfacet
  facet normal 0 0 1
    outer loop
      vertex 129.72985298103916 51.514143390404925 9.9
      vertex 129.94515970268333 51.56310927708992 9.9
      vertex 129.8261337126493 55.926626850702235 9.9
    endloop
  endfacet
  facet normal 0 0 1
    outer loop
      vertex 129.94515970268333 51.56310927708992 9.9
      vertex 130.1546301674269 51.632943128796086 9.9
      vertex 130.03909964802352 55.86831602139765 9.9
    endloop
  endfacet
  facet normal 0 0 1
    outer loop
      vertex 130.1546301674269 51.632943128796086 9.9
      vertex 130.3562470601862 51.72297240735643 9.9
      vertex 130.24532463347072 55.78941166270114 9.9
    endloop
  endfacet
  facet normal 0 0 1
    outer loop
      vertex 130.3562470601862 51.72297240735643 9.9
      vertex 130.54806870006894 51.832330081603395 9.9
      vertex 130.442822609647 55.69067366672048 9.9
    endloop
  endfacet
  facet normal 0 0 1
    outer loop
      vertex 129.72985298103916 51.514143390404925 9.9
      vertex 129.8261337126493 55.926626850702235 9.9
      vertex 129.60847780572473 55.96378258545276 9.9
    endloop
  endfacet
  facet normal 0 0 1
    outer loop
      vertex 129.94515970268333 51.56310927708992 9.9
      vertex 130.03909964802352 55.86831602139765 9.9
      vertex 129.8261337126493 55.926626850702235 9.9
    endloop
  endfacet
  facet normal 0 0 1
    outer loop
      vertex 130.1546301674269 51.632943128796086 9.9
      vertex 130.24532463347072 55.78941166270114 9.9
      vertex 130.03909964802352 55.86831602139765 9.9
    endloop
  endfacet
  facet normal 0 0 1
    outer loop
      vertex 130.3562470601862 51.72297240735643 9.9
      vertex 130.442822609647 55.69067366672048 9.9
      vertex 130.24532463347072 55.78941166270114 9.9
    endloop
  endfacet
  facet normal 0 0 1
    outer loop
      vertex 130.54806870006894 51.832330081603395 9.9
      vertex 130.62969156307844 55.57305293433262 9.9
      vertex 130.442822609647 55.69067366672048 9.9
    endloop
  endfacet
  facet normal 0.9339707897713732 -0.3573493582670008 0
    outer loop
      vertex 127.2007893945733 54.429915901417345 9.9
      vertex 127.27969375326981 54.636140886864546 9.9
      vertex 127.27969375326981 54.636140886864546 10
    endloop
  endfacet
  facet normal 0.9339707897713732 -0.3573493582670008 0
    outer loop
      vertex 127.2007893945733 54.429915901417345 9.9
      vertex 127.27969375326981 54.636140886864546 10
      vertex 127.2007893945733 54.429915901417345 10
    endloop
  endfacet
  facet normal 0.8944471029425033 -0.4471737693981645 0
    outer loop
      vertex 127.27969375326981 54.636140886864546 9.9
      vertex 127.37843174925048 54.83363886304083 9.9
      vertex 127.37843174925048 54.83363886304083 10
    endloop
  endfacet
  facet normal 0.8944471029425033 -0.4471737693981645 0
    outer loop
      vertex 127.27969375326981 54.636140886864546 9.9
      vertex 127.37843174925048 54.83363886304083 10
      vertex 127.27969375326981 54.636140886864546 10
    endloop
  endfacet
  facet normal 0.8463094015577691 -0.5326916526799823 0
    outer loop
      vertex 127.37843174925048 54.83363886304083 9.9
      vertex 127.49605248163834 55.02050781647225 9.9
      vertex 127.49605248163834 55.02050781647225 10
    endloop
  endfacet
  facet normal 0.8463094015577691 -0.5326916526799823 0
    outer loop
      vertex 127.37843174925048 54.83363886304083 9.9
      vertex 127.49605248163834 55.02050781647225 10
      vertex 127.37843174925048 54.83363886304083 10
    endloop
  endfacet
  facet normal 0.7900212779962879 -0.6130794241475669 0
    outer loop
      vertex 127.49605248163834 55.02050781647225 9.9
      vertex 127.63142319848245 55.19494809698428 9.9
      vertex 127.63142319848245 55.19494809698428 10
    endloop
  endfacet
  facet normal 0.7900212779962879 -0.6130794241475669 0
    outer loop
      vertex 127.49605248163834 55.02050781647225 9.9
      vertex 127.63142319848245 55.19494809698428 10
      vertex 127.49605248163834 55.02050781647225 10
    endloop
  endfacet
  facet normal 0.7261248176580946 -0.6875629056173688 0
    outer loop
      vertex 127.63142319848245 55.19494809698428 9.9
      vertex 127.78324020577845 55.355279749316836 10
      vertex 127.63142319848245 55.19494809698428 10
    endloop
  endfacet
  facet normal 0 0 1
    outer loop
      vertex 129.06981135685243 51.49613908391201 9.9
      vertex 129.1675056386547 55.97340463236744 9.9
      vertex 128.948436181538 55.94577827895986 9.9
    endloop
  endfacet
  facet normal 0.7261248176580946 -0.6875629056173688 0
    outer loop
      vertex 127.63142319848245 55.19494809698428 9.9
      vertex 127.78324020577845 55.355279749316836 9.9
      vertex 127.78324020577845 55.355279749316836 10
    endloop
  endfacet
  facet normal 0.6552353783856454 -0.7554247804459554 0
    outer loop
      vertex 127.78324020577845 55.355279749316836 9.9
      vertex 127.9500414227545 55.49995869201178 9.9
      vertex 127.9500414227545 55.49995869201178 10
    endloop
  endfacet
  facet normal 0.6552353783856454 -0.7554247804459554 0
    outer loop
      vertex 127.78324020577845 55.355279749316836 9.9
      vertex 127.9500414227545 55.49995869201178 10
      vertex 127.78324020577845 55.355279749316836 10
    endloop
  endfacet
  facet normal 0.5780356642313644 -0.8160115016815666 0
    outer loop
      vertex 127.9500414227545 55.49995869201178 9.9
      vertex 128.1302204625082 55.62759158776138 10
      vertex 127.9500414227545 55.49995869201178 10
    endloop
  endfacet
  facet normal 0.5780356642313644 -0.8160115016815666 0
    outer loop
      vertex 127.9500414227545 55.49995869201178 9.9
      vertex 128.1302204625082 55.62759158776138 9.9
      vertex 128.1302204625082 55.62759158776138 10
    endloop
  endfacet
  facet normal 0.4952691506439008 -0.86873958607886 0
    outer loop
      vertex 128.1302204625082 55.62759158776138 9.9
      vertex 128.32204210239095 55.736949262008345 10
      vertex 128.1302204625082 55.62759158776138 10
    endloop
  endfacet
  facet normal 0.4952691506439008 -0.86873958607886 0
    outer loop
      vertex 128.1302204625082 55.62759158776138 9.9
      vertex 128.32204210239095 55.736949262008345 9.9
      vertex 128.32204210239095 55.736949262008345 10
    endloop
  endfacet
  facet normal 0.4077329243942539 -0.9131012333607427 0
    outer loop
      vertex 128.32204210239095 55.736949262008345 9.9
      vertex 128.52365899515024 55.82697854056869 10
      vertex 128.32204210239095 55.736949262008345 10
    endloop
  endfacet
  facet normal 0.4077329243942539 -0.9131012333607427 0
    outer loop
      vertex 128.32204210239095 55.736949262008345 9.9
      vertex 128.52365899515024 55.82697854056869 9.9
      vertex 128.52365899515024 55.82697854056869 10
    endloop
  endfacet
  facet normal 0.31627000719313964 -0.9486692166134892 0
    outer loop
      vertex 128.52365899515024 55.82697854056869 9.9
      vertex 128.7331294598938 55.89681239227486 10
      vertex 128.52365899515024 55.82697854056869 10
    endloop
  endfacet
  facet normal 0.31627000719313964 -0.9486692166134892 0
    outer loop
      vertex 128.52365899515024 55.82697854056869 9.9
      vertex 128.7331294598938 55.89681239227486 9.9
      vertex 128.7331294598938 55.89681239227486 10
    endloop
  endfacet
  facet normal 0.22176123693190264 -0.9751009967149212 0
    outer loop
      vertex 128.7331294598938 55.89681239227486 9.9
      vertex 128.948436181538 55.94577827895986 9.9
      vertex 128.948436181538 55.94577827895986 10
    endloop
  endfacet
  facet normal 0.12511678473213472 -0.9921420211735277 0
    outer loop
      vertex 128.948436181538 55.94577827895986 9.9
      vertex 129.1675056386547 55.97340463236744 9.9
      vertex 129.1675056386547 55.97340463236744 10
    endloop
  endfacet
  facet normal 0.22176123693190264 -0.9751009967149212 0
    outer loop
      vertex 128.7331294598938 55.89681239227486 9.9
      vertex 128.948436181538 55.94577827895986 10
      vertex 128.7331294598938 55.89681239227486 10
    endloop
  endfacet
  facet normal 0.12511678473213472 -0.9921420211735277 0
    outer loop
      vertex 128.948436181538 55.94577827895986 9.9
      vertex 129.1675056386547 55.97340463236744 10
      vertex 128.948436181538 55.94577827895986 10
    endloop
  endfacet
  facet normal 0 0 1
    outer loop
      vertex 129.2900610899608 51.480496273752586 9.9
      vertex 129.38822807261636 55.97942539561219 9.9
      vertex 129.1675056386547 55.97340463236744 9.9
    endloop
  endfacet
  facet normal 0 0 1
    outer loop
      vertex 129.38822807261636 55.97942539561219 9.9
      vertex 129.51078352392244 51.48651703699734 9.9
      vertex 129.60847780572473 55.96378258545276 9.9
    endloop
  endfacet
  facet normal 0.02726738949953091 -0.9996281756082513 0
    outer loop
      vertex 129.1675056386547 55.97340463236744 9.9
      vertex 129.38822807261636 55.97942539561219 9.9
      vertex 129.38822807261636 55.97942539561219 10
    endloop
  endfacet
  facet normal 0.02726738949953091 -0.9996281756082513 0
    outer loop
      vertex 129.1675056386547 55.97340463236744 9.9
      vertex 129.38822807261636 55.97942539561219 10
      vertex 129.1675056386547 55.97340463236744 10
    endloop
  endfacet
  facet normal -0.07084460559986841 -0.9974873642595173 0
    outer loop
      vertex 129.38822807261636 55.97942539561219 9.9
      vertex 129.60847780572473 55.96378258545276 10
      vertex 129.38822807261636 55.97942539561219 10
    endloop
  endfacet
  facet normal -0.07084460559986841 -0.9974873642595173 0
    outer loop
      vertex 129.38822807261636 55.97942539561219 9.9
      vertex 129.60847780572473 55.96378258545276 9.9
      vertex 129.60847780572473 55.96378258545276 10
    endloop
  endfacet
  facet normal -0.16827432841967768 -0.9857402043109059 0
    outer loop
      vertex 129.60847780572473 55.96378258545276 9.9
      vertex 129.8261337126493 55.926626850702235 9.9
      vertex 129.8261337126493 55.926626850702235 10
    endloop
  endfacet
  facet normal -0.16827432841967768 -0.9857402043109059 0
    outer loop
      vertex 129.60847780572473 55.96378258545276 9.9
      vertex 129.8261337126493 55.926626850702235 10
      vertex 129.60847780572473 55.96378258545276 10
    endloop
  endfacet
  facet normal -0.5326916526799302 -0.8463094015578018 0
    outer loop
      vertex 130.442822609647 55.69067366672048 9.9
      vertex 130.62969156307844 55.57305293433262 9.9
      vertex 130.62969156307844 55.57305293433262 10
    endloop
  endfacet
  facet normal -0.5326916526799302 -0.8463094015578018 0
    outer loop
      vertex 130.442822609647 55.69067366672048 9.9
      vertex 130.62969156307844 55.57305293433262 10
      vertex 130.442822609647 55.69067366672048 10
    endloop
  endfacet
  facet normal -0.35734935826703973 -0.9339707897713584 0
    outer loop
      vertex 130.03909964802352 55.86831602139765 9.9
      vertex 130.24532463347072 55.78941166270114 9.9
      vertex 130.24532463347072 55.78941166270114 10
    endloop
  endfacet
  facet normal -0.35734935826703973 -0.9339707897713584 0
    outer loop
      vertex 130.03909964802352 55.86831602139765 9.9
      vertex 130.24532463347072 55.78941166270114 10
      vertex 130.03909964802352 55.86831602139765 10
    endloop
  endfacet
  facet normal -0.26408347746866506 -0.9644998273343842 0
    outer loop
      vertex 129.8261337126493 55.926626850702235 9.9
      vertex 130.03909964802352 55.86831602139765 9.9
      vertex 130.03909964802352 55.86831602139765 10
    endloop
  endfacet
  facet normal -0.26408347746866506 -0.9644998273343842 0
    outer loop
      vertex 129.8261337126493 55.926626850702235 9.9
      vertex 130.03909964802352 55.86831602139765 10
      vertex 129.8261337126493 55.926626850702235 10
    endloop
  endfacet
  facet normal -0.4471737693981259 -0.8944471029425226 0
    outer loop
      vertex 130.24532463347072 55.78941166270114 9.9
      vertex 130.442822609647 55.69067366672048 9.9
      vertex 130.442822609647 55.69067366672048 10
    endloop
  endfacet
  facet normal -0.4471737693981259 -0.8944471029425226 0
    outer loop
      vertex 130.24532463347072 55.78941166270114 9.9
      vertex 130.442822609647 55.69067366672048 10
      vertex 130.24532463347072 55.78941166270114 10
    endloop
  endfacet
  facet normal -0.6552353783856454 0.7554247804459554 0
    outer loop
      vertex 130.72824773982265 51.959962977352994 9.9
      vertex 130.72824773982265 51.959962977352994 10
      vertex 130.8950489567987 52.10464192004794 9.9
    endloop
  endfacet
  facet normal -0.5780356642313341 0.816011501681588 0
    outer loop
      vertex 130.54806870006894 51.832330081603395 10
      vertex 130.72824773982265 51.959962977352994 10
      vertex 130.72824773982265 51.959962977352994 9.9
    endloop
  endfacet
  facet normal -0.6552353783856454 0.7554247804459554 0
    outer loop
      vertex 130.72824773982265 51.959962977352994 10
      vertex 130.8950489567987 52.10464192004794 10
      vertex 130.8950489567987 52.10464192004794 9.9
    endloop
  endfacet
  facet normal -0.7261248176580778 0.6875629056173866 0
    outer loop
      vertex 130.8950489567987 52.10464192004794 9.9
      vertex 130.8950489567987 52.10464192004794 10
      vertex 131.0468659640947 52.264973572380505 9.9
    endloop
  endfacet
  facet normal -0.7261248176580778 0.6875629056173866 0
    outer loop
      vertex 131.0468659640947 52.264973572380505 9.9
      vertex 130.8950489567987 52.10464192004794 10
      vertex 131.0468659640947 52.264973572380505 10
    endloop
  endfacet
  facet normal -0.7900212779963502 0.6130794241474865 0
    outer loop
      vertex 131.0468659640947 52.264973572380505 9.9
      vertex 131.0468659640947 52.264973572380505 10
      vertex 131.1822366809388 52.439413852892535 9.9
    endloop
  endfacet
  facet normal -0.7900212779963502 0.6130794241474865 0
    outer loop
      vertex 131.1822366809388 52.439413852892535 9.9
      vertex 131.0468659640947 52.264973572380505 10
      vertex 131.1822366809388 52.439413852892535 10
    endloop
  endfacet
  facet normal -0.84630940155774 0.5326916526800283 0
    outer loop
      vertex 131.1822366809388 52.439413852892535 9.9
      vertex 131.1822366809388 52.439413852892535 10
      vertex 131.29985741332666 52.62628280632395 9.9
    endloop
  endfacet
  facet normal -0.84630940155774 0.5326916526800283 0
    outer loop
      vertex 131.29985741332666 52.62628280632395 9.9
      vertex 131.1822366809388 52.439413852892535 10
      vertex 131.29985741332666 52.62628280632395 10
    endloop
  endfacet
  facet normal -0.8944471029424711 0.44717376939822884 0
    outer loop
      vertex 131.29985741332666 52.62628280632395 9.9
      vertex 131.29985741332666 52.62628280632395 10
      vertex 131.39859540930735 52.82378078250023 9.9
    endloop
  endfacet
  facet normal -0.8944471029424711 0.44717376939822884 0
    outer loop
      vertex 131.29985741332666 52.62628280632395 10
      vertex 131.39859540930735 52.82378078250023 10
      vertex 131.39859540930735 52.82378078250023 9.9
    endloop
  endfacet
  facet normal 0 0 1
    outer loop
      vertex 130.54806870006894 51.832330081603395 9.9
      vertex 130.72824773982265 51.959962977352994 9.9
      vertex 130.62969156307844 55.57305293433262 9.9
    endloop
  endfacet
  facet normal 0 0 1
    outer loop
      vertex 130.72824773982265 51.959962977352994 9.9
      vertex 130.8950489567987 52.10464192004794 9.9
      vertex 130.80413184359045 55.4376822174885 9.9
    endloop
  endfacet
  facet normal 0 0 1
    outer loop
      vertex 130.8950489567987 52.10464192004794 9.9
      vertex 131.0468659640947 52.264973572380505 9.9
      vertex 130.96446349592304 55.28586521019249 9.9
    endloop
  endfacet
  facet normal 0 0 1
    outer loop
      vertex 131.0468659640947 52.264973572380505 9.9
      vertex 131.1822366809388 52.439413852892535 9.9
      vertex 131.10914243861794 55.11906399321648 9.9
    endloop
  endfacet
  facet normal 0 0 1
    outer loop
      vertex 131.1822366809388 52.439413852892535 9.9
      vertex 131.29985741332666 52.62628280632395 9.9
      vertex 131.23677533436756 54.93888495346274 9.9
    endloop
  endfacet
  facet normal 0 0 1
    outer loop
      vertex 131.29985741332666 52.62628280632395 9.9
      vertex 131.39859540930735 52.82378078250023 9.9
      vertex 131.34613300861452 54.74706331358001 9.9
    endloop
  endfacet
  facet normal -0.9339707897713947 0.35734935826694475 0
    outer loop
      vertex 131.39859540930735 52.82378078250023 9.9
      vertex 131.39859540930735 52.82378078250023 10
      vertex 131.47749976800384 53.03000576794743 9.9
    endloop
  endfacet
  facet normal -0.9339707897713947 0.35734935826694475 0
    outer loop
      vertex 131.47749976800384 53.03000576794743 9.9
      vertex 131.39859540930735 52.82378078250023 10
      vertex 131.47749976800384 53.03000576794743 10
    endloop
  endfacet
  facet normal -0.9644998273343761 0.264083477468695 0
    outer loop
      vertex 131.47749976800384 53.03000576794743 9.9
      vertex 131.47749976800384 53.03000576794743 10
      vertex 131.53581059730843 53.24297170332166 9.9
    endloop
  endfacet
  facet normal -0.9644998273343761 0.264083477468695 0
    outer loop
      vertex 131.53581059730843 53.24297170332166 9.9
      vertex 131.47749976800384 53.03000576794743 10
      vertex 131.53581059730843 53.24297170332166 10
    endloop
  endfacet
  facet normal 0 0 1
    outer loop
      vertex 131.39859540930735 52.82378078250023 9.9
      vertex 131.47749976800384 53.03000576794743 9.9
      vertex 131.43616228717485 54.54544642082072 9.9
    endloop
  endfacet
  facet normal 0 0 1
    outer loop
      vertex 131.47749976800384 53.03000576794743 9.9
      vertex 131.53581059730843 53.24297170332166 9.9
      vertex 131.50599613888104 54.33597595607715 9.9
    endloop
  endfacet
  facet normal 0 0 1
    outer loop
      vertex 131.53581059730843 53.24297170332166 9.9
      vertex 131.57296633205897 53.46062761024623 9.9
      vertex 131.55496202556606 54.12066923443298 9.9
    endloop
  endfacet
  facet normal -0.9857402043108962 0.1682743284197349 0
    outer loop
      vertex 131.53581059730843 53.24297170332166 9.9
      vertex 131.53581059730843 53.24297170332166 10
      vertex 131.57296633205897 53.46062761024623 9.9
    endloop
  endfacet
  facet normal -0.9857402043108962 0.1682743284197349 0
    outer loop
      vertex 131.57296633205897 53.46062761024623 9.9
      vertex 131.53581059730843 53.24297170332166 10
      vertex 131.57296633205897 53.46062761024623 10
    endloop
  endfacet
  facet normal -0.9974873642595292 0.0708446055997015 0
    outer loop
      vertex 131.57296633205897 53.46062761024623 9.9
      vertex 131.57296633205897 53.46062761024623 10
      vertex 131.58860914221836 53.680877343354624 9.9
    endloop
  endfacet
  facet normal -0.9974873642595292 0.0708446055997015 0
    outer loop
      vertex 131.57296633205897 53.46062761024623 10
      vertex 131.58860914221836 53.680877343354624 10
      vertex 131.58860914221836 53.680877343354624 9.9
    endloop
  endfacet
  facet normal 0 0 1
    outer loop
      vertex 130.72824773982265 51.959962977352994 9.9
      vertex 130.80413184359045 55.4376822174885 9.9
      vertex 130.62969156307844 55.57305293433262 9.9
    endloop
  endfacet
  facet normal 0 0 1
    outer loop
      vertex 130.8950489567987 52.10464192004794 9.9
      vertex 130.96446349592304 55.28586521019249 9.9
      vertex 130.80413184359045 55.4376822174885 9.9
    endloop
  endfacet
  facet normal 0 0 1
    outer loop
      vertex 131.1822366809388 52.439413852892535 9.9
      vertex 131.23677533436756 54.93888495346274 9.9
      vertex 131.10914243861794 55.11906399321648 9.9
    endloop
  endfacet
  facet normal 0 0 1
    outer loop
      vertex 131.0468659640947 52.264973572380505 9.9
      vertex 131.10914243861794 55.11906399321648 9.9
      vertex 130.96446349592304 55.28586521019249 9.9
    endloop
  endfacet
  facet normal 0 0 1
    outer loop
      vertex 131.29985741332666 52.62628280632395 9.9
      vertex 131.34613300861452 54.74706331358001 9.9
      vertex 131.23677533436756 54.93888495346274 9.9
    endloop
  endfacet
  facet normal 0 0 1
    outer loop
      vertex 131.57296633205897 53.46062761024623 9.9
      vertex 131.58860914221836 53.680877343354624 9.9
      vertex 131.58258837897364 53.901599777316285 9.9
    endloop
  endfacet
  facet normal 0 0 1
    outer loop
      vertex 131.57296633205897 53.46062761024623 9.9
      vertex 131.58258837897364 53.901599777316285 9.9
      vertex 131.55496202556606 54.12066923443298 9.9
    endloop
  endfacet
  facet normal 0 0 1
    outer loop
      vertex 131.53581059730843 53.24297170332166 9.9
      vertex 131.55496202556606 54.12066923443298 9.9
      vertex 131.50599613888104 54.33597595607715 9.9
    endloop
  endfacet
  facet normal 0 0 1
    outer loop
      vertex 131.39859540930735 52.82378078250023 9.9
      vertex 131.43616228717485 54.54544642082072 9.9
      vertex 131.34613300861452 54.74706331358001 9.9
    endloop
  endfacet
  facet normal 0 0 1
    outer loop
      vertex 131.47749976800384 53.03000576794743 9.9
      vertex 131.50599613888104 54.33597595607715 9.9
      vertex 131.43616228717485 54.54544642082072 9.9
    endloop
  endfacet
  facet normal -0.9996281756082548 -0.02726738949940316 0
    outer loop
      vertex 131.58860914221836 53.680877343354624 9.9
      vertex 131.58860914221836 53.680877343354624 10
      vertex 131.58258837897364 53.901599777316285 9.9
    endloop
  endfacet
  facet normal -0.9996281756082548 -0.02726738949940316 0
    outer loop
      vertex 131.58258837897364 53.901599777316285 9.9
      vertex 131.58860914221836 53.680877343354624 10
      vertex 131.58258837897364 53.901599777316285 10
    endloop
  endfacet
  facet normal -0.9921420211735282 -0.12511678473213073 0
    outer loop
      vertex 131.55496202556606 54.12066923443298 9.9
      vertex 131.58258837897364 53.901599777316285 9.9
      vertex 131.58258837897364 53.901599777316285 10
    endloop
  endfacet
  facet normal -0.9921420211735282 -0.12511678473213073 0
    outer loop
      vertex 131.55496202556606 54.12066923443298 9.9
      vertex 131.58258837897364 53.901599777316285 10
      vertex 131.55496202556606 54.12066923443298 10
    endloop
  endfacet
  facet normal -0.9751009967149008 -0.2217612369319916 0
    outer loop
      vertex 131.55496202556606 54.12066923443298 9.9
      vertex 131.55496202556606 54.12066923443298 10
      vertex 131.50599613888104 54.33597595607715 9.9
    endloop
  endfacet
  facet normal -0.9751009967149008 -0.2217612369319916 0
    outer loop
      vertex 131.50599613888104 54.33597595607715 9.9
      vertex 131.55496202556606 54.12066923443298 10
      vertex 131.50599613888104 54.33597595607715 10
    endloop
  endfacet
  facet normal -0.9486692166134635 -0.31627000719321685 0
    outer loop
      vertex 131.50599613888104 54.33597595607715 9.9
      vertex 131.50599613888104 54.33597595607715 10
      vertex 131.43616228717485 54.54544642082072 9.9
    endloop
  endfacet
  facet normal -0.8687395860788562 -0.4952691506439076 0
    outer loop
      vertex 131.34613300861452 54.74706331358001 9.9
      vertex 131.34613300861452 54.74706331358001 10
      vertex 131.23677533436756 54.93888495346274 9.9
    endloop
  endfacet
  facet normal -0.9131012333607548 -0.4077329243942271 0
    outer loop
      vertex 131.34613300861452 54.74706331358001 9.9
      vertex 131.43616228717485 54.54544642082072 10
      vertex 131.34613300861452 54.74706331358001 10
    endloop
  endfacet
  facet normal -0.8160115016815703 -0.5780356642313592 0
    outer loop
      vertex 131.10914243861794 55.11906399321648 9.9
      vertex 131.23677533436756 54.93888495346274 9.9
      vertex 131.23677533436756 54.93888495346274 10
    endloop
  endfacet
  facet normal -0.8160115016815703 -0.5780356642313592 0
    outer loop
      vertex 131.10914243861794 55.11906399321648 9.9
      vertex 131.23677533436756 54.93888495346274 10
      vertex 131.10914243861794 55.11906399321648 10
    endloop
  endfacet
  facet normal -0.8687395860788562 -0.4952691506439076 0
    outer loop
      vertex 131.23677533436756 54.93888495346274 9.9
      vertex 131.34613300861452 54.74706331358001 10
      vertex 131.23677533436756 54.93888495346274 10
    endloop
  endfacet
  facet normal -0.7554247804460117 -0.6552353783855805 0
    outer loop
      vertex 131.10914243861794 55.11906399321648 9.9
      vertex 131.10914243861794 55.11906399321648 10
      vertex 130.96446349592304 55.28586521019249 9.9
    endloop
  endfacet
  facet normal -0.7554247804460117 -0.6552353783855805 0
    outer loop
      vertex 131.10914243861794 55.11906399321648 10
      vertex 130.96446349592304 55.28586521019249 10
      vertex 130.96446349592304 55.28586521019249 9.9
    endloop
  endfacet
  facet normal -0.9131012333607548 -0.4077329243942271 0
    outer loop
      vertex 131.34613300861452 54.74706331358001 9.9
      vertex 131.43616228717485 54.54544642082072 9.9
      vertex 131.43616228717485 54.54544642082072 10
    endloop
  endfacet
  facet normal -0.9486692166134635 -0.31627000719321685 0
    outer loop
      vertex 131.50599613888104 54.33597595607715 10
      vertex 131.43616228717485 54.54544642082072 10
      vertex 131.43616228717485 54.54544642082072 9.9
    endloop
  endfacet
  facet normal -0.6875629056173216 -0.7261248176581394 0
    outer loop
      vertex 130.80413184359045 55.4376822174885 9.9
      vertex 130.96446349592304 55.28586521019249 9.9
      vertex 130.96446349592304 55.28586521019249 10
    endloop
  endfacet
  facet normal -0.6875629056173216 -0.7261248176581394 0
    outer loop
      vertex 130.80413184359045 55.4376822174885 9.9
      vertex 130.96446349592304 55.28586521019249 10
      vertex 130.80413184359045 55.4376822174885 10
    endloop
  endfacet
  facet normal -0.6130794241476382 -0.7900212779962323 0
    outer loop
      vertex 130.62969156307844 55.57305293433262 9.9
      vertex 130.80413184359045 55.4376822174885 9.9
      vertex 130.80413184359045 55.4376822174885 10
    endloop
  endfacet
  facet normal -0.6130794241476382 -0.7900212779962323 0
    outer loop
      vertex 130.62969156307844 55.57305293433262 9.9
      vertex 130.80413184359045 55.4376822174885 10
      vertex 130.62969156307844 55.57305293433262 10
    endloop
  endfacet
  facet normal 0 0 -1
    outer loop
      vertex 119.23914095677563 74.25328309239936 5
      vertex 126.31727983645297 81.31727983645297 5
      vertex 119.24621202458749 74.24621202458749 5
    endloop
  endfacet
  facet normal -0.7071067811865475 -0.7071067811865475 0
    outer loop
      vertex 119.23914095677563 74.25328309239936 5
      vertex 119.24621202458749 74.24621202458749 5
      vertex 119.24621202458749 74.24621202458749 9
    endloop
  endfacet
  facet normal -0.8889745564266025 -0.457956589674311 0
    outer loop
      vertex 119.23914095677563 74.25328309239936 5
      vertex 119.23914095677563 74.25328309239936 9
      vertex 118.0370594287585 76.58673547031496 8.2
    endloop
  endfacet
  facet normal -0.7071067811865475 -0.7071067811865475 0
    outer loop
      vertex 119.23914095677563 74.25328309239936 5
      vertex 119.24621202458749 74.24621202458749 9
      vertex 119.23914095677563 74.25328309239936 9
    endloop
  endfacet
  facet normal 0 0 1
    outer loop
      vertex 119.23914095677563 74.25328309239936 9
      vertex 119.24621202458749 74.24621202458749 9
      vertex 126.3102087686411 81.32435090426483 9
    endloop
  endfacet
  facet normal 0 0 -1
    outer loop
      vertex 102.84225748041504 47.75809616776374 0
      vertex 154.44705495159178 95.12047446487668 0
      vertex 156.0706750724172 93.21945955087659 0
    endloop
  endfacet
  facet normal 0.6494480483301837 -0.7604059656000308 0
    outer loop
      vertex 102.84225748041504 47.75809616776374 0
      vertex 156.0706750724172 93.21945955087659 0
      vertex 156.0706750724172 93.21945955087659 4
    endloop
  endfacet
  facet normal 0.6494480483302469 -0.7604059655999769 -1.515907621985136e-12
    outer loop
      vertex 102.84225748041504 47.75809616776374 0
      vertex 156.0706750724172 93.21945955087659 4
      vertex 156.01364775204493 93.17075361800289 4
    endloop
  endfacet
  facet normal -0.6494480483301837 0.7604059656000309 -1.627553868242779e-15
    outer loop
      vertex 101.2186373595896 49.65911108176381 4
      vertex 154.33402192566538 95.02393514061346 4
      vertex 154.44705495159178 95.12047446487668 0
    endloop
  endfacet
  facet normal 0 0 -1
    outer loop
      vertex 102.84225748041504 47.75809616776374 4
      vertex 156.01364775204493 93.17075361800289 4
      vertex 157.08651573956013 91.98702620714903 4
    endloop
  endfacet
  facet normal 0 0 -1
    outer loop
      vertex 98.03300859034061 53.033008590340614 4
      vertex 147.53048327565193 102.53048327565193 4
      vertex 154.33402192566538 95.02393514061346 4
    endloop
  endfacet
  facet normal -0.7071067811865476 0.7071067811865476 0
    outer loop
      vertex 119.24621202458749 74.24621202458749 5
      vertex 126.31727983645297 81.31727983645297 5
      vertex 147.53048327565193 102.53048327565193 4
    endloop
  endfacet
  facet normal -0.2155089833761461 0.2155089833761461 -0.9524241471993242
    outer loop
      vertex 119.23914095677563 74.25328309239936 5
      vertex 118.0370594287585 76.58673547031496 5.8
      vertex 123.9767563907255 82.52643243228196 5.8
    endloop
  endfacet
  facet normal -0.21550898337614605 0.21550898337614605 -0.9524241471993243
    outer loop
      vertex 119.23914095677563 74.25328309239936 5
      vertex 123.9767563907255 82.52643243228196 5.8
      vertex 126.3102087686411 81.32435090426483 5
    endloop
  endfacet
  facet normal 0 0 -1
    outer loop
      vertex 119.23914095677563 74.25328309239936 5
      vertex 126.3102087686411 81.32435090426483 5
      vertex 126.31727983645297 81.31727983645297 5
    endloop
  endfacet
  facet normal -0.7071067811865476 0.7071067811865476 0
    outer loop
      vertex 118.0370594287585 76.58673547031496 5.8
      vertex 118.0370594287585 76.58673547031496 8.2
      vertex 123.9767563907255 82.52643243228196 5.8
    endloop
  endfacet
  facet normal -0.7071067811865476 0.7071067811865476 0
    outer loop
      vertex 118.0370594287585 76.58673547031496 8.2
      vertex 123.9767563907255 82.52643243228196 8.2
      vertex 123.9767563907255 82.52643243228196 5.8
    endloop
  endfacet
  facet normal 0.7071067811865475 0.7071067811865475 0
    outer loop
      vertex 126.3102087686411 81.32435090426483 5
      vertex 126.3102087686411 81.32435090426483 9
      vertex 126.31727983645297 81.31727983645297 5
    endloop
  endfacet
  facet normal 0.4579565896743111 0.8889745564266025 0
    outer loop
      vertex 126.3102087686411 81.32435090426483 5
      vertex 123.9767563907255 82.52643243228196 5.8
      vertex 123.9767563907255 82.52643243228196 8.2
    endloop
  endfacet
  facet normal 0.457956589674311 0.8889745564266025 0
    outer loop
      vertex 126.3102087686411 81.32435090426483 5
      vertex 123.9767563907255 82.52643243228196 8.2
      vertex 126.3102087686411 81.32435090426483 9
    endloop
  endfacet
  facet normal -0.7071067811865475 0.7071067811865475 0
    outer loop
      vertex 126.31727983645297 81.31727983645297 5
      vertex 126.31727983645297 81.31727983645297 9
      vertex 147.53048327565193 102.53048327565193 4
    endloop
  endfacet
  facet normal -0.21550898337614627 0.2155089833761463 0.9524241471993241
    outer loop
      vertex 118.0370594287585 76.58673547031496 8.2
      vertex 119.23914095677563 74.25328309239936 9
      vertex 126.3102087686411 81.32435090426483 9
    endloop
  endfacet
  facet normal -0.21550898337614627 0.21550898337614627 0.9524241471993241
    outer loop
      vertex 118.0370594287585 76.58673547031496 8.2
      vertex 126.3102087686411 81.32435090426483 9
      vertex 123.9767563907255 82.52643243228196 8.2
    endloop
  endfacet
  facet normal 0.7071067811865475 0.7071067811865475 0
    outer loop
      vertex 126.31727983645297 81.31727983645297 5
      vertex 126.3102087686411 81.32435090426483 9
      vertex 126.31727983645297 81.31727983645297 9
    endloop
  endfacet
  facet normal 0 0 1
    outer loop
      vertex 119.24621202458749 74.24621202458749 9
      vertex 126.31727983645297 81.31727983645297 9
      vertex 126.3102087686411 81.32435090426483 9
    endloop
  endfacet
  facet normal 0 0 -1
    outer loop
      vertex 109.60113553245186 38.12159214825355 0
      vertex 167.97970062544846 76.8280920892552 0
      vertex 169.28594703723832 74.69649167836997 0
    endloop
  endfacet
  facet normal 0.5224985647159488 -0.8526401643540922 0
    outer loop
      vertex 109.60113553245186 38.12159214825355 0
      vertex 169.28594703723832 74.69649167836997 0
      vertex 169.28594703723832 74.69649167836997 4
    endloop
  endfacet
  facet normal 0.5224985647159803 -0.852640164354073 -6.317638596290805e-13
    outer loop
      vertex 109.60113553245186 38.12159214825355 0
      vertex 169.28594703723832 74.69649167836997 4
      vertex 169.13251318292325 74.60246729151834 4
    endloop
  endfacet
  facet normal 0 0 -1
    outer loop
      vertex 109.60113553245186 38.12159214825355 4
      vertex 169.13251318292325 74.60246729151834 4
      vertex 172.87858332693577 68.35252683609724 4
    endloop
  endfacet
  facet normal 0 0 -1
    outer loop
      vertex 172.87858332693577 68.35252683609724 4
      vertex 178.1063907669809 57.29925669480119 4
      vertex 134.77482732137594 39.35073543680137 4
    endloop
  endfacet
  facet normal -0.5224985647159488 0.8526401643540922 -1.62771136355485e-15
    outer loop
      vertex 108.29488912066199 40.253192559138775 4
      vertex 167.8471943820544 76.74689215886985 4
      vertex 167.97970062544846 76.8280920892552 0
    endloop
  endfacet
  facet normal 0 0 -1
    outer loop
      vertex 107.36022092401981 41.667767480015755 4
      vertex 165.56309378147125 80.55768378823996 4
      vertex 167.8471943820544 76.74689215886985 4
    endloop
  endfacet
  facet normal 0.9238795325112854 0.38268343236509317 0
    outer loop
      vertex 178.48417792368022 56.64394710857712 0
      vertex 179.44088650459295 54.33424827729891 3.9
      vertex 179.44088650459295 54.33424827729891 0
    endloop
  endfacet
  facet normal 0.9238795325112854 0.38268343236509317 0
    outer loop
      vertex 178.48417792368022 56.64394710857712 0
      vertex 178.48417792368022 56.64394710857712 3.9
      vertex 179.44088650459295 54.33424827729891 3.9
    endloop
  endfacet
  facet normal 0.8526401643540945 0.5224985647159451 0
    outer loop
      vertex 167.97970062544846 76.8280920892552 0
      vertex 169.28594703723832 74.69649167836997 4
      vertex 169.28594703723832 74.69649167836997 0
    endloop
  endfacet
  facet normal 0.8526401643540945 0.5224985647159451 0
    outer loop
      vertex 167.97970062544846 76.8280920892552 0
      vertex 167.97970062544846 76.8280920892552 4
      vertex 169.28594703723832 74.69649167836997 4
    endloop
  endfacet
  facet normal -0.5224985647159289 0.8526401643541044 0
    outer loop
      vertex 167.97970062544846 76.8280920892552 0
      vertex 167.8471943820544 76.74689215886985 4
      vertex 167.97970062544846 76.8280920892552 4
    endloop
  endfacet
  facet normal 0 0 1
    outer loop
      vertex 167.8471943820544 76.74689215886985 4
      vertex 169.13251318292325 74.60246729151834 4
      vertex 167.97970062544846 76.8280920892552 4
    endloop
  endfacet
  facet normal 0 0 1
    outer loop
      vertex 167.97970062544846 76.8280920892552 4
      vertex 169.13251318292325 74.60246729151834 4
      vertex 169.28594703723832 74.69649167836997 4
    endloop
  endfacet
  facet normal 0.3826834323650898 -0.9238795325112867 0
    outer loop
      vertex 134.77482732137594 39.35073543680137 7
      vertex 178.1063907669809 57.29925669480119 4
      vertex 178.1063907669809 57.29925669480119 7
    endloop
  endfacet
  facet normal 0.9039892929716882 0.42755509375114126 0
    outer loop
      vertex 172.87858332693577 68.35252683609724 4
      vertex 178.1063907669809 57.29925669480119 7
      vertex 178.1063907669809 57.29925669480119 4
    endloop
  endfacet
  facet normal -0.382683432365089 0.923879532511287 0
    outer loop
      vertex 179.63712449758967 53.603738565231744 4
      vertex 177.88014001384417 52.87597176318527 4
      vertex 179.63712449758967 53.603738565231744 7
    endloop
  endfacet
  facet normal -0.382683432365089 0.923879532511287 0
    outer loop
      vertex 177.88014001384417 52.87597176318527 7
      vertex 179.63712449758967 53.603738565231744 7
      vertex 177.88014001384417 52.87597176318527 4
    endloop
  endfacet
  facet normal 0 0 -1
    outer loop
      vertex 177.88014001384417 52.87597176318527 7
      vertex 179.37540075659342 54.33520741894069 7
      vertex 179.63712449758967 53.603738565231744 7
    endloop
  endfacet
  facet normal 0 0 -1
    outer loop
      vertex 177.88014001384417 52.87597176318527 7
      vertex 178.96253221482038 55.48909769207239 7
      vertex 179.37540075659342 54.33520741894069 7
    endloop
  endfacet
  facet normal 0.9039892929716881 0.42755509375114165 1.2395227165475847e-15
    outer loop
      vertex 172.87858332693577 68.35252683609724 4
      vertex 178.9582515071291 55.4981484880419 14.99
      vertex 178.1063907669809 57.29925669480119 7
    endloop
  endfacet
  facet normal 0.9415440651112394 0.3368898535928356 -1.6097215999527222e-16
    outer loop
      vertex 178.96253221482038 55.48909769207239 14.990000001819572
      vertex 179.63712449758967 53.603738565231744 7
      vertex 179.37540075659342 54.33520741894069 7
    endloop
  endfacet
  facet normal 0.9415440651112397 0.3368898535928346 0
    outer loop
      vertex 178.96253221482038 55.48909769207239 14.990000001819572
      vertex 179.37540075659342 54.33520741894069 7
      vertex 178.96253221482038 55.48909769207239 7
    endloop
  endfacet
  facet normal 0.903989292971689 0.42755509375113954 -1.4339228710431225e-15
    outer loop
      vertex 178.96253221482038 55.48909769207239 7
      vertex 178.1063907669809 57.29925669480119 7
      vertex 178.96253221436604 55.48909769303306 14.99
    endloop
  endfacet
  facet normal 0.8577286101123718 0.5141027440061946 0
    outer loop
      vertex 169.13251318292325 74.60246729151834 4
      vertex 172.87858332693577 68.35252683609724 18
      vertex 172.87858332693577 68.35252683609724 4
    endloop
  endfacet
  facet normal 0.8577286101123709 0.5141027440061962 9.135109208117587e-16
    outer loop
      vertex 167.8471943820544 76.74689215886985 4
      vertex 172.87858332693577 68.35252683609724 18
      vertex 169.13251318292325 74.60246729151834 4
    endloop
  endfacet
  facet normal 0.8577286101123709 0.5141027440061962 9.13875109640657e-16
    outer loop
      vertex 165.56309378147125 80.55768378823996 4
      vertex 172.87858332693577 68.35252683609724 18
      vertex 167.8471943820544 76.74689215886985 4
    endloop
  endfacet
  facet normal 0.7604059656000399 0.6494480483301732 0
    outer loop
      vertex 154.44705495159178 95.12047446487668 0
      vertex 156.0706750724172 93.21945955087659 4
      vertex 156.0706750724172 93.21945955087659 0
    endloop
  endfacet
  facet normal 0.7604059656000399 0.6494480483301732 0
    outer loop
      vertex 154.44705495159178 95.12047446487668 0
      vertex 154.44705495159178 95.12047446487668 4
      vertex 156.0706750724172 93.21945955087659 4
    endloop
  endfacet
  facet normal -0.6494480483301471 0.760405965600062 0
    outer loop
      vertex 154.44705495159178 95.12047446487668 0
      vertex 154.33402192566538 95.02393514061346 4
      vertex 154.44705495159178 95.12047446487668 4
    endloop
  endfacet
  facet normal 0 0 1
    outer loop
      vertex 154.33402192566538 95.02393514061346 4
      vertex 156.01364775204493 93.17075361800289 4
      vertex 154.44705495159178 95.12047446487668 4
    endloop
  endfacet
  facet normal 0 0 1
    outer loop
      vertex 154.44705495159178 95.12047446487668 4
      vertex 156.01364775204493 93.17075361800289 4
      vertex 156.0706750724172 93.21945955087659 4
    endloop
  endfacet
  facet normal 0.8032075317026681 0.5956993041930697 0
    outer loop
      vertex 165.56309378147125 80.55768378823996 4
      vertex 157.08651573956013 91.98702620714903 4
      vertex 165.56309378147125 80.55768378823996 18
    endloop
  endfacet
  facet normal 0.7409511254180549 0.671558954777403 -1.1487203231473347e-15
    outer loop
      vertex 147.53048327565193 102.53048327565193 4
      vertex 155.16711633554965 94.10475710539862 14.99
      vertex 154.33402192566538 95.02393514061346 4
    endloop
  endfacet
  facet normal 0.7409511254180521 0.6715589547774059 0
    outer loop
      vertex 157.08651573956013 91.98702620714903 4
      vertex 156.01364775204493 93.17075361800289 4
      vertex 157.08651573956013 91.98702620714903 18
    endloop
  endfacet
  facet normal 0.7409511254180529 0.6715589547774051 -1.2682760346761027e-16
    outer loop
      vertex 154.33402192566538 95.02393514061346 4
      vertex 157.08651573956013 91.98702620714903 18
      vertex 156.01364775204493 93.17075361800289 4
    endloop
  endfacet
  facet normal 0.7409511245750185 0.6715589557075502 0
    outer loop
      vertex 106.84083627164364 50.75146273523569 10
      vertex 104.3802919536829 53.46625503152609 10
      vertex 104.3802919536829 53.46625503152609 18
    endloop
  endfacet
  facet normal 0.740951124575265 0.6715589557072782 1.1564440796716717e-13
    outer loop
      vertex 106.84083627164364 50.75146273523569 10
      vertex 105.77884554520797 51.923188934928305 14.99
      vertex 105.78556404852304 51.91577620884602 14.99
    endloop
  endfacet
  facet normal 0.7409511245750184 0.6715589557075504 0
    outer loop
      vertex 106.84083627164364 50.75146273523569 10
      vertex 104.3802919536829 53.46625503152609 18
      vertex 105.77884554520797 51.923188934928305 14.99
    endloop
  endfacet
  facet normal -0.7071067811865475 0.7071067811865475 0
    outer loop
      vertex 98.03300859034061 53.033008590340614 4
      vertex 98.03300859034061 53.033008590340614 17
      vertex 147.5304832720494 102.5304832720494 17
    endloop
  endfacet
  facet normal 0 0 1
    outer loop
      vertex 106.84083627164364 50.75146273523569 10
      vertex 127.78324020577845 55.355279749316836 10
      vertex 127.9500414227545 55.49995869201178 10
    endloop
  endfacet
  facet normal 0 0 1
    outer loop
      vertex 106.84083627164364 50.75146273523569 10
      vertex 127.9500414227545 55.49995869201178 10
      vertex 128.1302204625082 55.62759158776138 10
    endloop
  endfacet
  facet normal 0 0 1
    outer loop
      vertex 106.84083627164364 50.75146273523569 10
      vertex 128.1302204625082 55.62759158776138 10
      vertex 128.32204210239095 55.736949262008345 10
    endloop
  endfacet
  facet normal 0 0 1
    outer loop
      vertex 106.84083627164364 50.75146273523569 10
      vertex 128.32204210239095 55.736949262008345 10
      vertex 128.52365899515024 55.82697854056869 10
    endloop
  endfacet
  facet normal 0 0 1
    outer loop
      vertex 106.84083627164364 50.75146273523569 10
      vertex 128.52365899515024 55.82697854056869 10
      vertex 128.7331294598938 55.89681239227486 10
    endloop
  endfacet
  facet normal 0 0 1
    outer loop
      vertex 111.51756898313761 44.44561864435673 10
      vertex 127.27969375326981 54.636140886864546 10
      vertex 127.37843174925048 54.83363886304083 10
    endloop
  endfacet
  facet normal 0 0 1
    outer loop
      vertex 111.51756898313761 44.44561864435673 10
      vertex 127.37843174925048 54.83363886304083 10
      vertex 127.49605248163834 55.02050781647225 10
    endloop
  endfacet
  facet normal 0 0 1
    outer loop
      vertex 111.51756898313761 44.44561864435673 10
      vertex 127.49605248163834 55.02050781647225 10
      vertex 127.63142319848245 55.19494809698428 10
    endloop
  endfacet
  facet normal 0 0 1
    outer loop
      vertex 111.51756898313761 44.44561864435673 10
      vertex 127.63142319848245 55.19494809698428 10
      vertex 127.78324020577845 55.355279749316836 10
    endloop
  endfacet
  facet normal 0 0 1
    outer loop
      vertex 111.51756898313761 44.44561864435673 10
      vertex 168.4689770117402 65.99554315209389 10
      vertex 130.1546301674269 51.632943128796086 10
    endloop
  endfacet
  facet normal 0 0 1
    outer loop
      vertex 106.84083627164364 50.75146273523569 10
      vertex 128.7331294598938 55.89681239227486 10
      vertex 161.40574572235346 77.77983262389898 10
    endloop
  endfacet
  facet normal 0 0 1
    outer loop
      vertex 128.7331294598938 55.89681239227486 10
      vertex 128.948436181538 55.94577827895986 10
      vertex 161.40574572235346 77.77983262389898 10
    endloop
  endfacet
  facet normal 0 0 1
    outer loop
      vertex 128.948436181538 55.94577827895986 10
      vertex 129.1675056386547 55.97340463236744 10
      vertex 161.40574572235346 77.77983262389898 10
    endloop
  endfacet
  facet normal 0 0 1
    outer loop
      vertex 129.1675056386547 55.97340463236744 10
      vertex 129.38822807261636 55.97942539561219 10
      vertex 161.40574572235346 77.77983262389898 10
    endloop
  endfacet
  facet normal 0 0 1
    outer loop
      vertex 129.38822807261636 55.97942539561219 10
      vertex 129.60847780572473 55.96378258545276 10
      vertex 161.40574572235346 77.77983262389898 10
    endloop
  endfacet
  facet normal 0 0 1
    outer loop
      vertex 129.60847780572473 55.96378258545276 10
      vertex 129.8261337126493 55.926626850702235 10
      vertex 161.40574572235346 77.77983262389898 10
    endloop
  endfacet
  facet normal 0 0 1
    outer loop
      vertex 129.8261337126493 55.926626850702235 10
      vertex 130.03909964802352 55.86831602139765 10
      vertex 161.40574572235346 77.77983262389898 10
    endloop
  endfacet
  facet normal 0 0 1
    outer loop
      vertex 130.03909964802352 55.86831602139765 10
      vertex 130.24532463347072 55.78941166270114 10
      vertex 161.40574572235346 77.77983262389898 10
    endloop
  endfacet
  facet normal 0 0 1
    outer loop
      vertex 130.442822609647 55.69067366672048 10
      vertex 130.62969156307844 55.57305293433262 10
      vertex 161.40574572235346 77.77983262389898 10
    endloop
  endfacet
  facet normal 0 0 1
    outer loop
      vertex 130.62969156307844 55.57305293433262 10
      vertex 130.80413184359045 55.4376822174885 10
      vertex 161.40574572235346 77.77983262389898 10
    endloop
  endfacet
  facet normal 0 0 1
    outer loop
      vertex 130.24532463347072 55.78941166270114 10
      vertex 130.442822609647 55.69067366672048 10
      vertex 161.40574572235346 77.77983262389898 10
    endloop
  endfacet
  facet normal 0 0 1
    outer loop
      vertex 131.10914243861794 55.11906399321648 10
      vertex 161.40574572235346 77.77983262389898 10
      vertex 130.96446349592304 55.28586521019249 10
    endloop
  endfacet
  facet normal 0 0 1
    outer loop
      vertex 130.80413184359045 55.4376822174885 10
      vertex 130.96446349592304 55.28586521019249 10
      vertex 161.40574572235346 77.77983262389898 10
    endloop
  endfacet
  facet normal 0 0 1
    outer loop
      vertex 106.84083627164364 50.75146273523569 10
      vertex 148.91551091521978 93.56594629585743 10
      vertex 104.3802919536829 53.46625503152609 10
    endloop
  endfacet
  facet normal -0.7071067811865476 0.7071067811865476 0
    outer loop
      vertex 98.03300859034061 53.033008590340614 4
      vertex 147.5304832720494 102.5304832720494 17
      vertex 119.24621202458749 74.24621202458749 9
    endloop
  endfacet
  facet normal 0 0 1
    outer loop
      vertex 106.84083627164364 50.75146273523569 10
      vertex 161.40574572235346 77.77983262389898 10
      vertex 153.22146347165108 88.81505978107452 10
    endloop
  endfacet
  facet normal -0.5000019402977975 0.4999980596984399 0.7071067811838838
    outer loop
      vertex 98.03300861646176 53.03300856152038 17.00000003884941
      vertex 98.74011537017762 52.32590180780452 18
      vertex 98.03300859034061 53.033008590340614 17
    endloop
  endfacet
  facet normal 0.5609795213772798 -0.656822629202606 0.503871025524086
    outer loop
      vertex 105.77884554520797 51.923188934928305 14.99
      vertex 104.60310746507034 53.22041599932773 17.990000000000002
      vertex 100.80400971271007 49.975679986849144 17.990000000000002
    endloop
  endfacet
  facet normal 0.7409511245750316 0.6715589557075357 1.3851422056671596e-14
    outer loop
      vertex 105.77884554520797 51.923188934928305 14.99
      vertex 104.3802919536829 53.46625503152609 18
      vertex 104.60310746507034 53.22041599932773 17.990000000000002
    endloop
  endfacet
  facet normal -0.7409511256162001 -0.6715589545587832 0
    outer loop
      vertex 98.03300861646176 53.03300856152038 17.00000003884941
      vertex 100.80400971271007 49.975679986849144 18
      vertex 98.03300861646176 53.03300856152038 18
    endloop
  endfacet
  facet normal 0.7071067811865475 0.7071067811865475 0
    outer loop
      vertex 98.03300861646176 53.03300856152038 17.00000003884941
      vertex 98.03300861646176 53.03300856152038 18
      vertex 98.74011537017762 52.32590180780452 18
    endloop
  endfacet
  facet normal 0 0 1
    outer loop
      vertex 98.03300861646176 53.03300856152038 18
      vertex 100.80400971271007 49.975679986849144 18
      vertex 98.74011537017762 52.32590180780452 18
    endloop
  endfacet
  facet normal 0 0 1
    outer loop
      vertex 100.80400971271007 49.975679986849144 18
      vertex 104.3802919536829 53.46625503152609 18
      vertex 98.74011537017762 52.32590180780452 18
    endloop
  endfacet
  facet normal 0.6494480483301849 -0.76040596560003 0
    outer loop
      vertex 104.60310746507034 53.22041599932773 17.990000000000002
      vertex 104.60310746507034 53.22041599932773 18
      vertex 100.80400971271007 49.975679986849144 18
    endloop
  endfacet
  facet normal 0 0 1
    outer loop
      vertex 100.80400971271007 49.975679986849144 18
      vertex 104.60310746507034 53.22041599932773 18
      vertex 104.3802919536829 53.46625503152609 18
    endloop
  endfacet
  facet normal 0.7409511245750315 0.6715589557075358 0
    outer loop
      vertex 104.60310746507034 53.22041599932773 17.990000000000002
      vertex 104.3802919536829 53.46625503152609 18
      vertex 104.60310746507034 53.22041599932773 18
    endloop
  endfacet
  facet normal -0.4999999999999993 0.4999999999999993 0.7071067811865487
    outer loop
      vertex 98.03300859034061 53.033008590340614 17
      vertex 98.74011537017762 52.32590180780452 18
      vertex 147.5304832720494 102.5304832720494 17
    endloop
  endfacet
  facet normal 0 0 1
    outer loop
      vertex 148.91551091521978 93.56594629585743 18
      vertex 98.74011537017762 52.32590180780452 18
      vertex 104.3802919536829 53.46625503152609 18
    endloop
  endfacet
  facet normal 0.6691306063374202 -0.7431448254966971 0
    outer loop
      vertex 104.3802919536829 53.46625503152609 10
      vertex 148.91551091521978 93.56594629585743 18
      vertex 104.3802919536829 53.46625503152609 18
    endloop
  endfacet
  facet normal 0 0 1
    outer loop
      vertex 106.84083627164364 50.75146273523569 10
      vertex 153.22146347165108 88.81505978107452 10
      vertex 148.91551091521978 93.56594629585743 10
    endloop
  endfacet
  facet normal -0.7071067811865476 0.7071067811865476 0
    outer loop
      vertex 119.24621202458749 74.24621202458749 9
      vertex 147.5304832720494 102.5304832720494 17
      vertex 126.31727983645297 81.31727983645297 9
    endloop
  endfacet
  facet normal 0.6691306063374202 -0.7431448254966971 0
    outer loop
      vertex 104.3802919536829 53.46625503152609 10
      vertex 148.91551091521978 93.56594629585743 10
      vertex 148.91551091521978 93.56594629585743 18
    endloop
  endfacet
  facet normal -0.7071067811865476 0.7071067811865476 0
    outer loop
      vertex 126.31727983645297 81.31727983645297 9
      vertex 147.5304832720494 102.5304832720494 17
      vertex 147.53048327565193 102.53048327565193 4
    endloop
  endfacet
  facet normal 0 0 1
    outer loop
      vertex 148.91551091521978 93.56594629585743 18
      vertex 148.20285212816157 101.78863856578847 18
      vertex 98.74011537017762 52.32590180780452 18
    endloop
  endfacet
  facet normal -0.5000000000000006 0.5000000000000006 0.7071067811865468
    outer loop
      vertex 98.74011537017762 52.32590180780452 18
      vertex 148.20285212816157 101.78863856578847 18
      vertex 147.5304832720494 102.5304832720494 17
    endloop
  endfacet
  facet normal 0 0 1
    outer loop
      vertex 130.1546301674269 51.632943128796086 10
      vertex 168.4689770117402 65.99554315209389 10
      vertex 130.3562470601862 51.72297240735643 10
    endloop
  endfacet
  facet normal 0 0 1
    outer loop
      vertex 130.3562470601862 51.72297240735643 10
      vertex 168.4689770117402 65.99554315209389 10
      vertex 130.54806870006894 51.832330081603395 10
    endloop
  endfacet
  facet normal 0 0 1
    outer loop
      vertex 130.54806870006894 51.832330081603395 10
      vertex 168.4689770117402 65.99554315209389 10
      vertex 130.72824773982265 51.959962977352994 10
    endloop
  endfacet
  facet normal 0 0 1
    outer loop
      vertex 130.72824773982265 51.959962977352994 10
      vertex 168.4689770117402 65.99554315209389 10
      vertex 130.8950489567987 52.10464192004794 10
    endloop
  endfacet
  facet normal 0 0 1
    outer loop
      vertex 130.8950489567987 52.10464192004794 10
      vertex 168.4689770117402 65.99554315209389 10
      vertex 131.0468659640947 52.264973572380505 10
    endloop
  endfacet
  facet normal 0 0 1
    outer loop
      vertex 131.0468659640947 52.264973572380505 10
      vertex 168.4689770117402 65.99554315209389 10
      vertex 131.1822366809388 52.439413852892535 10
    endloop
  endfacet
  facet normal 0 0 1
    outer loop
      vertex 131.1822366809388 52.439413852892535 10
      vertex 168.4689770117402 65.99554315209389 10
      vertex 131.29985741332666 52.62628280632395 10
    endloop
  endfacet
  facet normal 0 0 1
    outer loop
      vertex 131.29985741332666 52.62628280632395 10
      vertex 168.4689770117402 65.99554315209389 10
      vertex 131.39859540930735 52.82378078250023 10
    endloop
  endfacet
  facet normal 0 0 1
    outer loop
      vertex 131.39859540930735 52.82378078250023 10
      vertex 168.4689770117402 65.99554315209389 10
      vertex 131.47749976800384 53.03000576794743 10
    endloop
  endfacet
  facet normal 0 0 1
    outer loop
      vertex 131.47749976800384 53.03000576794743 10
      vertex 168.4689770117402 65.99554315209389 10
      vertex 131.53581059730843 53.24297170332166 10
    endloop
  endfacet
  facet normal 0 0 1
    outer loop
      vertex 131.53581059730843 53.24297170332166 10
      vertex 168.4689770117402 65.99554315209389 10
      vertex 131.57296633205897 53.46062761024623 10
    endloop
  endfacet
  facet normal 0 0 1
    outer loop
      vertex 115.5537011474371 37.71173894405365 10
      vertex 174.34313455224037 53.575680531561375 10
      vertex 168.4689770117402 65.99554315209389 10
    endloop
  endfacet
  facet normal 0 0 1
    outer loop
      vertex 131.57296633205897 53.46062761024623 10
      vertex 168.4689770117402 65.99554315209389 10
      vertex 131.58860914221836 53.680877343354624 10
    endloop
  endfacet
  facet normal 0 0 1
    outer loop
      vertex 131.58860914221836 53.680877343354624 10
      vertex 168.4689770117402 65.99554315209389 10
      vertex 131.58258837897364 53.901599777316285 10
    endloop
  endfacet
  facet normal 0 0 1
    outer loop
      vertex 131.55496202556606 54.12066923443298 10
      vertex 131.58258837897364 53.901599777316285 10
      vertex 168.4689770117402 65.99554315209389 10
    endloop
  endfacet
  facet normal 0 0 1
    outer loop
      vertex 131.55496202556606 54.12066923443298 10
      vertex 168.4689770117402 65.99554315209389 10
      vertex 131.50599613888104 54.33597595607715 10
    endloop
  endfacet
  facet normal 0 0 1
    outer loop
      vertex 131.50599613888104 54.33597595607715 10
      vertex 168.4689770117402 65.99554315209389 10
      vertex 131.43616228717485 54.54544642082072 10
    endloop
  endfacet
  facet normal 0 0 1
    outer loop
      vertex 131.34613300861452 54.74706331358001 10
      vertex 131.43616228717485 54.54544642082072 10
      vertex 168.4689770117402 65.99554315209389 10
    endloop
  endfacet
  facet normal 0 0 1
    outer loop
      vertex 131.10914243861794 55.11906399321648 10
      vertex 131.23677533436756 54.93888495346274 10
      vertex 168.4689770117402 65.99554315209389 10
    endloop
  endfacet
  facet normal 0 0 1
    outer loop
      vertex 131.34613300861452 54.74706331358001 10
      vertex 168.4689770117402 65.99554315209389 10
      vertex 131.23677533436756 54.93888495346274 10
    endloop
  endfacet
  facet normal 0 0 1
    outer loop
      vertex 131.10914243861794 55.11906399321648 10
      vertex 168.4689770117402 65.99554315209389 10
      vertex 161.40574572235346 77.77983262389898 10
    endloop
  endfacet
  facet normal -0.857728609995264 -0.5141027442015771 0
    outer loop
      vertex 161.40574572235346 77.77983262389898 10
      vertex 168.4689770117402 65.99554315209389 10
      vertex 168.4689770117402 65.99554315209389 18
    endloop
  endfacet
  facet normal -0.8577286099943646 -0.5141027442030777 -1.957813986380397e-12
    outer loop
      vertex 161.40574572235346 77.77983262389898 10
      vertex 164.2315829654996 73.06520801242984 14.99
      vertex 164.22644169029417 73.07378571189804 14.99
    endloop
  endfacet
  facet normal -0.8577286099952648 -0.514102744201576 2.312189216738649e-15
    outer loop
      vertex 161.40574572235346 77.77983262389898 10
      vertex 168.4689770117402 65.99554315209389 18
      vertex 164.2315829654996 73.06520801242984 14.99
    endloop
  endfacet
  facet normal -0.8577286099952663 -0.5141027442015731 2.3973533937806667e-15
    outer loop
      vertex 161.40574572235346 77.77983262389898 10
      vertex 164.22644169029417 73.07378571189804 14.99
      vertex 163.32671852934607 74.5748831188358 17.990000000000002
    endloop
  endfacet
  facet normal 0 0 1
    outer loop
      vertex 164.22644169029417 73.07378571189804 14.99
      vertex 164.2315829654996 73.06520801242984 14.99
      vertex 168.4898537824888 75.6746797251941 14.99
    endloop
  endfacet
  facet normal -0.9039892931352864 -0.4275550934052423 -4.674015247499964e-16
    outer loop
      vertex 174.34313455224037 53.575680531561375 10
      vertex 174.33885384507633 53.58473132642507 14.99
      vertex 168.4689770117402 65.99554315209389 10
    endloop
  endfacet
  facet normal 0.9039892929716886 0.4275550937511404 -4.590474517650121e-16
    outer loop
      vertex 172.87858332693577 68.35252683609724 4
      vertex 178.2091277406671 57.08203761458902 17.990000000000002
      vertex 178.9582515071291 55.4981484880419 14.99
    endloop
  endfacet
  facet normal 0.9039939024511838 0.42754534768966806 0
    outer loop
      vertex 178.96253221482038 55.48909769207239 7
      vertex 178.96253221436604 55.48909769303306 14.99
      vertex 178.96253221482038 55.48909769207239 14.990000001819572
    endloop
  endfacet
  facet normal 0.9039892929709537 0.4275550937526945 4.302310022884353e-13
    outer loop
      vertex 178.1063907669809 57.29925669480119 7
      vertex 178.9582515071291 55.4981484880419 14.99
      vertex 178.96253221436604 55.48909769303306 14.99
    endloop
  endfacet
  facet normal -0.9039892938144811 -0.4275550919692056 -3.1877834730076195e-12
    outer loop
      vertex 174.34313455224037 53.575680531561375 10
      vertex 174.343134552295 53.57568053140867 14.99
      vertex 174.33885384507633 53.58473132642507 14.99
    endloop
  endfacet
  facet normal 0 0 1
    outer loop
      vertex 174.33885384507633 53.58473132642507 14.99
      vertex 174.343134552295 53.57568053140867 14.99
      vertex 178.9582515071291 55.4981484880419 14.99
    endloop
  endfacet
  facet normal 0 0 1
    outer loop
      vertex 174.343134552295 53.57568053140867 14.99
      vertex 178.96253221436604 55.48909769303306 14.99
      vertex 178.9582515071291 55.4981484880419 14.99
    endloop
  endfacet
  facet normal -0.330554164857052 0.7980283478968083 0.5038697252750431
    outer loop
      vertex 174.343134552295 53.57568053140867 14.99
      vertex 178.96253221482038 55.48909769207239 14.990000001819572
      vertex 178.96253221436604 55.48909769303306 14.99
    endloop
  endfacet
  facet normal -0.9039892931352864 -0.42755509340524184 4.2692468846615506e-16
    outer loop
      vertex 168.4689770117402 65.99554315209389 10
      vertex 174.33885384507633 53.58473132642507 14.99
      vertex 173.58973007923447 55.16862045322906 17.990000000000002
    endloop
  endfacet
  facet normal 0.8577286101123428 0.514102744006243 2.9680368488310867e-14
    outer loop
      vertex 165.56309378147125 80.55768378823996 4
      vertex 168.4898537824888 75.6746797251941 14.99
      vertex 169.389576943097 74.17358231804803 17.990000000000002
    endloop
  endfacet
  facet normal 0.9039892929716884 0.42755509375114087 0
    outer loop
      vertex 172.87858332693577 68.35252683609724 4
      vertex 172.87858332693577 68.35252683609724 18
      vertex 178.2091277406671 57.08203761458902 17.990000000000002
    endloop
  endfacet
  facet normal 0.8577286101123716 0.5141027440061952 -2.995858043772633e-16
    outer loop
      vertex 165.56309378147125 80.55768378823996 4
      vertex 169.389576943097 74.17358231804803 17.990000000000002
      vertex 172.87858332693577 68.35252683609724 18
    endloop
  endfacet
  facet normal 0 0 1
    outer loop
      vertex 164.22644169029417 73.07378571189804 14.99
      vertex 168.4898537824888 75.6746797251941 14.99
      vertex 168.48471250728534 75.6832574246635 14.99
    endloop
  endfacet
  facet normal -0.8577286099952651 -0.5141027442015753 4.199171513237803e-15
    outer loop
      vertex 164.2315829654996 73.06520801242984 14.99
      vertex 168.4689770117402 65.99554315209389 18
      vertex 165.13130612644773 71.56411060549208 17.990000000000002
    endloop
  endfacet
  facet normal -0.8577286099952638 -0.5141027442015775 0
    outer loop
      vertex 161.40574572235346 77.77983262389898 10
      vertex 163.32671852934607 74.5748831188358 17.990000000000002
      vertex 161.40574572235346 77.77983262389898 18
    endloop
  endfacet
  facet normal 0.45132323595135104 -0.736492584027639 0.5038710255240841
    outer loop
      vertex 164.22644169029417 73.07378571189804 14.99
      vertex 168.48471250728534 75.6832574246635 14.99
      vertex 163.32671852934607 74.5748831188358 17.990000000000002
    endloop
  endfacet
  facet normal -0.4513232359513515 0.7364925840276366 0.5038710255240875
    outer loop
      vertex 164.2315829654996 73.06520801242984 14.99
      vertex 165.13130612644773 71.56411060549208 17.990000000000002
      vertex 169.389576943097 74.17358231804803 17.990000000000002
    endloop
  endfacet
  facet normal -0.8577286099952651 -0.5141027442015753 0
    outer loop
      vertex 165.13130612644773 71.56411060549208 17.990000000000002
      vertex 168.4689770117402 65.99554315209389 18
      vertex 165.13130612644773 71.56411060549208 18
    endloop
  endfacet
  facet normal -0.8577286099952637 -0.5141027442015775 0
    outer loop
      vertex 163.32671852934607 74.5748831188358 17.990000000000002
      vertex 163.32671852934607 74.5748831188358 18
      vertex 161.40574572235346 77.77983262389898 18
    endloop
  endfacet
  facet normal 0.5224985647159496 -0.8526401643540918 0
    outer loop
      vertex 163.32671852934607 74.5748831188358 17.990000000000002
      vertex 167.58498934667716 77.18435483180957 17.990000000000002
      vertex 163.32671852934607 74.5748831188358 18
    endloop
  endfacet
  facet normal 0.5224985647159496 -0.8526401643540918 0
    outer loop
      vertex 167.58498934667716 77.18435483180957 18
      vertex 163.32671852934607 74.5748831188358 18
      vertex 167.58498934667716 77.18435483180957 17.990000000000002
    endloop
  endfacet
  facet normal -0.3305538746003571 0.7980276471551573 0.503871025524087
    outer loop
      vertex 174.343134552295 53.57568053140867 14.99
      vertex 179.55280046219877 53.83940845621189 17.990000000000002
      vertex 178.96253221482038 55.48909769207239 14.990000001819572
    endloop
  endfacet
  facet normal 0.330553874600358 -0.7980276471551571 0.5038710255240867
    outer loop
      vertex 174.33885384507633 53.58473132642507 14.99
      vertex 178.9582515071291 55.4981484880419 14.99
      vertex 173.58973007923447 55.16862045322906 17.990000000000002
    endloop
  endfacet
  facet normal -0.33055387460035607 0.798027647155159 0.5038710255240851
    outer loop
      vertex 174.343134552295 53.57568053140867 14.99
      vertex 174.933402799634 51.925991294382996 17.990000000000002
      vertex 179.55280046219877 53.83940845621189 17.990000000000002
    endloop
  endfacet
  facet normal 0.33055387460035796 -0.7980276471551573 0.5038710255240866
    outer loop
      vertex 173.58973007923447 55.16862045322906 17.990000000000002
      vertex 178.9582515071291 55.4981484880419 14.99
      vertex 178.2091277406671 57.08203761458902 17.990000000000002
    endloop
  endfacet
  facet normal -0.9039892931352932 -0.4275550934052275 0
    outer loop
      vertex 168.4689770117402 65.99554315209389 10
      vertex 173.58973007923447 55.16862045322906 17.990000000000002
      vertex 173.58973007923447 55.16862045322906 18
    endloop
  endfacet
  facet normal -0.9039892931352863 -0.42755509340524217 0
    outer loop
      vertex 168.4689770117402 65.99554315209389 10
      vertex 173.58973007923447 55.16862045322906 18
      vertex 168.4689770117402 65.99554315209389 18
    endloop
  endfacet
  facet normal -0.38268343236508817 0.9238795325112875 0
    outer loop
      vertex 174.933402799634 51.925991294382996 17.990000000000002
      vertex 174.933402799634 51.925991294382996 18
      vertex 179.55280046219877 53.83940845621189 18
    endloop
  endfacet
  facet normal -0.38268343236508817 0.9238795325112875 0
    outer loop
      vertex 174.933402799634 51.925991294382996 17.990000000000002
      vertex 179.55280046219877 53.83940845621189 18
      vertex 179.55280046219877 53.83940845621189 17.990000000000002
    endloop
  endfacet
  facet normal 0.3826834323650907 -0.9238795325112863 0
    outer loop
      vertex 173.58973007923447 55.16862045322906 17.990000000000002
      vertex 178.2091277406671 57.08203761458902 17.990000000000002
      vertex 173.58973007923447 55.16862045322906 18
    endloop
  endfacet
  facet normal 0.3826834323650907 -0.9238795325112863 0
    outer loop
      vertex 178.2091277406671 57.08203761458902 18
      vertex 173.58973007923447 55.16862045322906 18
      vertex 178.2091277406671 57.08203761458902 17.990000000000002
    endloop
  endfacet
  facet normal 0 0 1
    outer loop
      vertex 172.87858332693577 68.35252683609724 18
      vertex 168.4689770117402 65.99554315209389 18
      vertex 173.58973007923447 55.16862045322906 18
    endloop
  endfacet
  facet normal 0 0 1
    outer loop
      vertex 172.87858332693577 68.35252683609724 18
      vertex 173.58973007923447 55.16862045322906 18
      vertex 178.2091277406671 57.08203761458902 18
    endloop
  endfacet
  facet normal 0.9039892929716884 0.4275550937511408 0
    outer loop
      vertex 172.87858332693577 68.35252683609724 18
      vertex 178.2091277406671 57.08203761458902 18
      vertex 178.2091277406671 57.08203761458902 17.990000000000002
    endloop
  endfacet
  facet normal -0.45132323595135126 0.7364925840276371 0.5038710255240869
    outer loop
      vertex 164.2315829654996 73.06520801242984 14.99
      vertex 169.389576943097 74.17358231804803 17.990000000000002
      vertex 168.4898537824888 75.6746797251941 14.99
    endloop
  endfacet
  facet normal 0.4513232359513518 -0.7364925840276371 0.5038710255240861
    outer loop
      vertex 163.32671852934607 74.5748831188358 17.990000000000002
      vertex 168.48471250728534 75.6832574246635 14.99
      vertex 167.58498934667716 77.18435483180957 17.990000000000002
    endloop
  endfacet
  facet normal 0 0 1
    outer loop
      vertex 172.87858332693577 68.35252683609724 18
      vertex 169.389576943097 74.17358231804803 18
      vertex 168.4689770117402 65.99554315209389 18
    endloop
  endfacet
  facet normal 0 0 1
    outer loop
      vertex 169.389576943097 74.17358231804803 18
      vertex 165.13130612644773 71.56411060549208 18
      vertex 168.4689770117402 65.99554315209389 18
    endloop
  endfacet
  facet normal -0.5224985647159495 0.8526401643540918 0
    outer loop
      vertex 165.13130612644773 71.56411060549208 17.990000000000002
      vertex 165.13130612644773 71.56411060549208 18
      vertex 169.389576943097 74.17358231804803 18
    endloop
  endfacet
  facet normal -0.5224985647159495 0.8526401643540918 0
    outer loop
      vertex 165.13130612644773 71.56411060549208 17.990000000000002
      vertex 169.389576943097 74.17358231804803 18
      vertex 169.389576943097 74.17358231804803 17.990000000000002
    endloop
  endfacet
  facet normal 0.8577286101123714 0.5141027440061952 0
    outer loop
      vertex 172.87858332693577 68.35252683609724 18
      vertex 169.389576943097 74.17358231804803 17.990000000000002
      vertex 169.389576943097 74.17358231804803 18
    endloop
  endfacet
  facet normal -0.8032075314337296 -0.5956993045556913 0
    outer loop
      vertex 153.22146347165108 88.81505978107452 10
      vertex 161.40574572235346 77.77983262389898 10
      vertex 161.40574572235346 77.77983262389898 18
    endloop
  endfacet
  facet normal 0.8032075317026681 0.5956993041930697 0
    outer loop
      vertex 157.08651573956013 91.98702620714903 4
      vertex 157.08651573956013 91.98702620714903 18
      vertex 165.56309378147125 80.55768378823996 18
    endloop
  endfacet
  facet normal 0.7409511254180545 0.6715589547774031 -7.973848421119061e-16
    outer loop
      vertex 147.53048327565193 102.53048327565193 4
      vertex 147.53048334538073 102.53048319871807 17.000000103706153
      vertex 155.16711633554965 94.10475710539862 14.99
    endloop
  endfacet
  facet normal 0.7409511254189882 0.6715589547763731 -1.5752473042157877e-13
    outer loop
      vertex 154.33402192566538 95.02393514061346 4
      vertex 155.16711633554965 94.10475710539862 14.99
      vertex 155.17383483885516 94.09734437930817 14.99
    endloop
  endfacet
  facet normal 0.7409511254180426 0.6715589547774165 2.1646500381925128e-15
    outer loop
      vertex 154.33402192566538 95.02393514061346 4
      vertex 155.17383483885516 94.09734437930817 14.99
      vertex 156.34957291732087 92.80011731348077 17.990000000000002
    endloop
  endfacet
  facet normal -0.7409511243129931 -0.6715589559966506 0
    outer loop
      vertex 153.22146347165108 88.81505978107452 10
      vertex 153.22146347165108 88.81505978107452 18
      vertex 148.91551091521978 93.56594629585743 10
    endloop
  endfacet
  facet normal -0.7409511243131834 -0.6715589559964407 2.134973685523261e-13
    outer loop
      vertex 148.91551091521978 93.56594629585743 10
      vertex 151.37473707914452 90.85260836055178 14.99
      vertex 151.36801857582648 90.86002108663153 14.99
    endloop
  endfacet
  facet normal -0.7409511243129898 -0.6715589559966544 -3.94814604916341e-15
    outer loop
      vertex 148.91551091521978 93.56594629585743 10
      vertex 153.22146347165108 88.81505978107452 18
      vertex 151.37473707914452 90.85260836055178 14.99
    endloop
  endfacet
  facet normal -0.7409511243129949 -0.6715589559966487 2.119846448708026e-15
    outer loop
      vertex 148.91551091521978 93.56594629585743 10
      vertex 151.36801857582648 90.86002108663153 14.99
      vertex 150.1922804951692 92.15724815058714 17.990000000000002
    endloop
  endfacet
  facet normal 0 0 1
    outer loop
      vertex 151.36801857582648 90.86002108663153 14.99
      vertex 151.37473707914452 90.85260836055178 14.99
      vertex 155.16711633554965 94.10475710539862 14.99
    endloop
  endfacet
  facet normal 0 0 1
    outer loop
      vertex 151.37473707914452 90.85260836055178 14.99
      vertex 155.17383483885516 94.09734437930817 14.99
      vertex 155.16711633554965 94.10475710539862 14.99
    endloop
  endfacet
  facet normal -0.7071067811865476 0.7071067811865476 0
    outer loop
      vertex 147.53048327565193 102.53048327565193 4
      vertex 147.5304832720494 102.5304832720494 17
      vertex 147.53048327565193 102.53048327565193 18
    endloop
  endfacet
  facet normal 0.7409510583728827 0.6715590287503438 0
    outer loop
      vertex 147.53048327565193 102.53048327565193 4
      vertex 147.53048327565193 102.53048327565193 18
      vertex 147.53048334538073 102.53048319871807 17.000000103706153
    endloop
  endfacet
  facet normal 0.7409511254180611 0.6715589547773962 -3.7678714571077306e-15
    outer loop
      vertex 154.33402192566538 95.02393514061346 4
      vertex 156.34957291732087 92.80011731348077 17.990000000000002
      vertex 157.08651573956013 91.98702620714903 18
    endloop
  endfacet
  facet normal 0.8577286101123566 0.5141027440062199 -1.6162613602486506e-14
    outer loop
      vertex 165.56309378147125 80.55768378823996 4
      vertex 168.48471250728534 75.6832574246635 14.99
      vertex 168.4898537824888 75.6746797251941 14.99
    endloop
  endfacet
  facet normal 0.857728610112372 0.5141027440061944 0
    outer loop
      vertex 165.56309378147125 80.55768378823996 4
      vertex 165.56309378147125 80.55768378823996 18
      vertex 168.48471250728534 75.6832574246635 14.99
    endloop
  endfacet
  facet normal -0.8032075314337296 -0.5956993045556913 0
    outer loop
      vertex 153.22146347165108 88.81505978107452 10
      vertex 161.40574572235346 77.77983262389898 18
      vertex 153.22146347165108 88.81505978107452 18
    endloop
  endfacet
  facet normal -0.7409511243129913 -0.6715589559966529 0
    outer loop
      vertex 152.5504751598018 89.5553812965962 17.990000000000002
      vertex 153.22146347165108 88.81505978107452 18
      vertex 152.5504751598018 89.5553812965962 18
    endloop
  endfacet
  facet normal 0 0 1
    outer loop
      vertex 165.56309378147125 80.55768378823996 18
      vertex 161.40574572235346 77.77983262389898 18
      vertex 163.32671852934607 74.5748831188358 18
    endloop
  endfacet
  facet normal 0 0 1
    outer loop
      vertex 165.56309378147125 80.55768378823996 18
      vertex 163.32671852934607 74.5748831188358 18
      vertex 167.58498934667716 77.18435483180957 18
    endloop
  endfacet
  facet normal 0 0 1
    outer loop
      vertex 157.08651573956013 91.98702620714903 18
      vertex 153.22146347165108 88.81505978107452 18
      vertex 161.40574572235346 77.77983262389898 18
    endloop
  endfacet
  facet normal 0 0 1
    outer loop
      vertex 165.56309378147125 80.55768378823996 18
      vertex 157.08651573956013 91.98702620714903 18
      vertex 161.40574572235346 77.77983262389898 18
    endloop
  endfacet
  facet normal 0.5609795213772788 -0.6568226292026066 0.5038710255240862
    outer loop
      vertex 151.36801857582648 90.86002108663153 14.99
      vertex 155.16711633554965 94.10475710539862 14.99
      vertex 150.1922804951692 92.15724815058714 17.990000000000002
    endloop
  endfacet
  facet normal -0.5609795213772801 0.6568226292026073 0.503871025524084
    outer loop
      vertex 151.37473707914452 90.85260836055178 14.99
      vertex 152.5504751598018 89.5553812965962 17.990000000000002
      vertex 155.17383483885516 94.09734437930817 14.99
    endloop
  endfacet
  facet normal -0.7409511243129888 -0.6715589559966553 0
    outer loop
      vertex 148.91551091521978 93.56594629585743 10
      vertex 150.1922804951692 92.15724815058714 17.990000000000002
      vertex 148.91551091521978 93.56594629585743 18
    endloop
  endfacet
  facet normal -0.740951124312991 -0.6715589559966528 -2.2353909675414543e-15
    outer loop
      vertex 151.37473707914452 90.85260836055178 14.99
      vertex 153.22146347165108 88.81505978107452 18
      vertex 152.5504751598018 89.5553812965962 17.990000000000002
    endloop
  endfacet
  facet normal 0.5609795213772787 -0.6568226292026073 0.5038710255240856
    outer loop
      vertex 150.1922804951692 92.15724815058714 17.990000000000002
      vertex 155.16711633554965 94.10475710539862 14.99
      vertex 153.99137825708397 95.40198417122602 17.990000000000002
    endloop
  endfacet
  facet normal -0.7071067126715457 -0.7071068497015427 0
    outer loop
      vertex 147.5304832720494 102.5304832720494 18
      vertex 147.5304832720494 102.5304832720494 17
      vertex 147.53048334538073 102.53048319871807 17.000000103706153
    endloop
  endfacet
  facet normal -0.4999993549154538 0.5000006184432966 0.7071068000241909
    outer loop
      vertex 148.20285212816157 101.78863856578847 18
      vertex 147.53048334538073 102.53048319871807 17.000000103706153
      vertex 147.5304832720494 102.5304832720494 17
    endloop
  endfacet
  facet normal 0.7409511254180549 0.6715589547774029 1.393427097971556e-15
    outer loop
      vertex 147.53048334538073 102.53048319871807 17.000000103706153
      vertex 153.99137825708397 95.40198417122602 17.990000000000002
      vertex 155.16711633554965 94.10475710539862 14.99
    endloop
  endfacet
  facet normal -0.5609795213772747 0.6568226292026077 0.5038710255240895
    outer loop
      vertex 152.5504751598018 89.5553812965962 17.990000000000002
      vertex 156.34957291732087 92.80011731348077 17.990000000000002
      vertex 155.17383483885516 94.09734437930817 14.99
    endloop
  endfacet
  facet normal -0.7409511243129889 -0.6715589559966554 0
    outer loop
      vertex 150.1922804951692 92.15724815058714 17.990000000000002
      vertex 150.1922804951692 92.15724815058714 18
      vertex 148.91551091521978 93.56594629585743 18
    endloop
  endfacet
  facet normal 0 0 1
    outer loop
      vertex 156.34957291732087 92.80011731348077 18
      vertex 152.5504751598018 89.5553812965962 18
      vertex 153.22146347165108 88.81505978107452 18
    endloop
  endfacet
  facet normal -0.6494480483301804 0.7604059656000337 0
    outer loop
      vertex 152.5504751598018 89.5553812965962 17.990000000000002
      vertex 152.5504751598018 89.5553812965962 18
      vertex 156.34957291732087 92.80011731348077 18
    endloop
  endfacet
  facet normal 0 0 1
    outer loop
      vertex 153.99137825708397 95.40198417122602 18
      vertex 148.91551091521978 93.56594629585743 18
      vertex 150.1922804951692 92.15724815058714 18
    endloop
  endfacet
  facet normal 0.6494480483301833 -0.7604059656000313 0
    outer loop
      vertex 150.1922804951692 92.15724815058714 17.990000000000002
      vertex 153.99137825708397 95.40198417122602 17.990000000000002
      vertex 150.1922804951692 92.15724815058714 18
    endloop
  endfacet
  facet normal 0.6494480483301833 -0.7604059656000313 0
    outer loop
      vertex 153.99137825708397 95.40198417122602 18
      vertex 150.1922804951692 92.15724815058714 18
      vertex 153.99137825708397 95.40198417122602 17.990000000000002
    endloop
  endfacet
  facet normal -0.7071067811865475 0.7071067811865475 0
    outer loop
      vertex 147.53048327565193 102.53048327565193 18
      vertex 147.5304832720494 102.5304832720494 17
      vertex 147.5304832720494 102.5304832720494 18
    endloop
  endfacet
  facet normal 0.7409510583728826 0.6715590287503438 0
    outer loop
      vertex 147.53048327565193 102.53048327565193 18
      vertex 147.53048334538073 102.53048319871807 18
      vertex 147.53048334538073 102.53048319871807 17.000000103706153
    endloop
  endfacet
  facet normal -0.7071067126715457 -0.7071068497015427 0
    outer loop
      vertex 147.5304832720494 102.5304832720494 18
      vertex 147.53048334538073 102.53048319871807 17.000000103706153
      vertex 147.53048334538073 102.53048319871807 18
    endloop
  endfacet
  facet normal 0 0 1
    outer loop
      vertex 147.53048327565193 102.53048327565193 18
      vertex 147.5304832720494 102.5304832720494 18
      vertex 147.53048334538073 102.53048319871807 18
    endloop
  endfacet
  facet normal 0 0 1
    outer loop
      vertex 148.20285212816157 101.78863856578847 18
      vertex 148.91551091521978 93.56594629585743 18
      vertex 153.99137825708397 95.40198417122602 18
    endloop
  endfacet
  facet normal 0.740951125418055 0.6715589547774028 0
    outer loop
      vertex 148.20285212816157 101.78863856578847 18
      vertex 153.99137825708397 95.40198417122602 18
      vertex 153.99137825708397 95.40198417122602 17.990000000000002
    endloop
  endfacet
  facet normal 0.740951125418055 0.6715589547774027 -9.263065901418647e-16
    outer loop
      vertex 148.20285212816157 101.78863856578847 18
      vertex 153.99137825708397 95.40198417122602 17.990000000000002
      vertex 147.53048334538073 102.53048319871807 17.000000103706153
    endloop
  endfacet
  facet normal 0 0 1
    outer loop
      vertex 157.08651573956013 91.98702620714903 18
      vertex 156.34957291732087 92.80011731348077 18
      vertex 153.22146347165108 88.81505978107452 18
    endloop
  endfacet
  facet normal -0.6494480483301804 0.7604059656000337 0
    outer loop
      vertex 152.5504751598018 89.5553812965962 17.990000000000002
      vertex 156.34957291732087 92.80011731348077 18
      vertex 156.34957291732087 92.80011731348077 17.990000000000002
    endloop
  endfacet
  facet normal 0.7409511254180612 0.6715589547773959 0
    outer loop
      vertex 157.08651573956013 91.98702620714903 18
      vertex 156.34957291732087 92.80011731348077 17.990000000000002
      vertex 156.34957291732087 92.80011731348077 18
    endloop
  endfacet
  facet normal 0.8577286101123692 0.5141027440061988 -1.0102285311149652e-14
    outer loop
      vertex 165.56309378147125 80.55768378823996 18
      vertex 167.58498934667716 77.18435483180957 17.990000000000002
      vertex 168.48471250728534 75.6832574246635 14.99
    endloop
  endfacet
  facet normal 0.8577286101123693 0.5141027440061988 0
    outer loop
      vertex 165.56309378147125 80.55768378823996 18
      vertex 167.58498934667716 77.18435483180957 18
      vertex 167.58498934667716 77.18435483180957 17.990000000000002
    endloop
  endfacet
endsolid OpenSCAD_Model
