solid OpenSCAD_Model
  facet normal -0.9969173337331284 -0.07845909572783973 0
    outer loop
      vertex 74.8668738996444 4.6382855124219615 0
      vertex 74.6707261603248 7.130578846754781 4
      vertex 74.6707261603248 7.130578846754781 0
    endloop
  endfacet
  facet normal -0.9969173337331284 -0.07845909572783973 0
    outer loop
      vertex 74.8668738996444 4.6382855124219615 0
      vertex 74.8668738996444 4.6382855124219615 4
      vertex 74.6707261603248 7.130578846754781 4
    endloop
  endfacet
  facet normal 0 0 -1
    outer loop
      vertex 74.8668738996444 4.6382855124219615 0
      vertex 74.6707261603248 7.130578846754781 0
      vertex 144.45493952164375 12.622715547703928 0
    endloop
  endfacet
  facet normal -0.07845909572784497 0.9969173337331281 0
    outer loop
      vertex 74.6707261603248 7.130578846754781 0
      vertex 74.6707261603248 7.130578846754781 4
      vertex 144.45493952164375 12.622715547703928 0
    endloop
  endfacet
  facet normal 0.07845909572784496 -0.996917333733128 0
    outer loop
      vertex 74.8668738996444 4.6382855124219615 0
      vertex 144.50289722503956 10.118759404609504 4
      vertex 74.8668738996444 4.6382855124219615 4
    endloop
  endfacet
  facet normal 0 0 -1
    outer loop
      vertex 74.8668738996444 4.6382855124219615 0
      vertex 144.45493952164375 12.622715547703928 0
      vertex 144.65108726096335 10.130422213371107 0
    endloop
  endfacet
  facet normal 0.07845909572784494 -0.9969173337331281 0
    outer loop
      vertex 74.8668738996444 4.6382855124219615 0
      vertex 144.65108726096335 10.130422213371107 0
      vertex 144.65108726096335 10.130422213371107 4
    endloop
  endfacet
  facet normal 0.07845909572783881 -0.9969173337331285 9.560053956686925e-14
    outer loop
      vertex 74.8668738996444 4.6382855124219615 0
      vertex 144.65108726096335 10.130422213371107 4
      vertex 144.50289722503956 10.118759404609504 4
    endloop
  endfacet
  facet normal -0.07845909572784496 0.996917333733128 0
    outer loop
      vertex 74.6707261603248 7.130578846754781 4
      vertex 144.38017481510371 12.616831437688985 4
      vertex 144.45493952164375 12.622715547703928 0
    endloop
  endfacet
  facet normal 0.9969173337331284 0.07845909572783967 0
    outer loop
      vertex 144.65108726096335 10.130422213371107 0
      vertex 144.45493952164375 12.622715547703928 0
      vertex 144.65108726096335 10.130422213371107 4
    endloop
  endfacet
  facet normal 0.9969173337331284 0.07845909572783967 0
    outer loop
      vertex 144.45493952164375 12.622715547703928 0
      vertex 144.45493952164375 12.622715547703928 4
      vertex 144.65108726096335 10.130422213371107 4
    endloop
  endfacet
  facet normal -0.07845909572784883 0.9969173337331276 0
    outer loop
      vertex 144.45493952164375 12.622715547703928 0
      vertex 144.38017481510371 12.616831437688985 4
      vertex 144.45493952164375 12.622715547703928 4
    endloop
  endfacet
  facet normal 0 0 1
    outer loop
      vertex 144.50289722503956 10.118759404609504 4
      vertex 144.65108726096335 10.130422213371107 4
      vertex 144.45493952164375 12.622715547703928 4
    endloop
  endfacet
  facet normal 0 0 1
    outer loop
      vertex 144.50289722503956 10.118759404609504 4
      vertex 144.45493952164375 12.622715547703928 4
      vertex 144.38017481510371 12.616831437688985 4
    endloop
  endfacet
  facet normal -0.9723699203976774 -0.23344536385590142 0
    outer loop
      vertex 72.63593732500587 18.72386468969 0
      vertex 73.21955073464562 16.29293988869581 0
      vertex 72.63593732500587 18.72386468969 4
    endloop
  endfacet
  facet normal -0.9723699203976774 -0.23344536385590142 0
    outer loop
      vertex 73.21955073464562 16.29293988869581 0
      vertex 73.21955073464562 16.29293988869581 4
      vertex 72.63593732500587 18.72386468969 4
    endloop
  endfacet
  facet normal 0 0 -1
    outer loop
      vertex 72.63593732500587 18.72386468969 0
      vertex 140.70183175284322 35.06504015960338 0
      vertex 73.21955073464562 16.29293988869581 0
    endloop
  endfacet
  facet normal -0.23344536385590545 0.9723699203976767 0
    outer loop
      vertex 72.63593732500587 18.72386468969 0
      vertex 72.63593732500587 18.72386468969 4
      vertex 140.70183175284322 35.06504015960338 0
    endloop
  endfacet
  facet normal 0.2334453638559053 -0.9723699203976766 0
    outer loop
      vertex 73.21955073464562 16.29293988869581 0
      vertex 141.1343320820797 32.59783631778519 4
      vertex 73.21955073464562 16.29293988869581 4
    endloop
  endfacet
  facet normal 0 0 -1
    outer loop
      vertex 73.21955073464562 16.29293988869581 0
      vertex 140.70183175284322 35.06504015960338 0
      vertex 141.285445162483 32.634115358609186 0
    endloop
  endfacet
  facet normal 0.23344536385590534 -0.9723699203976767 0
    outer loop
      vertex 73.21955073464562 16.29293988869581 0
      vertex 141.285445162483 32.634115358609186 0
      vertex 141.285445162483 32.634115358609186 4
    endloop
  endfacet
  facet normal 0.2334453638559221 -0.9723699203976726 -3.6577131857350096e-13
    outer loop
      vertex 73.21955073464562 16.29293988869581 0
      vertex 141.285445162483 32.634115358609186 4
      vertex 141.1343320820797 32.59783631778519 4
    endloop
  endfacet
  facet normal -0.23344536385590545 0.9723699203976768 0
    outer loop
      vertex 72.63593732500587 18.72386468969 4
      vertex 140.5268523576965 35.02303132355196 4
      vertex 140.70183175284322 35.06504015960338 0
    endloop
  endfacet
  facet normal 0.972369920397675 0.23344536385591222 0
    outer loop
      vertex 141.285445162483 32.634115358609186 0
      vertex 140.70183175284322 35.06504015960338 0
      vertex 141.285445162483 32.634115358609186 4
    endloop
  endfacet
  facet normal -0.2334453638559139 0.9723699203976746 0
    outer loop
      vertex 140.70183175284322 35.06504015960338 0
      vertex 140.5268523576965 35.02303132355196 4
      vertex 140.70183175284322 35.06504015960338 4
    endloop
  endfacet
  facet normal 0.972369920397675 0.23344536385591222 0
    outer loop
      vertex 140.70183175284322 35.06504015960338 0
      vertex 140.70183175284322 35.06504015960338 4
      vertex 141.285445162483 32.634115358609186 4
    endloop
  endfacet
  facet normal 0 0 1
    outer loop
      vertex 141.1343320820797 32.59783631778519 4
      vertex 141.285445162483 32.634115358609186 4
      vertex 140.70183175284322 35.06504015960338 4
    endloop
  endfacet
  facet normal 0 0 1
    outer loop
      vertex 140.5268523576965 35.02303132355196 4
      vertex 141.1343320820797 32.59783631778519 4
      vertex 140.70183175284322 35.06504015960338 4
    endloop
  endfacet
  facet normal -0.9238795325112859 -0.3826834323650921 0
    outer loop
      vertex 69.76931922880287 27.546408011742624 0
      vertex 68.81261064789014 29.856106843020843 4
      vertex 68.81261064789014 29.856106843020843 0
    endloop
  endfacet
  facet normal -0.9238795455059314 -0.3826834009932408 -1.072257045832119e-8
    outer loop
      vertex 69.76931922880287 27.546408011742624 0
      vertex 69.29096494786772 28.701257404395484 4
      vertex 69.29096492706547 28.701257454616556 4
    endloop
  endfacet
  facet normal -0.9238795325112854 -0.3826834323650932 7.549516745491358e-16
    outer loop
      vertex 69.76931922880287 27.546408011742624 0
      vertex 69.29096492706547 28.701257454616556 4
      vertex 68.81261064789014 29.856106843020843 4
    endloop
  endfacet
  facet normal -0.9238795325112857 -0.3826834323650924 0
    outer loop
      vertex 69.76931922880287 27.546408011742624 0
      vertex 69.76931922880287 27.546408011742624 4
      vertex 69.29096494786772 28.701257404395484 4
    endloop
  endfacet
  facet normal 0 0 1
    outer loop
      vertex 69.29096494786772 28.701257404395484 4
      vertex 69.2909649387002 28.701257430016994 4
      vertex 69.29096492706547 28.701257454616556 4
    endloop
  endfacet
  facet normal 0.3826834323650896 -0.9238795325112868 0
    outer loop
      vertex 69.76931922880287 27.546408011742624 0
      vertex 91.01854847656247 36.34812695613969 3.9
      vertex 69.76931922880287 27.546408011742624 4
    endloop
  endfacet
  facet normal 0.3826834323650896 -0.9238795325112867 0
    outer loop
      vertex 69.76931922880287 27.546408011742624 4
      vertex 91.01854847656247 36.34812695613969 3.9
      vertex 91.01854847656247 36.34812695613969 4
    endloop
  endfacet
  facet normal -0.38268343236508995 0.9238795325112867 0
    outer loop
      vertex 68.81261064789014 29.856106843020843 4
      vertex 90.06183989564974 38.65782578741791 4
      vertex 90.06183989564974 38.65782578741791 3.9
    endloop
  endfacet
  facet normal 0 0 -1
    outer loop
      vertex 69.76931922880287 27.546408011742624 0
      vertex 68.81261064789014 29.856106843020843 0
      vertex 133.48417792368022 56.64394710857712 0
    endloop
  endfacet
  facet normal -0.3826834323650897 0.9238795325112868 0
    outer loop
      vertex 68.81261064789014 29.856106843020843 0
      vertex 68.81261064789014 29.856106843020843 4
      vertex 133.48417792368022 56.64394710857712 0
    endloop
  endfacet
  facet normal 0.3826834323650898 -0.9238795325112868 -8.328706060191651e-16
    outer loop
      vertex 69.76931922880287 27.546408011742624 0
      vertex 134.44088650459295 54.33424827729891 0
      vertex 91.01854847656247 36.34812695613969 3.9
    endloop
  endfacet
  facet normal -0.38268343236508984 0.9238795325112866 -4.0124766254687994e-15
    outer loop
      vertex 68.81261064789014 29.856106843020843 4
      vertex 90.06183989564974 38.65782578741791 3.9
      vertex 133.48417792368022 56.64394710857712 0
    endloop
  endfacet
  facet normal 0 0 -1
    outer loop
      vertex 69.76931922880287 27.546408011742624 0
      vertex 133.48417792368022 56.64394710857712 0
      vertex 134.44088650459295 54.33424827729891 0
    endloop
  endfacet
  facet normal -0.3826834323650896 0.9238795325112868 0
    outer loop
      vertex 133.48417792368022 56.64394710857712 0
      vertex 90.06183989564974 38.65782578741791 3.9
      vertex 133.48417792368022 56.64394710857712 3.9
    endloop
  endfacet
  facet normal 0.3826834323650899 -0.9238795325112866 0
    outer loop
      vertex 134.44088650459295 54.33424827729891 0
      vertex 134.44088650459295 54.33424827729891 3.9
      vertex 91.01854847656247 36.34812695613969 3.9
    endloop
  endfacet
  facet normal 0.9238795325112854 0.38268343236509317 0
    outer loop
      vertex 133.48417792368022 56.64394710857712 0
      vertex 134.44088650459295 54.33424827729891 3.9
      vertex 134.44088650459295 54.33424827729891 0
    endloop
  endfacet
  facet normal 0.9238795325112854 0.38268343236509317 0
    outer loop
      vertex 133.48417792368022 56.64394710857712 0
      vertex 133.48417792368022 56.64394710857712 3.9
      vertex 134.44088650459295 54.33424827729891 3.9
    endloop
  endfacet
  facet normal -0.8526401643540907 -0.5224985647159514 0
    outer loop
      vertex 63.294889120661985 40.253192559138775 0
      vertex 64.60113553245186 38.12159214825355 0
      vertex 63.294889120661985 40.253192559138775 4
    endloop
  endfacet
  facet normal -0.8526401643540907 -0.5224985647159514 0
    outer loop
      vertex 63.294889120661985 40.253192559138775 4
      vertex 64.60113553245186 38.12159214825355 0
      vertex 64.60113553245186 38.12159214825355 4
    endloop
  endfacet
  facet normal 0.5224985647159488 -0.8526401643540923 0
    outer loop
      vertex 64.60113553245186 38.12159214825355 0
      vertex 124.13251318292325 74.60246729151834 4
      vertex 64.60113553245186 38.12159214825355 4
    endloop
  endfacet
  facet normal 0 0 -1
    outer loop
      vertex 63.294889120661985 40.253192559138775 0
      vertex 122.97970062544844 76.8280920892552 0
      vertex 64.60113553245186 38.12159214825355 0
    endloop
  endfacet
  facet normal -0.5224985647159488 0.8526401643540923 0
    outer loop
      vertex 63.294889120661985 40.253192559138775 0
      vertex 63.294889120661985 40.253192559138775 4
      vertex 122.97970062544844 76.8280920892552 0
    endloop
  endfacet
  facet normal 0 0 -1
    outer loop
      vertex 64.60113553245186 38.12159214825355 0
      vertex 122.97970062544844 76.8280920892552 0
      vertex 124.28594703723833 74.69649167836997 0
    endloop
  endfacet
  facet normal 0.5224985647159488 -0.8526401643540924 0
    outer loop
      vertex 64.60113553245186 38.12159214825355 0
      vertex 124.28594703723833 74.69649167836997 0
      vertex 124.28594703723833 74.69649167836997 4
    endloop
  endfacet
  facet normal 0.522498564715945 -0.8526401643540945 0
    outer loop
      vertex 64.60113553245186 38.12159214825355 0
      vertex 124.28594703723833 74.69649167836997 4
      vertex 124.13251318292325 74.60246729151834 4
    endloop
  endfacet
  facet normal -0.5224985647159488 0.8526401643540923 1.62771136355485e-15
    outer loop
      vertex 63.294889120661985 40.253192559138775 4
      vertex 122.8471943820544 76.74689215886985 4
      vertex 122.97970062544844 76.8280920892552 0
    endloop
  endfacet
  facet normal 0.8526401643540894 0.5224985647159534 0
    outer loop
      vertex 122.97970062544844 76.8280920892552 0
      vertex 124.28594703723833 74.69649167836997 4
      vertex 124.28594703723833 74.69649167836997 0
    endloop
  endfacet
  facet normal -0.5224985647159698 0.8526401643540795 0
    outer loop
      vertex 122.97970062544844 76.8280920892552 0
      vertex 122.8471943820544 76.74689215886985 4
      vertex 122.97970062544844 76.8280920892552 4
    endloop
  endfacet
  facet normal 0.8526401643540894 0.5224985647159534 0
    outer loop
      vertex 122.97970062544844 76.8280920892552 0
      vertex 122.97970062544844 76.8280920892552 4
      vertex 124.28594703723833 74.69649167836997 4
    endloop
  endfacet
  facet normal 0 0 1
    outer loop
      vertex 122.8471943820544 76.74689215886985 4
      vertex 124.13251318292325 74.60246729151834 4
      vertex 122.97970062544844 76.8280920892552 4
    endloop
  endfacet
  facet normal 0 0 1
    outer loop
      vertex 122.97970062544844 76.8280920892552 4
      vertex 124.13251318292325 74.60246729151834 4
      vertex 124.28594703723833 74.69649167836997 4
    endloop
  endfacet
  facet normal -0.760405965600029 -0.6494480483301859 0
    outer loop
      vertex 57.84225748041505 47.75809616776374 0
      vertex 56.218637359589586 49.65911108176381 4
      vertex 56.218637359589586 49.65911108176381 0
    endloop
  endfacet
  facet normal -0.760405965600029 -0.6494480483301859 0
    outer loop
      vertex 57.84225748041505 47.75809616776374 0
      vertex 57.84225748041505 47.75809616776374 4
      vertex 56.218637359589586 49.65911108176381 4
    endloop
  endfacet
  facet normal 0.6494480483301837 -0.7604059656000309 0
    outer loop
      vertex 57.84225748041505 47.75809616776374 0
      vertex 111.01364775204493 93.17075361800289 4
      vertex 57.84225748041505 47.75809616776374 4
    endloop
  endfacet
  facet normal 0 0 -1
    outer loop
      vertex 57.84225748041505 47.75809616776374 0
      vertex 56.218637359589586 49.65911108176381 0
      vertex 109.44705495159177 95.12047446487668 0
    endloop
  endfacet
  facet normal -0.6494480483301837 0.760405965600031 0
    outer loop
      vertex 56.218637359589586 49.65911108176381 0
      vertex 56.218637359589586 49.65911108176381 4
      vertex 109.44705495159177 95.12047446487668 0
    endloop
  endfacet
  facet normal 0 0 -1
    outer loop
      vertex 57.84225748041505 47.75809616776374 0
      vertex 109.44705495159177 95.12047446487668 0
      vertex 111.07067507241722 93.21945955087659 0
    endloop
  endfacet
  facet normal 0.6494480483301837 -0.7604059656000309 0
    outer loop
      vertex 57.84225748041505 47.75809616776374 0
      vertex 111.07067507241722 93.21945955087659 0
      vertex 111.07067507241722 93.21945955087659 4
    endloop
  endfacet
  facet normal -0.6494480483301835 0.7604059656000309 0
    outer loop
      vertex 56.218637359589586 49.65911108176381 4
      vertex 109.33402192566538 95.02393514061346 4
      vertex 109.44705495159177 95.12047446487668 0
    endloop
  endfacet
  facet normal 0.6494480483301533 -0.7604059656000568 0
    outer loop
      vertex 57.84225748041505 47.75809616776374 0
      vertex 111.07067507241722 93.21945955087659 4
      vertex 111.01364775204493 93.17075361800289 4
    endloop
  endfacet
  facet normal 0.7604059656000343 0.6494480483301798 0
    outer loop
      vertex 109.44705495159177 95.12047446487668 0
      vertex 109.44705495159177 95.12047446487668 4
      vertex 111.07067507241722 93.21945955087659 4
    endloop
  endfacet
  facet normal -0.6494480483301944 0.7604059656000218 0
    outer loop
      vertex 109.44705495159177 95.12047446487668 0
      vertex 109.33402192566538 95.02393514061346 4
      vertex 109.44705495159177 95.12047446487668 4
    endloop
  endfacet
  facet normal 0 0 1
    outer loop
      vertex 109.33402192566538 95.02393514061346 4
      vertex 111.01364775204493 93.17075361800289 4
      vertex 109.44705495159177 95.12047446487668 4
    endloop
  endfacet
  facet normal 0 0 1
    outer loop
      vertex 109.44705495159177 95.12047446487668 4
      vertex 111.01364775204493 93.17075361800289 4
      vertex 111.07067507241722 93.21945955087659 4
    endloop
  endfacet
  facet normal 0.7604059656000343 0.6494480483301798 0
    outer loop
      vertex 109.44705495159177 95.12047446487668 0
      vertex 111.07067507241722 93.21945955087659 4
      vertex 111.07067507241722 93.21945955087659 0
    endloop
  endfacet
  facet normal -0.7071067811865475 -0.7071067811865475 0
    outer loop
      vertex 74.23914095677563 74.25328309239936 5
      vertex 74.24621202458749 74.24621202458749 5
      vertex 74.24621202458749 74.24621202458749 9
    endloop
  endfacet
  facet normal -0.8889745564266025 -0.4579565896743111 0
    outer loop
      vertex 74.23914095677563 74.25328309239936 5
      vertex 73.0370594287585 76.58673547031496 8.2
      vertex 73.0370594287585 76.58673547031496 5.8
    endloop
  endfacet
  facet normal -0.8889745564266025 -0.457956589674311 0
    outer loop
      vertex 74.23914095677563 74.25328309239936 5
      vertex 74.23914095677563 74.25328309239936 9
      vertex 73.0370594287585 76.58673547031496 8.2
    endloop
  endfacet
  facet normal -0.7071067811865475 -0.7071067811865475 0
    outer loop
      vertex 74.23914095677563 74.25328309239936 5
      vertex 74.24621202458749 74.24621202458749 9
      vertex 74.23914095677563 74.25328309239936 9
    endloop
  endfacet
  facet normal -0.2155089833761461 0.2155089833761461 -0.9524241471993242
    outer loop
      vertex 74.23914095677563 74.25328309239936 5
      vertex 73.0370594287585 76.58673547031496 5.8
      vertex 78.9767563907255 82.52643243228196 5.8
    endloop
  endfacet
  facet normal -0.7071067811865476 0.7071067811865476 0
    outer loop
      vertex 73.0370594287585 76.58673547031496 5.8
      vertex 73.0370594287585 76.58673547031496 8.2
      vertex 78.9767563907255 82.52643243228196 5.8
    endloop
  endfacet
  facet normal 0 0 -1
    outer loop
      vertex 74.23914095677563 74.25328309239936 5
      vertex 81.31727983645297 81.31727983645297 5
      vertex 74.24621202458749 74.24621202458749 5
    endloop
  endfacet
  facet normal -0.21550898337614605 0.21550898337614605 -0.9524241471993243
    outer loop
      vertex 74.23914095677563 74.25328309239936 5
      vertex 78.9767563907255 82.52643243228196 5.8
      vertex 81.3102087686411 81.32435090426483 5
    endloop
  endfacet
  facet normal 0 0 -1
    outer loop
      vertex 74.23914095677563 74.25328309239936 5
      vertex 81.3102087686411 81.32435090426483 5
      vertex 81.31727983645297 81.31727983645297 5
    endloop
  endfacet
  facet normal 0.4579565896743111 0.8889745564266025 0
    outer loop
      vertex 81.3102087686411 81.32435090426483 5
      vertex 78.9767563907255 82.52643243228196 5.8
      vertex 78.9767563907255 82.52643243228196 8.2
    endloop
  endfacet
  facet normal 0.7071067811865475 0.7071067811865475 0
    outer loop
      vertex 81.3102087686411 81.32435090426483 5
      vertex 81.3102087686411 81.32435090426483 9
      vertex 81.31727983645297 81.31727983645297 5
    endloop
  endfacet
  facet normal -0.7071067811865476 0.7071067811865476 0
    outer loop
      vertex 73.0370594287585 76.58673547031496 8.2
      vertex 78.9767563907255 82.52643243228196 8.2
      vertex 78.9767563907255 82.52643243228196 5.8
    endloop
  endfacet
  facet normal 0.7071067811865475 0.7071067811865475 0
    outer loop
      vertex 81.31727983645297 81.31727983645297 5
      vertex 81.3102087686411 81.32435090426483 9
      vertex 81.31727983645297 81.31727983645297 9
    endloop
  endfacet
  facet normal 0.457956589674311 0.8889745564266025 0
    outer loop
      vertex 81.3102087686411 81.32435090426483 5
      vertex 78.9767563907255 82.52643243228196 8.2
      vertex 81.3102087686411 81.32435090426483 9
    endloop
  endfacet
  facet normal -0.21550898337614627 0.2155089833761463 0.9524241471993241
    outer loop
      vertex 73.0370594287585 76.58673547031496 8.2
      vertex 74.23914095677563 74.25328309239936 9
      vertex 81.3102087686411 81.32435090426483 9
    endloop
  endfacet
  facet normal -0.21550898337614627 0.21550898337614627 0.9524241471993241
    outer loop
      vertex 73.0370594287585 76.58673547031496 8.2
      vertex 81.3102087686411 81.32435090426483 9
      vertex 78.9767563907255 82.52643243228196 8.2
    endloop
  endfacet
  facet normal 0 0 1
    outer loop
      vertex 74.23914095677563 74.25328309239936 9
      vertex 74.24621202458749 74.24621202458749 9
      vertex 81.3102087686411 81.32435090426483 9
    endloop
  endfacet
  facet normal 0 0 1
    outer loop
      vertex 74.24621202458749 74.24621202458749 9
      vertex 81.31727983645297 81.31727983645297 9
      vertex 81.3102087686411 81.32435090426483 9
    endloop
  endfacet
  facet normal 0 0 -1
    outer loop
      vertex 75 0 4
      vertex 74.63885450363159 7.351285524666309 4
      vertex 74.8668738996444 4.6382855124219615 4
    endloop
  endfacet
  facet normal 0 0 -1
    outer loop
      vertex 74.8668738996444 4.6382855124219615 4
      vertex 74.63885450363159 7.351285524666309 4
      vertex 74.6707261603248 7.130578846754781 4
    endloop
  endfacet
  facet normal 0 0 -1
    outer loop
      vertex 72.63593732500587 18.72386468969 4
      vertex 73.21955073464562 16.29293988869581 4
      vertex 73.5588960275054 14.63177414983511 4
    endloop
  endfacet
  facet normal 0 0 -1
    outer loop
      vertex 72.63593732500587 18.72386468969 4
      vertex 73.5588960275054 14.63177414983511 4
      vertex 71.77052517980337 21.771350793540478 4
    endloop
  endfacet
  facet normal -0.9987954562265754 -0.049067673891748445 1.647051012222158e-16
    outer loop
      vertex 75 0 4
      vertex 74.71113932435101 5.879894183638295 14.99
      vertex 74.63885450363159 7.351285524666309 4
    endloop
  endfacet
  facet normal -0.9891765098435014 -0.14673047527296243 0
    outer loop
      vertex 74.63885450363159 7.351285524666309 4
      vertex 73.5588960275054 14.63177414983511 18
      vertex 73.5588960275054 14.63177414983511 4
    endloop
  endfacet
  facet normal -0.9700312532852532 -0.2429801795411326 0
    outer loop
      vertex 73.5588960275054 14.63177414983511 4
      vertex 71.77052517980337 21.771350793540478 18
      vertex 71.77052517980337 21.771350793540478 4
    endloop
  endfacet
  facet normal 0 0 -1
    outer loop
      vertex 62.36022092401981 41.667767480015755 4
      vertex 64.60113553245186 38.12159214825355 4
      vertex 66.14409482479095 35.3547552600503 4
    endloop
  endfacet
  facet normal 0 0 -1
    outer loop
      vertex 57.97578400373459 47.579496309161186 4
      vertex 53.033008590340614 53.033008590340614 4
      vertex 56.218637359589586 49.65911108176381 4
    endloop
  endfacet
  facet normal 0 0 -1
    outer loop
      vertex 57.97578400373459 47.579496309161186 4
      vertex 56.218637359589586 49.65911108176381 4
      vertex 57.84225748041505 47.75809616776374 4
    endloop
  endfacet
  facet normal 0 0 -1
    outer loop
      vertex 63.294889120661985 40.253192559138775 4
      vertex 64.60113553245186 38.12159214825355 4
      vertex 62.36022092401981 41.667767480015755 4
    endloop
  endfacet
  facet normal 0 0 -1
    outer loop
      vertex 69.29096492706547 28.701257454616556 4
      vertex 66.14409482479095 35.3547552600503 4
      vertex 68.81261064789014 29.856106843020843 4
    endloop
  endfacet
  facet normal 0 0 -1
    outer loop
      vertex 71.77052517980337 21.771350793540478 4
      vertex 69.29096494786772 28.701257404395484 4
      vertex 69.76931922880287 27.546408011742624 4
    endloop
  endfacet
  facet normal 0 0 -1
    outer loop
      vertex 68.81261064789014 29.856106843020843 4
      vertex 66.14409482479095 35.3547552600503 4
      vertex 89.77482732137592 39.35073543680137 4
    endloop
  endfacet
  facet normal -0.7409511256161999 -0.6715589545587834 0
    outer loop
      vertex 57.97578400373459 47.579496309161186 4
      vertex 53.033008590340614 53.033008590340614 17
      vertex 53.033008590340614 53.033008590340614 4
    endloop
  endfacet
  facet normal -0.857728610355446 -0.5141027436006499 0
    outer loop
      vertex 62.36022092401981 41.667767480015755 4
      vertex 66.14409482479095 35.3547552600503 4
      vertex 62.36022092401981 41.667767480015755 18
    endloop
  endfacet
  facet normal -0.8032075311726767 -0.5956993049076805 0
    outer loop
      vertex 57.97578400373459 47.579496309161186 4
      vertex 62.36022092401981 41.667767480015755 4
      vertex 57.97578400373459 47.579496309161186 17.514331893554665
    endloop
  endfacet
  facet normal -0.941544065252131 -0.3368898531990702 -3.0744952329098154e-16
    outer loop
      vertex 71.77052517980337 21.771350793540478 4
      vertex 69.29096493947574 28.701257427849484 14.99
      vertex 69.29096494786772 28.701257404395484 4
    endloop
  endfacet
  facet normal -0.9415440780313051 -0.3368898174836684 0
    outer loop
      vertex 69.29096494786772 28.701257404395484 4
      vertex 69.2909649387002 28.701257430016994 14.99
      vertex 69.2909649387002 28.701257430016994 4
    endloop
  endfacet
  facet normal -0.9039893060211664 -0.4275550661603365 -1.6106715939229435e-8
    outer loop
      vertex 69.2909649387002 28.701257430016994 4
      vertex 66.14409482479095 35.3547552600503 18
      vertex 69.29096492706547 28.701257454616556 4
    endloop
  endfacet
  facet normal -0.9039892929220992 -0.42755509385598855 0
    outer loop
      vertex 69.29096492706547 28.701257454616556 4
      vertex 66.14409482479095 35.3547552600503 18
      vertex 66.14409482479095 35.3547552600503 4
    endloop
  endfacet
  facet normal 0 0 -1
    outer loop
      vertex 75 0 4
      vertex 74.8668738996444 4.6382855124219615 4
      vertex 145 0 4
    endloop
  endfacet
  facet normal 0 0 -1
    outer loop
      vertex 74.6707261603248 7.130578846754781 4
      vertex 74.63885450363159 7.351285524666309 4
      vertex 144.38017481510371 12.616831437688985 4
    endloop
  endfacet
  facet normal 0 0 -1
    outer loop
      vertex 74.63885450363159 7.351285524666309 4
      vertex 73.5588960275054 14.63177414983511 4
      vertex 142.21386566013098 28.2880966886878 4
    endloop
  endfacet
  facet normal 0 0 -1
    outer loop
      vertex 72.63593732500587 18.72386468969 4
      vertex 71.77052517980337 21.771350793540478 4
      vertex 140.5268523576965 35.02303132355196 4
    endloop
  endfacet
  facet normal 0 0 -1
    outer loop
      vertex 73.5588960275054 14.63177414983511 4
      vertex 73.21955073464562 16.29293988869581 4
      vertex 142.21386566013098 28.2880966886878 4
    endloop
  endfacet
  facet normal 0 -1 0
    outer loop
      vertex 75 0 4
      vertex 115.2 0 4.8
      vertex 104.8 0 4.8
    endloop
  endfacet
  facet normal 0 -1 0
    outer loop
      vertex 75 0 4
      vertex 104.8 0 4.8
      vertex 104.8 0 9.2
    endloop
  endfacet
  facet normal 0 0 -1
    outer loop
      vertex 69.76931922880287 27.546408011742624 4
      vertex 91.01854847656247 36.34812695613969 4
      vertex 91.30556105083629 35.65521730675623 4
    endloop
  endfacet
  facet normal 0 0 -1
    outer loop
      vertex 68.81261064789014 29.856106843020843 4
      vertex 89.77482732137592 39.35073543680137 4
      vertex 90.06183989564974 38.65782578741791 4
    endloop
  endfacet
  facet normal 0 0 -1
    outer loop
      vertex 64.60113553245186 38.12159214825355 4
      vertex 127.87858332693577 68.35252683609724 4
      vertex 66.14409482479095 35.3547552600503 4
    endloop
  endfacet
  facet normal 0 0 -1
    outer loop
      vertex 71.77052517980337 21.771350793540478 4
      vertex 69.76931922880287 27.546408011742624 4
      vertex 138.75634868443012 42.091278202831745 4
    endloop
  endfacet
  facet normal 0 0 -1
    outer loop
      vertex 66.14409482479095 35.3547552600503 4
      vertex 127.87858332693577 68.35252683609724 4
      vertex 89.77482732137592 39.35073543680137 4
    endloop
  endfacet
  facet normal -0.9987954562265755 -0.04906767389174813 0
    outer loop
      vertex 75 0 4
      vertex 75 0 17
      vertex 74.71113932435101 5.879894183638295 14.99
    endloop
  endfacet
  facet normal -0.998795456226587 -0.04906767389151434 3.1555434779463213e-14
    outer loop
      vertex 74.63885450363159 7.351285524666309 4
      vertex 74.71113932435101 5.879894183638295 14.99
      vertex 74.71064843471743 5.889886471771098 14.99
    endloop
  endfacet
  facet normal -0.9987954562265754 -0.0490676738917513 0
    outer loop
      vertex 74.63885450363159 7.351285524666309 4
      vertex 74.71064843471743 5.889886471771098 14.99
      vertex 74.63885450363159 7.351285524666309 17.497189030132837
    endloop
  endfacet
  facet normal -0.9891765098435024 -0.14673047527295516 0
    outer loop
      vertex 74.63885450363159 7.351285524666309 4
      vertex 74.63885450363159 7.351285524666309 17.497189030132837
      vertex 74.59657364217139 7.636319938237006 17.990000000000002
    endloop
  endfacet
  facet normal -0.9891765098435014 -0.1467304752729627 1.5654429609519136e-16
    outer loop
      vertex 74.63885450363159 7.351285524666309 4
      vertex 74.59657364217139 7.636319938237006 17.990000000000002
      vertex 73.5588960275054 14.63177414983511 18
    endloop
  endfacet
  facet normal -0.9700312532854423 -0.2429801795403779 -2.1011397683343171e-13
    outer loop
      vertex 73.5588960275054 14.63177414983511 4
      vertex 72.84340976616922 17.48815542382631 14.99
      vertex 72.8409798472735 17.49785620384981 14.99
    endloop
  endfacet
  facet normal -0.970031253285253 -0.24298017954113346 4.494459179760804e-16
    outer loop
      vertex 73.5588960275054 14.63177414983511 4
      vertex 72.8409798472735 17.49785620384981 14.99
      vertex 71.77052517980337 21.771350793540478 18
    endloop
  endfacet
  facet normal -0.9700312532852529 -0.24298017954113438 0
    outer loop
      vertex 73.5588960275054 14.63177414983511 4
      vertex 73.5588960275054 14.63177414983511 18
      vertex 72.84340976616922 17.48815542382631 14.99
    endloop
  endfacet
  facet normal -0.9415440652521314 -0.3368898531990691 0
    outer loop
      vertex 71.77052517980337 21.771350793540478 4
      vertex 71.77052517980337 21.771350793540478 18
      vertex 69.88123318653435 27.051568190707656 17.990000000000002
    endloop
  endfacet
  facet normal -0.9987954562265754 -0.049067673891748875 -2.1746097084577344e-15
    outer loop
      vertex 74.71113932435101 5.879894183638295 14.99
      vertex 75 0 17
      vertex 74.79704501022826 4.1312437603978305 17.990000000000002
    endloop
  endfacet
  facet normal -0.9987954562265755 -0.049067673891749396 0
    outer loop
      vertex 75 0 18
      vertex 74.79704501022826 4.1312437603978305 17.990000000000002
      vertex 75 0 17
    endloop
  endfacet
  facet normal 0 0 1
    outer loop
      vertex 75 0 18
      vertex 75 1.0000000000000004 18
      vertex 74.79704501022826 4.1312437603978305 18
    endloop
  endfacet
  facet normal -0.9987954562265754 -0.049067673891749396 0
    outer loop
      vertex 75 0 18
      vertex 74.79704501022826 4.1312437603978305 18
      vertex 74.79704501022826 4.1312437603978305 17.990000000000002
    endloop
  endfacet
  facet normal -0.9891765098435014 -0.14673047527296273 0
    outer loop
      vertex 73.5588960275054 14.63177414983511 18
      vertex 74.59657364217139 7.636319938237006 17.990000000000002
      vertex 74.59657364217139 7.636319938237006 18
    endloop
  endfacet
  facet normal 0 0 1
    outer loop
      vertex 73.5588960275054 14.63177414983511 18
      vertex 74.59657364217139 7.636319938237006 18
      vertex 79.58693565581457 8.029069946383464 18
    endloop
  endfacet
  facet normal -0.9700312532852533 -0.24298017954113185 2.4905943396011055e-15
    outer loop
      vertex 73.5588960275054 14.63177414983511 18
      vertex 73.2686455729207 15.790518919713525 17.990000000000002
      vertex 72.84340976616922 17.48815542382631 14.99
    endloop
  endfacet
  facet normal -0.9700312532852533 -0.24298017954113194 0
    outer loop
      vertex 73.5588960275054 14.63177414983511 18
      vertex 73.2686455729207 15.790518919713525 18
      vertex 73.2686455729207 15.790518919713525 17.990000000000002
    endloop
  endfacet
  facet normal 0 0 1
    outer loop
      vertex 73.5588960275054 14.63177414983511 18
      vertex 78.12487289057978 16.956395947948078 18
      vertex 73.2686455729207 15.790518919713525 18
    endloop
  endfacet
  facet normal -0.9700312532852533 -0.24298017954113169 -2.1788759231436817e-15
    outer loop
      vertex 71.77052517980337 21.771350793540478 18
      vertex 72.8409798472735 17.49785620384981 14.99
      vertex 72.41574404052201 19.1954927079626 17.990000000000002
    endloop
  endfacet
  facet normal -0.9700312532852534 -0.24298017954113174 0
    outer loop
      vertex 71.77052517980337 21.771350793540478 18
      vertex 72.41574404052201 19.1954927079626 17.990000000000002
      vertex 72.41574404052201 19.1954927079626 18
    endloop
  endfacet
  facet normal -0.9415440652521312 -0.33688985319906906 0
    outer loop
      vertex 71.77052517980337 21.771350793540478 18
      vertex 69.88123318653435 27.051568190707656 18
      vertex 69.88123318653435 27.051568190707656 17.990000000000002
    endloop
  endfacet
  facet normal 0 0 1
    outer loop
      vertex 71.77052517980337 21.771350793540478 18
      vertex 72.41574404052201 19.1954927079626 18
      vertex 76.55522685497999 23.222774177789688 18
    endloop
  endfacet
  facet normal 0 0 1
    outer loop
      vertex 72.41574404052201 19.1954927079626 18
      vertex 77.27197135619039 20.36136973571923 18
      vertex 76.55522685497999 23.222774177789688 18
    endloop
  endfacet
  facet normal 0 0 1
    outer loop
      vertex 71.77052517980337 21.771350793540478 18
      vertex 76.55522685497999 23.222774177789688 18
      vertex 74.50063084799136 28.96498535207771 18
    endloop
  endfacet
  facet normal -0.8577286103554477 -0.5141027436006471 -1.7892224693483487e-15
    outer loop
      vertex 66.14409482479095 35.3547552600503 4
      vertex 63.86892102824383 39.15065342072103 14.99
      vertex 62.969197868341205 40.651750828299456 17.990000000000002
    endloop
  endfacet
  facet normal -0.7409511256161998 -0.6715589545587837 0
    outer loop
      vertex 57.97578400373459 47.579496309161186 4
      vertex 57.97578400373459 47.579496309161186 17.514331893554665
      vertex 56.98646629408605 48.67104019459375 14.99
    endloop
  endfacet
  facet normal -0.7409511256161242 -0.671558954558867 1.6156382607474134e-14
    outer loop
      vertex 57.97578400373459 47.579496309161186 4
      vertex 56.98646629408605 48.67104019459375 14.99
      vertex 56.979747790782774 48.67845292068611 14.99
    endloop
  endfacet
  facet normal -0.7409511256162001 -0.6715589545587832 -1.874194145241438e-16
    outer loop
      vertex 57.97578400373459 47.579496309161186 4
      vertex 56.979747790782774 48.67845292068611 14.99
      vertex 53.03300861646175 53.03300856152038 17.00000003884941
    endloop
  endfacet
  facet normal -0.7409511196405663 -0.6715589611518793 0
    outer loop
      vertex 57.97578400373459 47.579496309161186 4
      vertex 53.03300861646175 53.03300856152038 17.00000003884941
      vertex 53.033008590340614 53.033008590340614 17
    endloop
  endfacet
  facet normal -0.8032075311726763 -0.5956993049076807 0
    outer loop
      vertex 62.36022092401981 41.667767480015755 4
      vertex 62.36022092401981 41.667767480015755 18
      vertex 58.141465597190205 47.3561005412899 17.990000000000002
    endloop
  endfacet
  facet normal -0.8577286103554473 -0.5141027436006478 -1.075927548268968e-15
    outer loop
      vertex 66.14409482479095 35.3547552600503 4
      vertex 62.969197868341205 40.651750828299456 17.990000000000002
      vertex 62.36022092401981 41.667767480015755 18
    endloop
  endfacet
  facet normal -0.8032075311726797 -0.5956993049076763 -3.425611493040109e-15
    outer loop
      vertex 62.36022092401981 41.667767480015755 4
      vertex 58.141465597190205 47.3561005412899 17.990000000000002
      vertex 57.97578400373459 47.579496309161186 17.514331893554665
    endloop
  endfacet
  facet normal -0.941544687150008 -0.3368881151058811 -4.476942578465181e-15
    outer loop
      vertex 69.29096494786772 28.701257404395484 4
      vertex 69.29096493947574 28.701257427849484 14.99
      vertex 69.2909649387002 28.701257430016994 14.99
    endloop
  endfacet
  facet normal -0.9039892929219436 -0.42755509385631757 0
    outer loop
      vertex 69.2909649387002 28.701257430016994 4
      vertex 69.2909649387002 28.701257430016994 14.99
      vertex 69.28668423244646 28.710308222944334 14.99
    endloop
  endfacet
  facet normal -0.9039892929220995 -0.42755509385598783 -3.322592394731243e-16
    outer loop
      vertex 69.2909649387002 28.701257430016994 4
      vertex 69.28668423244646 28.710308222944334 14.99
      vertex 66.14409482479095 35.3547552600503 18
    endloop
  endfacet
  facet normal -0.8577286103552534 -0.5141027436009713 1.616261360239036e-13
    outer loop
      vertex 66.14409482479095 35.3547552600503 4
      vertex 63.87406230344328 39.14207572124915 14.99
      vertex 63.86892102824383 39.15065342072103 14.99
    endloop
  endfacet
  facet normal -0.8577286103554459 -0.5141027436006499 0
    outer loop
      vertex 66.14409482479095 35.3547552600503 4
      vertex 66.14409482479095 35.3547552600503 18
      vertex 63.87406230344328 39.14207572124915 14.99
    endloop
  endfacet
  facet normal -0.9415440652521301 -0.3368898531990727 1.5470441649414462e-15
    outer loop
      vertex 71.77052517980337 21.771350793540478 4
      vertex 69.88123318653435 27.051568190707656 17.990000000000002
      vertex 69.29096493947574 28.701257427849484 14.99
    endloop
  endfacet
  facet normal -0.7409511256161997 -0.6715589545587839 2.0140219284923854e-15
    outer loop
      vertex 53.03300861646175 53.03300856152038 17.00000003884941
      vertex 56.979747790782774 48.67845292068611 14.99
      vertex 55.80400971271007 49.975679986849144 17.990000000000002
    endloop
  endfacet
  facet normal -0.7409511256162012 -0.6715589545587822 0
    outer loop
      vertex 53.03300861646175 53.03300856152038 17.00000003884941
      vertex 55.80400971271007 49.975679986849144 17.990000000000002
      vertex 55.80400971271007 49.975679986849144 18
    endloop
  endfacet
  facet normal -0.8577286103554472 -0.5141027436006479 0
    outer loop
      vertex 62.36022092401981 41.667767480015755 18
      vertex 62.969197868341205 40.651750828299456 17.990000000000002
      vertex 62.969197868341205 40.651750828299456 18
    endloop
  endfacet
  facet normal 0 0 1
    outer loop
      vertex 62.36022092401981 41.667767480015755 18
      vertex 62.969197868341205 40.651750828299456 18
      vertex 66.51756898313761 44.44561864435673 18
    endloop
  endfacet
  facet normal -0.8032075311726763 -0.5956993049076809 0
    outer loop
      vertex 62.36022092401981 41.667767480015755 18
      vertex 58.141465597190205 47.3561005412899 18
      vertex 58.141465597190205 47.3561005412899 17.990000000000002
    endloop
  endfacet
  facet normal 0 0 1
    outer loop
      vertex 62.36022092401981 41.667767480015755 18
      vertex 61.947900619062565 50.60710317394279 18
      vertex 58.141465597190205 47.3561005412899 18
    endloop
  endfacet
  facet normal 0 0 1
    outer loop
      vertex 62.36022092401981 41.667767480015755 18
      vertex 66.51756898313761 44.44561864435673 18
      vertex 61.947900619062565 50.60710317394279 18
    endloop
  endfacet
  facet normal -0.9039892929220992 -0.4275550938559886 1.694131663808545e-15
    outer loop
      vertex 66.14409482479095 35.3547552600503 18
      vertex 69.28668423244646 28.710308222944334 14.99
      vertex 68.5375604657965 30.294197349413587 17.990000000000002
    endloop
  endfacet
  facet normal -0.9039892929220991 -0.4275550938559886 0
    outer loop
      vertex 66.14409482479095 35.3547552600503 18
      vertex 68.5375604657965 30.294197349413587 17.990000000000002
      vertex 68.5375604657965 30.294197349413587 18
    endloop
  endfacet
  facet normal -0.8577286103554462 -0.5141027436006493 8.90536635097395e-16
    outer loop
      vertex 66.14409482479095 35.3547552600503 18
      vertex 64.77378546334592 37.640978313670715 17.990000000000002
      vertex 63.87406230344328 39.14207572124915 14.99
    endloop
  endfacet
  facet normal -0.8577286103554463 -0.5141027436006494 0
    outer loop
      vertex 66.14409482479095 35.3547552600503 18
      vertex 64.77378546334592 37.640978313670715 18
      vertex 64.77378546334592 37.640978313670715 17.990000000000002
    endloop
  endfacet
  facet normal 0 0 1
    outer loop
      vertex 66.14409482479095 35.3547552600503 18
      vertex 69.03205628317914 40.250450028177795 18
      vertex 64.77378546334592 37.640978313670715 18
    endloop
  endfacet
  facet normal 0 0 1
    outer loop
      vertex 66.14409482479095 35.3547552600503 18
      vertex 68.5375604657965 30.294197349413587 18
      vertex 70.5537011474371 37.71173894405365 18
    endloop
  endfacet
  facet normal 0 0 1
    outer loop
      vertex 66.14409482479095 35.3547552600503 18
      vertex 70.5537011474371 37.71173894405365 18
      vertex 69.03205628317914 40.250450028177795 18
    endloop
  endfacet
  facet normal 0 0 1
    outer loop
      vertex 71.77052517980337 21.771350793540478 18
      vertex 74.50063084799136 28.96498535207771 18
      vertex 69.88123318653435 27.051568190707656 18
    endloop
  endfacet
  facet normal 0 0 1
    outer loop
      vertex 68.5375604657965 30.294197349413587 18
      vertex 73.15695812817152 32.2076145111639 18
      vertex 70.5537011474371 37.71173894405365 18
    endloop
  endfacet
  facet normal 0 0 1
    outer loop
      vertex 62.969197868341205 40.651750828299456 18
      vertex 67.22746868684277 43.26122254199049 18
      vertex 66.51756898313761 44.44561864435673 18
    endloop
  endfacet
  facet normal 0 -1 0
    outer loop
      vertex 75 0 4
      vertex 104.8 0 9.2
      vertex 75 0 17
    endloop
  endfacet
  facet normal 0 -1 0
    outer loop
      vertex 75 0 17
      vertex 104.8 0 9.2
      vertex 115.2 0 9.2
    endloop
  endfacet
  facet normal 0 0 1
    outer loop
      vertex 74.79704501022826 4.1312437603978305 18
      vertex 79.79455859959126 4.181855611503124 18
      vertex 79.77778762238442 4.523236705228629 18
    endloop
  endfacet
  facet normal 0 0 1
    outer loop
      vertex 73.5588960275054 14.63177414983511 18
      vertex 79.58693565581457 8.029069946383464 18
      vertex 78.4628224298358 15.607225760817528 18
    endloop
  endfacet
  facet normal 0 0 1
    outer loop
      vertex 73.5588960275054 14.63177414983511 18
      vertex 78.4628224298358 15.607225760817528 18
      vertex 78.12487289057978 16.956395947948078 18
    endloop
  endfacet
  facet normal 0 0 1
    outer loop
      vertex 74.79704501022826 4.1312437603978305 18
      vertex 75 1.0000000000000004 18
      vertex 144.950873150049 1.0000000000000004 18
    endloop
  endfacet
  facet normal 0 0 -1
    outer loop
      vertex 57.97578400373459 47.579496309161186 4
      vertex 57.84225748041505 47.75809616776374 4
      vertex 112.08651573956013 91.98702620714903 4
    endloop
  endfacet
  facet normal 0 0 -1
    outer loop
      vertex 56.218637359589586 49.65911108176381 4
      vertex 53.033008590340614 53.033008590340614 4
      vertex 109.33402192566538 95.02393514061346 4
    endloop
  endfacet
  facet normal -0.7071067811865476 0.7071067811865476 0
    outer loop
      vertex 53.033008590340614 53.033008590340614 4
      vertex 74.24621202458749 74.24621202458749 9
      vertex 74.24621202458749 74.24621202458749 5
    endloop
  endfacet
  facet normal 0 0 -1
    outer loop
      vertex 57.97578400373459 47.579496309161186 4
      vertex 120.56309378147125 80.55768378823996 4
      vertex 62.36022092401981 41.667767480015755 4
    endloop
  endfacet
  facet normal 0 0 -1
    outer loop
      vertex 63.294889120661985 40.253192559138775 4
      vertex 62.36022092401981 41.667767480015755 4
      vertex 122.8471943820544 76.74689215886985 4
    endloop
  endfacet
  facet normal -0.7071067811865475 0.7071067811865475 0
    outer loop
      vertex 53.033008590340614 53.033008590340614 4
      vertex 74.24621202458749 74.24621202458749 5
      vertex 102.53048327565193 102.53048327565193 4
    endloop
  endfacet
  facet normal 0 0 -1
    outer loop
      vertex 57.97578400373459 47.579496309161186 4
      vertex 112.08651573956013 91.98702620714903 4
      vertex 120.56309378147125 80.55768378823996 4
    endloop
  endfacet
  facet normal 0 0 -1
    outer loop
      vertex 53.033008590340614 53.033008590340614 4
      vertex 102.53048327565193 102.53048327565193 4
      vertex 109.33402192566538 95.02393514061346 4
    endloop
  endfacet
  facet normal 0 0 -1
    outer loop
      vertex 57.84225748041505 47.75809616776374 4
      vertex 111.01364775204493 93.17075361800289 4
      vertex 112.08651573956013 91.98702620714903 4
    endloop
  endfacet
  facet normal -0.7071067811865476 0.7071067811865476 0
    outer loop
      vertex 74.24621202458749 74.24621202458749 5
      vertex 81.31727983645297 81.31727983645297 5
      vertex 102.53048327565193 102.53048327565193 4
    endloop
  endfacet
  facet normal -0.7071067811865475 0.7071067811865475 0
    outer loop
      vertex 81.31727983645297 81.31727983645297 5
      vertex 81.31727983645297 81.31727983645297 9
      vertex 102.53048327565193 102.53048327565193 4
    endloop
  endfacet
  facet normal -0.7071067811865475 0.7071067811865475 0
    outer loop
      vertex 53.033008590340614 53.033008590340614 4
      vertex 53.033008590340614 53.033008590340614 17
      vertex 102.5304832720494 102.5304832720494 17
    endloop
  endfacet
  facet normal -0.7409511256161994 -0.6715589545587842 0
    outer loop
      vertex 53.03300861646175 53.03300856152038 17.00000003884941
      vertex 55.80400971271007 49.975679986849144 18
      vertex 53.03300861646175 53.03300856152038 18
    endloop
  endfacet
  facet normal 0 0 1
    outer loop
      vertex 53.03300861646175 53.03300856152038 18
      vertex 55.80400971271007 49.975679986849144 18
      vertex 53.74011537017761 52.32590180780452 18
    endloop
  endfacet
  facet normal 0 0 1
    outer loop
      vertex 55.80400971271007 49.975679986849144 18
      vertex 59.3802919536829 53.46625503152609 18
      vertex 53.74011537017761 52.32590180780452 18
    endloop
  endfacet
  facet normal 0 0 1
    outer loop
      vertex 55.80400971271007 49.975679986849144 18
      vertex 59.603107465070345 53.22041599932773 18
      vertex 59.3802919536829 53.46625503152609 18
    endloop
  endfacet
  facet normal 0 0 1
    outer loop
      vertex 103.91551091521978 93.56594629585743 18
      vertex 53.74011537017761 52.32590180780452 18
      vertex 59.3802919536829 53.46625503152609 18
    endloop
  endfacet
  facet normal -0.7071067811865476 0.7071067811865476 0
    outer loop
      vertex 53.033008590340614 53.033008590340614 4
      vertex 102.5304832720494 102.5304832720494 17
      vertex 74.24621202458749 74.24621202458749 9
    endloop
  endfacet
  facet normal -0.7071067811865476 0.7071067811865476 0
    outer loop
      vertex 74.24621202458749 74.24621202458749 9
      vertex 102.5304832720494 102.5304832720494 17
      vertex 81.31727983645297 81.31727983645297 9
    endloop
  endfacet
  facet normal -0.7071067811865476 0.7071067811865476 0
    outer loop
      vertex 81.31727983645297 81.31727983645297 9
      vertex 102.5304832720494 102.5304832720494 17
      vertex 102.53048327565193 102.53048327565193 4
    endloop
  endfacet
  facet normal 0 0 1
    outer loop
      vertex 103.91551091521978 93.56594629585743 18
      vertex 103.20285212816157 101.78863856578847 18
      vertex 53.74011537017761 52.32590180780452 18
    endloop
  endfacet
  facet normal 0 -1 0
    outer loop
      vertex 75 0 4
      vertex 145 0 4
      vertex 115.2 0 4.8
    endloop
  endfacet
  facet normal 0 0 -1
    outer loop
      vertex 74.8668738996444 4.6382855124219615 4
      vertex 144.50289722503956 10.118759404609504 4
      vertex 145 0 4
    endloop
  endfacet
  facet normal 0 0 -1
    outer loop
      vertex 74.63885450363159 7.351285524666309 4
      vertex 144.30178536474705 14.21248535066843 4
      vertex 144.38017481510371 12.616831437688985 4
    endloop
  endfacet
  facet normal 0 0 -1
    outer loop
      vertex 74.63885450363159 7.351285524666309 4
      vertex 142.21386566013098 28.2880966886878 4
      vertex 144.30178536474705 14.21248535066843 4
    endloop
  endfacet
  facet normal 0 0 -1
    outer loop
      vertex 69.76931922880287 27.546408011742624 4
      vertex 91.30556105083629 35.65521730675623 4
      vertex 138.75634868443012 42.091278202831745 4
    endloop
  endfacet
  facet normal 0 0 -1
    outer loop
      vertex 73.21955073464562 16.29293988869581 4
      vertex 141.1343320820797 32.59783631778519 4
      vertex 142.21386566013098 28.2880966886878 4
    endloop
  endfacet
  facet normal 0 0 -1
    outer loop
      vertex 71.77052517980337 21.771350793540478 4
      vertex 138.75634868443012 42.091278202831745 4
      vertex 140.5268523576965 35.02303132355196 4
    endloop
  endfacet
  facet normal 0 0 -1
    outer loop
      vertex 138.75634868443012 42.091278202831745 4
      vertex 91.30556105083629 35.65521730675623 4
      vertex 132.88014001384417 52.87597176318527 4
    endloop
  endfacet
  facet normal 0 -1 0
    outer loop
      vertex 145 0 4
      vertex 115.2 0 9.2
      vertex 115.2 0 4.8
    endloop
  endfacet
  facet normal 0.9987954561962868 0.04906767450828745 0
    outer loop
      vertex 145 0 4
      vertex 144.50289722503956 10.118759404609504 4
      vertex 145 0 17
    endloop
  endfacet
  facet normal 0.9987954561962872 0.049067674508280174 -5.675047456715245e-15
    outer loop
      vertex 144.50289722503956 10.118759404609504 4
      vertex 144.38017481510371 12.616831437688985 4
      vertex 145 0 17
    endloop
  endfacet
  facet normal 0.9987954561962865 0.049067674508295495 9.221335713415831e-15
    outer loop
      vertex 144.38017481510371 12.616831437688985 4
      vertex 144.30178536474705 14.21248535066843 4
      vertex 145 0 17
    endloop
  endfacet
  facet normal 0.989176509999614 0.14673047422053695 0
    outer loop
      vertex 144.30178536474705 14.21248535066843 4
      vertex 142.21386566013098 28.2880966886878 4
      vertex 144.30178536474705 14.21248535066843 18
    endloop
  endfacet
  facet normal 0 0 -1
    outer loop
      vertex 138.75634868443012 42.091278202831745 4
      vertex 132.88014001384417 52.87597176318527 4
      vertex 134.63712449758967 53.603738565231744 4
    endloop
  endfacet
  facet normal 0.9700312532400264 0.2429801797216876 0
    outer loop
      vertex 142.21386566013098 28.2880966886878 4
      vertex 141.1343320820797 32.59783631778519 4
      vertex 142.21386566013098 28.2880966886878 18
    endloop
  endfacet
  facet normal 0.9700312532400263 0.24298017972168834 2.5375303355983086e-16
    outer loop
      vertex 140.5268523576965 35.02303132355196 4
      vertex 142.21386566013098 28.2880966886878 18
      vertex 141.1343320820797 32.59783631778519 4
    endloop
  endfacet
  facet normal 0.9700312532400267 0.24298017972168676 -5.746324316774808e-16
    outer loop
      vertex 140.5268523576965 35.02303132355196 4
      vertex 138.75634868443012 42.091278202831745 4
      vertex 142.21386566013098 28.2880966886878 18
    endloop
  endfacet
  facet normal 0.9415440651112382 0.3368898535928389 0
    outer loop
      vertex 138.75634868443012 42.091278202831745 4
      vertex 134.63712449758967 53.603738565231744 4
      vertex 134.63712449758967 53.603738565231744 7
    endloop
  endfacet
  facet normal 0 -1 0
    outer loop
      vertex 145 0 4
      vertex 75 0 17
      vertex 115.2 0 9.2
    endloop
  endfacet
  facet normal 0 -1 0
    outer loop
      vertex 145 0 4
      vertex 145 0 17
      vertex 75 0 17
    endloop
  endfacet
  facet normal 0 0 1
    outer loop
      vertex 74.79704501022826 4.1312437603978305 18
      vertex 144.950873150049 1.0000000000000004 18
      vertex 79.79455859959126 4.181855611503124 18
    endloop
  endfacet
  facet normal 0 0 1
    outer loop
      vertex 79.79455859959126 4.181855611503124 18
      vertex 144.950873150049 1.0000000000000004 18
      vertex 139.64047756046057 7.318247325718403 18
    endloop
  endfacet
  facet normal 0.9987954561962867 0.049067674508288105 1.1273564533175065e-15
    outer loop
      vertex 144.30178536474705 14.21248535066843 4
      vertex 144.44153602007162 11.367795421149243 14.99
      vertex 145 0 17
    endloop
  endfacet
  facet normal 0.9987954561963265 0.04906767450748078 -2.0801342607005407e-13
    outer loop
      vertex 144.30178536474705 14.21248535066843 4
      vertex 144.4410451304319 11.37778770928156 14.99
      vertex 144.44153602007162 11.367795421149243 14.99
    endloop
  endfacet
  facet normal 0.9987954561962868 0.04906767450828658 0
    outer loop
      vertex 144.30178536474705 14.21248535066843 4
      vertex 144.30178536474705 14.21248535066843 18
      vertex 144.4410451304319 11.37778770928156 14.99
    endloop
  endfacet
  facet normal 0.989176509999614 0.14673047422053695 0
    outer loop
      vertex 142.21386566013098 28.2880966886878 4
      vertex 142.21386566013098 28.2880966886878 18
      vertex 144.30178536474705 14.21248535066843 18
    endloop
  endfacet
  facet normal 0 0 1
    outer loop
      vertex 144.950873150049 1.0000000000000004 18
      vertex 144.52744170702672 9.619144997993606 18
      vertex 139.64047756046057 7.318247325718403 18
    endloop
  endfacet
  facet normal 0.9987954561962868 0.049067674508288264 1.5484816673084213e-15
    outer loop
      vertex 145 0 17
      vertex 144.52744170702672 9.619144997993606 17.990000000000002
      vertex 144.950873150049 1.0000000000000004 18
    endloop
  endfacet
  facet normal 0.9987954561962867 0.04906767450828822 1.8850833020141564e-15
    outer loop
      vertex 145 0 17
      vertex 144.44153602007162 11.367795421149243 14.99
      vertex 144.52744170702672 9.619144997993606 17.990000000000002
    endloop
  endfacet
  facet normal 0 0 1
    outer loop
      vertex 144.52744170702672 9.619144997993606 18
      vertex 139.54669908637527 9.227152052494212 18
      vertex 139.64047756046057 7.318247325718403 18
    endloop
  endfacet
  facet normal 0.998795456196287 0.04906767450828827 0
    outer loop
      vertex 144.950873150049 1.0000000000000004 18
      vertex 144.52744170702672 9.619144997993606 17.990000000000002
      vertex 144.52744170702672 9.619144997993606 18
    endloop
  endfacet
  facet normal 0 0 1
    outer loop
      vertex 144.30178536474705 14.21248535066843 18
      vertex 139.32586173713207 13.722399644553661 18
      vertex 139.3743968264817 12.734445187225568 18
    endloop
  endfacet
  facet normal 0 0 1
    outer loop
      vertex 144.30178536474705 14.21248535066843 18
      vertex 142.21386566013098 28.2880966886878 18
      vertex 139.32586173713207 13.722399644553661 18
    endloop
  endfacet
  facet normal 0.9987954561962867 0.04906767450828917 -2.4380288348295916e-15
    outer loop
      vertex 144.30178536474705 14.21248535066843 18
      vertex 144.3551394434768 13.126438132437197 17.990000000000002
      vertex 144.4410451304319 11.37778770928156 14.99
    endloop
  endfacet
  facet normal 0 0 1
    outer loop
      vertex 144.30178536474705 14.21248535066843 18
      vertex 139.3743968264817 12.734445187225568 18
      vertex 144.3551394434768 13.126438132437197 18
    endloop
  endfacet
  facet normal 0.9987954561962868 0.049067674508289146 0
    outer loop
      vertex 144.30178536474705 14.21248535066843 18
      vertex 144.3551394434768 13.126438132437197 18
      vertex 144.3551394434768 13.126438132437197 17.990000000000002
    endloop
  endfacet
  facet normal 0 0 1
    outer loop
      vertex 142.21386566013098 28.2880966886878 18
      vertex 137.30993925780058 27.312645085155964 18
      vertex 139.32586173713207 13.722399644553661 18
    endloop
  endfacet
  facet normal 0.9700312532400265 0.24298017972168737 9.635759753622166e-17
    outer loop
      vertex 138.75634868443012 42.091278202831745 4
      vertex 140.8305922198881 33.810433820668585 14.99
      vertex 142.21386566013098 28.2880966886878 18
    endloop
  endfacet
  facet normal 0.9700312532403079 0.24298017972056415 -8.727811345378738e-13
    outer loop
      vertex 138.75634868443012 42.091278202831745 4
      vertex 140.82816230099058 33.820134600691645 14.99
      vertex 140.8305922198881 33.810433820668585 14.99
    endloop
  endfacet
  facet normal 0.9700312532400263 0.24298017972168834 -1.981945682475034e-16
    outer loop
      vertex 138.75634868443012 42.091278202831745 4
      vertex 140.40292649392234 35.51777110472839 17.990000000000002
      vertex 140.82816230099058 33.820134600691645 14.99
    endloop
  endfacet
  facet normal 0.9415440651112382 0.33688985359283885 0
    outer loop
      vertex 138.75634868443012 42.091278202831745 4
      vertex 134.63712449758967 53.603738565231744 7
      vertex 138.75634868443012 42.091278202831745 18
    endloop
  endfacet
  facet normal 0.9415440651112384 0.3368898535928382 -8.308916435548747e-16
    outer loop
      vertex 138.75634868443012 42.091278202831745 18
      vertex 134.63712449758967 53.603738565231744 7
      vertex 133.96253221482038 55.48909769207239 14.990000001819572
    endloop
  endfacet
  facet normal 0.9700312532400261 0.2429801797216887 0
    outer loop
      vertex 138.75634868443012 42.091278202831745 4
      vertex 138.75634868443012 42.091278202831745 18
      vertex 140.40292649392234 35.51777110472839 17.990000000000002
    endloop
  endfacet
  facet normal 0 0 1
    outer loop
      vertex 134.55280046219877 53.83940845621189 18
      vertex 129.933402799634 51.925991294382996 18
      vertex 133.97164700180292 40.639854818582535 18
    endloop
  endfacet
  facet normal 0 0 1
    outer loop
      vertex 141.25582802695635 32.11279731663185 18
      vertex 136.3996007090978 30.946920288349403 18
      vertex 137.30993925780058 27.312645085155964 18
    endloop
  endfacet
  facet normal 0 0 1
    outer loop
      vertex 138.75634868443012 42.091278202831745 18
      vertex 135.5466991749333 34.351894076174545 18
      vertex 140.40292649392234 35.51777110472839 18
    endloop
  endfacet
  facet normal 0.9700312532400268 0.24298017972168656 -1.4287751023446053e-15
    outer loop
      vertex 142.21386566013098 28.2880966886878 18
      vertex 140.8305922198881 33.810433820668585 14.99
      vertex 141.25582802695635 32.11279731663185 17.990000000000002
    endloop
  endfacet
  facet normal 0 0 1
    outer loop
      vertex 142.21386566013098 28.2880966886878 18
      vertex 141.25582802695635 32.11279731663185 18
      vertex 137.30993925780058 27.312645085155964 18
    endloop
  endfacet
  facet normal 0.9700312532400267 0.24298017972168656 0
    outer loop
      vertex 142.21386566013098 28.2880966886878 18
      vertex 141.25582802695635 32.11279731663185 17.990000000000002
      vertex 141.25582802695635 32.11279731663185 18
    endloop
  endfacet
  facet normal 0.9700312532400261 0.2429801797216887 0
    outer loop
      vertex 138.75634868443012 42.091278202831745 18
      vertex 140.40292649392234 35.51777110472839 18
      vertex 140.40292649392234 35.51777110472839 17.990000000000002
    endloop
  endfacet
  facet normal 0 0 1
    outer loop
      vertex 138.75634868443012 42.091278202831745 18
      vertex 133.97164700180292 40.639854818582535 18
      vertex 135.5466991749333 34.351894076174545 18
    endloop
  endfacet
  facet normal 0 0 1
    outer loop
      vertex 138.75634868443012 42.091278202831745 18
      vertex 134.55280046219877 53.83940845621189 18
      vertex 133.97164700180292 40.639854818582535 18
    endloop
  endfacet
  facet normal 0.9415440651112387 0.3368898535928375 -3.798168001639371e-15
    outer loop
      vertex 138.75634868443012 42.091278202831745 18
      vertex 133.96253221482038 55.48909769207239 14.990000001819572
      vertex 134.55280046219877 53.83940845621189 17.990000000000002
    endloop
  endfacet
  facet normal 0.9415440651112387 0.3368898535928376 0
    outer loop
      vertex 138.75634868443012 42.091278202831745 18
      vertex 134.55280046219877 53.83940845621189 17.990000000000002
      vertex 134.55280046219877 53.83940845621189 18
    endloop
  endfacet
  facet normal 0 0 -1
    outer loop
      vertex 64.60113553245186 38.12159214825355 4
      vertex 124.13251318292325 74.60246729151834 4
      vertex 127.87858332693577 68.35252683609724 4
    endloop
  endfacet
  facet normal 0 0 -1
    outer loop
      vertex 62.36022092401981 41.667767480015755 4
      vertex 120.56309378147125 80.55768378823996 4
      vertex 122.8471943820544 76.74689215886985 4
    endloop
  endfacet
  facet normal 0 0 -1
    outer loop
      vertex 127.87858332693577 68.35252683609724 4
      vertex 133.1063907669809 57.29925669480119 4
      vertex 89.77482732137592 39.35073543680137 4
    endloop
  endfacet
  facet normal 0.7409511254180549 0.671558954777403 -1.1487203231473347e-15
    outer loop
      vertex 102.53048327565193 102.53048327565193 4
      vertex 110.16711633554965 94.10475710539862 14.99
      vertex 109.33402192566538 95.02393514061346 4
    endloop
  endfacet
  facet normal 0.8032075317026681 0.5956993041930697 0
    outer loop
      vertex 120.56309378147125 80.55768378823996 4
      vertex 112.08651573956013 91.98702620714903 4
      vertex 120.56309378147125 80.55768378823996 18
    endloop
  endfacet
  facet normal 0.7409511254180521 0.6715589547774059 0
    outer loop
      vertex 112.08651573956013 91.98702620714903 4
      vertex 111.01364775204493 93.17075361800289 4
      vertex 112.08651573956013 91.98702620714903 18
    endloop
  endfacet
  facet normal 0.7409511254180529 0.6715589547774051 -1.2682760346761027e-16
    outer loop
      vertex 109.33402192566538 95.02393514061346 4
      vertex 112.08651573956013 91.98702620714903 18
      vertex 111.01364775204493 93.17075361800289 4
    endloop
  endfacet
  facet normal 0.9039892929716882 0.42755509375114126 0
    outer loop
      vertex 127.87858332693577 68.35252683609724 4
      vertex 133.1063907669809 57.29925669480119 7
      vertex 133.1063907669809 57.29925669480119 4
    endloop
  endfacet
  facet normal 0.9039892929716881 0.42755509375114165 1.2395227165475847e-15
    outer loop
      vertex 127.87858332693577 68.35252683609724 4
      vertex 133.9582515071291 55.4981484880419 14.99
      vertex 133.1063907669809 57.29925669480119 7
    endloop
  endfacet
  facet normal 0.8577286101123718 0.5141027440061946 0
    outer loop
      vertex 124.13251318292325 74.60246729151834 4
      vertex 127.87858332693577 68.35252683609724 18
      vertex 127.87858332693577 68.35252683609724 4
    endloop
  endfacet
  facet normal 0.8577286101123709 0.5141027440061962 9.13875109640657e-16
    outer loop
      vertex 120.56309378147125 80.55768378823996 4
      vertex 127.87858332693577 68.35252683609724 18
      vertex 122.8471943820544 76.74689215886985 4
    endloop
  endfacet
  facet normal 0.8577286101123709 0.5141027440061962 9.135109208117587e-16
    outer loop
      vertex 122.8471943820544 76.74689215886985 4
      vertex 127.87858332693577 68.35252683609724 18
      vertex 124.13251318292325 74.60246729151834 4
    endloop
  endfacet
  facet normal -0.7071067811865476 0.7071067811865476 0
    outer loop
      vertex 102.53048327565193 102.53048327565193 4
      vertex 102.5304832720494 102.5304832720494 17
      vertex 102.53048327565193 102.53048327565193 18
    endloop
  endfacet
  facet normal 0.7409511264758349 0.6715589536103226 0
    outer loop
      vertex 102.53048327565193 102.53048327565193 4
      vertex 102.53048327565193 102.53048327565193 18
      vertex 102.53048334538072 102.53048319871807 17.000000103706153
    endloop
  endfacet
  facet normal 0.7409511254182808 0.6715589547771537 -3.93811826053571e-14
    outer loop
      vertex 109.33402192566538 95.02393514061346 4
      vertex 110.16711633554965 94.10475710539862 14.99
      vertex 110.17383483885517 94.09734437930817 14.99
    endloop
  endfacet
  facet normal 0.7409511254180541 0.6715589547774038 -7.311069665418533e-16
    outer loop
      vertex 109.33402192566538 95.02393514061346 4
      vertex 110.17383483885517 94.09734437930817 14.99
      vertex 111.34957291732086 92.80011731348077 17.990000000000002
    endloop
  endfacet
  facet normal 0.740951125418054 0.6715589547774037 1.2580449324048013e-17
    outer loop
      vertex 102.53048327565193 102.53048327565193 4
      vertex 102.53048334538072 102.53048319871807 17.000000103706153
      vertex 110.16711633554965 94.10475710539862 14.99
    endloop
  endfacet
  facet normal 0.8032075317026681 0.5956993041930697 0
    outer loop
      vertex 112.08651573956013 91.98702620714903 4
      vertex 112.08651573956013 91.98702620714903 18
      vertex 120.56309378147125 80.55768378823996 18
    endloop
  endfacet
  facet normal 0.857728610112372 0.5141027440061944 0
    outer loop
      vertex 120.56309378147125 80.55768378823996 4
      vertex 120.56309378147125 80.55768378823996 18
      vertex 123.48471250728534 75.6832574246635 14.99
    endloop
  endfacet
  facet normal 0.7409511254180546 0.6715589547774033 -9.854433041666287e-16
    outer loop
      vertex 109.33402192566538 95.02393514061346 4
      vertex 111.34957291732086 92.80011731348077 17.990000000000002
      vertex 112.08651573956013 91.98702620714903 18
    endloop
  endfacet
  facet normal -0.7071067811865475 0.7071067811865475 0
    outer loop
      vertex 102.53048327565193 102.53048327565193 18
      vertex 102.5304832720494 102.5304832720494 17
      vertex 102.5304832720494 102.5304832720494 18
    endloop
  endfacet
  facet normal 0.7409511264758349 0.6715589536103226 0
    outer loop
      vertex 102.53048327565193 102.53048327565193 18
      vertex 102.53048334538072 102.53048319871807 18
      vertex 102.53048334538072 102.53048319871807 17.000000103706153
    endloop
  endfacet
  facet normal 0 0 1
    outer loop
      vertex 102.53048327565193 102.53048327565193 18
      vertex 102.5304832720494 102.5304832720494 18
      vertex 102.53048334538072 102.53048319871807 18
    endloop
  endfacet
  facet normal 0 0 1
    outer loop
      vertex 108.99137825708395 95.40198417122602 18
      vertex 103.91551091521978 93.56594629585743 18
      vertex 105.19228049516919 92.15724815058714 18
    endloop
  endfacet
  facet normal 0 0 1
    outer loop
      vertex 111.34957291732086 92.80011731348077 18
      vertex 107.55047515980182 89.5553812965962 18
      vertex 108.22146347165108 88.81505978107452 18
    endloop
  endfacet
  facet normal 0.7409511254180546 0.6715589547774032 4.644756993238519e-15
    outer loop
      vertex 102.53048334538072 102.53048319871807 17.000000103706153
      vertex 108.99137825708395 95.40198417122602 17.990000000000002
      vertex 110.16711633554965 94.10475710539862 14.99
    endloop
  endfacet
  facet normal 0 0 1
    outer loop
      vertex 103.20285212816157 101.78863856578847 18
      vertex 103.91551091521978 93.56594629585743 18
      vertex 108.99137825708395 95.40198417122602 18
    endloop
  endfacet
  facet normal 0.7409511254180559 0.6715589547774019 0
    outer loop
      vertex 103.20285212816157 101.78863856578847 18
      vertex 108.99137825708395 95.40198417122602 18
      vertex 108.99137825708395 95.40198417122602 17.990000000000002
    endloop
  endfacet
  facet normal 0.7409511254180559 0.6715589547774019 -1.2556600444145293e-14
    outer loop
      vertex 103.20285212816157 101.78863856578847 18
      vertex 108.99137825708395 95.40198417122602 17.990000000000002
      vertex 102.53048334538072 102.53048319871807 17.000000103706153
    endloop
  endfacet
  facet normal 0 0 1
    outer loop
      vertex 112.08651573956013 91.98702620714903 18
      vertex 108.22146347165108 88.81505978107452 18
      vertex 116.40574572235346 77.77983262389898 18
    endloop
  endfacet
  facet normal 0 0 1
    outer loop
      vertex 120.56309378147125 80.55768378823996 18
      vertex 116.40574572235346 77.77983262389898 18
      vertex 118.32671852934607 74.5748831188358 18
    endloop
  endfacet
  facet normal 0 0 1
    outer loop
      vertex 120.56309378147125 80.55768378823996 18
      vertex 118.32671852934607 74.5748831188358 18
      vertex 122.58498934667715 77.18435483180957 18
    endloop
  endfacet
  facet normal 0.8577286101123709 0.5141027440061962 0
    outer loop
      vertex 120.56309378147125 80.55768378823996 18
      vertex 122.58498934667715 77.18435483180957 18
      vertex 122.58498934667715 77.18435483180957 17.990000000000002
    endloop
  endfacet
  facet normal 0 0 1
    outer loop
      vertex 120.56309378147125 80.55768378823996 18
      vertex 112.08651573956013 91.98702620714903 18
      vertex 116.40574572235346 77.77983262389898 18
    endloop
  endfacet
  facet normal 0 0 1
    outer loop
      vertex 112.08651573956013 91.98702620714903 18
      vertex 111.34957291732086 92.80011731348077 18
      vertex 108.22146347165108 88.81505978107452 18
    endloop
  endfacet
  facet normal 0.7409511254180547 0.671558954777403 0
    outer loop
      vertex 112.08651573956013 91.98702620714903 18
      vertex 111.34957291732086 92.80011731348077 17.990000000000002
      vertex 111.34957291732086 92.80011731348077 18
    endloop
  endfacet
  facet normal 0.9039892929716886 0.4275550937511404 -4.590474517650121e-16
    outer loop
      vertex 127.87858332693577 68.35252683609724 4
      vertex 133.2091277406671 57.08203761458902 17.990000000000002
      vertex 133.9582515071291 55.4981484880419 14.99
    endloop
  endfacet
  facet normal 0.8577286101123834 0.5141027440061751 -1.3191274883694345e-14
    outer loop
      vertex 120.56309378147125 80.55768378823996 4
      vertex 123.48985378248882 75.6746797251941 14.99
      vertex 124.38957694309701 74.17358231804803 17.990000000000002
    endloop
  endfacet
  facet normal 0.8577286101123716 0.5141027440061952 -2.995858043772633e-16
    outer loop
      vertex 120.56309378147125 80.55768378823996 4
      vertex 124.38957694309701 74.17358231804803 17.990000000000002
      vertex 127.87858332693577 68.35252683609724 18
    endloop
  endfacet
  facet normal 0.9039892929716884 0.42755509375114087 0
    outer loop
      vertex 127.87858332693577 68.35252683609724 4
      vertex 127.87858332693577 68.35252683609724 18
      vertex 133.2091277406671 57.08203761458902 17.990000000000002
    endloop
  endfacet
  facet normal 0.9415440651112397 0.3368898535928346 0
    outer loop
      vertex 133.96253221482038 55.48909769207239 14.990000001819572
      vertex 134.37540075659342 54.33520741894069 7
      vertex 133.96253221482038 55.48909769207239 7
    endloop
  endfacet
  facet normal 0.9415440651112394 0.3368898535928356 -1.6097215999527222e-16
    outer loop
      vertex 133.96253221482038 55.48909769207239 14.990000001819572
      vertex 134.63712449758967 53.603738565231744 7
      vertex 134.37540075659342 54.33520741894069 7
    endloop
  endfacet
  facet normal 0.903989292971689 0.42755509375113954 -1.4339228710431225e-15
    outer loop
      vertex 133.96253221482038 55.48909769207239 7
      vertex 133.1063907669809 57.29925669480119 7
      vertex 133.96253221436604 55.48909769303306 14.99
    endloop
  endfacet
  facet normal 0.9039939024511838 0.42754534768966806 0
    outer loop
      vertex 133.96253221482038 55.48909769207239 7
      vertex 133.96253221436604 55.48909769303306 14.99
      vertex 133.96253221482038 55.48909769207239 14.990000001819572
    endloop
  endfacet
  facet normal 0.9039892929709537 0.4275550937526945 4.302310022884353e-13
    outer loop
      vertex 133.1063907669809 57.29925669480119 7
      vertex 133.9582515071291 55.4981484880419 14.99
      vertex 133.96253221436604 55.48909769303306 14.99
    endloop
  endfacet
  facet normal 0 0 1
    outer loop
      vertex 127.87858332693577 68.35252683609724 18
      vertex 123.46897701174021 65.99554315209389 18
      vertex 128.58973007923447 55.16862045322906 18
    endloop
  endfacet
  facet normal 0 0 1
    outer loop
      vertex 127.87858332693577 68.35252683609724 18
      vertex 128.58973007923447 55.16862045322906 18
      vertex 133.2091277406671 57.08203761458902 18
    endloop
  endfacet
  facet normal 0.9039892929716884 0.4275550937511408 0
    outer loop
      vertex 127.87858332693577 68.35252683609724 18
      vertex 133.2091277406671 57.08203761458902 18
      vertex 133.2091277406671 57.08203761458902 17.990000000000002
    endloop
  endfacet
  facet normal 0 0 1
    outer loop
      vertex 127.87858332693577 68.35252683609724 18
      vertex 124.38957694309701 74.17358231804803 18
      vertex 123.46897701174021 65.99554315209389 18
    endloop
  endfacet
  facet normal 0 0 1
    outer loop
      vertex 124.38957694309701 74.17358231804803 18
      vertex 120.13130612644771 71.56411060549208 18
      vertex 123.46897701174021 65.99554315209389 18
    endloop
  endfacet
  facet normal 0.8577286101123714 0.5141027440061952 0
    outer loop
      vertex 127.87858332693577 68.35252683609724 18
      vertex 124.38957694309701 74.17358231804803 17.990000000000002
      vertex 124.38957694309701 74.17358231804803 18
    endloop
  endfacet
  facet normal 0.8577286101117293 0.5141027440072663 6.141793168940381e-13
    outer loop
      vertex 120.56309378147125 80.55768378823996 4
      vertex 123.48471250728534 75.6832574246635 14.99
      vertex 123.48985378248882 75.6746797251941 14.99
    endloop
  endfacet
  facet normal 0.8577286101123709 0.5141027440061962 -4.221850577793893e-15
    outer loop
      vertex 120.56309378147125 80.55768378823996 18
      vertex 122.58498934667715 77.18435483180957 17.990000000000002
      vertex 123.48471250728534 75.6832574246635 14.99
    endloop
  endfacet
  facet normal 0 0 1
    outer loop
      vertex 60.77884554520797 51.923188934928305 14.99
      vertex 56.979747790782774 48.67845292068611 14.99
      vertex 56.98646629408605 48.67104019459375 14.99
    endloop
  endfacet
  facet normal 0 0 1
    outer loop
      vertex 60.77884554520797 51.923188934928305 14.99
      vertex 56.98646629408605 48.67104019459375 14.99
      vertex 60.78556404852305 51.91577620884602 14.99
    endloop
  endfacet
  facet normal 0.5609795213772796 -0.656822629202607 0.5038710255240848
    outer loop
      vertex 60.77884554520797 51.923188934928305 14.99
      vertex 55.80400971271007 49.975679986849144 17.990000000000002
      vertex 56.979747790782774 48.67845292068611 14.99
    endloop
  endfacet
  facet normal 0.6494480483301842 -0.7604059656000306 0
    outer loop
      vertex 59.603107465070345 53.22041599932773 17.990000000000002
      vertex 55.80400971271007 49.975679986849144 18
      vertex 55.80400971271007 49.975679986849144 17.990000000000002
    endloop
  endfacet
  facet normal -0.5609795213772785 0.6568226292026068 0.5038710255240862
    outer loop
      vertex 61.84083627164364 50.75146273523569 17.682620680442014
      vertex 60.78556404852305 51.91577620884602 14.99
      vertex 56.98646629408605 48.67104019459375 14.99
    endloop
  endfacet
  facet normal -0.5609795213772787 0.6568226292026065 0.5038710255240866
    outer loop
      vertex 61.84083627164364 50.75146273523569 17.682620680442014
      vertex 56.98646629408605 48.67104019459375 14.99
      vertex 57.97578400373459 47.579496309161186 17.514331893554665
    endloop
  endfacet
  facet normal -0.560979521377279 0.656822629202607 0.5038710255240856
    outer loop
      vertex 61.947900619062565 50.60710317394279 17.990000000000002
      vertex 57.97578400373459 47.579496309161186 17.514331893554665
      vertex 58.141465597190205 47.3561005412899 17.990000000000002
    endloop
  endfacet
  facet normal -0.6494480483301837 0.7604059656000309 0
    outer loop
      vertex 58.141465597190205 47.3561005412899 18
      vertex 61.947900619062565 50.60710317394279 18
      vertex 58.141465597190205 47.3561005412899 17.990000000000002
    endloop
  endfacet
  facet normal -0.5609795213772792 0.6568226292026074 0.5038710255240848
    outer loop
      vertex 61.84083627164364 50.75146273523569 17.682620680442014
      vertex 57.97578400373459 47.579496309161186 17.514331893554665
      vertex 61.947900619062565 50.60710317394279 17.990000000000002
    endloop
  endfacet
  facet normal -0.6494480483301837 0.7604059656000309 0
    outer loop
      vertex 61.947900619062565 50.60710317394279 17.990000000000002
      vertex 58.141465597190205 47.3561005412899 17.990000000000002
      vertex 61.947900619062565 50.60710317394279 18
    endloop
  endfacet
  facet normal 0.5609795213772796 -0.6568226292026069 0.503871025524085
    outer loop
      vertex 60.77884554520797 51.923188934928305 14.99
      vertex 59.603107465070345 53.22041599932773 17.990000000000002
      vertex 55.80400971271007 49.975679986849144 17.990000000000002
    endloop
  endfacet
  facet normal 0.6494480483301842 -0.7604059656000306 0
    outer loop
      vertex 59.603107465070345 53.22041599932773 17.990000000000002
      vertex 59.603107465070345 53.22041599932773 18
      vertex 55.80400971271007 49.975679986849144 18
    endloop
  endfacet
  facet normal 0 0 1
    outer loop
      vertex 106.36801857582648 90.86002108663153 14.99
      vertex 106.37473707914452 90.85260836055178 14.99
      vertex 110.16711633554965 94.10475710539862 14.99
    endloop
  endfacet
  facet normal 0 0 1
    outer loop
      vertex 106.37473707914452 90.85260836055178 14.99
      vertex 110.17383483885517 94.09734437930817 14.99
      vertex 110.16711633554965 94.10475710539862 14.99
    endloop
  endfacet
  facet normal 0.560979521377278 -0.6568226292026056 0.5038710255240882
    outer loop
      vertex 106.36801857582648 90.86002108663153 14.99
      vertex 110.16711633554965 94.10475710539862 14.99
      vertex 105.19228049516919 92.15724815058714 17.990000000000002
    endloop
  endfacet
  facet normal -0.5609795213772782 0.6568226292026074 0.5038710255240859
    outer loop
      vertex 106.37473707914452 90.85260836055178 14.99
      vertex 107.55047515980182 89.5553812965962 17.990000000000002
      vertex 110.17383483885517 94.09734437930817 14.99
    endloop
  endfacet
  facet normal 0.6494480483301833 -0.7604059656000313 0
    outer loop
      vertex 105.19228049516919 92.15724815058714 17.990000000000002
      vertex 108.99137825708395 95.40198417122602 17.990000000000002
      vertex 105.19228049516919 92.15724815058714 18
    endloop
  endfacet
  facet normal -0.5609795213772787 0.6568226292026075 0.5038710255240855
    outer loop
      vertex 107.55047515980182 89.5553812965962 17.990000000000002
      vertex 111.34957291732086 92.80011731348077 17.990000000000002
      vertex 110.17383483885517 94.09734437930817 14.99
    endloop
  endfacet
  facet normal -0.6494480483301832 0.7604059656000313 0
    outer loop
      vertex 107.55047515980182 89.5553812965962 17.990000000000002
      vertex 107.55047515980182 89.5553812965962 18
      vertex 111.34957291732086 92.80011731348077 18
    endloop
  endfacet
  facet normal -0.6494480483301832 0.7604059656000313 0
    outer loop
      vertex 107.55047515980182 89.5553812965962 17.990000000000002
      vertex 111.34957291732086 92.80011731348077 18
      vertex 111.34957291732086 92.80011731348077 17.990000000000002
    endloop
  endfacet
  facet normal 0.560979521377278 -0.6568226292026065 0.5038710255240875
    outer loop
      vertex 105.19228049516919 92.15724815058714 17.990000000000002
      vertex 110.16711633554965 94.10475710539862 14.99
      vertex 108.99137825708395 95.40198417122602 17.990000000000002
    endloop
  endfacet
  facet normal 0.6494480483301833 -0.7604059656000313 0
    outer loop
      vertex 108.99137825708395 95.40198417122602 18
      vertex 105.19228049516919 92.15724815058714 18
      vertex 108.99137825708395 95.40198417122602 17.990000000000002
    endloop
  endfacet
  facet normal 0 0 1
    outer loop
      vertex 79.69188193829046 6.271887128609443 14.99
      vertex 74.71064843471743 5.889886471771098 14.99
      vertex 74.71113932435101 5.879894183638295 14.99
    endloop
  endfacet
  facet normal 0 0 1
    outer loop
      vertex 79.69188193829046 6.271887128609443 14.99
      vertex 79.69139104866707 6.281879416743047 14.99
      vertex 74.71064843471743 5.889886471771098 14.99
    endloop
  endfacet
  facet normal -0.06777131147328305 0.8611161588185983 0.5038710255240859
    outer loop
      vertex 79.69188193829046 6.271887128609443 14.99
      vertex 74.71113932435101 5.879894183638295 14.99
      vertex 79.77778762238442 4.523236705228629 17.990000000000002
    endloop
  endfacet
  facet normal -0.0677713114732829 0.8611161588185983 0.5038710255240858
    outer loop
      vertex 79.77778762238442 4.523236705228629 17.990000000000002
      vertex 74.71113932435101 5.879894183638295 14.99
      vertex 74.79704501022826 4.1312437603978305 17.990000000000002
    endloop
  endfacet
  facet normal -0.07845909572784496 0.9969173337331281 0
    outer loop
      vertex 74.79704501022826 4.1312437603978305 18
      vertex 79.77778762238442 4.523236705228629 18
      vertex 74.79704501022826 4.1312437603978305 17.990000000000002
    endloop
  endfacet
  facet normal -0.07845909572784496 0.9969173337331281 0
    outer loop
      vertex 79.77778762238442 4.523236705228629 17.990000000000002
      vertex 74.79704501022826 4.1312437603978305 17.990000000000002
      vertex 79.77778762238442 4.523236705228629 18
    endloop
  endfacet
  facet normal 0.06777131147328291 -0.8611161588185982 0.5038710255240859
    outer loop
      vertex 79.69139104866707 6.281879416743047 14.99
      vertex 74.63885450363159 7.351285524666309 17.497189030132837
      vertex 74.71064843471743 5.889886471771098 14.99
    endloop
  endfacet
  facet normal 0.06777131147328302 -0.8611161588185979 0.5038710255240861
    outer loop
      vertex 79.69139104866707 6.281879416743047 14.99
      vertex 79.61477813124657 7.841371223330498 17.66547781832635
      vertex 74.63885450363159 7.351285524666309 17.497189030132837
    endloop
  endfacet
  facet normal 0.06777131147328308 -0.8611161588185982 0.5038710255240858
    outer loop
      vertex 79.61477813124657 7.841371223330498 17.66547781832635
      vertex 74.59657364217139 7.636319938237006 17.990000000000002
      vertex 74.63885450363159 7.351285524666309 17.497189030132837
    endloop
  endfacet
  facet normal 0.07845909572784497 -0.9969173337331281 0
    outer loop
      vertex 79.58693565581457 8.029069946383464 17.990000000000002
      vertex 74.59657364217139 7.636319938237006 18
      vertex 74.59657364217139 7.636319938237006 17.990000000000002
    endloop
  endfacet
  facet normal 0.067771311473283 -0.8611161588185994 0.5038710255240839
    outer loop
      vertex 79.61477813124657 7.841371223330498 17.66547781832635
      vertex 79.58693565581457 8.029069946383464 17.990000000000002
      vertex 74.59657364217139 7.636319938237006 17.990000000000002
    endloop
  endfacet
  facet normal 0.07845909572784497 -0.9969173337331281 0
    outer loop
      vertex 79.58693565581457 8.029069946383464 17.990000000000002
      vertex 79.58693565581457 8.029069946383464 18
      vertex 74.59657364217139 7.636319938237006 18
    endloop
  endfacet
  facet normal 0 0 1
    outer loop
      vertex 139.46030251161383 10.985794763926458 14.99
      vertex 139.46079340124314 10.97580247579332 14.99
      vertex 144.44153602007162 11.367795421149243 14.99
    endloop
  endfacet
  facet normal 0 0 1
    outer loop
      vertex 139.46030251161383 10.985794763926458 14.99
      vertex 144.44153602007162 11.367795421149243 14.99
      vertex 144.4410451304319 11.37778770928156 14.99
    endloop
  endfacet
  facet normal 0.06777131147328289 -0.861116158818598 0.5038710255240864
    outer loop
      vertex 139.46030251161383 10.985794763926458 14.99
      vertex 144.4410451304319 11.37778770928156 14.99
      vertex 139.3743968264817 12.734445187225568 17.990000000000002
    endloop
  endfacet
  facet normal -0.06777131147328318 0.8611161588185983 0.5038710255240859
    outer loop
      vertex 139.46079340124314 10.97580247579332 14.99
      vertex 144.52744170702672 9.619144997993606 17.990000000000002
      vertex 144.44153602007162 11.367795421149243 14.99
    endloop
  endfacet
  facet normal -0.0784590957278453 0.996917333733128 0
    outer loop
      vertex 139.54669908637527 9.227152052494212 17.990000000000002
      vertex 139.54669908637527 9.227152052494212 18
      vertex 144.52744170702672 9.619144997993606 18
    endloop
  endfacet
  facet normal -0.06777131147328318 0.8611161588185982 0.5038710255240859
    outer loop
      vertex 139.46079340124314 10.97580247579332 14.99
      vertex 139.54669908637527 9.227152052494212 17.990000000000002
      vertex 144.52744170702672 9.619144997993606 17.990000000000002
    endloop
  endfacet
  facet normal -0.0784590957278453 0.996917333733128 0
    outer loop
      vertex 139.54669908637527 9.227152052494212 17.990000000000002
      vertex 144.52744170702672 9.619144997993606 18
      vertex 144.52744170702672 9.619144997993606 17.990000000000002
    endloop
  endfacet
  facet normal 0.06777131147328284 -0.861116158818598 0.5038710255240862
    outer loop
      vertex 139.3743968264817 12.734445187225568 17.990000000000002
      vertex 144.4410451304319 11.37778770928156 14.99
      vertex 144.3551394434768 13.126438132437197 17.990000000000002
    endloop
  endfacet
  facet normal 0.07845909572784489 -0.9969173337331281 0
    outer loop
      vertex 139.3743968264817 12.734445187225568 17.990000000000002
      vertex 144.3551394434768 13.126438132437197 17.990000000000002
      vertex 139.3743968264817 12.734445187225568 18
    endloop
  endfacet
  facet normal 0.07845909572784489 -0.9969173337331281 0
    outer loop
      vertex 144.3551394434768 13.126438132437197 18
      vertex 139.3743968264817 12.734445187225568 18
      vertex 144.3551394434768 13.126438132437197 17.990000000000002
    endloop
  endfacet
  facet normal 0 0 1
    outer loop
      vertex 77.6972071639344 18.66373323184472 14.99
      vertex 72.8409798472735 17.49785620384981 14.99
      vertex 72.84340976616922 17.48815542382631 14.99
    endloop
  endfacet
  facet normal 0.20164517981128893 -0.839912621107802 0.5038710255240868
    outer loop
      vertex 77.6972071639344 18.66373323184472 14.99
      vertex 72.41574404052201 19.1954927079626 17.990000000000002
      vertex 72.8409798472735 17.49785620384981 14.99
    endloop
  endfacet
  facet normal -0.20164517981128907 0.8399126211078025 0.5038710255240857
    outer loop
      vertex 78.12487289057978 16.956395947948078 17.990000000000002
      vertex 72.84340976616922 17.48815542382631 14.99
      vertex 73.2686455729207 15.790518919713525 17.990000000000002
    endloop
  endfacet
  facet normal -0.23344536385590559 0.9723699203976766 0
    outer loop
      vertex 73.2686455729207 15.790518919713525 18
      vertex 78.12487289057978 16.956395947948078 18
      vertex 73.2686455729207 15.790518919713525 17.990000000000002
    endloop
  endfacet
  facet normal 0.20164517981128904 -0.8399126211078016 0.503871025524087
    outer loop
      vertex 77.6972071639344 18.66373323184472 14.99
      vertex 77.27197135619039 20.36136973571923 17.990000000000002
      vertex 72.41574404052201 19.1954927079626 17.990000000000002
    endloop
  endfacet
  facet normal 0.23344536385590578 -0.9723699203976764 0
    outer loop
      vertex 77.27197135619039 20.36136973571923 17.990000000000002
      vertex 72.41574404052201 19.1954927079626 18
      vertex 72.41574404052201 19.1954927079626 17.990000000000002
    endloop
  endfacet
  facet normal 0.23344536385590578 -0.9723699203976764 0
    outer loop
      vertex 77.27197135619039 20.36136973571923 17.990000000000002
      vertex 77.27197135619039 20.36136973571923 18
      vertex 72.41574404052201 19.1954927079626 18
    endloop
  endfacet
  facet normal 0 0 1
    outer loop
      vertex 77.6972071639344 18.66373323184472 14.99
      vertex 72.84340976616922 17.48815542382631 14.99
      vertex 77.69963708283578 18.65403245182258 14.99
    endloop
  endfacet
  facet normal -0.20164517981128902 0.8399126211078027 0.5038710255240856
    outer loop
      vertex 77.69963708283578 18.65403245182258 14.99
      vertex 72.84340976616922 17.48815542382631 14.99
      vertex 78.12487289057978 16.956395947948078 17.990000000000002
    endloop
  endfacet
  facet normal -0.23344536385590559 0.9723699203976766 0
    outer loop
      vertex 78.12487289057978 16.956395947948078 17.990000000000002
      vertex 73.2686455729207 15.790518919713525 17.990000000000002
      vertex 78.12487289057978 16.956395947948078 18
    endloop
  endfacet
  facet normal 0 0 1
    outer loop
      vertex 135.9719349825652 32.65425757227312 14.99
      vertex 135.97436490146592 32.64455679225083 14.99
      vertex 140.82816230099058 33.820134600691645 14.99
    endloop
  endfacet
  facet normal 0 0 1
    outer loop
      vertex 135.97436490146592 32.64455679225083 14.99
      vertex 140.8305922198881 33.810433820668585 14.99
      vertex 140.82816230099058 33.820134600691645 14.99
    endloop
  endfacet
  facet normal -0.20164517981128915 0.8399126211078015 0.5038710255240871
    outer loop
      vertex 135.97436490146592 32.64455679225083 14.99
      vertex 136.3996007090978 30.946920288349403 17.990000000000002
      vertex 141.25582802695635 32.11279731663185 17.990000000000002
    endloop
  endfacet
  facet normal -0.23344536385590597 0.9723699203976764 0
    outer loop
      vertex 136.3996007090978 30.946920288349403 17.990000000000002
      vertex 136.3996007090978 30.946920288349403 18
      vertex 141.25582802695635 32.11279731663185 18
    endloop
  endfacet
  facet normal 0.20164517981128863 -0.8399126211078018 0.5038710255240871
    outer loop
      vertex 135.9719349825652 32.65425757227312 14.99
      vertex 140.82816230099058 33.820134600691645 14.99
      vertex 135.5466991749333 34.351894076174545 17.990000000000002
    endloop
  endfacet
  facet normal 0.2016451798112886 -0.8399126211078018 0.5038710255240871
    outer loop
      vertex 135.5466991749333 34.351894076174545 17.990000000000002
      vertex 140.82816230099058 33.820134600691645 14.99
      vertex 140.40292649392234 35.51777110472839 17.990000000000002
    endloop
  endfacet
  facet normal 0.23344536385590525 -0.9723699203976766 0
    outer loop
      vertex 135.5466991749333 34.351894076174545 17.990000000000002
      vertex 140.40292649392234 35.51777110472839 17.990000000000002
      vertex 135.5466991749333 34.351894076174545 18
    endloop
  endfacet
  facet normal 0.23344536385590525 -0.9723699203976766 0
    outer loop
      vertex 140.40292649392234 35.51777110472839 18
      vertex 135.5466991749333 34.351894076174545 18
      vertex 140.40292649392234 35.51777110472839 17.990000000000002
    endloop
  endfacet
  facet normal -0.23344536385590597 0.9723699203976764 0
    outer loop
      vertex 136.3996007090978 30.946920288349403 17.990000000000002
      vertex 141.25582802695635 32.11279731663185 18
      vertex 141.25582802695635 32.11279731663185 17.990000000000002
    endloop
  endfacet
  facet normal -0.20164517981128824 0.8399126211078027 0.5038710255240856
    outer loop
      vertex 135.97436490146592 32.64455679225083 14.99
      vertex 141.25582802695635 32.11279731663185 17.990000000000002
      vertex 140.8305922198881 33.810433820668585 14.99
    endloop
  endfacet
  facet normal 0.5224985647159495 -0.8526401643540918 0
    outer loop
      vertex 67.22746868684277 43.26122254199049 17.990000000000002
      vertex 62.969197868341205 40.651750828299456 18
      vertex 62.969197868341205 40.651750828299456 17.990000000000002
    endloop
  endfacet
  facet normal 0 0 1
    outer loop
      vertex 68.13233312261256 41.751547435349366 14.99
      vertex 63.86892102824383 39.15065342072103 14.99
      vertex 63.87406230344328 39.14207572124915 14.99
    endloop
  endfacet
  facet normal 0 0 1
    outer loop
      vertex 68.12719184740934 41.76012513481892 14.99
      vertex 63.86892102824383 39.15065342072103 14.99
      vertex 68.13233312261256 41.751547435349366 14.99
    endloop
  endfacet
  facet normal 0.45132323595135165 -0.7364925840276383 0.5038710255240845
    outer loop
      vertex 68.12719184740934 41.76012513481892 14.99
      vertex 62.969197868341205 40.651750828299456 17.990000000000002
      vertex 63.86892102824383 39.15065342072103 14.99
    endloop
  endfacet
  facet normal -0.45132323595135176 0.7364925840276365 0.503871025524087
    outer loop
      vertex 68.13233312261256 41.751547435349366 14.99
      vertex 63.87406230344328 39.14207572124915 14.99
      vertex 69.03205628317914 40.250450028177795 17.990000000000002
    endloop
  endfacet
  facet normal -0.4513232359513516 0.736492584027637 0.5038710255240867
    outer loop
      vertex 69.03205628317914 40.250450028177795 17.990000000000002
      vertex 63.87406230344328 39.14207572124915 14.99
      vertex 64.77378546334592 37.640978313670715 17.990000000000002
    endloop
  endfacet
  facet normal -0.5224985647159494 0.852640164354092 0
    outer loop
      vertex 64.77378546334592 37.640978313670715 18
      vertex 69.03205628317914 40.250450028177795 18
      vertex 64.77378546334592 37.640978313670715 17.990000000000002
    endloop
  endfacet
  facet normal 0.45132323595135204 -0.7364925840276375 0.5038710255240855
    outer loop
      vertex 68.12719184740934 41.76012513481892 14.99
      vertex 67.22746868684277 43.26122254199049 17.990000000000002
      vertex 62.969197868341205 40.651750828299456 17.990000000000002
    endloop
  endfacet
  facet normal 0.5224985647159495 -0.8526401643540918 0
    outer loop
      vertex 67.22746868684277 43.26122254199049 17.990000000000002
      vertex 67.22746868684277 43.26122254199049 18
      vertex 62.969197868341205 40.651750828299456 18
    endloop
  endfacet
  facet normal -0.5224985647159494 0.852640164354092 0
    outer loop
      vertex 69.03205628317914 40.250450028177795 17.990000000000002
      vertex 64.77378546334592 37.640978313670715 17.990000000000002
      vertex 69.03205628317914 40.250450028177795 18
    endloop
  endfacet
  facet normal 0 0 1
    outer loop
      vertex 119.22644169029418 73.07378571189804 14.99
      vertex 119.2315829654996 73.06520801242984 14.99
      vertex 123.48985378248882 75.6746797251941 14.99
    endloop
  endfacet
  facet normal 0.4513232359513517 -0.7364925840276376 0.5038710255240858
    outer loop
      vertex 119.22644169029418 73.07378571189804 14.99
      vertex 123.48471250728534 75.6832574246635 14.99
      vertex 118.32671852934607 74.5748831188358 17.990000000000002
    endloop
  endfacet
  facet normal -0.4513232359513508 0.7364925840276381 0.5038710255240858
    outer loop
      vertex 119.2315829654996 73.06520801242984 14.99
      vertex 120.13130612644771 71.56411060549208 17.990000000000002
      vertex 124.38957694309701 74.17358231804803 17.990000000000002
    endloop
  endfacet
  facet normal -0.5224985647159481 0.8526401643540926 0
    outer loop
      vertex 120.13130612644771 71.56411060549208 17.990000000000002
      vertex 120.13130612644771 71.56411060549208 18
      vertex 124.38957694309701 74.17358231804803 18
    endloop
  endfacet
  facet normal 0.4513232359513525 -0.7364925840276356 0.5038710255240879
    outer loop
      vertex 118.32671852934607 74.5748831188358 17.990000000000002
      vertex 123.48471250728534 75.6832574246635 14.99
      vertex 122.58498934667715 77.18435483180957 17.990000000000002
    endloop
  endfacet
  facet normal 0.5224985647159508 -0.8526401643540911 0
    outer loop
      vertex 118.32671852934607 74.5748831188358 17.990000000000002
      vertex 122.58498934667715 77.18435483180957 17.990000000000002
      vertex 118.32671852934607 74.5748831188358 18
    endloop
  endfacet
  facet normal 0.5224985647159508 -0.8526401643540911 0
    outer loop
      vertex 122.58498934667715 77.18435483180957 18
      vertex 118.32671852934607 74.5748831188358 18
      vertex 122.58498934667715 77.18435483180957 17.990000000000002
    endloop
  endfacet
  facet normal 0 0 1
    outer loop
      vertex 119.22644169029418 73.07378571189804 14.99
      vertex 123.48985378248882 75.6746797251941 14.99
      vertex 123.48471250728534 75.6832574246635 14.99
    endloop
  endfacet
  facet normal -0.45132323595135065 0.7364925840276385 0.5038710255240854
    outer loop
      vertex 119.2315829654996 73.06520801242984 14.99
      vertex 124.38957694309701 74.17358231804803 17.990000000000002
      vertex 123.48985378248882 75.6746797251941 14.99
    endloop
  endfacet
  facet normal -0.5224985647159481 0.8526401643540926 0
    outer loop
      vertex 120.13130612644771 71.56411060549208 17.990000000000002
      vertex 124.38957694309701 74.17358231804803 18
      vertex 124.38957694309701 74.17358231804803 17.990000000000002
    endloop
  endfacet
  facet normal 0 0 1
    outer loop
      vertex 73.9060818945046 30.623725384563375 14.99
      vertex 69.28668423244646 28.710308222944334 14.99
      vertex 69.2909649387002 28.701257430016994 14.99
    endloop
  endfacet
  facet normal 0 0 1
    outer loop
      vertex 73.91036260164311 30.614674589513776 14.99
      vertex 69.2909649387002 28.701257430016994 14.99
      vertex 69.29096493947574 28.701257427849484 14.99
    endloop
  endfacet
  facet normal 0 0 1
    outer loop
      vertex 73.9060818945046 30.623725384563375 14.99
      vertex 69.2909649387002 28.701257430016994 14.99
      vertex 73.91036260128021 30.61467459052801 14.99
    endloop
  endfacet
  facet normal 0 0 1
    outer loop
      vertex 73.91036260164311 30.614674589513776 14.99
      vertex 73.91036260128021 30.61467459052801 14.99
      vertex 69.2909649387002 28.701257430016994 14.99
    endloop
  endfacet
  facet normal 0.38268343236509056 -0.9238795325112865 0
    outer loop
      vertex 73.15695812817152 32.2076145111639 17.990000000000002
      vertex 68.5375604657965 30.294197349413587 18
      vertex 68.5375604657965 30.294197349413587 17.990000000000002
    endloop
  endfacet
  facet normal 0.3305538746003568 -0.7980276471551591 0.5038710255240847
    outer loop
      vertex 73.9060818945046 30.623725384563375 14.99
      vertex 68.5375604657965 30.294197349413587 17.990000000000002
      vertex 69.28668423244646 28.710308222944334 14.99
    endloop
  endfacet
  facet normal -0.33055387460035685 0.7980276471551581 0.5038710255240861
    outer loop
      vertex 73.91036260164311 30.614674589513776 14.99
      vertex 69.29096493947574 28.701257427849484 14.99
      vertex 74.50063084799136 28.96498535207771 17.990000000000002
    endloop
  endfacet
  facet normal -0.33055387460035723 0.7980276471551573 0.5038710255240869
    outer loop
      vertex 74.50063084799136 28.96498535207771 17.990000000000002
      vertex 69.29096493947574 28.701257427849484 14.99
      vertex 69.88123318653435 27.051568190707656 17.990000000000002
    endloop
  endfacet
  facet normal -0.38268343236509 0.9238795325112866 0
    outer loop
      vertex 69.88123318653435 27.051568190707656 18
      vertex 74.50063084799136 28.96498535207771 18
      vertex 69.88123318653435 27.051568190707656 17.990000000000002
    endloop
  endfacet
  facet normal -0.38268343236509 0.9238795325112866 0
    outer loop
      vertex 74.50063084799136 28.96498535207771 17.990000000000002
      vertex 69.88123318653435 27.051568190707656 17.990000000000002
      vertex 74.50063084799136 28.96498535207771 18
    endloop
  endfacet
  facet normal 0.33055387460035784 -0.7980276471551574 0.5038710255240867
    outer loop
      vertex 73.9060818945046 30.623725384563375 14.99
      vertex 73.15695812817152 32.2076145111639 17.990000000000002
      vertex 68.5375604657965 30.294197349413587 17.990000000000002
    endloop
  endfacet
  facet normal 0.38268343236509056 -0.9238795325112865 0
    outer loop
      vertex 73.15695812817152 32.2076145111639 17.990000000000002
      vertex 73.15695812817152 32.2076145111639 18
      vertex 68.5375604657965 30.294197349413587 18
    endloop
  endfacet
  facet normal 0 0 1
    outer loop
      vertex 129.343134552295 53.57568053140867 14.99
      vertex 133.96253221436604 55.48909769303306 14.99
      vertex 129.34313455224037 53.575680531561375 14.99
    endloop
  endfacet
  facet normal 0 0 1
    outer loop
      vertex 129.33885384507633 53.58473132642507 14.99
      vertex 129.34313455224037 53.575680531561375 14.99
      vertex 133.9582515071291 55.4981484880419 14.99
    endloop
  endfacet
  facet normal 0 0 1
    outer loop
      vertex 129.34313455224037 53.575680531561375 14.99
      vertex 133.96253221436604 55.48909769303306 14.99
      vertex 133.9582515071291 55.4981484880419 14.99
    endloop
  endfacet
  facet normal -0.330554164857052 0.7980283478968083 0.5038697252750431
    outer loop
      vertex 129.343134552295 53.57568053140867 14.99
      vertex 133.96253221482038 55.48909769207239 14.990000001819572
      vertex 133.96253221436604 55.48909769303306 14.99
    endloop
  endfacet
  facet normal 0.330553874600358 -0.7980276471551571 0.5038710255240867
    outer loop
      vertex 129.33885384507633 53.58473132642507 14.99
      vertex 133.9582515071291 55.4981484880419 14.99
      vertex 128.58973007923447 55.16862045322906 17.990000000000002
    endloop
  endfacet
  facet normal -0.3305538746003571 0.7980276471551573 0.503871025524087
    outer loop
      vertex 129.343134552295 53.57568053140867 14.99
      vertex 134.55280046219877 53.83940845621189 17.990000000000002
      vertex 133.96253221482038 55.48909769207239 14.990000001819572
    endloop
  endfacet
  facet normal 0.3826834323650907 -0.9238795325112863 0
    outer loop
      vertex 128.58973007923447 55.16862045322906 17.990000000000002
      vertex 133.2091277406671 57.08203761458902 17.990000000000002
      vertex 128.58973007923447 55.16862045322906 18
    endloop
  endfacet
  facet normal -0.33055387460035607 0.798027647155159 0.5038710255240851
    outer loop
      vertex 129.343134552295 53.57568053140867 14.99
      vertex 129.933402799634 51.925991294382996 17.990000000000002
      vertex 134.55280046219877 53.83940845621189 17.990000000000002
    endloop
  endfacet
  facet normal -0.38268343236508817 0.9238795325112875 0
    outer loop
      vertex 129.933402799634 51.925991294382996 17.990000000000002
      vertex 129.933402799634 51.925991294382996 18
      vertex 134.55280046219877 53.83940845621189 18
    endloop
  endfacet
  facet normal -0.38268343236508817 0.9238795325112875 0
    outer loop
      vertex 129.933402799634 51.925991294382996 17.990000000000002
      vertex 134.55280046219877 53.83940845621189 18
      vertex 134.55280046219877 53.83940845621189 17.990000000000002
    endloop
  endfacet
  facet normal 0.33055387460035796 -0.7980276471551573 0.5038710255240866
    outer loop
      vertex 128.58973007923447 55.16862045322906 17.990000000000002
      vertex 133.9582515071291 55.4981484880419 14.99
      vertex 133.2091277406671 57.08203761458902 17.990000000000002
    endloop
  endfacet
  facet normal 0.3826834323650907 -0.9238795325112863 0
    outer loop
      vertex 133.2091277406671 57.08203761458902 18
      vertex 128.58973007923447 55.16862045322906 18
      vertex 133.2091277406671 57.08203761458902 17.990000000000002
    endloop
  endfacet
  facet normal 0.6552353783856908 0.7554247804459162 0
    outer loop
      vertex 96.24049755345925 19.8739635364809 9.9
      vertex 96.07369633648324 20.01864247917584 9.9
      vertex 96.07369633648324 20.01864247917584 10
    endloop
  endfacet
  facet normal 0.8463094015577936 0.5326916526799435 0
    outer loop
      vertex 95.7865086123431 20.353414412020435 9.9
      vertex 95.66888787995525 20.540283365451845 10
      vertex 95.7865086123431 20.353414412020435 10
    endloop
  endfacet
  facet normal 0.8944471029425001 0.447173769398171 0
    outer loop
      vertex 95.66888787995525 20.540283365451845 9.9
      vertex 95.57014988397458 20.73778134162813 9.9
      vertex 95.57014988397458 20.73778134162813 10
    endloop
  endfacet
  facet normal 0.9339707897713753 0.35734935826699543 0
    outer loop
      vertex 95.57014988397458 20.73778134162813 9.9
      vertex 95.49124552527807 20.944006327075332 10
      vertex 95.57014988397458 20.73778134162813 10
    endloop
  endfacet
  facet normal 0.8463094015577936 0.5326916526799435 0
    outer loop
      vertex 95.66888787995525 20.540283365451845 9.9
      vertex 95.66888787995525 20.540283365451845 10
      vertex 95.7865086123431 20.353414412020435 9.9
    endloop
  endfacet
  facet normal 0.8944471029425001 0.447173769398171 0
    outer loop
      vertex 95.66888787995525 20.540283365451845 9.9
      vertex 95.57014988397458 20.73778134162813 10
      vertex 95.66888787995525 20.540283365451845 10
    endloop
  endfacet
  facet normal 0.7900212779962938 0.6130794241475591 0
    outer loop
      vertex 95.7865086123431 20.353414412020435 9.9
      vertex 95.7865086123431 20.353414412020435 10
      vertex 95.9218793291872 20.1789741315084 9.9
    endloop
  endfacet
  facet normal 0.7900212779962938 0.6130794241475591 0
    outer loop
      vertex 95.9218793291872 20.1789741315084 9.9
      vertex 95.7865086123431 20.353414412020435 10
      vertex 95.9218793291872 20.1789741315084 10
    endloop
  endfacet
  facet normal 0.7261248176580379 0.6875629056174287 0
    outer loop
      vertex 95.9218793291872 20.1789741315084 9.9
      vertex 95.9218793291872 20.1789741315084 10
      vertex 96.07369633648324 20.01864247917584 9.9
    endloop
  endfacet
  facet normal 0.7261248176580379 0.6875629056174287 0
    outer loop
      vertex 95.9218793291872 20.1789741315084 10
      vertex 96.07369633648324 20.01864247917584 10
      vertex 96.07369633648324 20.01864247917584 9.9
    endloop
  endfacet
  facet normal 0 0 1
    outer loop
      vertex 95.43293469597349 21.156972262449557 9.9
      vertex 95.41378326771586 22.03466979356088 9.9
      vertex 95.39577896122297 21.374628169374123 9.9
    endloop
  endfacet
  facet normal 0 0 1
    outer loop
      vertex 95.39577896122297 21.374628169374123 9.9
      vertex 95.3861569143083 21.81560033644418 9.9
      vertex 95.38013615106354 21.594877902482523 9.9
    endloop
  endfacet
  facet normal 0.985740204310917 0.16827432841961248 0
    outer loop
      vertex 95.43293469597349 21.156972262449557 9.9
      vertex 95.39577896122297 21.374628169374123 9.9
      vertex 95.39577896122297 21.374628169374123 10
    endloop
  endfacet
  facet normal 0.985740204310917 0.16827432841961248 0
    outer loop
      vertex 95.43293469597349 21.156972262449557 9.9
      vertex 95.39577896122297 21.374628169374123 10
      vertex 95.43293469597349 21.156972262449557 10
    endloop
  endfacet
  facet normal 0.9974873642595156 0.07084460559989247 0
    outer loop
      vertex 95.39577896122297 21.374628169374123 9.9
      vertex 95.38013615106354 21.594877902482523 9.9
      vertex 95.38013615106354 21.594877902482523 10
    endloop
  endfacet
  facet normal 0.9974873642595156 0.07084460559989247 0
    outer loop
      vertex 95.39577896122297 21.374628169374123 9.9
      vertex 95.38013615106354 21.594877902482523 10
      vertex 95.39577896122297 21.374628169374123 10
    endloop
  endfacet
  facet normal 0 0 1
    outer loop
      vertex 95.39577896122297 21.374628169374123 9.9
      vertex 95.41378326771586 22.03466979356088 9.9
      vertex 95.3861569143083 21.81560033644418 9.9
    endloop
  endfacet
  facet normal 0.9996281756082495 -0.02726738949959653 0
    outer loop
      vertex 95.38013615106354 21.594877902482523 9.9
      vertex 95.3861569143083 21.81560033644418 9.9
      vertex 95.3861569143083 21.81560033644418 10
    endloop
  endfacet
  facet normal 0.9996281756082495 -0.02726738949959653 0
    outer loop
      vertex 95.38013615106354 21.594877902482523 9.9
      vertex 95.3861569143083 21.81560033644418 10
      vertex 95.38013615106354 21.594877902482523 10
    endloop
  endfacet
  facet normal 0.9921420211735443 -0.12511678473200202 0
    outer loop
      vertex 95.3861569143083 21.81560033644418 9.9
      vertex 95.41378326771586 22.03466979356088 9.9
      vertex 95.41378326771586 22.03466979356088 10
    endloop
  endfacet
  facet normal 0.9921420211735443 -0.12511678473200202 0
    outer loop
      vertex 95.3861569143083 21.81560033644418 9.9
      vertex 95.41378326771586 22.03466979356088 10
      vertex 95.3861569143083 21.81560033644418 10
    endloop
  endfacet
  facet normal 0.9339707897713753 0.35734935826699543 0
    outer loop
      vertex 95.49124552527807 20.944006327075332 9.9
      vertex 95.49124552527807 20.944006327075332 10
      vertex 95.57014988397458 20.73778134162813 9.9
    endloop
  endfacet
  facet normal 0.9644998273343749 0.2640834774686991 0
    outer loop
      vertex 95.49124552527807 20.944006327075332 9.9
      vertex 95.43293469597349 21.156972262449557 10
      vertex 95.49124552527807 20.944006327075332 10
    endloop
  endfacet
  facet normal 0.9644998273343749 0.2640834774686991 0
    outer loop
      vertex 95.49124552527807 20.944006327075332 9.9
      vertex 95.43293469597349 21.156972262449557 9.9
      vertex 95.43293469597349 21.156972262449557 10
    endloop
  endfacet
  facet normal 0 0 1
    outer loop
      vertex 95.49124552527807 20.944006327075332 9.9
      vertex 95.57014988397458 20.73778134162813 9.9
      vertex 95.53258300610705 22.459446979948616 9.9
    endloop
  endfacet
  facet normal 0 0 1
    outer loop
      vertex 95.49124552527807 20.944006327075332 9.9
      vertex 95.46274915440087 22.249976515205045 9.9
      vertex 95.43293469597349 21.156972262449557 9.9
    endloop
  endfacet
  facet normal 0 0 1
    outer loop
      vertex 95.66888787995525 20.540283365451845 9.9
      vertex 95.62261228466738 22.661063872707906 9.9
      vertex 95.57014988397458 20.73778134162813 9.9
    endloop
  endfacet
  facet normal 0 0 1
    outer loop
      vertex 95.66888787995525 20.540283365451845 9.9
      vertex 95.7865086123431 20.353414412020435 9.9
      vertex 95.73196995891435 22.85288551259064 9.9
    endloop
  endfacet
  facet normal 0 0 1
    outer loop
      vertex 95.7865086123431 20.353414412020435 9.9
      vertex 95.9218793291872 20.1789741315084 9.9
      vertex 95.85960285466396 23.033064552344374 9.9
    endloop
  endfacet
  facet normal 0 0 1
    outer loop
      vertex 95.9218793291872 20.1789741315084 9.9
      vertex 96.07369633648324 20.01864247917584 9.9
      vertex 96.00428179735887 23.199865769320393 9.9
    endloop
  endfacet
  facet normal 0 0 1
    outer loop
      vertex 95.43293469597349 21.156972262449557 9.9
      vertex 95.46274915440087 22.249976515205045 9.9
      vertex 95.41378326771586 22.03466979356088 9.9
    endloop
  endfacet
  facet normal 0 0 1
    outer loop
      vertex 95.49124552527807 20.944006327075332 9.9
      vertex 95.53258300610705 22.459446979948616 9.9
      vertex 95.46274915440087 22.249976515205045 9.9
    endloop
  endfacet
  facet normal 0 0 1
    outer loop
      vertex 95.57014988397458 20.73778134162813 9.9
      vertex 95.62261228466738 22.661063872707906 9.9
      vertex 95.53258300610705 22.459446979948616 9.9
    endloop
  endfacet
  facet normal 0 0 1
    outer loop
      vertex 95.66888787995525 20.540283365451845 9.9
      vertex 95.73196995891435 22.85288551259064 9.9
      vertex 95.62261228466738 22.661063872707906 9.9
    endloop
  endfacet
  facet normal 0.9751009967149001 -0.2217612369319951 0
    outer loop
      vertex 95.41378326771586 22.03466979356088 9.9
      vertex 95.46274915440087 22.249976515205045 9.9
      vertex 95.46274915440087 22.249976515205045 10
    endloop
  endfacet
  facet normal 0.9751009967149001 -0.2217612369319951 0
    outer loop
      vertex 95.41378326771586 22.03466979356088 9.9
      vertex 95.46274915440087 22.249976515205045 10
      vertex 95.41378326771586 22.03466979356088 10
    endloop
  endfacet
  facet normal 0.9486692166134845 -0.3162700071931541 0
    outer loop
      vertex 95.46274915440087 22.249976515205045 9.9
      vertex 95.53258300610705 22.459446979948616 9.9
      vertex 95.53258300610705 22.459446979948616 10
    endloop
  endfacet
  facet normal 0.9486692166134845 -0.3162700071931541 0
    outer loop
      vertex 95.46274915440087 22.249976515205045 9.9
      vertex 95.53258300610705 22.459446979948616 10
      vertex 95.46274915440087 22.249976515205045 10
    endloop
  endfacet
  facet normal 0 0 1
    outer loop
      vertex 95.7865086123431 20.353414412020435 9.9
      vertex 95.85960285466396 23.033064552344374 9.9
      vertex 95.73196995891435 22.85288551259064 9.9
    endloop
  endfacet
  facet normal 0 0 1
    outer loop
      vertex 95.9218793291872 20.1789741315084 9.9
      vertex 96.00428179735887 23.199865769320393 9.9
      vertex 95.85960285466396 23.033064552344374 9.9
    endloop
  endfacet
  facet normal 0 0 1
    outer loop
      vertex 96.00428179735887 23.199865769320393 9.9
      vertex 96.07369633648324 20.01864247917584 9.9
      vertex 96.16461344969144 23.3516827766164 9.9
    endloop
  endfacet
  facet normal 0.9131012333607548 -0.4077329243942271 0
    outer loop
      vertex 95.53258300610705 22.459446979948616 9.9
      vertex 95.62261228466738 22.661063872707906 9.9
      vertex 95.62261228466738 22.661063872707906 10
    endloop
  endfacet
  facet normal 0.9131012333607548 -0.4077329243942271 0
    outer loop
      vertex 95.53258300610705 22.459446979948616 9.9
      vertex 95.62261228466738 22.661063872707906 10
      vertex 95.53258300610705 22.459446979948616 10
    endloop
  endfacet
  facet normal 0.8687395860788286 -0.4952691506439562 0
    outer loop
      vertex 95.62261228466738 22.661063872707906 9.9
      vertex 95.73196995891435 22.85288551259064 9.9
      vertex 95.73196995891435 22.85288551259064 10
    endloop
  endfacet
  facet normal 0.8687395860788286 -0.4952691506439562 0
    outer loop
      vertex 95.62261228466738 22.661063872707906 9.9
      vertex 95.73196995891435 22.85288551259064 10
      vertex 95.62261228466738 22.661063872707906 10
    endloop
  endfacet
  facet normal 0.8160115016815953 -0.5780356642313239 0
    outer loop
      vertex 95.73196995891435 22.85288551259064 9.9
      vertex 95.85960285466396 23.033064552344374 10
      vertex 95.73196995891435 22.85288551259064 10
    endloop
  endfacet
  facet normal 0.8160115016815953 -0.5780356642313239 0
    outer loop
      vertex 95.73196995891435 22.85288551259064 9.9
      vertex 95.85960285466396 23.033064552344374 9.9
      vertex 95.85960285466396 23.033064552344374 10
    endloop
  endfacet
  facet normal 0.7554247804459937 -0.6552353783856013 0
    outer loop
      vertex 95.85960285466396 23.033064552344374 9.9
      vertex 96.00428179735887 23.199865769320393 9.9
      vertex 96.00428179735887 23.199865769320393 10
    endloop
  endfacet
  facet normal 0.7554247804459937 -0.6552353783856013 0
    outer loop
      vertex 95.85960285466396 23.033064552344374 9.9
      vertex 96.00428179735887 23.199865769320393 10
      vertex 95.85960285466396 23.033064552344374 10
    endloop
  endfacet
  facet normal 0.6875629056173452 -0.726124817658117 0
    outer loop
      vertex 96.00428179735887 23.199865769320393 9.9
      vertex 96.16461344969144 23.3516827766164 9.9
      vertex 96.16461344969144 23.3516827766164 10
    endloop
  endfacet
  facet normal 0.6875629056173452 -0.726124817658117 0
    outer loop
      vertex 96.00428179735887 23.199865769320393 9.9
      vertex 96.16461344969144 23.3516827766164 10
      vertex 96.00428179735887 23.199865769320393 10
    endloop
  endfacet
  facet normal 0.5780356642313252 0.8160115016815943 0
    outer loop
      vertex 96.24049755345925 19.8739635364809 9.9
      vertex 96.24049755345925 19.8739635364809 10
      vertex 96.42067659321297 19.746330640731294 9.9
    endloop
  endfacet
  facet normal 0.6552353783856908 0.7554247804459162 0
    outer loop
      vertex 96.24049755345925 19.8739635364809 9.9
      vertex 96.07369633648324 20.01864247917584 10
      vertex 96.24049755345925 19.8739635364809 10
    endloop
  endfacet
  facet normal 0.49526915064391636 0.8687395860788513 0
    outer loop
      vertex 96.42067659321297 19.746330640731294 9.9
      vertex 96.42067659321297 19.746330640731294 10
      vertex 96.61249823309572 19.636972966484333 9.9
    endloop
  endfacet
  facet normal 0.5780356642313252 0.8160115016815943 0
    outer loop
      vertex 96.42067659321297 19.746330640731294 9.9
      vertex 96.24049755345925 19.8739635364809 10
      vertex 96.42067659321297 19.746330640731294 10
    endloop
  endfacet
  facet normal 0.40773292439427794 0.913101233360732 0
    outer loop
      vertex 96.61249823309572 19.636972966484333 9.9
      vertex 96.61249823309572 19.636972966484333 10
      vertex 96.814115125855 19.54694368792399 9.9
    endloop
  endfacet
  facet normal 0.40773292439427794 0.913101233360732 0
    outer loop
      vertex 96.61249823309572 19.636972966484333 10
      vertex 96.814115125855 19.54694368792399 10
      vertex 96.814115125855 19.54694368792399 9.9
    endloop
  endfacet
  facet normal 0.49526915064391636 0.8687395860788513 0
    outer loop
      vertex 96.61249823309572 19.636972966484333 9.9
      vertex 96.42067659321297 19.746330640731294 10
      vertex 96.61249823309572 19.636972966484333 10
    endloop
  endfacet
  facet normal 0.3162700071931059 0.9486692166135006 0
    outer loop
      vertex 96.814115125855 19.54694368792399 9.9
      vertex 96.814115125855 19.54694368792399 10
      vertex 97.02358559059857 19.47710983621782 9.9
    endloop
  endfacet
  facet normal 0.3162700071931059 0.9486692166135006 0
    outer loop
      vertex 97.02358559059857 19.47710983621782 9.9
      vertex 96.814115125855 19.54694368792399 10
      vertex 97.02358559059857 19.47710983621782 10
    endloop
  endfacet
  facet normal 0.2217612369319457 0.9751009967149112 0
    outer loop
      vertex 97.02358559059857 19.47710983621782 9.9
      vertex 97.02358559059857 19.47710983621782 10
      vertex 97.23889231224274 19.42814394953282 9.9
    endloop
  endfacet
  facet normal 0.2217612369319457 0.9751009967149112 0
    outer loop
      vertex 97.23889231224274 19.42814394953282 9.9
      vertex 97.02358559059857 19.47710983621782 10
      vertex 97.23889231224274 19.42814394953282 10
    endloop
  endfacet
  facet normal 0.12511678473213472 0.9921420211735277 0
    outer loop
      vertex 97.23889231224274 19.42814394953282 9.9
      vertex 97.23889231224274 19.42814394953282 10
      vertex 97.45796176935943 19.400517596125237 9.9
    endloop
  endfacet
  facet normal 0.12511678473213472 0.9921420211735277 0
    outer loop
      vertex 97.45796176935943 19.400517596125237 9.9
      vertex 97.23889231224274 19.42814394953282 10
      vertex 97.45796176935943 19.400517596125237 10
    endloop
  endfacet
  facet normal 0.027267389499514832 0.9996281756082518 0
    outer loop
      vertex 97.45796176935943 19.400517596125237 9.9
      vertex 97.45796176935943 19.400517596125237 10
      vertex 97.6786842033211 19.394496832880492 9.9
    endloop
  endfacet
  facet normal 0 0 1
    outer loop
      vertex 96.24049755345925 19.8739635364809 9.9
      vertex 96.16461344969144 23.3516827766164 9.9
      vertex 96.07369633648324 20.01864247917584 9.9
    endloop
  endfacet
  facet normal 0 0 1
    outer loop
      vertex 96.24049755345925 19.8739635364809 9.9
      vertex 96.42067659321297 19.746330640731294 9.9
      vertex 96.33905373020349 23.487053493460518 9.9
    endloop
  endfacet
  facet normal 0 0 1
    outer loop
      vertex 96.42067659321297 19.746330640731294 9.9
      vertex 96.61249823309572 19.636972966484333 9.9
      vertex 96.52592268363489 23.604674225848374 9.9
    endloop
  endfacet
  facet normal 0 0 1
    outer loop
      vertex 96.61249823309572 19.636972966484333 9.9
      vertex 96.814115125855 19.54694368792399 9.9
      vertex 96.72342065981118 23.70341222182904 9.9
    endloop
  endfacet
  facet normal 0 0 1
    outer loop
      vertex 96.24049755345925 19.8739635364809 9.9
      vertex 96.33905373020349 23.487053493460518 9.9
      vertex 96.16461344969144 23.3516827766164 9.9
    endloop
  endfacet
  facet normal 0 0 1
    outer loop
      vertex 96.42067659321297 19.746330640731294 9.9
      vertex 96.52592268363489 23.604674225848374 9.9
      vertex 96.33905373020349 23.487053493460518 9.9
    endloop
  endfacet
  facet normal 0 0 1
    outer loop
      vertex 96.61249823309572 19.636972966484333 9.9
      vertex 96.72342065981118 23.70341222182904 9.9
      vertex 96.52592268363489 23.604674225848374 9.9
    endloop
  endfacet
  facet normal 0 0 1
    outer loop
      vertex 96.814115125855 19.54694368792399 9.9
      vertex 96.92964564525839 23.78231658052555 9.9
      vertex 96.72342065981118 23.70341222182904 9.9
    endloop
  endfacet
  facet normal 0 0 1
    outer loop
      vertex 96.814115125855 19.54694368792399 9.9
      vertex 97.02358559059857 19.47710983621782 9.9
      vertex 96.92964564525839 23.78231658052555 9.9
    endloop
  endfacet
  facet normal 0 0 1
    outer loop
      vertex 97.02358559059857 19.47710983621782 9.9
      vertex 97.23889231224274 19.42814394953282 9.9
      vertex 97.1426115806326 23.840627409830137 9.9
    endloop
  endfacet
  facet normal 0 0 1
    outer loop
      vertex 97.23889231224274 19.42814394953282 9.9
      vertex 97.45796176935943 19.400517596125237 9.9
      vertex 97.36026748755717 23.877783144580658 9.9
    endloop
  endfacet
  facet normal 0 0 1
    outer loop
      vertex 97.45796176935943 19.400517596125237 9.9
      vertex 97.6786842033211 19.394496832880492 9.9
      vertex 97.58051722066558 23.89342595474008 9.9
    endloop
  endfacet
  facet normal 0 0 1
    outer loop
      vertex 97.02358559059857 19.47710983621782 9.9
      vertex 97.1426115806326 23.840627409830137 9.9
      vertex 96.92964564525839 23.78231658052555 9.9
    endloop
  endfacet
  facet normal 0 0 1
    outer loop
      vertex 97.23889231224274 19.42814394953282 9.9
      vertex 97.36026748755717 23.877783144580658 9.9
      vertex 97.1426115806326 23.840627409830137 9.9
    endloop
  endfacet
  facet normal 0 0 1
    outer loop
      vertex 97.45796176935943 19.400517596125237 9.9
      vertex 97.58051722066558 23.89342595474008 9.9
      vertex 97.36026748755717 23.877783144580658 9.9
    endloop
  endfacet
  facet normal -0.07084460559983877 0.9974873642595194 0
    outer loop
      vertex 97.6786842033211 19.394496832880492 9.9
      vertex 97.6786842033211 19.394496832880492 10
      vertex 97.89893393642951 19.410139643039916 9.9
    endloop
  endfacet
  facet normal 0.027267389499514832 0.9996281756082518 0
    outer loop
      vertex 97.45796176935943 19.400517596125237 10
      vertex 97.6786842033211 19.394496832880492 10
      vertex 97.6786842033211 19.394496832880492 9.9
    endloop
  endfacet
  facet normal -0.07084460559983877 0.9974873642595194 0
    outer loop
      vertex 97.89893393642951 19.410139643039916 9.9
      vertex 97.6786842033211 19.394496832880492 10
      vertex 97.89893393642951 19.410139643039916 10
    endloop
  endfacet
  facet normal -0.16827432841965712 0.9857402043109095 0
    outer loop
      vertex 97.89893393642951 19.410139643039916 9.9
      vertex 97.89893393642951 19.410139643039916 10
      vertex 98.11658984335406 19.447295377790436 9.9
    endloop
  endfacet
  facet normal -0.16827432841965712 0.9857402043109095 0
    outer loop
      vertex 98.11658984335406 19.447295377790436 9.9
      vertex 97.89893393642951 19.410139643039916 10
      vertex 98.11658984335406 19.447295377790436 10
    endloop
  endfacet
  facet normal -0.264083477468695 0.9644998273343761 0
    outer loop
      vertex 98.11658984335406 19.447295377790436 9.9
      vertex 98.11658984335406 19.447295377790436 10
      vertex 98.32955577872829 19.505606207095024 9.9
    endloop
  endfacet
  facet normal -0.264083477468695 0.9644998273343761 0
    outer loop
      vertex 98.11658984335406 19.447295377790436 10
      vertex 98.32955577872829 19.505606207095024 10
      vertex 98.32955577872829 19.505606207095024 9.9
    endloop
  endfacet
  facet normal -0.3573493582670042 0.933970789771372 0
    outer loop
      vertex 98.32955577872829 19.505606207095024 9.9
      vertex 98.32955577872829 19.505606207095024 10
      vertex 98.5357807641755 19.584510565791533 9.9
    endloop
  endfacet
  facet normal -0.3573493582670042 0.933970789771372 0
    outer loop
      vertex 98.5357807641755 19.584510565791533 9.9
      vertex 98.32955577872829 19.505606207095024 10
      vertex 98.5357807641755 19.584510565791533 10
    endloop
  endfacet
  facet normal -0.4471737693981645 0.8944471029425033 0
    outer loop
      vertex 98.5357807641755 19.584510565791533 9.9
      vertex 98.5357807641755 19.584510565791533 10
      vertex 98.73327874035178 19.6832485617722 9.9
    endloop
  endfacet
  facet normal -0.5326916526799997 0.846309401557758 0
    outer loop
      vertex 98.73327874035178 19.6832485617722 9.9
      vertex 98.73327874035178 19.6832485617722 10
      vertex 98.92014769378318 19.80086929416006 9.9
    endloop
  endfacet
  facet normal -0.4471737693981645 0.8944471029425033 0
    outer loop
      vertex 98.73327874035178 19.6832485617722 9.9
      vertex 98.5357807641755 19.584510565791533 10
      vertex 98.73327874035178 19.6832485617722 10
    endloop
  endfacet
  facet normal -0.5326916526799997 0.846309401557758 0
    outer loop
      vertex 98.92014769378318 19.80086929416006 9.9
      vertex 98.73327874035178 19.6832485617722 10
      vertex 98.92014769378318 19.80086929416006 10
    endloop
  endfacet
  facet normal -0.6130794241475558 0.7900212779962964 0
    outer loop
      vertex 98.92014769378318 19.80086929416006 9.9
      vertex 98.92014769378318 19.80086929416006 10
      vertex 99.09458797429522 19.936240011004173 9.9
    endloop
  endfacet
  facet normal 0 0 1
    outer loop
      vertex 97.6786842033211 19.394496832880492 9.9
      vertex 97.89893393642951 19.410139643039916 9.9
      vertex 97.80123965462724 23.887405191495336 9.9
    endloop
  endfacet
  facet normal 0 0 1
    outer loop
      vertex 97.89893393642951 19.410139643039916 9.9
      vertex 98.11658984335406 19.447295377790436 9.9
      vertex 98.02030911174393 23.859778838087756 9.9
    endloop
  endfacet
  facet normal 0 0 1
    outer loop
      vertex 98.11658984335406 19.447295377790436 9.9
      vertex 98.32955577872829 19.505606207095024 9.9
      vertex 98.2356158333881 23.810812951402752 9.9
    endloop
  endfacet
  facet normal 0 0 1
    outer loop
      vertex 97.6786842033211 19.394496832880492 9.9
      vertex 97.80123965462724 23.887405191495336 9.9
      vertex 97.58051722066558 23.89342595474008 9.9
    endloop
  endfacet
  facet normal 0 0 1
    outer loop
      vertex 97.89893393642951 19.410139643039916 9.9
      vertex 98.02030911174393 23.859778838087756 9.9
      vertex 97.80123965462724 23.887405191495336 9.9
    endloop
  endfacet
  facet normal 0 0 1
    outer loop
      vertex 98.11658984335406 19.447295377790436 9.9
      vertex 98.2356158333881 23.810812951402752 9.9
      vertex 98.02030911174393 23.859778838087756 9.9
    endloop
  endfacet
  facet normal 0 0 1
    outer loop
      vertex 98.32955577872829 19.505606207095024 9.9
      vertex 98.5357807641755 19.584510565791533 9.9
      vertex 98.44508629813167 23.740979099696588 9.9
    endloop
  endfacet
  facet normal 0 0 1
    outer loop
      vertex 98.5357807641755 19.584510565791533 9.9
      vertex 98.73327874035178 19.6832485617722 9.9
      vertex 98.64670319089096 23.650949821136244 9.9
    endloop
  endfacet
  facet normal 0 0 1
    outer loop
      vertex 98.73327874035178 19.6832485617722 9.9
      vertex 98.92014769378318 19.80086929416006 9.9
      vertex 98.8385248307737 23.54159214688928 9.9
    endloop
  endfacet
  facet normal 0 0 1
    outer loop
      vertex 98.92014769378318 19.80086929416006 9.9
      vertex 99.09458797429522 19.936240011004173 9.9
      vertex 99.01870387052743 23.413959251139676 9.9
    endloop
  endfacet
  facet normal 0 0 1
    outer loop
      vertex 98.32955577872829 19.505606207095024 9.9
      vertex 98.44508629813167 23.740979099696588 9.9
      vertex 98.2356158333881 23.810812951402752 9.9
    endloop
  endfacet
  facet normal 0 0 1
    outer loop
      vertex 98.5357807641755 19.584510565791533 9.9
      vertex 98.64670319089096 23.650949821136244 9.9
      vertex 98.44508629813167 23.740979099696588 9.9
    endloop
  endfacet
  facet normal 0 0 1
    outer loop
      vertex 98.73327874035178 19.6832485617722 9.9
      vertex 98.8385248307737 23.54159214688928 9.9
      vertex 98.64670319089096 23.650949821136244 9.9
    endloop
  endfacet
  facet normal 0 0 1
    outer loop
      vertex 98.92014769378318 19.80086929416006 9.9
      vertex 99.01870387052743 23.413959251139676 9.9
      vertex 98.8385248307737 23.54159214688928 9.9
    endloop
  endfacet
  facet normal 0.6130794241475659 -0.7900212779962886 0
    outer loop
      vertex 96.16461344969144 23.3516827766164 9.9
      vertex 96.33905373020349 23.487053493460518 10
      vertex 96.16461344969144 23.3516827766164 10
    endloop
  endfacet
  facet normal 0.6130794241475659 -0.7900212779962886 0
    outer loop
      vertex 96.16461344969144 23.3516827766164 9.9
      vertex 96.33905373020349 23.487053493460518 9.9
      vertex 96.33905373020349 23.487053493460518 10
    endloop
  endfacet
  facet normal 0.5326916526799882 -0.8463094015577652 0
    outer loop
      vertex 96.33905373020349 23.487053493460518 9.9
      vertex 96.52592268363489 23.604674225848374 9.9
      vertex 96.52592268363489 23.604674225848374 10
    endloop
  endfacet
  facet normal 0.5326916526799882 -0.8463094015577652 0
    outer loop
      vertex 96.33905373020349 23.487053493460518 9.9
      vertex 96.52592268363489 23.604674225848374 10
      vertex 96.33905373020349 23.487053493460518 10
    endloop
  endfacet
  facet normal 0.4471737693981388 -0.8944471029425162 0
    outer loop
      vertex 96.52592268363489 23.604674225848374 9.9
      vertex 96.72342065981118 23.70341222182904 9.9
      vertex 96.72342065981118 23.70341222182904 10
    endloop
  endfacet
  facet normal 0.4471737693981388 -0.8944471029425162 0
    outer loop
      vertex 96.52592268363489 23.604674225848374 9.9
      vertex 96.72342065981118 23.70341222182904 10
      vertex 96.52592268363489 23.604674225848374 10
    endloop
  endfacet
  facet normal 0.3573493582670042 -0.933970789771372 0
    outer loop
      vertex 96.72342065981118 23.70341222182904 9.9
      vertex 96.92964564525839 23.78231658052555 9.9
      vertex 96.92964564525839 23.78231658052555 10
    endloop
  endfacet
  facet normal 0.3573493582670042 -0.933970789771372 0
    outer loop
      vertex 96.72342065981118 23.70341222182904 9.9
      vertex 96.92964564525839 23.78231658052555 10
      vertex 96.72342065981118 23.70341222182904 10
    endloop
  endfacet
  facet normal 0.2640834774687114 -0.9644998273343717 0
    outer loop
      vertex 96.92964564525839 23.78231658052555 9.9
      vertex 97.1426115806326 23.840627409830137 10
      vertex 96.92964564525839 23.78231658052555 10
    endloop
  endfacet
  facet normal 0.2640834774687114 -0.9644998273343717 0
    outer loop
      vertex 96.92964564525839 23.78231658052555 9.9
      vertex 97.1426115806326 23.840627409830137 9.9
      vertex 97.1426115806326 23.840627409830137 10
    endloop
  endfacet
  facet normal 0.1682743284196464 -0.9857402043109111 0
    outer loop
      vertex 97.1426115806326 23.840627409830137 9.9
      vertex 97.36026748755717 23.877783144580658 10
      vertex 97.1426115806326 23.840627409830137 10
    endloop
  endfacet
  facet normal 0.1682743284196464 -0.9857402043109111 0
    outer loop
      vertex 97.1426115806326 23.840627409830137 9.9
      vertex 97.36026748755717 23.877783144580658 9.9
      vertex 97.36026748755717 23.877783144580658 10
    endloop
  endfacet
  facet normal 0.07084460559983877 -0.9974873642595194 0
    outer loop
      vertex 97.36026748755717 23.877783144580658 9.9
      vertex 97.58051722066558 23.89342595474008 9.9
      vertex 97.58051722066558 23.89342595474008 10
    endloop
  endfacet
  facet normal 0.07084460559983877 -0.9974873642595194 0
    outer loop
      vertex 97.36026748755717 23.877783144580658 9.9
      vertex 97.58051722066558 23.89342595474008 10
      vertex 97.36026748755717 23.877783144580658 10
    endloop
  endfacet
  facet normal -0.02726738949951658 -0.9996281756082516 0
    outer loop
      vertex 97.58051722066558 23.89342595474008 9.9
      vertex 97.80123965462724 23.887405191495336 9.9
      vertex 97.80123965462724 23.887405191495336 10
    endloop
  endfacet
  facet normal -0.02726738949951658 -0.9996281756082516 0
    outer loop
      vertex 97.58051722066558 23.89342595474008 9.9
      vertex 97.80123965462724 23.887405191495336 10
      vertex 97.58051722066558 23.89342595474008 10
    endloop
  endfacet
  facet normal -0.12511678473211887 -0.9921420211735297 0
    outer loop
      vertex 97.80123965462724 23.887405191495336 9.9
      vertex 98.02030911174393 23.859778838087756 10
      vertex 97.80123965462724 23.887405191495336 10
    endloop
  endfacet
  facet normal -0.12511678473211887 -0.9921420211735297 0
    outer loop
      vertex 97.80123965462724 23.887405191495336 9.9
      vertex 98.02030911174393 23.859778838087756 9.9
      vertex 98.02030911174393 23.859778838087756 10
    endloop
  endfacet
  facet normal -0.22176123693196104 -0.9751009967149079 0
    outer loop
      vertex 98.02030911174393 23.859778838087756 9.9
      vertex 98.2356158333881 23.810812951402752 10
      vertex 98.02030911174393 23.859778838087756 10
    endloop
  endfacet
  facet normal -0.22176123693196104 -0.9751009967149079 0
    outer loop
      vertex 98.02030911174393 23.859778838087756 9.9
      vertex 98.2356158333881 23.810812951402752 9.9
      vertex 98.2356158333881 23.810812951402752 10
    endloop
  endfacet
  facet normal -0.31627000719309134 -0.9486692166135053 0
    outer loop
      vertex 98.2356158333881 23.810812951402752 9.9
      vertex 98.44508629813167 23.740979099696588 9.9
      vertex 98.44508629813167 23.740979099696588 10
    endloop
  endfacet
  facet normal -0.31627000719309134 -0.9486692166135053 0
    outer loop
      vertex 98.2356158333881 23.810812951402752 9.9
      vertex 98.44508629813167 23.740979099696588 10
      vertex 98.2356158333881 23.810812951402752 10
    endloop
  endfacet
  facet normal -0.4077329243942539 -0.9131012333607427 0
    outer loop
      vertex 98.44508629813167 23.740979099696588 9.9
      vertex 98.64670319089096 23.650949821136244 9.9
      vertex 98.64670319089096 23.650949821136244 10
    endloop
  endfacet
  facet normal -0.4077329243942539 -0.9131012333607427 0
    outer loop
      vertex 98.44508629813167 23.740979099696588 9.9
      vertex 98.64670319089096 23.650949821136244 10
      vertex 98.44508629813167 23.740979099696588 10
    endloop
  endfacet
  facet normal -0.4952691506439562 -0.8687395860788286 0
    outer loop
      vertex 98.64670319089096 23.650949821136244 9.9
      vertex 98.8385248307737 23.54159214688928 9.9
      vertex 98.8385248307737 23.54159214688928 10
    endloop
  endfacet
  facet normal -0.4952691506439562 -0.8687395860788286 0
    outer loop
      vertex 98.64670319089096 23.650949821136244 9.9
      vertex 98.8385248307737 23.54159214688928 10
      vertex 98.64670319089096 23.650949821136244 10
    endloop
  endfacet
  facet normal -0.5780356642312842 -0.8160115016816235 0
    outer loop
      vertex 98.8385248307737 23.54159214688928 9.9
      vertex 99.01870387052743 23.413959251139676 9.9
      vertex 99.01870387052743 23.413959251139676 10
    endloop
  endfacet
  facet normal -0.5780356642312842 -0.8160115016816235 0
    outer loop
      vertex 98.8385248307737 23.54159214688928 9.9
      vertex 99.01870387052743 23.413959251139676 10
      vertex 98.8385248307737 23.54159214688928 10
    endloop
  endfacet
  facet normal -0.6875629056173538 0.726124817658109 0
    outer loop
      vertex 99.09458797429522 19.936240011004173 9.9
      vertex 99.09458797429522 19.936240011004173 10
      vertex 99.2549196266278 20.088057018300184 9.9
    endloop
  endfacet
  facet normal -0.6130794241475558 0.7900212779962964 0
    outer loop
      vertex 98.92014769378318 19.80086929416006 10
      vertex 99.09458797429522 19.936240011004173 10
      vertex 99.09458797429522 19.936240011004173 9.9
    endloop
  endfacet
  facet normal -0.7554247804459618 0.6552353783856381 0
    outer loop
      vertex 99.2549196266278 20.088057018300184 9.9
      vertex 99.2549196266278 20.088057018300184 10
      vertex 99.39959856932272 20.254858235276203 9.9
    endloop
  endfacet
  facet normal -0.6875629056173538 0.726124817658109 0
    outer loop
      vertex 99.2549196266278 20.088057018300184 9.9
      vertex 99.09458797429522 19.936240011004173 10
      vertex 99.2549196266278 20.088057018300184 10
    endloop
  endfacet
  facet normal -0.7554247804459618 0.6552353783856381 0
    outer loop
      vertex 99.2549196266278 20.088057018300184 10
      vertex 99.39959856932272 20.254858235276203 10
      vertex 99.39959856932272 20.254858235276203 9.9
    endloop
  endfacet
  facet normal -0.8160115016816203 0.5780356642312885 0
    outer loop
      vertex 99.39959856932272 20.254858235276203 9.9
      vertex 99.39959856932272 20.254858235276203 10
      vertex 99.52723146507232 20.435037275029934 9.9
    endloop
  endfacet
  facet normal -0.8160115016816203 0.5780356642312885 0
    outer loop
      vertex 99.52723146507232 20.435037275029934 9.9
      vertex 99.39959856932272 20.254858235276203 10
      vertex 99.52723146507232 20.435037275029934 10
    endloop
  endfacet
  facet normal -0.8687395860788047 0.4952691506439978 0
    outer loop
      vertex 99.52723146507232 20.435037275029934 9.9
      vertex 99.52723146507232 20.435037275029934 10
      vertex 99.6365891393193 20.62685891491267 9.9
    endloop
  endfacet
  facet normal -0.8687395860788047 0.4952691506439978 0
    outer loop
      vertex 99.6365891393193 20.62685891491267 9.9
      vertex 99.52723146507232 20.435037275029934 10
      vertex 99.6365891393193 20.62685891491267 10
    endloop
  endfacet
  facet normal -0.913101233360752 0.4077329243942331 0
    outer loop
      vertex 99.6365891393193 20.62685891491267 9.9
      vertex 99.6365891393193 20.62685891491267 10
      vertex 99.72661841787964 20.828475807671957 9.9
    endloop
  endfacet
  facet normal -0.913101233360752 0.4077329243942331 0
    outer loop
      vertex 99.6365891393193 20.62685891491267 10
      vertex 99.72661841787964 20.828475807671957 10
      vertex 99.72661841787964 20.828475807671957 9.9
    endloop
  endfacet
  facet normal 0 0 1
    outer loop
      vertex 99.09458797429522 19.936240011004173 9.9
      vertex 99.2549196266278 20.088057018300184 9.9
      vertex 99.18550508750344 23.269280308444735 9.9
    endloop
  endfacet
  facet normal 0 0 1
    outer loop
      vertex 99.2549196266278 20.088057018300184 9.9
      vertex 99.39959856932272 20.254858235276203 9.9
      vertex 99.33732209479946 23.108948656112176 9.9
    endloop
  endfacet
  facet normal 0 0 1
    outer loop
      vertex 99.39959856932272 20.254858235276203 9.9
      vertex 99.52723146507232 20.435037275029934 9.9
      vertex 99.47269281164357 22.934508375600142 9.9
    endloop
  endfacet
  facet normal 0 0 1
    outer loop
      vertex 99.52723146507232 20.435037275029934 9.9
      vertex 99.6365891393193 20.62685891491267 9.9
      vertex 99.59031354403143 22.747639422168728 9.9
    endloop
  endfacet
  facet normal 0 0 1
    outer loop
      vertex 99.6365891393193 20.62685891491267 9.9
      vertex 99.72661841787964 20.828475807671957 9.9
      vertex 99.68905154001209 22.550141445992445 9.9
    endloop
  endfacet
  facet normal 0 0 1
    outer loop
      vertex 99.09458797429522 19.936240011004173 9.9
      vertex 99.18550508750344 23.269280308444735 9.9
      vertex 99.01870387052743 23.413959251139676 9.9
    endloop
  endfacet
  facet normal 0 0 1
    outer loop
      vertex 99.2549196266278 20.088057018300184 9.9
      vertex 99.33732209479946 23.108948656112176 9.9
      vertex 99.18550508750344 23.269280308444735 9.9
    endloop
  endfacet
  facet normal 0 0 1
    outer loop
      vertex 99.6365891393193 20.62685891491267 9.9
      vertex 99.68905154001209 22.550141445992445 9.9
      vertex 99.59031354403143 22.747639422168728 9.9
    endloop
  endfacet
  facet normal 0 0 1
    outer loop
      vertex 99.72661841787964 20.828475807671957 9.9
      vertex 99.7679558987086 22.34391646054524 9.9
      vertex 99.68905154001209 22.550141445992445 9.9
    endloop
  endfacet
  facet normal 0 0 1
    outer loop
      vertex 99.39959856932272 20.254858235276203 9.9
      vertex 99.47269281164357 22.934508375600142 9.9
      vertex 99.33732209479946 23.108948656112176 9.9
    endloop
  endfacet
  facet normal 0 0 1
    outer loop
      vertex 99.52723146507232 20.435037275029934 9.9
      vertex 99.59031354403143 22.747639422168728 9.9
      vertex 99.47269281164357 22.934508375600142 9.9
    endloop
  endfacet
  facet normal -0.9486692166135053 0.31627000719309134 0
    outer loop
      vertex 99.72661841787964 20.828475807671957 9.9
      vertex 99.72661841787964 20.828475807671957 10
      vertex 99.7964522695858 21.03794627241553 9.9
    endloop
  endfacet
  facet normal -0.9486692166135053 0.31627000719309134 0
    outer loop
      vertex 99.72661841787964 20.828475807671957 10
      vertex 99.7964522695858 21.03794627241553 10
      vertex 99.7964522695858 21.03794627241553 9.9
    endloop
  endfacet
  facet normal -0.9751009967149001 0.2217612369319951 0
    outer loop
      vertex 99.7964522695858 21.03794627241553 9.9
      vertex 99.7964522695858 21.03794627241553 10
      vertex 99.84541815627081 21.253252994059697 9.9
    endloop
  endfacet
  facet normal -0.9751009967149001 0.2217612369319951 0
    outer loop
      vertex 99.84541815627081 21.253252994059697 9.9
      vertex 99.7964522695858 21.03794627241553 10
      vertex 99.84541815627081 21.253252994059697 10
    endloop
  endfacet
  facet normal 0 0 1
    outer loop
      vertex 99.72661841787964 20.828475807671957 9.9
      vertex 99.7964522695858 21.03794627241553 9.9
      vertex 99.7679558987086 22.34391646054524 9.9
    endloop
  endfacet
  facet normal 0 0 1
    outer loop
      vertex 99.7964522695858 21.03794627241553 9.9
      vertex 99.84541815627081 21.253252994059697 9.9
      vertex 99.82626672801318 22.13095052517102 9.9
    endloop
  endfacet
  facet normal 0 0 1
    outer loop
      vertex 99.84541815627081 21.253252994059697 9.9
      vertex 99.87304450967838 21.472322451176392 9.9
      vertex 99.86342246276371 21.91329461824645 9.9
    endloop
  endfacet
  facet normal -0.9921420211735361 0.1251167847320674 0
    outer loop
      vertex 99.84541815627081 21.253252994059697 9.9
      vertex 99.84541815627081 21.253252994059697 10
      vertex 99.87304450967838 21.472322451176392 9.9
    endloop
  endfacet
  facet normal -0.9921420211735361 0.1251167847320674 0
    outer loop
      vertex 99.87304450967838 21.472322451176392 9.9
      vertex 99.84541815627081 21.253252994059697 10
      vertex 99.87304450967838 21.472322451176392 10
    endloop
  endfacet
  facet normal -0.9996281756082513 0.027267389499532224 0
    outer loop
      vertex 99.87304450967838 21.472322451176392 9.9
      vertex 99.87304450967838 21.472322451176392 10
      vertex 99.87906527292313 21.69304488513805 9.9
    endloop
  endfacet
  facet normal -0.9996281756082513 0.027267389499532224 0
    outer loop
      vertex 99.87906527292313 21.69304488513805 9.9
      vertex 99.87304450967838 21.472322451176392 10
      vertex 99.87906527292313 21.69304488513805 10
    endloop
  endfacet
  facet normal 0 0 1
    outer loop
      vertex 99.87304450967838 21.472322451176392 9.9
      vertex 99.87906527292313 21.69304488513805 9.9
      vertex 99.86342246276371 21.91329461824645 9.9
    endloop
  endfacet
  facet normal 0 0 1
    outer loop
      vertex 99.84541815627081 21.253252994059697 9.9
      vertex 99.86342246276371 21.91329461824645 9.9
      vertex 99.82626672801318 22.13095052517102 9.9
    endloop
  endfacet
  facet normal 0 0 1
    outer loop
      vertex 99.7964522695858 21.03794627241553 9.9
      vertex 99.82626672801318 22.13095052517102 9.9
      vertex 99.7679558987086 22.34391646054524 9.9
    endloop
  endfacet
  facet normal -0.9974873642595201 -0.07084460559982844 0
    outer loop
      vertex 99.87906527292313 21.69304488513805 9.9
      vertex 99.87906527292313 21.69304488513805 10
      vertex 99.86342246276371 21.91329461824645 9.9
    endloop
  endfacet
  facet normal -0.9857402043109067 -0.16827432841967233 0
    outer loop
      vertex 99.86342246276371 21.91329461824645 9.9
      vertex 99.86342246276371 21.91329461824645 10
      vertex 99.82626672801318 22.13095052517102 9.9
    endloop
  endfacet
  facet normal -0.9974873642595201 -0.07084460559982844 0
    outer loop
      vertex 99.87906527292313 21.69304488513805 10
      vertex 99.86342246276371 21.91329461824645 10
      vertex 99.86342246276371 21.91329461824645 9.9
    endloop
  endfacet
  facet normal -0.9644998273343902 -0.26408347746864336 0
    outer loop
      vertex 99.82626672801318 22.13095052517102 9.9
      vertex 99.82626672801318 22.13095052517102 10
      vertex 99.7679558987086 22.34391646054524 9.9
    endloop
  endfacet
  facet normal -0.9857402043109067 -0.16827432841967233 0
    outer loop
      vertex 99.82626672801318 22.13095052517102 9.9
      vertex 99.86342246276371 21.91329461824645 10
      vertex 99.82626672801318 22.13095052517102 10
    endloop
  endfacet
  facet normal -0.9339707897713538 -0.3573493582670516 0
    outer loop
      vertex 99.68905154001209 22.550141445992445 9.9
      vertex 99.7679558987086 22.34391646054524 9.9
      vertex 99.7679558987086 22.34391646054524 10
    endloop
  endfacet
  facet normal -0.9644998273343902 -0.26408347746864336 0
    outer loop
      vertex 99.7679558987086 22.34391646054524 9.9
      vertex 99.82626672801318 22.13095052517102 10
      vertex 99.7679558987086 22.34391646054524 10
    endloop
  endfacet
  facet normal -0.7261248176580626 -0.6875629056174027 0
    outer loop
      vertex 99.33732209479946 23.108948656112176 9.9
      vertex 99.33732209479946 23.108948656112176 10
      vertex 99.18550508750344 23.269280308444735 9.9
    endloop
  endfacet
  facet normal -0.7261248176580626 -0.6875629056174027 0
    outer loop
      vertex 99.18550508750344 23.269280308444735 9.9
      vertex 99.33732209479946 23.108948656112176 10
      vertex 99.18550508750344 23.269280308444735 10
    endloop
  endfacet
  facet normal -0.8463094015577691 -0.5326916526799823 0
    outer loop
      vertex 99.47269281164357 22.934508375600142 9.9
      vertex 99.59031354403143 22.747639422168728 9.9
      vertex 99.59031354403143 22.747639422168728 10
    endloop
  endfacet
  facet normal -0.8944471029425259 -0.4471737693981195 0
    outer loop
      vertex 99.68905154001209 22.550141445992445 9.9
      vertex 99.68905154001209 22.550141445992445 10
      vertex 99.59031354403143 22.747639422168728 9.9
    endloop
  endfacet
  facet normal -0.9339707897713538 -0.3573493582670516 0
    outer loop
      vertex 99.68905154001209 22.550141445992445 9.9
      vertex 99.7679558987086 22.34391646054524 10
      vertex 99.68905154001209 22.550141445992445 10
    endloop
  endfacet
  facet normal -0.8944471029425259 -0.4471737693981195 0
    outer loop
      vertex 99.68905154001209 22.550141445992445 10
      vertex 99.59031354403143 22.747639422168728 10
      vertex 99.59031354403143 22.747639422168728 9.9
    endloop
  endfacet
  facet normal -0.7900212779962938 -0.6130794241475591 0
    outer loop
      vertex 99.33732209479946 23.108948656112176 9.9
      vertex 99.47269281164357 22.934508375600142 9.9
      vertex 99.47269281164357 22.934508375600142 10
    endloop
  endfacet
  facet normal -0.8463094015577691 -0.5326916526799823 0
    outer loop
      vertex 99.47269281164357 22.934508375600142 9.9
      vertex 99.59031354403143 22.747639422168728 10
      vertex 99.47269281164357 22.934508375600142 10
    endloop
  endfacet
  facet normal -0.7900212779962938 -0.6130794241475591 0
    outer loop
      vertex 99.33732209479946 23.108948656112176 9.9
      vertex 99.47269281164357 22.934508375600142 10
      vertex 99.33732209479946 23.108948656112176 10
    endloop
  endfacet
  facet normal -0.6552353783857 -0.7554247804459083 0
    outer loop
      vertex 99.18550508750344 23.269280308444735 9.9
      vertex 99.18550508750344 23.269280308444735 10
      vertex 99.01870387052743 23.413959251139676 9.9
    endloop
  endfacet
  facet normal -0.6552353783857 -0.7554247804459083 0
    outer loop
      vertex 99.18550508750344 23.269280308444735 10
      vertex 99.01870387052743 23.413959251139676 10
      vertex 99.01870387052743 23.413959251139676 9.9
    endloop
  endfacet
  facet normal 0.8160115016815899 0.5780356642313315 0
    outer loop
      vertex 82.44151382820958 52.521036715902035 9.9
      vertex 82.44151382820958 52.521036715902035 10
      vertex 82.5691467239592 52.3408576761483 9.9
    endloop
  endfacet
  facet normal 0.9131012333607493 0.407732924394239 0
    outer loop
      vertex 82.33215615396261 52.712858355784775 9.9
      vertex 82.24212687540228 52.91447524854406 9.9
      vertex 82.24212687540228 52.91447524854406 10
    endloop
  endfacet
  facet normal 0.9131012333607493 0.407732924394239 0
    outer loop
      vertex 82.33215615396261 52.712858355784775 9.9
      vertex 82.24212687540228 52.91447524854406 10
      vertex 82.33215615396261 52.712858355784775 10
    endloop
  endfacet
  facet normal 0.8687395860788364 0.4952691506439423 0
    outer loop
      vertex 82.33215615396261 52.712858355784775 9.9
      vertex 82.33215615396261 52.712858355784775 10
      vertex 82.44151382820958 52.521036715902035 9.9
    endloop
  endfacet
  facet normal 0.8687395860788364 0.4952691506439423 0
    outer loop
      vertex 82.44151382820958 52.521036715902035 9.9
      vertex 82.33215615396261 52.712858355784775 10
      vertex 82.44151382820958 52.521036715902035 10
    endloop
  endfacet
  facet normal 0.6130794241476271 0.7900212779962411 0
    outer loop
      vertex 82.87415731898669 52.02223945187628 9.9
      vertex 82.87415731898669 52.02223945187628 10
      vertex 83.04859759949872 51.88686873503215 9.9
    endloop
  endfacet
  facet normal 0.6130794241476271 0.7900212779962411 0
    outer loop
      vertex 82.87415731898669 52.02223945187628 10
      vertex 83.04859759949872 51.88686873503215 10
      vertex 83.04859759949872 51.88686873503215 9.9
    endloop
  endfacet
  facet normal 0.5326916526799882 0.8463094015577652 0
    outer loop
      vertex 83.04859759949872 51.88686873503215 9.9
      vertex 83.04859759949872 51.88686873503215 10
      vertex 83.23546655293012 51.7692480026443 9.9
    endloop
  endfacet
  facet normal 0.5326916526799882 0.8463094015577652 0
    outer loop
      vertex 83.23546655293012 51.7692480026443 9.9
      vertex 83.04859759949872 51.88686873503215 10
      vertex 83.23546655293012 51.7692480026443 10
    endloop
  endfacet
  facet normal 0.7554247804459618 0.6552353783856381 0
    outer loop
      vertex 82.71382566665412 52.174056459172284 9.9
      vertex 82.5691467239592 52.3408576761483 10
      vertex 82.71382566665412 52.174056459172284 10
    endloop
  endfacet
  facet normal 0.7554247804459618 0.6552353783856381 0
    outer loop
      vertex 82.71382566665412 52.174056459172284 9.9
      vertex 82.5691467239592 52.3408576761483 9.9
      vertex 82.5691467239592 52.3408576761483 10
    endloop
  endfacet
  facet normal 0.8160115016815899 0.5780356642313315 0
    outer loop
      vertex 82.5691467239592 52.3408576761483 9.9
      vertex 82.44151382820958 52.521036715902035 10
      vertex 82.5691467239592 52.3408576761483 10
    endloop
  endfacet
  facet normal 0.6875629056173367 0.726124817658125 0
    outer loop
      vertex 82.71382566665412 52.174056459172284 9.9
      vertex 82.71382566665412 52.174056459172284 10
      vertex 82.87415731898669 52.02223945187628 9.9
    endloop
  endfacet
  facet normal 0.6875629056173367 0.726124817658125 0
    outer loop
      vertex 82.87415731898669 52.02223945187628 9.9
      vertex 82.71382566665412 52.174056459172284 10
      vertex 82.87415731898669 52.02223945187628 10
    endloop
  endfacet
  facet normal 0 0 1
    outer loop
      vertex 82.1233271370111 53.339252434931794 9.9
      vertex 82.10532283051819 53.99929405911855 9.9
      vertex 82.09570078360352 53.55832189204849 9.9
    endloop
  endfacet
  facet normal 0.9921420211735282 0.12511678473213073 0
    outer loop
      vertex 82.1233271370111 53.339252434931794 9.9
      vertex 82.09570078360352 53.55832189204849 10
      vertex 82.1233271370111 53.339252434931794 10
    endloop
  endfacet
  facet normal 0.9921420211735282 0.12511678473213073 0
    outer loop
      vertex 82.1233271370111 53.339252434931794 9.9
      vertex 82.09570078360352 53.55832189204849 9.9
      vertex 82.09570078360352 53.55832189204849 10
    endloop
  endfacet
  facet normal 0.999628175608253 0.02726738949946747 0
    outer loop
      vertex 82.09570078360352 53.55832189204849 9.9
      vertex 82.08968002035878 53.77904432601015 10
      vertex 82.09570078360352 53.55832189204849 10
    endloop
  endfacet
  facet normal 0.948669216613486 0.3162700071931493 0
    outer loop
      vertex 82.1722930236961 53.12394571328763 9.9
      vertex 82.1722930236961 53.12394571328763 10
      vertex 82.24212687540228 52.91447524854406 9.9
    endloop
  endfacet
  facet normal 0.948669216613486 0.3162700071931493 0
    outer loop
      vertex 82.1722930236961 53.12394571328763 10
      vertex 82.24212687540228 52.91447524854406 10
      vertex 82.24212687540228 52.91447524854406 9.9
    endloop
  endfacet
  facet normal 0.9751009967149132 0.2217612369319374 0
    outer loop
      vertex 82.1722930236961 53.12394571328763 9.9
      vertex 82.1233271370111 53.339252434931794 9.9
      vertex 82.1233271370111 53.339252434931794 10
    endloop
  endfacet
  facet normal 0.9751009967149132 0.2217612369319374 0
    outer loop
      vertex 82.1722930236961 53.12394571328763 9.9
      vertex 82.1233271370111 53.339252434931794 10
      vertex 82.1722930236961 53.12394571328763 10
    endloop
  endfacet
  facet normal 0 0 1
    outer loop
      vertex 82.33215615396261 52.712858355784775 9.9
      vertex 82.27969375326981 54.636140886864546 9.9
      vertex 82.24212687540228 52.91447524854406 9.9
    endloop
  endfacet
  facet normal 0 0 1
    outer loop
      vertex 82.1722930236961 53.12394571328763 9.9
      vertex 82.14247856526872 54.21694996604312 9.9
      vertex 82.1233271370111 53.339252434931794 9.9
    endloop
  endfacet
  facet normal 0 0 1
    outer loop
      vertex 82.1722930236961 53.12394571328763 9.9
      vertex 82.24212687540228 52.91447524854406 9.9
      vertex 82.2007893945733 54.429915901417345 9.9
    endloop
  endfacet
  facet normal 0 0 1
    outer loop
      vertex 82.33215615396261 52.712858355784775 9.9
      vertex 82.44151382820958 52.521036715902035 9.9
      vertex 82.37843174925048 54.83363886304083 9.9
    endloop
  endfacet
  facet normal 0 0 1
    outer loop
      vertex 82.09570078360352 53.55832189204849 9.9
      vertex 82.10532283051819 53.99929405911855 9.9
      vertex 82.08968002035878 53.77904432601015 9.9
    endloop
  endfacet
  facet normal 0 0 1
    outer loop
      vertex 82.1233271370111 53.339252434931794 9.9
      vertex 82.14247856526872 54.21694996604312 9.9
      vertex 82.10532283051819 53.99929405911855 9.9
    endloop
  endfacet
  facet normal 0.999628175608253 0.02726738949946747 0
    outer loop
      vertex 82.09570078360352 53.55832189204849 9.9
      vertex 82.08968002035878 53.77904432601015 9.9
      vertex 82.08968002035878 53.77904432601015 10
    endloop
  endfacet
  facet normal 0.9974873642595247 -0.07084460559976555 0
    outer loop
      vertex 82.08968002035878 53.77904432601015 9.9
      vertex 82.10532283051819 53.99929405911855 10
      vertex 82.08968002035878 53.77904432601015 10
    endloop
  endfacet
  facet normal 0.9974873642595247 -0.07084460559976555 0
    outer loop
      vertex 82.08968002035878 53.77904432601015 9.9
      vertex 82.10532283051819 53.99929405911855 9.9
      vertex 82.10532283051819 53.99929405911855 10
    endloop
  endfacet
  facet normal 0.9857402043109067 -0.16827432841967233 0
    outer loop
      vertex 82.10532283051819 53.99929405911855 9.9
      vertex 82.14247856526872 54.21694996604312 9.9
      vertex 82.14247856526872 54.21694996604312 10
    endloop
  endfacet
  facet normal 0.9857402043109067 -0.16827432841967233 0
    outer loop
      vertex 82.10532283051819 53.99929405911855 9.9
      vertex 82.14247856526872 54.21694996604312 10
      vertex 82.10532283051819 53.99929405911855 10
    endloop
  endfacet
  facet normal 0 0 1
    outer loop
      vertex 82.1722930236961 53.12394571328763 9.9
      vertex 82.2007893945733 54.429915901417345 9.9
      vertex 82.14247856526872 54.21694996604312 9.9
    endloop
  endfacet
  facet normal 0 0 1
    outer loop
      vertex 82.24212687540228 52.91447524854406 9.9
      vertex 82.27969375326981 54.636140886864546 9.9
      vertex 82.2007893945733 54.429915901417345 9.9
    endloop
  endfacet
  facet normal 0 0 1
    outer loop
      vertex 82.33215615396261 52.712858355784775 9.9
      vertex 82.37843174925048 54.83363886304083 9.9
      vertex 82.27969375326981 54.636140886864546 9.9
    endloop
  endfacet
  facet normal 0 0 1
    outer loop
      vertex 82.44151382820958 52.521036715902035 9.9
      vertex 82.49605248163834 55.02050781647225 9.9
      vertex 82.37843174925048 54.83363886304083 9.9
    endloop
  endfacet
  facet normal 0.9644998273343761 -0.264083477468695 0
    outer loop
      vertex 82.14247856526872 54.21694996604312 9.9
      vertex 82.2007893945733 54.429915901417345 9.9
      vertex 82.2007893945733 54.429915901417345 10
    endloop
  endfacet
  facet normal 0.9644998273343761 -0.264083477468695 0
    outer loop
      vertex 82.14247856526872 54.21694996604312 9.9
      vertex 82.2007893945733 54.429915901417345 10
      vertex 82.14247856526872 54.21694996604312 10
    endloop
  endfacet
  facet normal 0 0 1
    outer loop
      vertex 82.71382566665412 52.174056459172284 9.9
      vertex 82.63142319848245 55.19494809698428 9.9
      vertex 82.5691467239592 52.3408576761483 9.9
    endloop
  endfacet
  facet normal 0 0 1
    outer loop
      vertex 82.71382566665412 52.174056459172284 9.9
      vertex 82.87415731898669 52.02223945187628 9.9
      vertex 82.78324020577845 55.355279749316836 9.9
    endloop
  endfacet
  facet normal 0 0 1
    outer loop
      vertex 82.44151382820958 52.521036715902035 9.9
      vertex 82.5691467239592 52.3408576761483 9.9
      vertex 82.49605248163834 55.02050781647225 9.9
    endloop
  endfacet
  facet normal 0 0 1
    outer loop
      vertex 82.87415731898669 52.02223945187628 9.9
      vertex 83.04859759949872 51.88686873503215 9.9
      vertex 82.9500414227545 55.49995869201178 9.9
    endloop
  endfacet
  facet normal 0 0 1
    outer loop
      vertex 83.04859759949872 51.88686873503215 9.9
      vertex 83.23546655293012 51.7692480026443 9.9
      vertex 83.1302204625082 55.62759158776138 9.9
    endloop
  endfacet
  facet normal 0 0 1
    outer loop
      vertex 82.5691467239592 52.3408576761483 9.9
      vertex 82.63142319848245 55.19494809698428 9.9
      vertex 82.49605248163834 55.02050781647225 9.9
    endloop
  endfacet
  facet normal 0 0 1
    outer loop
      vertex 82.71382566665412 52.174056459172284 9.9
      vertex 82.78324020577845 55.355279749316836 9.9
      vertex 82.63142319848245 55.19494809698428 9.9
    endloop
  endfacet
  facet normal 0 0 1
    outer loop
      vertex 82.87415731898669 52.02223945187628 9.9
      vertex 82.9500414227545 55.49995869201178 9.9
      vertex 82.78324020577845 55.355279749316836 9.9
    endloop
  endfacet
  facet normal 0 0 1
    outer loop
      vertex 83.04859759949872 51.88686873503215 9.9
      vertex 83.1302204625082 55.62759158776138 9.9
      vertex 82.9500414227545 55.49995869201178 9.9
    endloop
  endfacet
  facet normal 0.35734935826706116 0.9339707897713502 0
    outer loop
      vertex 83.43296452910643 51.67051000666363 9.9
      vertex 83.43296452910643 51.67051000666363 10
      vertex 83.6391895145536 51.59160564796712 9.9
    endloop
  endfacet
  facet normal 0.44717376939810016 0.8944471029425356 0
    outer loop
      vertex 83.23546655293012 51.7692480026443 9.9
      vertex 83.23546655293012 51.7692480026443 10
      vertex 83.43296452910643 51.67051000666363 9.9
    endloop
  endfacet
  facet normal 0.44717376939810016 0.8944471029425356 0
    outer loop
      vertex 83.43296452910643 51.67051000666363 9.9
      vertex 83.23546655293012 51.7692480026443 10
      vertex 83.43296452910643 51.67051000666363 10
    endloop
  endfacet
  facet normal 0.2640834774686487 0.9644998273343888 0
    outer loop
      vertex 83.6391895145536 51.59160564796712 9.9
      vertex 83.6391895145536 51.59160564796712 10
      vertex 83.85215544992785 51.53329481866254 9.9
    endloop
  endfacet
  facet normal 0.35734935826706116 0.9339707897713502 0
    outer loop
      vertex 83.6391895145536 51.59160564796712 9.9
      vertex 83.43296452910643 51.67051000666363 10
      vertex 83.6391895145536 51.59160564796712 10
    endloop
  endfacet
  facet normal 0.16827432841967768 0.9857402043109059 0
    outer loop
      vertex 83.85215544992785 51.53329481866254 9.9
      vertex 83.85215544992785 51.53329481866254 10
      vertex 84.06981135685241 51.49613908391201 9.9
    endloop
  endfacet
  facet normal 0.2640834774686487 0.9644998273343888 0
    outer loop
      vertex 83.6391895145536 51.59160564796712 10
      vertex 83.85215544992785 51.53329481866254 10
      vertex 83.85215544992785 51.53329481866254 9.9
    endloop
  endfacet
  facet normal 0.16827432841967768 0.9857402043109059 0
    outer loop
      vertex 84.06981135685241 51.49613908391201 9.9
      vertex 83.85215544992785 51.53329481866254 10
      vertex 84.06981135685241 51.49613908391201 10
    endloop
  endfacet
  facet normal 0.07084460559986387 0.9974873642595177 0
    outer loop
      vertex 84.06981135685241 51.49613908391201 9.9
      vertex 84.06981135685241 51.49613908391201 10
      vertex 84.2900610899608 51.480496273752586 9.9
    endloop
  endfacet
  facet normal 0.07084460559986387 0.9974873642595177 0
    outer loop
      vertex 84.2900610899608 51.480496273752586 9.9
      vertex 84.06981135685241 51.49613908391201 10
      vertex 84.2900610899608 51.480496273752586 10
    endloop
  endfacet
  facet normal -0.027267389499564816 0.9996281756082503 0
    outer loop
      vertex 84.2900610899608 51.480496273752586 9.9
      vertex 84.2900610899608 51.480496273752586 10
      vertex 84.51078352392246 51.48651703699734 9.9
    endloop
  endfacet
  facet normal -0.027267389499564816 0.9996281756082503 0
    outer loop
      vertex 84.2900610899608 51.480496273752586 10
      vertex 84.51078352392246 51.48651703699734 10
      vertex 84.51078352392246 51.48651703699734 9.9
    endloop
  endfacet
  facet normal -0.12511678473212673 0.9921420211735288 0
    outer loop
      vertex 84.51078352392246 51.48651703699734 9.9
      vertex 84.51078352392246 51.48651703699734 10
      vertex 84.72985298103916 51.514143390404925 9.9
    endloop
  endfacet
  facet normal 0 0 1
    outer loop
      vertex 83.23546655293012 51.7692480026443 9.9
      vertex 83.43296452910643 51.67051000666363 9.9
      vertex 83.32204210239095 55.736949262008345 9.9
    endloop
  endfacet
  facet normal 0 0 1
    outer loop
      vertex 83.43296452910643 51.67051000666363 9.9
      vertex 83.6391895145536 51.59160564796712 9.9
      vertex 83.52365899515024 55.82697854056869 9.9
    endloop
  endfacet
  facet normal 0 0 1
    outer loop
      vertex 83.6391895145536 51.59160564796712 9.9
      vertex 83.85215544992785 51.53329481866254 9.9
      vertex 83.73312945989382 55.89681239227486 9.9
    endloop
  endfacet
  facet normal 0 0 1
    outer loop
      vertex 83.23546655293012 51.7692480026443 9.9
      vertex 83.32204210239095 55.736949262008345 9.9
      vertex 83.1302204625082 55.62759158776138 9.9
    endloop
  endfacet
  facet normal 0 0 1
    outer loop
      vertex 83.43296452910643 51.67051000666363 9.9
      vertex 83.52365899515024 55.82697854056869 9.9
      vertex 83.32204210239095 55.736949262008345 9.9
    endloop
  endfacet
  facet normal 0 0 1
    outer loop
      vertex 83.6391895145536 51.59160564796712 9.9
      vertex 83.73312945989382 55.89681239227486 9.9
      vertex 83.52365899515024 55.82697854056869 9.9
    endloop
  endfacet
  facet normal 0 0 1
    outer loop
      vertex 83.85215544992785 51.53329481866254 9.9
      vertex 83.94843618153799 55.94577827895986 9.9
      vertex 83.73312945989382 55.89681239227486 9.9
    endloop
  endfacet
  facet normal 0 0 1
    outer loop
      vertex 83.85215544992785 51.53329481866254 9.9
      vertex 84.06981135685241 51.49613908391201 9.9
      vertex 83.94843618153799 55.94577827895986 9.9
    endloop
  endfacet
  facet normal 0 0 1
    outer loop
      vertex 84.06981135685241 51.49613908391201 9.9
      vertex 84.2900610899608 51.480496273752586 9.9
      vertex 84.16750563865469 55.97340463236744 9.9
    endloop
  endfacet
  facet normal 0 0 1
    outer loop
      vertex 84.2900610899608 51.480496273752586 9.9
      vertex 84.51078352392246 51.48651703699734 9.9
      vertex 84.38822807261634 55.97942539561219 9.9
    endloop
  endfacet
  facet normal 0 0 1
    outer loop
      vertex 84.51078352392246 51.48651703699734 9.9
      vertex 84.72985298103916 51.514143390404925 9.9
      vertex 84.60847780572473 55.96378258545276 9.9
    endloop
  endfacet
  facet normal 0.9339707897713732 -0.3573493582670008 0
    outer loop
      vertex 82.2007893945733 54.429915901417345 9.9
      vertex 82.27969375326981 54.636140886864546 9.9
      vertex 82.27969375326981 54.636140886864546 10
    endloop
  endfacet
  facet normal 0.9339707897713732 -0.3573493582670008 0
    outer loop
      vertex 82.2007893945733 54.429915901417345 9.9
      vertex 82.27969375326981 54.636140886864546 10
      vertex 82.2007893945733 54.429915901417345 10
    endloop
  endfacet
  facet normal 0.8944471029425033 -0.4471737693981645 0
    outer loop
      vertex 82.27969375326981 54.636140886864546 9.9
      vertex 82.37843174925048 54.83363886304083 9.9
      vertex 82.37843174925048 54.83363886304083 10
    endloop
  endfacet
  facet normal 0.8944471029425033 -0.4471737693981645 0
    outer loop
      vertex 82.27969375326981 54.636140886864546 9.9
      vertex 82.37843174925048 54.83363886304083 10
      vertex 82.27969375326981 54.636140886864546 10
    endloop
  endfacet
  facet normal 0.8463094015577691 -0.5326916526799823 0
    outer loop
      vertex 82.37843174925048 54.83363886304083 9.9
      vertex 82.49605248163834 55.02050781647225 9.9
      vertex 82.49605248163834 55.02050781647225 10
    endloop
  endfacet
  facet normal 0.8463094015577691 -0.5326916526799823 0
    outer loop
      vertex 82.37843174925048 54.83363886304083 9.9
      vertex 82.49605248163834 55.02050781647225 10
      vertex 82.37843174925048 54.83363886304083 10
    endloop
  endfacet
  facet normal 0.7900212779962879 -0.6130794241475669 0
    outer loop
      vertex 82.49605248163834 55.02050781647225 9.9
      vertex 82.63142319848245 55.19494809698428 9.9
      vertex 82.63142319848245 55.19494809698428 10
    endloop
  endfacet
  facet normal 0.7900212779962879 -0.6130794241475669 0
    outer loop
      vertex 82.49605248163834 55.02050781647225 9.9
      vertex 82.63142319848245 55.19494809698428 10
      vertex 82.49605248163834 55.02050781647225 10
    endloop
  endfacet
  facet normal 0.7261248176580946 -0.6875629056173688 0
    outer loop
      vertex 82.63142319848245 55.19494809698428 9.9
      vertex 82.78324020577845 55.355279749316836 10
      vertex 82.63142319848245 55.19494809698428 10
    endloop
  endfacet
  facet normal 0.7261248176580946 -0.6875629056173688 0
    outer loop
      vertex 82.63142319848245 55.19494809698428 9.9
      vertex 82.78324020577845 55.355279749316836 9.9
      vertex 82.78324020577845 55.355279749316836 10
    endloop
  endfacet
  facet normal 0.6552353783856454 -0.7554247804459554 0
    outer loop
      vertex 82.78324020577845 55.355279749316836 9.9
      vertex 82.9500414227545 55.49995869201178 10
      vertex 82.78324020577845 55.355279749316836 10
    endloop
  endfacet
  facet normal 0.6552353783856454 -0.7554247804459554 0
    outer loop
      vertex 82.78324020577845 55.355279749316836 9.9
      vertex 82.9500414227545 55.49995869201178 9.9
      vertex 82.9500414227545 55.49995869201178 10
    endloop
  endfacet
  facet normal 0.5780356642313341 -0.816011501681588 0
    outer loop
      vertex 82.9500414227545 55.49995869201178 9.9
      vertex 83.1302204625082 55.62759158776138 10
      vertex 82.9500414227545 55.49995869201178 10
    endloop
  endfacet
  facet normal 0.5780356642313341 -0.816011501681588 0
    outer loop
      vertex 82.9500414227545 55.49995869201178 9.9
      vertex 83.1302204625082 55.62759158776138 9.9
      vertex 83.1302204625082 55.62759158776138 10
    endloop
  endfacet
  facet normal 0.4952691506439284 -0.8687395860788443 0
    outer loop
      vertex 83.1302204625082 55.62759158776138 9.9
      vertex 83.32204210239095 55.736949262008345 10
      vertex 83.1302204625082 55.62759158776138 10
    endloop
  endfacet
  facet normal 0.4952691506439284 -0.8687395860788443 0
    outer loop
      vertex 83.1302204625082 55.62759158776138 9.9
      vertex 83.32204210239095 55.736949262008345 9.9
      vertex 83.32204210239095 55.736949262008345 10
    endloop
  endfacet
  facet normal 0.4077329243942539 -0.9131012333607427 0
    outer loop
      vertex 83.32204210239095 55.736949262008345 9.9
      vertex 83.52365899515024 55.82697854056869 10
      vertex 83.32204210239095 55.736949262008345 10
    endloop
  endfacet
  facet normal 0.4077329243942539 -0.9131012333607427 0
    outer loop
      vertex 83.32204210239095 55.736949262008345 9.9
      vertex 83.52365899515024 55.82697854056869 9.9
      vertex 83.52365899515024 55.82697854056869 10
    endloop
  endfacet
  facet normal 0.3162700071931203 -0.9486692166134957 0
    outer loop
      vertex 83.52365899515024 55.82697854056869 9.9
      vertex 83.73312945989382 55.89681239227486 10
      vertex 83.52365899515024 55.82697854056869 10
    endloop
  endfacet
  facet normal 0.3162700071931203 -0.9486692166134957 0
    outer loop
      vertex 83.52365899515024 55.82697854056869 9.9
      vertex 83.73312945989382 55.89681239227486 9.9
      vertex 83.73312945989382 55.89681239227486 10
    endloop
  endfacet
  facet normal 0.22176123693193042 -0.9751009967149148 0
    outer loop
      vertex 83.73312945989382 55.89681239227486 9.9
      vertex 83.94843618153799 55.94577827895986 9.9
      vertex 83.94843618153799 55.94577827895986 10
    endloop
  endfacet
  facet normal 0.22176123693193042 -0.9751009967149148 0
    outer loop
      vertex 83.73312945989382 55.89681239227486 9.9
      vertex 83.94843618153799 55.94577827895986 10
      vertex 83.73312945989382 55.89681239227486 10
    endloop
  endfacet
  facet normal 0 0 1
    outer loop
      vertex 84.06981135685241 51.49613908391201 9.9
      vertex 84.16750563865469 55.97340463236744 9.9
      vertex 83.94843618153799 55.94577827895986 9.9
    endloop
  endfacet
  facet normal 0 0 1
    outer loop
      vertex 84.2900610899608 51.480496273752586 9.9
      vertex 84.38822807261634 55.97942539561219 9.9
      vertex 84.16750563865469 55.97340463236744 9.9
    endloop
  endfacet
  facet normal 0 0 1
    outer loop
      vertex 84.38822807261634 55.97942539561219 9.9
      vertex 84.51078352392246 51.48651703699734 9.9
      vertex 84.60847780572473 55.96378258545276 9.9
    endloop
  endfacet
  facet normal 0.12511678473212673 -0.9921420211735288 0
    outer loop
      vertex 83.94843618153799 55.94577827895986 9.9
      vertex 84.16750563865469 55.97340463236744 9.9
      vertex 84.16750563865469 55.97340463236744 10
    endloop
  endfacet
  facet normal 0.12511678473212673 -0.9921420211735288 0
    outer loop
      vertex 83.94843618153799 55.94577827895986 9.9
      vertex 84.16750563865469 55.97340463236744 10
      vertex 83.94843618153799 55.94577827895986 10
    endloop
  endfacet
  facet normal 0.02726738949953266 -0.9996281756082513 0
    outer loop
      vertex 84.16750563865469 55.97340463236744 9.9
      vertex 84.38822807261634 55.97942539561219 10
      vertex 84.16750563865469 55.97340463236744 10
    endloop
  endfacet
  facet normal 0.02726738949953266 -0.9996281756082513 0
    outer loop
      vertex 84.16750563865469 55.97340463236744 9.9
      vertex 84.38822807261634 55.97942539561219 9.9
      vertex 84.38822807261634 55.97942539561219 10
    endloop
  endfacet
  facet normal -0.07084460559986387 -0.9974873642595177 0
    outer loop
      vertex 84.38822807261634 55.97942539561219 9.9
      vertex 84.60847780572473 55.96378258545276 10
      vertex 84.38822807261634 55.97942539561219 10
    endloop
  endfacet
  facet normal -0.07084460559986387 -0.9974873642595177 0
    outer loop
      vertex 84.38822807261634 55.97942539561219 9.9
      vertex 84.60847780572473 55.96378258545276 9.9
      vertex 84.60847780572473 55.96378258545276 10
    endloop
  endfacet
  facet normal -0.22176123693193042 0.9751009967149148 0
    outer loop
      vertex 84.72985298103916 51.514143390404925 9.9
      vertex 84.72985298103916 51.514143390404925 10
      vertex 84.94515970268333 51.56310927708992 9.9
    endloop
  endfacet
  facet normal -0.12511678473212673 0.9921420211735288 0
    outer loop
      vertex 84.72985298103916 51.514143390404925 9.9
      vertex 84.51078352392246 51.48651703699734 10
      vertex 84.72985298103916 51.514143390404925 10
    endloop
  endfacet
  facet normal -0.22176123693193042 0.9751009967149148 0
    outer loop
      vertex 84.94515970268333 51.56310927708992 9.9
      vertex 84.72985298103916 51.514143390404925 10
      vertex 84.94515970268333 51.56310927708992 10
    endloop
  endfacet
  facet normal -0.31627000719309134 0.9486692166135053 0
    outer loop
      vertex 84.94515970268333 51.56310927708992 9.9
      vertex 84.94515970268333 51.56310927708992 10
      vertex 85.1546301674269 51.632943128796086 9.9
    endloop
  endfacet
  facet normal -0.31627000719309134 0.9486692166135053 0
    outer loop
      vertex 84.94515970268333 51.56310927708992 10
      vertex 85.1546301674269 51.632943128796086 10
      vertex 85.1546301674269 51.632943128796086 9.9
    endloop
  endfacet
  facet normal -0.4077329243942539 0.9131012333607427 0
    outer loop
      vertex 85.1546301674269 51.632943128796086 9.9
      vertex 85.1546301674269 51.632943128796086 10
      vertex 85.35624706018619 51.72297240735643 9.9
    endloop
  endfacet
  facet normal -0.4077329243942539 0.9131012333607427 0
    outer loop
      vertex 85.35624706018619 51.72297240735643 9.9
      vertex 85.1546301674269 51.632943128796086 10
      vertex 85.35624706018619 51.72297240735643 10
    endloop
  endfacet
  facet normal -0.4952691506439562 0.8687395860788286 0
    outer loop
      vertex 85.35624706018619 51.72297240735643 9.9
      vertex 85.35624706018619 51.72297240735643 10
      vertex 85.54806870006892 51.832330081603395 9.9
    endloop
  endfacet
  facet normal -0.4952691506439562 0.8687395860788286 0
    outer loop
      vertex 85.54806870006892 51.832330081603395 9.9
      vertex 85.35624706018619 51.72297240735643 10
      vertex 85.54806870006892 51.832330081603395 10
    endloop
  endfacet
  facet normal -0.5780356642313037 0.8160115016816095 0
    outer loop
      vertex 85.54806870006892 51.832330081603395 9.9
      vertex 85.54806870006892 51.832330081603395 10
      vertex 85.72824773982265 51.959962977352994 9.9
    endloop
  endfacet
  facet normal -0.5780356642313037 0.8160115016816095 0
    outer loop
      vertex 85.54806870006892 51.832330081603395 10
      vertex 85.72824773982265 51.959962977352994 10
      vertex 85.72824773982265 51.959962977352994 9.9
    endloop
  endfacet
  facet normal -0.6552353783856454 0.7554247804459554 0
    outer loop
      vertex 85.72824773982265 51.959962977352994 9.9
      vertex 85.72824773982265 51.959962977352994 10
      vertex 85.89504895679869 52.10464192004794 9.9
    endloop
  endfacet
  facet normal -0.6552353783856454 0.7554247804459554 0
    outer loop
      vertex 85.72824773982265 51.959962977352994 10
      vertex 85.89504895679869 52.10464192004794 10
      vertex 85.89504895679869 52.10464192004794 9.9
    endloop
  endfacet
  facet normal -0.7261248176581098 0.6875629056173527 0
    outer loop
      vertex 85.89504895679869 52.10464192004794 9.9
      vertex 85.89504895679869 52.10464192004794 10
      vertex 86.04686596409469 52.264973572380505 9.9
    endloop
  endfacet
  facet normal -0.7261248176581098 0.6875629056173527 0
    outer loop
      vertex 86.04686596409469 52.264973572380505 9.9
      vertex 85.89504895679869 52.10464192004794 10
      vertex 86.04686596409469 52.264973572380505 10
    endloop
  endfacet
  facet normal 0 0 1
    outer loop
      vertex 84.72985298103916 51.514143390404925 9.9
      vertex 84.94515970268333 51.56310927708992 9.9
      vertex 84.8261337126493 55.926626850702235 9.9
    endloop
  endfacet
  facet normal 0 0 1
    outer loop
      vertex 84.94515970268333 51.56310927708992 9.9
      vertex 85.1546301674269 51.632943128796086 9.9
      vertex 85.03909964802354 55.86831602139765 9.9
    endloop
  endfacet
  facet normal 0 0 1
    outer loop
      vertex 85.1546301674269 51.632943128796086 9.9
      vertex 85.35624706018619 51.72297240735643 9.9
      vertex 85.24532463347072 55.78941166270114 9.9
    endloop
  endfacet
  facet normal 0 0 1
    outer loop
      vertex 84.72985298103916 51.514143390404925 9.9
      vertex 84.8261337126493 55.926626850702235 9.9
      vertex 84.60847780572473 55.96378258545276 9.9
    endloop
  endfacet
  facet normal 0 0 1
    outer loop
      vertex 84.94515970268333 51.56310927708992 9.9
      vertex 85.03909964802354 55.86831602139765 9.9
      vertex 84.8261337126493 55.926626850702235 9.9
    endloop
  endfacet
  facet normal 0 0 1
    outer loop
      vertex 85.1546301674269 51.632943128796086 9.9
      vertex 85.24532463347072 55.78941166270114 9.9
      vertex 85.03909964802354 55.86831602139765 9.9
    endloop
  endfacet
  facet normal 0 0 1
    outer loop
      vertex 85.35624706018619 51.72297240735643 9.9
      vertex 85.44282260964702 55.69067366672048 9.9
      vertex 85.24532463347072 55.78941166270114 9.9
    endloop
  endfacet
  facet normal 0 0 1
    outer loop
      vertex 85.35624706018619 51.72297240735643 9.9
      vertex 85.54806870006892 51.832330081603395 9.9
      vertex 85.44282260964702 55.69067366672048 9.9
    endloop
  endfacet
  facet normal 0 0 1
    outer loop
      vertex 85.54806870006892 51.832330081603395 9.9
      vertex 85.72824773982265 51.959962977352994 9.9
      vertex 85.62969156307842 55.57305293433262 9.9
    endloop
  endfacet
  facet normal 0 0 1
    outer loop
      vertex 85.72824773982265 51.959962977352994 9.9
      vertex 85.89504895679869 52.10464192004794 9.9
      vertex 85.80413184359045 55.4376822174885 9.9
    endloop
  endfacet
  facet normal 0 0 1
    outer loop
      vertex 85.89504895679869 52.10464192004794 9.9
      vertex 86.04686596409469 52.264973572380505 9.9
      vertex 85.96446349592303 55.28586521019249 9.9
    endloop
  endfacet
  facet normal 0 0 1
    outer loop
      vertex 85.54806870006892 51.832330081603395 9.9
      vertex 85.62969156307842 55.57305293433262 9.9
      vertex 85.44282260964702 55.69067366672048 9.9
    endloop
  endfacet
  facet normal 0 0 1
    outer loop
      vertex 85.72824773982265 51.959962977352994 9.9
      vertex 85.80413184359045 55.4376822174885 9.9
      vertex 85.62969156307842 55.57305293433262 9.9
    endloop
  endfacet
  facet normal 0 0 1
    outer loop
      vertex 85.89504895679869 52.10464192004794 9.9
      vertex 85.96446349592303 55.28586521019249 9.9
      vertex 85.80413184359045 55.4376822174885 9.9
    endloop
  endfacet
  facet normal 0 0 1
    outer loop
      vertex 86.04686596409469 52.264973572380505 9.9
      vertex 86.10914243861795 55.11906399321648 9.9
      vertex 85.96446349592303 55.28586521019249 9.9
    endloop
  endfacet
  facet normal -0.7900212779962879 0.6130794241475669 0
    outer loop
      vertex 86.04686596409469 52.264973572380505 9.9
      vertex 86.04686596409469 52.264973572380505 10
      vertex 86.1822366809388 52.439413852892535 9.9
    endloop
  endfacet
  facet normal -0.7900212779962879 0.6130794241475669 0
    outer loop
      vertex 86.1822366809388 52.439413852892535 9.9
      vertex 86.04686596409469 52.264973572380505 10
      vertex 86.1822366809388 52.439413852892535 10
    endloop
  endfacet
  facet normal -0.8463094015577691 0.5326916526799823 0
    outer loop
      vertex 86.1822366809388 52.439413852892535 9.9
      vertex 86.1822366809388 52.439413852892535 10
      vertex 86.29985741332666 52.62628280632395 9.9
    endloop
  endfacet
  facet normal -0.8463094015577691 0.5326916526799823 0
    outer loop
      vertex 86.29985741332666 52.62628280632395 9.9
      vertex 86.1822366809388 52.439413852892535 10
      vertex 86.29985741332666 52.62628280632395 10
    endloop
  endfacet
  facet normal -0.894447102942497 0.44717376939817743 0
    outer loop
      vertex 86.29985741332666 52.62628280632395 9.9
      vertex 86.29985741332666 52.62628280632395 10
      vertex 86.39859540930733 52.82378078250023 9.9
    endloop
  endfacet
  facet normal -0.894447102942497 0.44717376939817743 0
    outer loop
      vertex 86.29985741332666 52.62628280632395 10
      vertex 86.39859540930733 52.82378078250023 10
      vertex 86.39859540930733 52.82378078250023 9.9
    endloop
  endfacet
  facet normal -0.9339707897713732 0.3573493582670008 0
    outer loop
      vertex 86.39859540930733 52.82378078250023 9.9
      vertex 86.39859540930733 52.82378078250023 10
      vertex 86.47749976800384 53.03000576794743 9.9
    endloop
  endfacet
  facet normal 0 0 1
    outer loop
      vertex 86.04686596409469 52.264973572380505 9.9
      vertex 86.1822366809388 52.439413852892535 9.9
      vertex 86.10914243861795 55.11906399321648 9.9
    endloop
  endfacet
  facet normal 0 0 1
    outer loop
      vertex 86.1822366809388 52.439413852892535 9.9
      vertex 86.29985741332666 52.62628280632395 9.9
      vertex 86.23677533436756 54.93888495346274 9.9
    endloop
  endfacet
  facet normal 0 0 1
    outer loop
      vertex 86.29985741332666 52.62628280632395 9.9
      vertex 86.39859540930733 52.82378078250023 9.9
      vertex 86.34613300861453 54.74706331358001 9.9
    endloop
  endfacet
  facet normal 0 0 1
    outer loop
      vertex 86.39859540930733 52.82378078250023 9.9
      vertex 86.47749976800384 53.03000576794743 9.9
      vertex 86.43616228717487 54.54544642082072 9.9
    endloop
  endfacet
  facet normal -0.9339707897713732 0.3573493582670008 0
    outer loop
      vertex 86.47749976800384 53.03000576794743 9.9
      vertex 86.39859540930733 52.82378078250023 10
      vertex 86.47749976800384 53.03000576794743 10
    endloop
  endfacet
  facet normal -0.9644998273343761 0.264083477468695 0
    outer loop
      vertex 86.47749976800384 53.03000576794743 9.9
      vertex 86.47749976800384 53.03000576794743 10
      vertex 86.53581059730843 53.24297170332166 9.9
    endloop
  endfacet
  facet normal -0.9644998273343761 0.264083477468695 0
    outer loop
      vertex 86.53581059730843 53.24297170332166 9.9
      vertex 86.47749976800384 53.03000576794743 10
      vertex 86.53581059730843 53.24297170332166 10
    endloop
  endfacet
  facet normal 0 0 1
    outer loop
      vertex 86.47749976800384 53.03000576794743 9.9
      vertex 86.53581059730843 53.24297170332166 9.9
      vertex 86.50599613888104 54.33597595607715 9.9
    endloop
  endfacet
  facet normal 0 0 1
    outer loop
      vertex 86.53581059730843 53.24297170332166 9.9
      vertex 86.57296633205895 53.46062761024623 9.9
      vertex 86.55496202556604 54.12066923443298 9.9
    endloop
  endfacet
  facet normal -0.9857402043109067 0.16827432841967233 0
    outer loop
      vertex 86.53581059730843 53.24297170332166 9.9
      vertex 86.53581059730843 53.24297170332166 10
      vertex 86.57296633205895 53.46062761024623 9.9
    endloop
  endfacet
  facet normal -0.9857402043109067 0.16827432841967233 0
    outer loop
      vertex 86.57296633205895 53.46062761024623 9.9
      vertex 86.53581059730843 53.24297170332166 10
      vertex 86.57296633205895 53.46062761024623 10
    endloop
  endfacet
  facet normal -0.9974873642595247 0.07084460559976555 0
    outer loop
      vertex 86.57296633205895 53.46062761024623 9.9
      vertex 86.57296633205895 53.46062761024623 10
      vertex 86.58860914221836 53.680877343354624 9.9
    endloop
  endfacet
  facet normal -0.9974873642595247 0.07084460559976555 0
    outer loop
      vertex 86.57296633205895 53.46062761024623 10
      vertex 86.58860914221836 53.680877343354624 10
      vertex 86.58860914221836 53.680877343354624 9.9
    endloop
  endfacet
  facet normal 0 0 1
    outer loop
      vertex 86.39859540930733 52.82378078250023 9.9
      vertex 86.43616228717487 54.54544642082072 9.9
      vertex 86.34613300861453 54.74706331358001 9.9
    endloop
  endfacet
  facet normal 0 0 1
    outer loop
      vertex 86.1822366809388 52.439413852892535 9.9
      vertex 86.23677533436756 54.93888495346274 9.9
      vertex 86.10914243861795 55.11906399321648 9.9
    endloop
  endfacet
  facet normal 0 0 1
    outer loop
      vertex 86.29985741332666 52.62628280632395 9.9
      vertex 86.34613300861453 54.74706331358001 9.9
      vertex 86.23677533436756 54.93888495346274 9.9
    endloop
  endfacet
  facet normal 0 0 1
    outer loop
      vertex 86.57296633205895 53.46062761024623 9.9
      vertex 86.58860914221836 53.680877343354624 9.9
      vertex 86.58258837897363 53.901599777316285 9.9
    endloop
  endfacet
  facet normal 0 0 1
    outer loop
      vertex 86.57296633205895 53.46062761024623 9.9
      vertex 86.58258837897363 53.901599777316285 9.9
      vertex 86.55496202556604 54.12066923443298 9.9
    endloop
  endfacet
  facet normal 0 0 1
    outer loop
      vertex 86.53581059730843 53.24297170332166 9.9
      vertex 86.55496202556604 54.12066923443298 9.9
      vertex 86.50599613888104 54.33597595607715 9.9
    endloop
  endfacet
  facet normal 0 0 1
    outer loop
      vertex 86.47749976800384 53.03000576794743 9.9
      vertex 86.50599613888104 54.33597595607715 9.9
      vertex 86.43616228717487 54.54544642082072 9.9
    endloop
  endfacet
  facet normal -0.999628175608253 -0.02726738949946747 0
    outer loop
      vertex 86.58860914221836 53.680877343354624 9.9
      vertex 86.58860914221836 53.680877343354624 10
      vertex 86.58258837897363 53.901599777316285 9.9
    endloop
  endfacet
  facet normal -0.999628175608253 -0.02726738949946747 0
    outer loop
      vertex 86.58258837897363 53.901599777316285 9.9
      vertex 86.58860914221836 53.680877343354624 10
      vertex 86.58258837897363 53.901599777316285 10
    endloop
  endfacet
  facet normal -0.9921420211735282 -0.12511678473213073 0
    outer loop
      vertex 86.55496202556604 54.12066923443298 9.9
      vertex 86.58258837897363 53.901599777316285 9.9
      vertex 86.58258837897363 53.901599777316285 10
    endloop
  endfacet
  facet normal -0.9921420211735282 -0.12511678473213073 0
    outer loop
      vertex 86.55496202556604 54.12066923443298 9.9
      vertex 86.58258837897363 53.901599777316285 10
      vertex 86.55496202556604 54.12066923443298 10
    endloop
  endfacet
  facet normal -0.9751009967149148 -0.22176123693193042 0
    outer loop
      vertex 86.55496202556604 54.12066923443298 9.9
      vertex 86.55496202556604 54.12066923443298 10
      vertex 86.50599613888104 54.33597595607715 9.9
    endloop
  endfacet
  facet normal -0.9751009967149148 -0.22176123693193042 0
    outer loop
      vertex 86.50599613888104 54.33597595607715 9.9
      vertex 86.55496202556604 54.12066923443298 10
      vertex 86.50599613888104 54.33597595607715 10
    endloop
  endfacet
  facet normal -0.9486692166134829 -0.31627000719315895 0
    outer loop
      vertex 86.50599613888104 54.33597595607715 9.9
      vertex 86.50599613888104 54.33597595607715 10
      vertex 86.43616228717487 54.54544642082072 9.9
    endloop
  endfacet
  facet normal -0.16827432841967768 -0.9857402043109059 0
    outer loop
      vertex 84.60847780572473 55.96378258545276 9.9
      vertex 84.8261337126493 55.926626850702235 9.9
      vertex 84.8261337126493 55.926626850702235 10
    endloop
  endfacet
  facet normal -0.16827432841967768 -0.9857402043109059 0
    outer loop
      vertex 84.60847780572473 55.96378258545276 9.9
      vertex 84.8261337126493 55.926626850702235 10
      vertex 84.60847780572473 55.96378258545276 10
    endloop
  endfacet
  facet normal -0.2640834774686487 -0.9644998273343888 0
    outer loop
      vertex 84.8261337126493 55.926626850702235 9.9
      vertex 85.03909964802354 55.86831602139765 9.9
      vertex 85.03909964802354 55.86831602139765 10
    endloop
  endfacet
  facet normal -0.2640834774686487 -0.9644998273343888 0
    outer loop
      vertex 84.8261337126493 55.926626850702235 9.9
      vertex 85.03909964802354 55.86831602139765 10
      vertex 84.8261337126493 55.926626850702235 10
    endloop
  endfacet
  facet normal -0.35734935826706116 -0.9339707897713502 0
    outer loop
      vertex 85.03909964802354 55.86831602139765 9.9
      vertex 85.24532463347072 55.78941166270114 9.9
      vertex 85.24532463347072 55.78941166270114 10
    endloop
  endfacet
  facet normal -0.35734935826706116 -0.9339707897713502 0
    outer loop
      vertex 85.03909964802354 55.86831602139765 9.9
      vertex 85.24532463347072 55.78941166270114 10
      vertex 85.03909964802354 55.86831602139765 10
    endloop
  endfacet
  facet normal -0.44717376939810016 -0.8944471029425356 0
    outer loop
      vertex 85.24532463347072 55.78941166270114 9.9
      vertex 85.44282260964702 55.69067366672048 10
      vertex 85.24532463347072 55.78941166270114 10
    endloop
  endfacet
  facet normal -0.7554247804459481 -0.655235378385654 0
    outer loop
      vertex 86.10914243861795 55.11906399321648 9.9
      vertex 86.10914243861795 55.11906399321648 10
      vertex 85.96446349592303 55.28586521019249 9.9
    endloop
  endfacet
  facet normal -0.7554247804459481 -0.655235378385654 0
    outer loop
      vertex 86.10914243861795 55.11906399321648 10
      vertex 85.96446349592303 55.28586521019249 10
      vertex 85.96446349592303 55.28586521019249 9.9
    endloop
  endfacet
  facet normal -0.5326916526799882 -0.8463094015577652 0
    outer loop
      vertex 85.44282260964702 55.69067366672048 9.9
      vertex 85.62969156307842 55.57305293433262 10
      vertex 85.44282260964702 55.69067366672048 10
    endloop
  endfacet
  facet normal -0.5326916526799882 -0.8463094015577652 0
    outer loop
      vertex 85.44282260964702 55.69067366672048 9.9
      vertex 85.62969156307842 55.57305293433262 9.9
      vertex 85.62969156307842 55.57305293433262 10
    endloop
  endfacet
  facet normal -0.6130794241476071 -0.7900212779962568 0
    outer loop
      vertex 85.62969156307842 55.57305293433262 9.9
      vertex 85.80413184359045 55.4376822174885 10
      vertex 85.62969156307842 55.57305293433262 10
    endloop
  endfacet
  facet normal -0.44717376939810016 -0.8944471029425356 0
    outer loop
      vertex 85.24532463347072 55.78941166270114 9.9
      vertex 85.44282260964702 55.69067366672048 9.9
      vertex 85.44282260964702 55.69067366672048 10
    endloop
  endfacet
  facet normal -0.6875629056173538 -0.726124817658109 0
    outer loop
      vertex 85.80413184359045 55.4376822174885 9.9
      vertex 85.96446349592303 55.28586521019249 10
      vertex 85.80413184359045 55.4376822174885 10
    endloop
  endfacet
  facet normal -0.6130794241476071 -0.7900212779962568 0
    outer loop
      vertex 85.62969156307842 55.57305293433262 9.9
      vertex 85.80413184359045 55.4376822174885 9.9
      vertex 85.80413184359045 55.4376822174885 10
    endloop
  endfacet
  facet normal -0.6875629056173538 -0.726124817658109 0
    outer loop
      vertex 85.80413184359045 55.4376822174885 9.9
      vertex 85.96446349592303 55.28586521019249 9.9
      vertex 85.96446349592303 55.28586521019249 10
    endloop
  endfacet
  facet normal -0.9131012333607548 -0.4077329243942271 0
    outer loop
      vertex 86.34613300861453 54.74706331358001 9.9
      vertex 86.43616228717487 54.54544642082072 9.9
      vertex 86.43616228717487 54.54544642082072 10
    endloop
  endfacet
  facet normal -0.8687395860788286 -0.4952691506439562 0
    outer loop
      vertex 86.34613300861453 54.74706331358001 9.9
      vertex 86.34613300861453 54.74706331358001 10
      vertex 86.23677533436756 54.93888495346274 9.9
    endloop
  endfacet
  facet normal -0.9131012333607548 -0.4077329243942271 0
    outer loop
      vertex 86.34613300861453 54.74706331358001 9.9
      vertex 86.43616228717487 54.54544642082072 10
      vertex 86.34613300861453 54.74706331358001 10
    endloop
  endfacet
  facet normal -0.8160115016816006 -0.5780356642313164 0
    outer loop
      vertex 86.10914243861795 55.11906399321648 9.9
      vertex 86.23677533436756 54.93888495346274 9.9
      vertex 86.23677533436756 54.93888495346274 10
    endloop
  endfacet
  facet normal -0.8160115016816006 -0.5780356642313164 0
    outer loop
      vertex 86.10914243861795 55.11906399321648 9.9
      vertex 86.23677533436756 54.93888495346274 10
      vertex 86.10914243861795 55.11906399321648 10
    endloop
  endfacet
  facet normal -0.8687395860788286 -0.4952691506439562 0
    outer loop
      vertex 86.23677533436756 54.93888495346274 9.9
      vertex 86.34613300861453 54.74706331358001 10
      vertex 86.23677533436756 54.93888495346274 10
    endloop
  endfacet
  facet normal -0.9486692166134829 -0.31627000719315895 0
    outer loop
      vertex 86.50599613888104 54.33597595607715 10
      vertex 86.43616228717487 54.54544642082072 10
      vertex 86.43616228717487 54.54544642082072 9.9
    endloop
  endfacet
  facet normal 0.9238795325112863 0.3826834323650911 0
    outer loop
      vertex 91.01854847656247 36.34812695613969 4
      vertex 90.06183989564974 38.65782578741791 3.9
      vertex 90.06183989564974 38.65782578741791 4
    endloop
  endfacet
  facet normal 0.9238795325112863 0.3826834323650911 0
    outer loop
      vertex 91.01854847656247 36.34812695613969 4
      vertex 91.01854847656247 36.34812695613969 3.9
      vertex 90.06183989564974 38.65782578741791 3.9
    endloop
  endfacet
  facet normal 0.9238795325112862 0.3826834323650911 2.0724163126336162e-16
    outer loop
      vertex 89.77482732137592 39.35073543680137 7
      vertex 91.01854847656247 36.34812695613969 4
      vertex 90.06183989564974 38.65782578741791 4
    endloop
  endfacet
  facet normal 0.9238795325112859 0.3826834323650919 -3.947459643111697e-16
    outer loop
      vertex 89.77482732137592 39.35073543680137 7
      vertex 91.30556105083629 35.65521730675623 4
      vertex 91.01854847656247 36.34812695613969 4
    endloop
  endfacet
  facet normal 0.9238795325112861 0.3826834323650914 0
    outer loop
      vertex 91.30556105083629 35.65521730675623 7
      vertex 91.30556105083629 35.65521730675623 4
      vertex 89.77482732137592 39.35073543680137 7
    endloop
  endfacet
  facet normal 0.9238795325112859 0.3826834323650919 0
    outer loop
      vertex 89.77482732137592 39.35073543680137 7
      vertex 90.06183989564974 38.65782578741791 4
      vertex 89.77482732137592 39.35073543680137 4
    endloop
  endfacet
  facet normal 0 0 1
    outer loop
      vertex 90.06183989564974 38.65782578741791 3.9
      vertex 91.01854847656247 36.34812695613969 3.9
      vertex 133.48417792368022 56.64394710857712 3.9
    endloop
  endfacet
  facet normal 0 0 1
    outer loop
      vertex 91.01854847656247 36.34812695613969 3.9
      vertex 134.44088650459295 54.33424827729891 3.9
      vertex 133.48417792368022 56.64394710857712 3.9
    endloop
  endfacet
  facet normal 0.38268343236508967 -0.9238795325112868 0
    outer loop
      vertex 89.77482732137592 39.35073543680137 7
      vertex 89.77482732137592 39.35073543680137 4
      vertex 133.1063907669809 57.29925669480119 4
    endloop
  endfacet
  facet normal -0.38268343236508995 0.9238795325112866 0
    outer loop
      vertex 91.30556105083629 35.65521730675623 7
      vertex 132.88014001384417 52.87597176318527 4
      vertex 91.30556105083629 35.65521730675623 4
    endloop
  endfacet
  facet normal 0 0 -1
    outer loop
      vertex 91.30556105083629 35.65521730675623 7
      vertex 89.77482732137592 39.35073543680137 7
      vertex 133.1063907669809 57.29925669480119 7
    endloop
  endfacet
  facet normal -0.38268343236508995 0.9238795325112866 0
    outer loop
      vertex 91.30556105083629 35.65521730675623 7
      vertex 132.88014001384417 52.87597176318527 7
      vertex 132.88014001384417 52.87597176318527 4
    endloop
  endfacet
  facet normal 0 0 -1
    outer loop
      vertex 91.30556105083629 35.65521730675623 7
      vertex 133.96253221482038 55.48909769207239 7
      vertex 132.88014001384417 52.87597176318527 7
    endloop
  endfacet
  facet normal 0 0 -1
    outer loop
      vertex 91.30556105083629 35.65521730675623 7
      vertex 133.1063907669809 57.29925669480119 7
      vertex 133.96253221482038 55.48909769207239 7
    endloop
  endfacet
  facet normal 0.38268343236508967 -0.9238795325112868 0
    outer loop
      vertex 89.77482732137592 39.35073543680137 7
      vertex 133.1063907669809 57.29925669480119 4
      vertex 133.1063907669809 57.29925669480119 7
    endloop
  endfacet
  facet normal 0 0 -1
    outer loop
      vertex 132.88014001384417 52.87597176318527 7
      vertex 133.96253221482038 55.48909769207239 7
      vertex 134.37540075659342 54.33520741894069 7
    endloop
  endfacet
  facet normal -0.382683432365089 0.923879532511287 0
    outer loop
      vertex 132.88014001384417 52.87597176318527 7
      vertex 134.63712449758967 53.603738565231744 7
      vertex 132.88014001384417 52.87597176318527 4
    endloop
  endfacet
  facet normal -0.382683432365089 0.923879532511287 0
    outer loop
      vertex 134.63712449758967 53.603738565231744 4
      vertex 132.88014001384417 52.87597176318527 4
      vertex 134.63712449758967 53.603738565231744 7
    endloop
  endfacet
  facet normal 0 0 -1
    outer loop
      vertex 132.88014001384417 52.87597176318527 7
      vertex 134.37540075659342 54.33520741894069 7
      vertex 134.63712449758967 53.603738565231744 7
    endloop
  endfacet
  facet normal 1 0 0
    outer loop
      vertex 75 0 18
      vertex 75 0 17
      vertex 75 1.0000000000000004 18
    endloop
  endfacet
  facet normal 0 -0.7071067811865474 0.7071067811865477
    outer loop
      vertex 75 0 17
      vertex 144.950873150049 1.0000000000000004 18
      vertex 75 1.0000000000000004 18
    endloop
  endfacet
  facet normal 0 -0.7071067811865474 0.7071067811865477
    outer loop
      vertex 75 0 17
      vertex 145 0 17
      vertex 144.950873150049 1.0000000000000004 18
    endloop
  endfacet
  facet normal -0.5000006240338207 0.4999993759657922 0.7071067811862702
    outer loop
      vertex 53.03300861646175 53.03300856152038 17.00000003884941
      vertex 53.74011537017761 52.32590180780452 18
      vertex 53.033008590340614 53.033008590340614 17
    endloop
  endfacet
  facet normal 0.7071067811865475 0.7071067811865475 0
    outer loop
      vertex 53.03300861646175 53.03300856152038 17.00000003884941
      vertex 53.03300861646175 53.03300856152038 18
      vertex 53.74011537017761 52.32590180780452 18
    endloop
  endfacet
  facet normal -0.5000000000000006 0.5000000000000006 0.7071067811865468
    outer loop
      vertex 53.033008590340614 53.033008590340614 17
      vertex 53.74011537017761 52.32590180780452 18
      vertex 102.5304832720494 102.5304832720494 17
    endloop
  endfacet
  facet normal -0.5000000000000006 0.5000000000000006 0.7071067811865468
    outer loop
      vertex 53.74011537017761 52.32590180780452 18
      vertex 103.20285212816157 101.78863856578847 18
      vertex 102.5304832720494 102.5304832720494 17
    endloop
  endfacet
  facet normal -0.7071067811865476 -0.7071067811865476 0
    outer loop
      vertex 102.5304832720494 102.5304832720494 18
      vertex 102.5304832720494 102.5304832720494 17
      vertex 102.53048334538072 102.53048319871807 17.000000103706153
    endloop
  endfacet
  facet normal -0.5000003655471038 0.499999656737369 0.7071067654288676
    outer loop
      vertex 103.20285212816157 101.78863856578847 18
      vertex 102.53048334538072 102.53048319871807 17.000000103706153
      vertex 102.5304832720494 102.5304832720494 17
    endloop
  endfacet
  facet normal -0.7071067811865476 -0.7071067811865476 0
    outer loop
      vertex 102.5304832720494 102.5304832720494 18
      vertex 102.53048334538072 102.53048319871807 17.000000103706153
      vertex 102.53048334538072 102.53048319871807 18
    endloop
  endfacet
  facet normal 0.9415440653997904 0.33688985278638944 0
    outer loop
      vertex 76.55522685497999 23.222774177789688 10
      vertex 74.50063084799136 28.96498535207771 18
      vertex 76.55522685497999 23.222774177789688 18
    endloop
  endfacet
  facet normal 0.8032075316764435 0.5956993042284294 0
    outer loop
      vertex 61.84083627164364 50.75146273523569 10
      vertex 61.84083627164364 50.75146273523569 17.682620680442014
      vertex 66.51756898313761 44.44561864435673 10
    endloop
  endfacet
  facet normal 0.9415440653997901 0.3368898527863904 -6.08189904371522e-16
    outer loop
      vertex 73.91036260128021 30.61467459052801 10
      vertex 73.91036260164311 30.614674589513776 14.99
      vertex 76.55522685497999 23.222774177789688 10
    endloop
  endfacet
  facet normal 0.9415431162589385 0.3368925054455904 0
    outer loop
      vertex 73.91036260128021 30.61467459052801 10
      vertex 73.91036260128021 30.61467459052801 14.99
      vertex 73.91036260164311 30.614674589513776 14.99
    endloop
  endfacet
  facet normal 0.9039892930059785 0.4275550936786408 0
    outer loop
      vertex 73.91036260128021 30.61467459052801 10
      vertex 73.9060818945046 30.623725384563375 14.99
      vertex 73.91036260128021 30.61467459052801 14.99
    endloop
  endfacet
  facet normal 0.9039892930057027 0.4275550936792237 0
    outer loop
      vertex 73.91036260128021 30.61467459052801 10
      vertex 70.5537011474371 37.71173894405365 10
      vertex 70.5537011474371 37.71173894405365 18
    endloop
  endfacet
  facet normal 0 0 1
    outer loop
      vertex 61.84083627164364 50.75146273523569 10
      vertex 66.51756898313761 44.44561864435673 10
      vertex 82.78324020577845 55.355279749316836 10
    endloop
  endfacet
  facet normal 0.8577286101271531 0.5141027439815335 8.543188304184226e-13
    outer loop
      vertex 70.5537011474371 37.71173894405365 10
      vertex 68.12719184740934 41.76012513481892 14.99
      vertex 68.13233312261256 41.751547435349366 14.99
    endloop
  endfacet
  facet normal 0.8577286101267118 0.5141027439822698 0
    outer loop
      vertex 70.5537011474371 37.71173894405365 10
      vertex 66.51756898313761 44.44561864435673 10
      vertex 66.51756898313761 44.44561864435673 18
    endloop
  endfacet
  facet normal 0.7409511245750193 0.6715589557075494 0
    outer loop
      vertex 61.84083627164364 50.75146273523569 10
      vertex 60.78556404852305 51.91577620884602 14.99
      vertex 61.84083627164364 50.75146273523569 17.682620680442014
    endloop
  endfacet
  facet normal 0.8032075316764399 0.5956993042284343 -4.682052113802963e-15
    outer loop
      vertex 66.51756898313761 44.44561864435673 10
      vertex 61.84083627164364 50.75146273523569 17.682620680442014
      vertex 61.947900619062565 50.60710317394279 17.990000000000002
    endloop
  endfacet
  facet normal 0.8032075316764478 0.5956993042284237 0
    outer loop
      vertex 66.51756898313761 44.44561864435673 10
      vertex 61.947900619062565 50.60710317394279 17.990000000000002
      vertex 61.947900619062565 50.60710317394279 18
    endloop
  endfacet
  facet normal 0.94154406539979 0.33688985278639055 -8.800512823682894e-16
    outer loop
      vertex 76.55522685497999 23.222774177789688 10
      vertex 73.91036260164311 30.614674589513776 14.99
      vertex 74.50063084799136 28.96498535207771 17.990000000000002
    endloop
  endfacet
  facet normal 0.941544065399789 0.33688985278639333 0
    outer loop
      vertex 76.55522685497999 23.222774177789688 10
      vertex 74.50063084799136 28.96498535207771 17.990000000000002
      vertex 74.50063084799136 28.96498535207771 18
    endloop
  endfacet
  facet normal 0.9039892930057022 0.4275550936792249 -1.2964434662914976e-15
    outer loop
      vertex 73.91036260128021 30.61467459052801 10
      vertex 70.5537011474371 37.71173894405365 18
      vertex 73.9060818945046 30.623725384563375 14.99
    endloop
  endfacet
  facet normal 0.9039892930057032 0.42755509367922273 4.672421560701995e-15
    outer loop
      vertex 73.9060818945046 30.623725384563375 14.99
      vertex 70.5537011474371 37.71173894405365 18
      vertex 73.15695812817152 32.2076145111639 17.990000000000002
    endloop
  endfacet
  facet normal 0.9039892930057032 0.42755509367922284 0
    outer loop
      vertex 73.15695812817152 32.2076145111639 17.990000000000002
      vertex 70.5537011474371 37.71173894405365 18
      vertex 73.15695812817152 32.2076145111639 18
    endloop
  endfacet
  facet normal 0.8577286101267007 0.5141027439822882 -2.0064783285023408e-14
    outer loop
      vertex 70.5537011474371 37.71173894405365 10
      vertex 66.51756898313761 44.44561864435673 18
      vertex 68.12719184740934 41.76012513481892 14.99
    endloop
  endfacet
  facet normal 0.8577286101267102 0.5141027439822723 -1.709335753872865e-15
    outer loop
      vertex 70.5537011474371 37.71173894405365 10
      vertex 68.13233312261256 41.751547435349366 14.99
      vertex 69.03205628317914 40.250450028177795 17.990000000000002
    endloop
  endfacet
  facet normal 0.8577286101267229 0.5141027439822513 0
    outer loop
      vertex 70.5537011474371 37.71173894405365 10
      vertex 69.03205628317914 40.250450028177795 17.990000000000002
      vertex 69.03205628317914 40.250450028177795 18
    endloop
  endfacet
  facet normal 0.8577286101267126 0.5141027439822684 0
    outer loop
      vertex 70.5537011474371 37.71173894405365 10
      vertex 69.03205628317914 40.250450028177795 18
      vertex 70.5537011474371 37.71173894405365 18
    endloop
  endfacet
  facet normal 0.8032075316764438 0.5956993042284292 0
    outer loop
      vertex 66.51756898313761 44.44561864435673 10
      vertex 61.947900619062565 50.60710317394279 18
      vertex 66.51756898313761 44.44561864435673 18
    endloop
  endfacet
  facet normal 0.8577286101267098 0.5141027439822732 -3.014383841386047e-15
    outer loop
      vertex 68.12719184740934 41.76012513481892 14.99
      vertex 66.51756898313761 44.44561864435673 18
      vertex 67.22746868684277 43.26122254199049 17.990000000000002
    endloop
  endfacet
  facet normal 0.8577286101267096 0.5141027439822734 0
    outer loop
      vertex 67.22746868684277 43.26122254199049 17.990000000000002
      vertex 66.51756898313761 44.44561864435673 18
      vertex 67.22746868684277 43.26122254199049 18
    endloop
  endfacet
  facet normal 0.9987954562766879 0.049067672871684995 9.564079909516008e-16
    outer loop
      vertex 79.79455859959126 4.181855611503124 10
      vertex 79.61477813124657 7.841371223330498 10
      vertex 79.69139104866707 6.281879416743047 14.99
    endloop
  endfacet
  facet normal 0.9987954562766937 0.04906767287156636 5.1150411215810776e-14
    outer loop
      vertex 79.79455859959126 4.181855611503124 10
      vertex 79.69139104866707 6.281879416743047 14.99
      vertex 79.69188193829046 6.271887128609443 14.99
    endloop
  endfacet
  facet normal 0 0 1
    outer loop
      vertex 79.61477813124657 7.841371223330498 10
      vertex 97.45796176935943 19.400517596125237 10
      vertex 78.4628224298358 15.607225760817528 10
    endloop
  endfacet
  facet normal 0.9891765099737756 0.14673047439472486 0
    outer loop
      vertex 79.61477813124657 7.841371223330498 10
      vertex 78.4628224298358 15.607225760817528 10
      vertex 78.4628224298358 15.607225760817528 18
    endloop
  endfacet
  facet normal 0.9700312531437723 0.2429801801059561 5.962433503964278e-13
    outer loop
      vertex 78.4628224298358 15.607225760817528 10
      vertex 77.6972071639344 18.66373323184472 14.99
      vertex 77.69963708283578 18.65403245182258 14.99
    endloop
  endfacet
  facet normal 0.9700312531435442 0.24298018010686626 0
    outer loop
      vertex 78.4628224298358 15.607225760817528 10
      vertex 76.55522685497999 23.222774177789688 10
      vertex 76.55522685497999 23.222774177789688 18
    endloop
  endfacet
  facet normal 0 0 1
    outer loop
      vertex 78.4628224298358 15.607225760817528 10
      vertex 96.42067659321297 19.746330640731294 10
      vertex 96.24049755345925 19.8739635364809 10
    endloop
  endfacet
  facet normal 0 0 1
    outer loop
      vertex 78.4628224298358 15.607225760817528 10
      vertex 95.57014988397458 20.73778134162813 10
      vertex 95.49124552527807 20.944006327075332 10
    endloop
  endfacet
  facet normal 0 0 1
    outer loop
      vertex 78.4628224298358 15.607225760817528 10
      vertex 95.66888787995525 20.540283365451845 10
      vertex 95.57014988397458 20.73778134162813 10
    endloop
  endfacet
  facet normal 0 0 1
    outer loop
      vertex 78.4628224298358 15.607225760817528 10
      vertex 95.7865086123431 20.353414412020435 10
      vertex 95.66888787995525 20.540283365451845 10
    endloop
  endfacet
  facet normal 0 0 1
    outer loop
      vertex 78.4628224298358 15.607225760817528 10
      vertex 96.07369633648324 20.01864247917584 10
      vertex 95.9218793291872 20.1789741315084 10
    endloop
  endfacet
  facet normal 0 0 1
    outer loop
      vertex 78.4628224298358 15.607225760817528 10
      vertex 95.9218793291872 20.1789741315084 10
      vertex 95.7865086123431 20.353414412020435 10
    endloop
  endfacet
  facet normal 0 0 1
    outer loop
      vertex 78.4628224298358 15.607225760817528 10
      vertex 96.24049755345925 19.8739635364809 10
      vertex 96.07369633648324 20.01864247917584 10
    endloop
  endfacet
  facet normal 0 0 1
    outer loop
      vertex 79.61477813124657 7.841371223330498 10
      vertex 97.6786842033211 19.394496832880492 10
      vertex 97.45796176935943 19.400517596125237 10
    endloop
  endfacet
  facet normal 0 0 1
    outer loop
      vertex 79.61477813124657 7.841371223330498 10
      vertex 97.89893393642951 19.410139643039916 10
      vertex 97.6786842033211 19.394496832880492 10
    endloop
  endfacet
  facet normal 0 0 1
    outer loop
      vertex 79.61477813124657 7.841371223330498 10
      vertex 98.11658984335406 19.447295377790436 10
      vertex 97.89893393642951 19.410139643039916 10
    endloop
  endfacet
  facet normal 0 0 1
    outer loop
      vertex 79.61477813124657 7.841371223330498 10
      vertex 98.32955577872829 19.505606207095024 10
      vertex 98.11658984335406 19.447295377790436 10
    endloop
  endfacet
  facet normal 0 0 1
    outer loop
      vertex 79.61477813124657 7.841371223330498 10
      vertex 98.5357807641755 19.584510565791533 10
      vertex 98.32955577872829 19.505606207095024 10
    endloop
  endfacet
  facet normal 0 0 1
    outer loop
      vertex 78.4628224298358 15.607225760817528 10
      vertex 96.61249823309572 19.636972966484333 10
      vertex 96.42067659321297 19.746330640731294 10
    endloop
  endfacet
  facet normal 0 0 1
    outer loop
      vertex 78.4628224298358 15.607225760817528 10
      vertex 96.814115125855 19.54694368792399 10
      vertex 96.61249823309572 19.636972966484333 10
    endloop
  endfacet
  facet normal 0 0 1
    outer loop
      vertex 78.4628224298358 15.607225760817528 10
      vertex 97.02358559059857 19.47710983621782 10
      vertex 96.814115125855 19.54694368792399 10
    endloop
  endfacet
  facet normal 0 0 1
    outer loop
      vertex 78.4628224298358 15.607225760817528 10
      vertex 97.23889231224274 19.42814394953282 10
      vertex 97.02358559059857 19.47710983621782 10
    endloop
  endfacet
  facet normal 0 0 1
    outer loop
      vertex 78.4628224298358 15.607225760817528 10
      vertex 97.45796176935943 19.400517596125237 10
      vertex 97.23889231224274 19.42814394953282 10
    endloop
  endfacet
  facet normal 0 0 1
    outer loop
      vertex 78.4628224298358 15.607225760817528 10
      vertex 95.43293469597349 21.156972262449557 10
      vertex 95.39577896122297 21.374628169374123 10
    endloop
  endfacet
  facet normal 0 0 1
    outer loop
      vertex 78.4628224298358 15.607225760817528 10
      vertex 95.49124552527807 20.944006327075332 10
      vertex 95.43293469597349 21.156972262449557 10
    endloop
  endfacet
  facet normal 0 0 1
    outer loop
      vertex 78.4628224298358 15.607225760817528 10
      vertex 95.39577896122297 21.374628169374123 10
      vertex 95.38013615106354 21.594877902482523 10
    endloop
  endfacet
  facet normal 0 0 1
    outer loop
      vertex 78.4628224298358 15.607225760817528 10
      vertex 95.38013615106354 21.594877902482523 10
      vertex 95.3861569143083 21.81560033644418 10
    endloop
  endfacet
  facet normal 0 0 1
    outer loop
      vertex 78.4628224298358 15.607225760817528 10
      vertex 95.3861569143083 21.81560033644418 10
      vertex 95.41378326771586 22.03466979356088 10
    endloop
  endfacet
  facet normal 0 0 1
    outer loop
      vertex 78.4628224298358 15.607225760817528 10
      vertex 95.41378326771586 22.03466979356088 10
      vertex 95.46274915440087 22.249976515205045 10
    endloop
  endfacet
  facet normal 0 0 1
    outer loop
      vertex 78.4628224298358 15.607225760817528 10
      vertex 95.46274915440087 22.249976515205045 10
      vertex 95.53258300610705 22.459446979948616 10
    endloop
  endfacet
  facet normal 0 0 1
    outer loop
      vertex 78.4628224298358 15.607225760817528 10
      vertex 95.53258300610705 22.459446979948616 10
      vertex 95.62261228466738 22.661063872707906 10
    endloop
  endfacet
  facet normal 0 0 1
    outer loop
      vertex 78.4628224298358 15.607225760817528 10
      vertex 95.62261228466738 22.661063872707906 10
      vertex 95.73196995891435 22.85288551259064 10
    endloop
  endfacet
  facet normal 0 0 1
    outer loop
      vertex 78.4628224298358 15.607225760817528 10
      vertex 95.73196995891435 22.85288551259064 10
      vertex 95.85960285466396 23.033064552344374 10
    endloop
  endfacet
  facet normal 0 0 1
    outer loop
      vertex 78.4628224298358 15.607225760817528 10
      vertex 95.85960285466396 23.033064552344374 10
      vertex 96.00428179735887 23.199865769320393 10
    endloop
  endfacet
  facet normal 0 0 1
    outer loop
      vertex 78.4628224298358 15.607225760817528 10
      vertex 96.00428179735887 23.199865769320393 10
      vertex 96.16461344969144 23.3516827766164 10
    endloop
  endfacet
  facet normal 0 0 1
    outer loop
      vertex 78.4628224298358 15.607225760817528 10
      vertex 96.16461344969144 23.3516827766164 10
      vertex 96.33905373020349 23.487053493460518 10
    endloop
  endfacet
  facet normal 0 0 1
    outer loop
      vertex 78.4628224298358 15.607225760817528 10
      vertex 96.33905373020349 23.487053493460518 10
      vertex 96.52592268363489 23.604674225848374 10
    endloop
  endfacet
  facet normal 0 0 1
    outer loop
      vertex 78.4628224298358 15.607225760817528 10
      vertex 96.52592268363489 23.604674225848374 10
      vertex 96.72342065981118 23.70341222182904 10
    endloop
  endfacet
  facet normal 0.998795456276688 0.04906767287168784 0
    outer loop
      vertex 79.79455859959126 4.181855611503124 10
      vertex 79.69188193829046 6.271887128609443 14.99
      vertex 79.79455859959126 4.181855611503124 18
    endloop
  endfacet
  facet normal 0.9987954562766881 0.04906767287168195 0
    outer loop
      vertex 79.61477813124657 7.841371223330498 10
      vertex 79.61477813124657 7.841371223330498 17.66547781832635
      vertex 79.69139104866707 6.281879416743047 14.99
    endloop
  endfacet
  facet normal 0.9891765099737756 0.14673047439472486 0
    outer loop
      vertex 79.61477813124657 7.841371223330498 10
      vertex 78.4628224298358 15.607225760817528 18
      vertex 79.61477813124657 7.841371223330498 17.66547781832635
    endloop
  endfacet
  facet normal 0.9987954562766875 0.04906767287169287 3.524969345177238e-15
    outer loop
      vertex 79.69188193829046 6.271887128609443 14.99
      vertex 79.77778762238442 4.523236705228629 17.990000000000002
      vertex 79.79455859959126 4.181855611503124 18
    endloop
  endfacet
  facet normal 0.9987954562766876 0.04906767287169279 0
    outer loop
      vertex 79.77778762238442 4.523236705228629 17.990000000000002
      vertex 79.77778762238442 4.523236705228629 18
      vertex 79.79455859959126 4.181855611503124 18
    endloop
  endfacet
  facet normal 0.9891765099737757 0.14673047439472403 1.9886928369229633e-14
    outer loop
      vertex 79.61477813124657 7.841371223330498 17.66547781832635
      vertex 78.4628224298358 15.607225760817528 18
      vertex 79.58693565581457 8.029069946383464 17.990000000000002
    endloop
  endfacet
  facet normal 0.9891765099737758 0.14673047439472406 0
    outer loop
      vertex 79.58693565581457 8.029069946383464 17.990000000000002
      vertex 78.4628224298358 15.607225760817528 18
      vertex 79.58693565581457 8.029069946383464 18
    endloop
  endfacet
  facet normal 0.9700312531435438 0.24298018010686823 -2.4460001999669257e-16
    outer loop
      vertex 78.4628224298358 15.607225760817528 10
      vertex 77.69963708283578 18.65403245182258 14.99
      vertex 78.12487289057978 16.956395947948078 17.990000000000002
    endloop
  endfacet
  facet normal 0.9700312531435437 0.24298018010686837 -2.289097626850586e-15
    outer loop
      vertex 78.4628224298358 15.607225760817528 10
      vertex 76.55522685497999 23.222774177789688 18
      vertex 77.6972071639344 18.66373323184472 14.99
    endloop
  endfacet
  facet normal 0.9700312531435441 0.24298018010686692 0
    outer loop
      vertex 78.4628224298358 15.607225760817528 10
      vertex 78.12487289057978 16.956395947948078 18
      vertex 78.4628224298358 15.607225760817528 18
    endloop
  endfacet
  facet normal 0.97003125314354 0.24298018010688324 0
    outer loop
      vertex 78.4628224298358 15.607225760817528 10
      vertex 78.12487289057978 16.956395947948078 17.990000000000002
      vertex 78.12487289057978 16.956395947948078 18
    endloop
  endfacet
  facet normal 0.9700312531435441 0.2429801801068667 6.033876471829296e-16
    outer loop
      vertex 77.6972071639344 18.66373323184472 14.99
      vertex 76.55522685497999 23.222774177789688 18
      vertex 77.27197135619039 20.36136973571923 17.990000000000002
    endloop
  endfacet
  facet normal 0.9700312531435441 0.24298018010686667 0
    outer loop
      vertex 77.27197135619039 20.36136973571923 17.990000000000002
      vertex 76.55522685497999 23.222774177789688 18
      vertex 77.27197135619039 20.36136973571923 18
    endloop
  endfacet
  facet normal 0 0 1
    outer loop
      vertex 66.51756898313761 44.44561864435673 10
      vertex 82.71382566665412 52.174056459172284 10
      vertex 82.5691467239592 52.3408576761483 10
    endloop
  endfacet
  facet normal 0 0 1
    outer loop
      vertex 66.51756898313761 44.44561864435673 10
      vertex 82.87415731898669 52.02223945187628 10
      vertex 82.71382566665412 52.174056459172284 10
    endloop
  endfacet
  facet normal 0 0 1
    outer loop
      vertex 66.51756898313761 44.44561864435673 10
      vertex 82.44151382820958 52.521036715902035 10
      vertex 82.33215615396261 52.712858355784775 10
    endloop
  endfacet
  facet normal 0 0 1
    outer loop
      vertex 66.51756898313761 44.44561864435673 10
      vertex 82.33215615396261 52.712858355784775 10
      vertex 82.24212687540228 52.91447524854406 10
    endloop
  endfacet
  facet normal 0 0 1
    outer loop
      vertex 66.51756898313761 44.44561864435673 10
      vertex 82.1233271370111 53.339252434931794 10
      vertex 82.09570078360352 53.55832189204849 10
    endloop
  endfacet
  facet normal 0 0 1
    outer loop
      vertex 66.51756898313761 44.44561864435673 10
      vertex 82.24212687540228 52.91447524854406 10
      vertex 82.1722930236961 53.12394571328763 10
    endloop
  endfacet
  facet normal 0 0 1
    outer loop
      vertex 66.51756898313761 44.44561864435673 10
      vertex 82.1722930236961 53.12394571328763 10
      vertex 82.1233271370111 53.339252434931794 10
    endloop
  endfacet
  facet normal 0 0 1
    outer loop
      vertex 66.51756898313761 44.44561864435673 10
      vertex 82.5691467239592 52.3408576761483 10
      vertex 82.44151382820958 52.521036715902035 10
    endloop
  endfacet
  facet normal 0 0 1
    outer loop
      vertex 66.51756898313761 44.44561864435673 10
      vertex 82.09570078360352 53.55832189204849 10
      vertex 82.08968002035878 53.77904432601015 10
    endloop
  endfacet
  facet normal 0 0 1
    outer loop
      vertex 66.51756898313761 44.44561864435673 10
      vertex 82.08968002035878 53.77904432601015 10
      vertex 82.10532283051819 53.99929405911855 10
    endloop
  endfacet
  facet normal 0 0 1
    outer loop
      vertex 66.51756898313761 44.44561864435673 10
      vertex 82.10532283051819 53.99929405911855 10
      vertex 82.14247856526872 54.21694996604312 10
    endloop
  endfacet
  facet normal 0 0 1
    outer loop
      vertex 66.51756898313761 44.44561864435673 10
      vertex 82.14247856526872 54.21694996604312 10
      vertex 82.2007893945733 54.429915901417345 10
    endloop
  endfacet
  facet normal 0 0 1
    outer loop
      vertex 66.51756898313761 44.44561864435673 10
      vertex 82.2007893945733 54.429915901417345 10
      vertex 82.27969375326981 54.636140886864546 10
    endloop
  endfacet
  facet normal 0 0 1
    outer loop
      vertex 66.51756898313761 44.44561864435673 10
      vertex 83.04859759949872 51.88686873503215 10
      vertex 82.87415731898669 52.02223945187628 10
    endloop
  endfacet
  facet normal 0 0 1
    outer loop
      vertex 66.51756898313761 44.44561864435673 10
      vertex 83.23546655293012 51.7692480026443 10
      vertex 83.04859759949872 51.88686873503215 10
    endloop
  endfacet
  facet normal 0 0 1
    outer loop
      vertex 66.51756898313761 44.44561864435673 10
      vertex 83.43296452910643 51.67051000666363 10
      vertex 83.23546655293012 51.7692480026443 10
    endloop
  endfacet
  facet normal 0 0 1
    outer loop
      vertex 66.51756898313761 44.44561864435673 10
      vertex 83.6391895145536 51.59160564796712 10
      vertex 83.43296452910643 51.67051000666363 10
    endloop
  endfacet
  facet normal 0 0 1
    outer loop
      vertex 66.51756898313761 44.44561864435673 10
      vertex 83.85215544992785 51.53329481866254 10
      vertex 83.6391895145536 51.59160564796712 10
    endloop
  endfacet
  facet normal 0 0 1
    outer loop
      vertex 66.51756898313761 44.44561864435673 10
      vertex 84.06981135685241 51.49613908391201 10
      vertex 83.85215544992785 51.53329481866254 10
    endloop
  endfacet
  facet normal 0 0 1
    outer loop
      vertex 66.51756898313761 44.44561864435673 10
      vertex 84.2900610899608 51.480496273752586 10
      vertex 84.06981135685241 51.49613908391201 10
    endloop
  endfacet
  facet normal 0 0 1
    outer loop
      vertex 66.51756898313761 44.44561864435673 10
      vertex 84.51078352392246 51.48651703699734 10
      vertex 84.2900610899608 51.480496273752586 10
    endloop
  endfacet
  facet normal 0 0 1
    outer loop
      vertex 66.51756898313761 44.44561864435673 10
      vertex 84.72985298103916 51.514143390404925 10
      vertex 84.51078352392246 51.48651703699734 10
    endloop
  endfacet
  facet normal 0 0 1
    outer loop
      vertex 66.51756898313761 44.44561864435673 10
      vertex 84.94515970268333 51.56310927708992 10
      vertex 84.72985298103916 51.514143390404925 10
    endloop
  endfacet
  facet normal 0 0 1
    outer loop
      vertex 66.51756898313761 44.44561864435673 10
      vertex 85.1546301674269 51.632943128796086 10
      vertex 84.94515970268333 51.56310927708992 10
    endloop
  endfacet
  facet normal 0 0 1
    outer loop
      vertex 70.5537011474371 37.71173894405365 10
      vertex 123.46897701174021 65.99554315209389 10
      vertex 66.51756898313761 44.44561864435673 10
    endloop
  endfacet
  facet normal 0 0 1
    outer loop
      vertex 73.91036260128021 30.61467459052801 10
      vertex 76.55522685497999 23.222774177789688 10
      vertex 133.97164700180292 40.639854818582535 10
    endloop
  endfacet
  facet normal 0 0 1
    outer loop
      vertex 78.4628224298358 15.607225760817528 10
      vertex 133.97164700180292 40.639854818582535 10
      vertex 76.55522685497999 23.222774177789688 10
    endloop
  endfacet
  facet normal 0 0 1
    outer loop
      vertex 73.91036260128021 30.61467459052801 10
      vertex 129.34313455224037 53.575680531561375 10
      vertex 70.5537011474371 37.71173894405365 10
    endloop
  endfacet
  facet normal 0.7409511245750185 0.6715589557075502 0
    outer loop
      vertex 61.84083627164364 50.75146273523569 10
      vertex 59.3802919536829 53.46625503152609 10
      vertex 59.3802919536829 53.46625503152609 18
    endloop
  endfacet
  facet normal 0.7409511245749109 0.6715589557076689 -5.337434213866703e-14
    outer loop
      vertex 61.84083627164364 50.75146273523569 10
      vertex 60.77884554520797 51.923188934928305 14.99
      vertex 60.78556404852305 51.91577620884602 14.99
    endloop
  endfacet
  facet normal 0 0 1
    outer loop
      vertex 61.84083627164364 50.75146273523569 10
      vertex 82.78324020577845 55.355279749316836 10
      vertex 82.9500414227545 55.49995869201178 10
    endloop
  endfacet
  facet normal 0 0 1
    outer loop
      vertex 61.84083627164364 50.75146273523569 10
      vertex 82.9500414227545 55.49995869201178 10
      vertex 83.1302204625082 55.62759158776138 10
    endloop
  endfacet
  facet normal 0 0 1
    outer loop
      vertex 61.84083627164364 50.75146273523569 10
      vertex 103.91551091521978 93.56594629585743 10
      vertex 59.3802919536829 53.46625503152609 10
    endloop
  endfacet
  facet normal 0.7409511245750184 0.6715589557075504 0
    outer loop
      vertex 61.84083627164364 50.75146273523569 10
      vertex 59.3802919536829 53.46625503152609 18
      vertex 60.77884554520797 51.923188934928305 14.99
    endloop
  endfacet
  facet normal 0.7409511245750209 0.6715589557075476 2.4977974200554973e-15
    outer loop
      vertex 60.77884554520797 51.923188934928305 14.99
      vertex 59.3802919536829 53.46625503152609 18
      vertex 59.603107465070345 53.22041599932773 17.990000000000002
    endloop
  endfacet
  facet normal 0.7409511245750209 0.6715589557075475 0
    outer loop
      vertex 59.603107465070345 53.22041599932773 17.990000000000002
      vertex 59.3802919536829 53.46625503152609 18
      vertex 59.603107465070345 53.22041599932773 18
    endloop
  endfacet
  facet normal 0.6691306063374202 -0.7431448254966971 0
    outer loop
      vertex 59.3802919536829 53.46625503152609 10
      vertex 103.91551091521978 93.56594629585743 18
      vertex 59.3802919536829 53.46625503152609 18
    endloop
  endfacet
  facet normal 0 0 1
    outer loop
      vertex 66.51756898313761 44.44561864435673 10
      vertex 82.27969375326981 54.636140886864546 10
      vertex 82.37843174925048 54.83363886304083 10
    endloop
  endfacet
  facet normal 0 0 1
    outer loop
      vertex 66.51756898313761 44.44561864435673 10
      vertex 82.37843174925048 54.83363886304083 10
      vertex 82.49605248163834 55.02050781647225 10
    endloop
  endfacet
  facet normal 0 0 1
    outer loop
      vertex 66.51756898313761 44.44561864435673 10
      vertex 82.49605248163834 55.02050781647225 10
      vertex 82.63142319848245 55.19494809698428 10
    endloop
  endfacet
  facet normal 0 0 1
    outer loop
      vertex 66.51756898313761 44.44561864435673 10
      vertex 82.63142319848245 55.19494809698428 10
      vertex 82.78324020577845 55.355279749316836 10
    endloop
  endfacet
  facet normal 0 0 1
    outer loop
      vertex 61.84083627164364 50.75146273523569 10
      vertex 83.1302204625082 55.62759158776138 10
      vertex 83.32204210239095 55.736949262008345 10
    endloop
  endfacet
  facet normal 0 0 1
    outer loop
      vertex 61.84083627164364 50.75146273523569 10
      vertex 83.32204210239095 55.736949262008345 10
      vertex 83.52365899515024 55.82697854056869 10
    endloop
  endfacet
  facet normal 0 0 1
    outer loop
      vertex 61.84083627164364 50.75146273523569 10
      vertex 83.52365899515024 55.82697854056869 10
      vertex 83.73312945989382 55.89681239227486 10
    endloop
  endfacet
  facet normal 0 0 1
    outer loop
      vertex 61.84083627164364 50.75146273523569 10
      vertex 83.73312945989382 55.89681239227486 10
      vertex 116.40574572235346 77.77983262389898 10
    endloop
  endfacet
  facet normal 0 0 1
    outer loop
      vertex 66.51756898313761 44.44561864435673 10
      vertex 123.46897701174021 65.99554315209389 10
      vertex 85.1546301674269 51.632943128796086 10
    endloop
  endfacet
  facet normal 0 0 1
    outer loop
      vertex 85.1546301674269 51.632943128796086 10
      vertex 123.46897701174021 65.99554315209389 10
      vertex 85.35624706018619 51.72297240735643 10
    endloop
  endfacet
  facet normal 0 0 1
    outer loop
      vertex 85.35624706018619 51.72297240735643 10
      vertex 123.46897701174021 65.99554315209389 10
      vertex 85.54806870006892 51.832330081603395 10
    endloop
  endfacet
  facet normal 0 0 1
    outer loop
      vertex 85.54806870006892 51.832330081603395 10
      vertex 123.46897701174021 65.99554315209389 10
      vertex 85.72824773982265 51.959962977352994 10
    endloop
  endfacet
  facet normal 0 0 1
    outer loop
      vertex 85.72824773982265 51.959962977352994 10
      vertex 123.46897701174021 65.99554315209389 10
      vertex 85.89504895679869 52.10464192004794 10
    endloop
  endfacet
  facet normal 0 0 1
    outer loop
      vertex 85.89504895679869 52.10464192004794 10
      vertex 123.46897701174021 65.99554315209389 10
      vertex 86.04686596409469 52.264973572380505 10
    endloop
  endfacet
  facet normal 0 0 1
    outer loop
      vertex 86.04686596409469 52.264973572380505 10
      vertex 123.46897701174021 65.99554315209389 10
      vertex 86.1822366809388 52.439413852892535 10
    endloop
  endfacet
  facet normal 0 0 1
    outer loop
      vertex 86.1822366809388 52.439413852892535 10
      vertex 123.46897701174021 65.99554315209389 10
      vertex 86.29985741332666 52.62628280632395 10
    endloop
  endfacet
  facet normal 0 0 1
    outer loop
      vertex 86.29985741332666 52.62628280632395 10
      vertex 123.46897701174021 65.99554315209389 10
      vertex 86.39859540930733 52.82378078250023 10
    endloop
  endfacet
  facet normal 0 0 1
    outer loop
      vertex 86.39859540930733 52.82378078250023 10
      vertex 123.46897701174021 65.99554315209389 10
      vertex 86.47749976800384 53.03000576794743 10
    endloop
  endfacet
  facet normal 0 0 1
    outer loop
      vertex 86.47749976800384 53.03000576794743 10
      vertex 123.46897701174021 65.99554315209389 10
      vertex 86.53581059730843 53.24297170332166 10
    endloop
  endfacet
  facet normal 0 0 1
    outer loop
      vertex 86.53581059730843 53.24297170332166 10
      vertex 123.46897701174021 65.99554315209389 10
      vertex 86.57296633205895 53.46062761024623 10
    endloop
  endfacet
  facet normal 0 0 1
    outer loop
      vertex 83.73312945989382 55.89681239227486 10
      vertex 83.94843618153799 55.94577827895986 10
      vertex 116.40574572235346 77.77983262389898 10
    endloop
  endfacet
  facet normal 0 0 1
    outer loop
      vertex 83.94843618153799 55.94577827895986 10
      vertex 84.16750563865469 55.97340463236744 10
      vertex 116.40574572235346 77.77983262389898 10
    endloop
  endfacet
  facet normal 0 0 1
    outer loop
      vertex 84.16750563865469 55.97340463236744 10
      vertex 84.38822807261634 55.97942539561219 10
      vertex 116.40574572235346 77.77983262389898 10
    endloop
  endfacet
  facet normal 0 0 1
    outer loop
      vertex 84.38822807261634 55.97942539561219 10
      vertex 84.60847780572473 55.96378258545276 10
      vertex 116.40574572235346 77.77983262389898 10
    endloop
  endfacet
  facet normal 0 0 1
    outer loop
      vertex 84.60847780572473 55.96378258545276 10
      vertex 84.8261337126493 55.926626850702235 10
      vertex 116.40574572235346 77.77983262389898 10
    endloop
  endfacet
  facet normal 0 0 1
    outer loop
      vertex 84.8261337126493 55.926626850702235 10
      vertex 85.03909964802354 55.86831602139765 10
      vertex 116.40574572235346 77.77983262389898 10
    endloop
  endfacet
  facet normal 0 0 1
    outer loop
      vertex 85.03909964802354 55.86831602139765 10
      vertex 85.24532463347072 55.78941166270114 10
      vertex 116.40574572235346 77.77983262389898 10
    endloop
  endfacet
  facet normal 0 0 1
    outer loop
      vertex 85.24532463347072 55.78941166270114 10
      vertex 85.44282260964702 55.69067366672048 10
      vertex 116.40574572235346 77.77983262389898 10
    endloop
  endfacet
  facet normal 0 0 1
    outer loop
      vertex 85.80413184359045 55.4376822174885 10
      vertex 85.96446349592303 55.28586521019249 10
      vertex 116.40574572235346 77.77983262389898 10
    endloop
  endfacet
  facet normal 0 0 1
    outer loop
      vertex 85.44282260964702 55.69067366672048 10
      vertex 85.62969156307842 55.57305293433262 10
      vertex 116.40574572235346 77.77983262389898 10
    endloop
  endfacet
  facet normal 0 0 1
    outer loop
      vertex 85.62969156307842 55.57305293433262 10
      vertex 85.80413184359045 55.4376822174885 10
      vertex 116.40574572235346 77.77983262389898 10
    endloop
  endfacet
  facet normal 0 0 1
    outer loop
      vertex 86.57296633205895 53.46062761024623 10
      vertex 123.46897701174021 65.99554315209389 10
      vertex 86.58860914221836 53.680877343354624 10
    endloop
  endfacet
  facet normal 0 0 1
    outer loop
      vertex 86.58860914221836 53.680877343354624 10
      vertex 123.46897701174021 65.99554315209389 10
      vertex 86.58258837897363 53.901599777316285 10
    endloop
  endfacet
  facet normal 0 0 1
    outer loop
      vertex 86.55496202556604 54.12066923443298 10
      vertex 86.58258837897363 53.901599777316285 10
      vertex 123.46897701174021 65.99554315209389 10
    endloop
  endfacet
  facet normal 0 0 1
    outer loop
      vertex 86.50599613888104 54.33597595607715 10
      vertex 123.46897701174021 65.99554315209389 10
      vertex 86.43616228717487 54.54544642082072 10
    endloop
  endfacet
  facet normal 0 0 1
    outer loop
      vertex 86.34613300861453 54.74706331358001 10
      vertex 86.43616228717487 54.54544642082072 10
      vertex 123.46897701174021 65.99554315209389 10
    endloop
  endfacet
  facet normal 0 0 1
    outer loop
      vertex 86.55496202556604 54.12066923443298 10
      vertex 123.46897701174021 65.99554315209389 10
      vertex 86.50599613888104 54.33597595607715 10
    endloop
  endfacet
  facet normal 0 0 1
    outer loop
      vertex 86.10914243861795 55.11906399321648 10
      vertex 86.23677533436756 54.93888495346274 10
      vertex 123.46897701174021 65.99554315209389 10
    endloop
  endfacet
  facet normal 0 0 1
    outer loop
      vertex 86.34613300861453 54.74706331358001 10
      vertex 123.46897701174021 65.99554315209389 10
      vertex 86.23677533436756 54.93888495346274 10
    endloop
  endfacet
  facet normal 0 0 1
    outer loop
      vertex 86.10914243861795 55.11906399321648 10
      vertex 116.40574572235346 77.77983262389898 10
      vertex 85.96446349592303 55.28586521019249 10
    endloop
  endfacet
  facet normal 0 0 1
    outer loop
      vertex 61.84083627164364 50.75146273523569 10
      vertex 116.40574572235346 77.77983262389898 10
      vertex 108.22146347165108 88.81505978107452 10
    endloop
  endfacet
  facet normal 0 0 1
    outer loop
      vertex 61.84083627164364 50.75146273523569 10
      vertex 108.22146347165108 88.81505978107452 10
      vertex 103.91551091521978 93.56594629585743 10
    endloop
  endfacet
  facet normal 0.6691306063374202 -0.7431448254966971 0
    outer loop
      vertex 59.3802919536829 53.46625503152609 10
      vertex 103.91551091521978 93.56594629585743 10
      vertex 103.91551091521978 93.56594629585743 18
    endloop
  endfacet
  facet normal 0 0 1
    outer loop
      vertex 79.79455859959126 4.181855611503124 10
      vertex 139.64047756046057 7.318247325718403 10
      vertex 79.61477813124657 7.841371223330498 10
    endloop
  endfacet
  facet normal -0.05233595628160529 0.9986295347525477 0
    outer loop
      vertex 79.79455859959126 4.181855611503124 10
      vertex 79.79455859959126 4.181855611503124 18
      vertex 139.64047756046057 7.318247325718403 10
    endloop
  endfacet
  facet normal 0 0 1
    outer loop
      vertex 79.61477813124657 7.841371223330498 10
      vertex 137.30993925780058 27.312645085155964 10
      vertex 98.5357807641755 19.584510565791533 10
    endloop
  endfacet
  facet normal 0 0 1
    outer loop
      vertex 79.61477813124657 7.841371223330498 10
      vertex 139.64047756046057 7.318247325718403 10
      vertex 139.32586173713207 13.722399644553661 10
    endloop
  endfacet
  facet normal 0 0 1
    outer loop
      vertex 98.5357807641755 19.584510565791533 10
      vertex 137.30993925780058 27.312645085155964 10
      vertex 98.73327874035178 19.6832485617722 10
    endloop
  endfacet
  facet normal 0 0 1
    outer loop
      vertex 98.73327874035178 19.6832485617722 10
      vertex 137.30993925780058 27.312645085155964 10
      vertex 98.92014769378318 19.80086929416006 10
    endloop
  endfacet
  facet normal 0 0 1
    outer loop
      vertex 98.92014769378318 19.80086929416006 10
      vertex 137.30993925780058 27.312645085155964 10
      vertex 99.09458797429522 19.936240011004173 10
    endloop
  endfacet
  facet normal 0 0 1
    outer loop
      vertex 99.09458797429522 19.936240011004173 10
      vertex 137.30993925780058 27.312645085155964 10
      vertex 99.2549196266278 20.088057018300184 10
    endloop
  endfacet
  facet normal 0 0 1
    outer loop
      vertex 99.2549196266278 20.088057018300184 10
      vertex 137.30993925780058 27.312645085155964 10
      vertex 99.39959856932272 20.254858235276203 10
    endloop
  endfacet
  facet normal 0 0 1
    outer loop
      vertex 99.39959856932272 20.254858235276203 10
      vertex 137.30993925780058 27.312645085155964 10
      vertex 99.52723146507232 20.435037275029934 10
    endloop
  endfacet
  facet normal 0 0 1
    outer loop
      vertex 99.52723146507232 20.435037275029934 10
      vertex 137.30993925780058 27.312645085155964 10
      vertex 99.6365891393193 20.62685891491267 10
    endloop
  endfacet
  facet normal 0 0 1
    outer loop
      vertex 99.6365891393193 20.62685891491267 10
      vertex 137.30993925780058 27.312645085155964 10
      vertex 99.72661841787964 20.828475807671957 10
    endloop
  endfacet
  facet normal 0 0 1
    outer loop
      vertex 99.72661841787964 20.828475807671957 10
      vertex 137.30993925780058 27.312645085155964 10
      vertex 99.7964522695858 21.03794627241553 10
    endloop
  endfacet
  facet normal 0 0 1
    outer loop
      vertex 99.7964522695858 21.03794627241553 10
      vertex 137.30993925780058 27.312645085155964 10
      vertex 99.84541815627081 21.253252994059697 10
    endloop
  endfacet
  facet normal 0 0 1
    outer loop
      vertex 99.84541815627081 21.253252994059697 10
      vertex 137.30993925780058 27.312645085155964 10
      vertex 99.87304450967838 21.472322451176392 10
    endloop
  endfacet
  facet normal 0 0 1
    outer loop
      vertex 99.87304450967838 21.472322451176392 10
      vertex 137.30993925780058 27.312645085155964 10
      vertex 99.87906527292313 21.69304488513805 10
    endloop
  endfacet
  facet normal 0 0 1
    outer loop
      vertex 99.87906527292313 21.69304488513805 10
      vertex 137.30993925780058 27.312645085155964 10
      vertex 99.86342246276371 21.91329461824645 10
    endloop
  endfacet
  facet normal 0 0 1
    outer loop
      vertex 79.61477813124657 7.841371223330498 10
      vertex 139.32586173713207 13.722399644553661 10
      vertex 137.30993925780058 27.312645085155964 10
    endloop
  endfacet
  facet normal -0.05233595628160529 0.9986295347525477 0
    outer loop
      vertex 139.64047756046057 7.318247325718403 10
      vertex 79.79455859959126 4.181855611503124 18
      vertex 139.64047756046057 7.318247325718403 18
    endloop
  endfacet
  facet normal 0 0 1
    outer loop
      vertex 78.4628224298358 15.607225760817528 10
      vertex 96.72342065981118 23.70341222182904 10
      vertex 133.97164700180292 40.639854818582535 10
    endloop
  endfacet
  facet normal 0 0 1
    outer loop
      vertex 96.72342065981118 23.70341222182904 10
      vertex 96.92964564525839 23.78231658052555 10
      vertex 133.97164700180292 40.639854818582535 10
    endloop
  endfacet
  facet normal 0 0 1
    outer loop
      vertex 96.92964564525839 23.78231658052555 10
      vertex 97.1426115806326 23.840627409830137 10
      vertex 133.97164700180292 40.639854818582535 10
    endloop
  endfacet
  facet normal 0 0 1
    outer loop
      vertex 97.1426115806326 23.840627409830137 10
      vertex 97.36026748755717 23.877783144580658 10
      vertex 133.97164700180292 40.639854818582535 10
    endloop
  endfacet
  facet normal 0 0 1
    outer loop
      vertex 97.36026748755717 23.877783144580658 10
      vertex 97.58051722066558 23.89342595474008 10
      vertex 133.97164700180292 40.639854818582535 10
    endloop
  endfacet
  facet normal 0 0 1
    outer loop
      vertex 97.58051722066558 23.89342595474008 10
      vertex 97.80123965462724 23.887405191495336 10
      vertex 133.97164700180292 40.639854818582535 10
    endloop
  endfacet
  facet normal 0 0 1
    outer loop
      vertex 97.80123965462724 23.887405191495336 10
      vertex 98.02030911174393 23.859778838087756 10
      vertex 133.97164700180292 40.639854818582535 10
    endloop
  endfacet
  facet normal 0 0 1
    outer loop
      vertex 98.02030911174393 23.859778838087756 10
      vertex 98.2356158333881 23.810812951402752 10
      vertex 133.97164700180292 40.639854818582535 10
    endloop
  endfacet
  facet normal 0 0 1
    outer loop
      vertex 98.2356158333881 23.810812951402752 10
      vertex 98.44508629813167 23.740979099696588 10
      vertex 133.97164700180292 40.639854818582535 10
    endloop
  endfacet
  facet normal 0 0 1
    outer loop
      vertex 98.44508629813167 23.740979099696588 10
      vertex 98.64670319089096 23.650949821136244 10
      vertex 133.97164700180292 40.639854818582535 10
    endloop
  endfacet
  facet normal 0 0 1
    outer loop
      vertex 98.64670319089096 23.650949821136244 10
      vertex 98.8385248307737 23.54159214688928 10
      vertex 133.97164700180292 40.639854818582535 10
    endloop
  endfacet
  facet normal 0 0 1
    outer loop
      vertex 99.86342246276371 21.91329461824645 10
      vertex 133.97164700180292 40.639854818582535 10
      vertex 99.82626672801318 22.13095052517102 10
    endloop
  endfacet
  facet normal 0 0 1
    outer loop
      vertex 99.82626672801318 22.13095052517102 10
      vertex 133.97164700180292 40.639854818582535 10
      vertex 99.7679558987086 22.34391646054524 10
    endloop
  endfacet
  facet normal 0 0 1
    outer loop
      vertex 99.47269281164357 22.934508375600142 10
      vertex 99.59031354403143 22.747639422168728 10
      vertex 133.97164700180292 40.639854818582535 10
    endloop
  endfacet
  facet normal 0 0 1
    outer loop
      vertex 99.68905154001209 22.550141445992445 10
      vertex 99.7679558987086 22.34391646054524 10
      vertex 133.97164700180292 40.639854818582535 10
    endloop
  endfacet
  facet normal 0 0 1
    outer loop
      vertex 99.68905154001209 22.550141445992445 10
      vertex 133.97164700180292 40.639854818582535 10
      vertex 99.59031354403143 22.747639422168728 10
    endloop
  endfacet
  facet normal 0 0 1
    outer loop
      vertex 98.8385248307737 23.54159214688928 10
      vertex 99.01870387052743 23.413959251139676 10
      vertex 133.97164700180292 40.639854818582535 10
    endloop
  endfacet
  facet normal 0 0 1
    outer loop
      vertex 99.33732209479946 23.108948656112176 10
      vertex 133.97164700180292 40.639854818582535 10
      vertex 99.18550508750344 23.269280308444735 10
    endloop
  endfacet
  facet normal 0 0 1
    outer loop
      vertex 99.18550508750344 23.269280308444735 10
      vertex 133.97164700180292 40.639854818582535 10
      vertex 99.01870387052743 23.413959251139676 10
    endloop
  endfacet
  facet normal 0 0 1
    outer loop
      vertex 99.33732209479946 23.108948656112176 10
      vertex 99.47269281164357 22.934508375600142 10
      vertex 133.97164700180292 40.639854818582535 10
    endloop
  endfacet
  facet normal 0 0 1
    outer loop
      vertex 73.91036260128021 30.61467459052801 10
      vertex 133.97164700180292 40.639854818582535 10
      vertex 129.34313455224037 53.575680531561375 10
    endloop
  endfacet
  facet normal -0.9987954562475146 -0.049067673465521634 0
    outer loop
      vertex 139.64047756046057 7.318247325718403 10
      vertex 139.64047756046057 7.318247325718403 18
      vertex 139.32586173713207 13.722399644553661 10
    endloop
  endfacet
  facet normal -0.9987954562476219 -0.049067673463338644 1.2020346635925787e-12
    outer loop
      vertex 139.32586173713207 13.722399644553661 10
      vertex 139.46079340124314 10.97580247579332 14.99
      vertex 139.46030251161383 10.985794763926458 14.99
    endloop
  endfacet
  facet normal -0.9891765099540981 -0.14673047452738006 0
    outer loop
      vertex 139.32586173713207 13.722399644553661 10
      vertex 139.32586173713207 13.722399644553661 18
      vertex 137.30993925780058 27.312645085155964 10
    endloop
  endfacet
  facet normal -0.9987954562475143 -0.04906767346553075 -7.319309664634515e-15
    outer loop
      vertex 139.32586173713207 13.722399644553661 10
      vertex 139.64047756046057 7.318247325718403 18
      vertex 139.46079340124314 10.97580247579332 14.99
    endloop
  endfacet
  facet normal -0.9987954562475143 -0.04906767346552848 -1.6565602183771942e-15
    outer loop
      vertex 139.32586173713207 13.722399644553661 10
      vertex 139.46030251161383 10.985794763926458 14.99
      vertex 139.3743968264817 12.734445187225568 17.990000000000002
    endloop
  endfacet
  facet normal -0.998795456247515 -0.049067673465518644 7.41946837953146e-15
    outer loop
      vertex 139.46079340124314 10.97580247579332 14.99
      vertex 139.64047756046057 7.318247325718403 18
      vertex 139.54669908637527 9.227152052494212 17.990000000000002
    endloop
  endfacet
  facet normal -0.9987954562475148 -0.049067673465518685 0
    outer loop
      vertex 139.54669908637527 9.227152052494212 17.990000000000002
      vertex 139.64047756046057 7.318247325718403 18
      vertex 139.54669908637527 9.227152052494212 18
    endloop
  endfacet
  facet normal -0.9891765099540981 -0.14673047452738006 0
    outer loop
      vertex 137.30993925780058 27.312645085155964 10
      vertex 139.32586173713207 13.722399644553661 18
      vertex 137.30993925780058 27.312645085155964 18
    endloop
  endfacet
  facet normal -0.9987954562475151 -0.04906767346551494 0
    outer loop
      vertex 139.32586173713207 13.722399644553661 10
      vertex 139.3743968264817 12.734445187225568 17.990000000000002
      vertex 139.3743968264817 12.734445187225568 18
    endloop
  endfacet
  facet normal -0.998795456247515 -0.04906767346551509 0
    outer loop
      vertex 139.32586173713207 13.722399644553661 10
      vertex 139.3743968264817 12.734445187225568 18
      vertex 139.32586173713207 13.722399644553661 18
    endloop
  endfacet
  facet normal 0 0 1
    outer loop
      vertex 99.86342246276371 21.91329461824645 10
      vertex 137.30993925780058 27.312645085155964 10
      vertex 133.97164700180292 40.639854818582535 10
    endloop
  endfacet
  facet normal -0.9415440651938444 -0.3368898533619699 0
    outer loop
      vertex 133.97164700180292 40.639854818582535 10
      vertex 133.97164700180292 40.639854818582535 18
      vertex 129.34313455224037 53.575680531561375 10
    endloop
  endfacet
  facet normal -0.9700312531595527 -0.2429801800429571 0
    outer loop
      vertex 133.97164700180292 40.639854818582535 10
      vertex 137.30993925780058 27.312645085155964 10
      vertex 137.30993925780058 27.312645085155964 18
    endloop
  endfacet
  facet normal -0.9700312531600422 -0.24298018004100255 3.3104854678784214e-12
    outer loop
      vertex 133.97164700180292 40.639854818582535 10
      vertex 135.97436490146592 32.64455679225083 14.99
      vertex 135.9719349825652 32.65425757227312 14.99
    endloop
  endfacet
  facet normal -0.941544065193844 -0.3368898533619711 -2.1488085209722432e-15
    outer loop
      vertex 129.34313455224037 53.575680531561375 10
      vertex 133.97164700180292 40.639854818582535 18
      vertex 129.343134552295 53.57568053140867 14.99
    endloop
  endfacet
  facet normal -0.9415440651938443 -0.33688985336197036 1.433223636640002e-15
    outer loop
      vertex 129.343134552295 53.57568053140867 14.99
      vertex 133.97164700180292 40.639854818582535 18
      vertex 129.933402799634 51.925991294382996 17.990000000000002
    endloop
  endfacet
  facet normal -0.9415440651938443 -0.3368898533619704 0
    outer loop
      vertex 129.933402799634 51.925991294382996 17.990000000000002
      vertex 133.97164700180292 40.639854818582535 18
      vertex 129.933402799634 51.925991294382996 18
    endloop
  endfacet
  facet normal -0.9700312531595437 -0.2429801800429926 -6.375921995247191e-14
    outer loop
      vertex 133.97164700180292 40.639854818582535 10
      vertex 137.30993925780058 27.312645085155964 18
      vertex 135.97436490146592 32.64455679225083 14.99
    endloop
  endfacet
  facet normal -0.9700312531595525 -0.24298018004295782 3.18821098357021e-16
    outer loop
      vertex 133.97164700180292 40.639854818582535 10
      vertex 135.9719349825652 32.65425757227312 14.99
      vertex 135.5466991749333 34.351894076174545 17.990000000000002
    endloop
  endfacet
  facet normal -0.9700312531595513 -0.2429801800429624 0
    outer loop
      vertex 133.97164700180292 40.639854818582535 10
      vertex 135.5466991749333 34.351894076174545 17.990000000000002
      vertex 135.5466991749333 34.351894076174545 18
    endloop
  endfacet
  facet normal -0.9700312531595519 -0.24298018004296018 -1.741190580083243e-15
    outer loop
      vertex 135.97436490146592 32.64455679225083 14.99
      vertex 137.30993925780058 27.312645085155964 18
      vertex 136.3996007090978 30.946920288349403 17.990000000000002
    endloop
  endfacet
  facet normal -0.970031253159552 -0.24298018004296013 0
    outer loop
      vertex 136.3996007090978 30.946920288349403 17.990000000000002
      vertex 137.30993925780058 27.312645085155964 18
      vertex 136.3996007090978 30.946920288349403 18
    endloop
  endfacet
  facet normal -0.9700312531595523 -0.24298018004295815 0
    outer loop
      vertex 133.97164700180292 40.639854818582535 10
      vertex 135.5466991749333 34.351894076174545 18
      vertex 133.97164700180292 40.639854818582535 18
    endloop
  endfacet
  facet normal 0 0 1
    outer loop
      vertex 70.5537011474371 37.71173894405365 10
      vertex 129.34313455224037 53.575680531561375 10
      vertex 123.46897701174021 65.99554315209389 10
    endloop
  endfacet
  facet normal 0 0 1
    outer loop
      vertex 86.10914243861795 55.11906399321648 10
      vertex 123.46897701174021 65.99554315209389 10
      vertex 116.40574572235346 77.77983262389898 10
    endloop
  endfacet
  facet normal -0.857728609995264 -0.5141027442015771 0
    outer loop
      vertex 116.40574572235346 77.77983262389898 10
      vertex 123.46897701174021 65.99554315209389 10
      vertex 123.46897701174021 65.99554315209389 18
    endloop
  endfacet
  facet normal -0.8577286099949926 -0.5141027442020302 -6.051425048816567e-13
    outer loop
      vertex 116.40574572235346 77.77983262389898 10
      vertex 119.2315829654996 73.06520801242984 14.99
      vertex 119.22644169029418 73.07378571189804 14.99
    endloop
  endfacet
  facet normal -0.8577286099952645 -0.5141027442015764 6.34593545412528e-16
    outer loop
      vertex 116.40574572235346 77.77983262389898 10
      vertex 119.22644169029418 73.07378571189804 14.99
      vertex 118.32671852934607 74.5748831188358 17.990000000000002
    endloop
  endfacet
  facet normal -0.8577286099952648 -0.514102744201576 2.312189216738649e-15
    outer loop
      vertex 116.40574572235346 77.77983262389898 10
      vertex 123.46897701174021 65.99554315209389 18
      vertex 119.2315829654996 73.06520801242984 14.99
    endloop
  endfacet
  facet normal -0.8577286099952638 -0.5141027442015775 0
    outer loop
      vertex 116.40574572235346 77.77983262389898 10
      vertex 118.32671852934607 74.5748831188358 17.990000000000002
      vertex 116.40574572235346 77.77983262389898 18
    endloop
  endfacet
  facet normal -0.8577286099952641 -0.5141027442015769 -1.0041497096872995e-15
    outer loop
      vertex 119.2315829654996 73.06520801242984 14.99
      vertex 123.46897701174021 65.99554315209389 18
      vertex 120.13130612644771 71.56411060549208 17.990000000000002
    endloop
  endfacet
  facet normal -0.8577286099952642 -0.514102744201577 0
    outer loop
      vertex 120.13130612644771 71.56411060549208 17.990000000000002
      vertex 123.46897701174021 65.99554315209389 18
      vertex 120.13130612644771 71.56411060549208 18
    endloop
  endfacet
  facet normal -0.8577286099952637 -0.5141027442015775 0
    outer loop
      vertex 118.32671852934607 74.5748831188358 17.990000000000002
      vertex 118.32671852934607 74.5748831188358 18
      vertex 116.40574572235346 77.77983262389898 18
    endloop
  endfacet
  facet normal -0.7409511243129931 -0.6715589559966506 0
    outer loop
      vertex 108.22146347165108 88.81505978107452 10
      vertex 108.22146347165108 88.81505978107452 18
      vertex 103.91551091521978 93.56594629585743 10
    endloop
  endfacet
  facet normal -0.7409511243131834 -0.6715589559964407 2.134973685523261e-13
    outer loop
      vertex 103.91551091521978 93.56594629585743 10
      vertex 106.37473707914452 90.85260836055178 14.99
      vertex 106.36801857582648 90.86002108663153 14.99
    endloop
  endfacet
  facet normal -0.8032075314337296 -0.5956993045556913 0
    outer loop
      vertex 108.22146347165108 88.81505978107452 10
      vertex 116.40574572235346 77.77983262389898 10
      vertex 116.40574572235346 77.77983262389898 18
    endloop
  endfacet
  facet normal -0.7409511243129981 -0.6715589559966451 0
    outer loop
      vertex 107.55047515980182 89.5553812965962 17.990000000000002
      vertex 108.22146347165108 88.81505978107452 18
      vertex 107.55047515980182 89.5553812965962 18
    endloop
  endfacet
  facet normal -0.7409511243129926 -0.6715589559966512 0
    outer loop
      vertex 103.91551091521978 93.56594629585743 10
      vertex 105.19228049516919 92.15724815058714 17.990000000000002
      vertex 103.91551091521978 93.56594629585743 18
    endloop
  endfacet
  facet normal -0.7409511243129898 -0.6715589559966544 -3.94814604916341e-15
    outer loop
      vertex 103.91551091521978 93.56594629585743 10
      vertex 108.22146347165108 88.81505978107452 18
      vertex 106.37473707914452 90.85260836055178 14.99
    endloop
  endfacet
  facet normal -0.740951124312993 -0.6715589559966506 1.578609057548526e-16
    outer loop
      vertex 103.91551091521978 93.56594629585743 10
      vertex 106.36801857582648 90.86002108663153 14.99
      vertex 105.19228049516919 92.15724815058714 17.990000000000002
    endloop
  endfacet
  facet normal -0.7409511243129983 -0.6715589559966451 7.451303225138253e-15
    outer loop
      vertex 106.37473707914452 90.85260836055178 14.99
      vertex 108.22146347165108 88.81505978107452 18
      vertex 107.55047515980182 89.5553812965962 17.990000000000002
    endloop
  endfacet
  facet normal -0.7409511243129927 -0.6715589559966513 0
    outer loop
      vertex 105.19228049516919 92.15724815058714 17.990000000000002
      vertex 105.19228049516919 92.15724815058714 18
      vertex 103.91551091521978 93.56594629585743 18
    endloop
  endfacet
  facet normal -0.8032075314337296 -0.5956993045556913 0
    outer loop
      vertex 108.22146347165108 88.81505978107452 10
      vertex 116.40574572235346 77.77983262389898 18
      vertex 108.22146347165108 88.81505978107452 18
    endloop
  endfacet
  facet normal -0.9039892931352864 -0.4275550934052423 -4.674015247499964e-16
    outer loop
      vertex 129.34313455224037 53.575680531561375 10
      vertex 129.33885384507633 53.58473132642507 14.99
      vertex 123.46897701174021 65.99554315209389 10
    endloop
  endfacet
  facet normal -0.941566336729469 -0.33682760210209656 0
    outer loop
      vertex 129.34313455224037 53.575680531561375 10
      vertex 129.343134552295 53.57568053140867 14.99
      vertex 129.34313455224037 53.575680531561375 14.99
    endloop
  endfacet
  facet normal -0.9039892931351867 -0.42755509340545284 0
    outer loop
      vertex 129.34313455224037 53.575680531561375 10
      vertex 129.34313455224037 53.575680531561375 14.99
      vertex 129.33885384507633 53.58473132642507 14.99
    endloop
  endfacet
  facet normal -0.9039892931352864 -0.42755509340524184 4.2692468846615506e-16
    outer loop
      vertex 123.46897701174021 65.99554315209389 10
      vertex 129.33885384507633 53.58473132642507 14.99
      vertex 128.58973007923447 55.16862045322906 17.990000000000002
    endloop
  endfacet
  facet normal -0.9039892931352932 -0.4275550934052275 0
    outer loop
      vertex 123.46897701174021 65.99554315209389 10
      vertex 128.58973007923447 55.16862045322906 17.990000000000002
      vertex 128.58973007923447 55.16862045322906 18
    endloop
  endfacet
  facet normal -0.9039892931352863 -0.42755509340524217 0
    outer loop
      vertex 123.46897701174021 65.99554315209389 10
      vertex 128.58973007923447 55.16862045322906 18
      vertex 123.46897701174021 65.99554315209389 18
    endloop
  endfacet
  facet normal 0 0 1
    outer loop
      vertex 104.8 3 4.8
      vertex 104.8 0 4.8
      vertex 115.2 3 4.8
    endloop
  endfacet
  facet normal 1 0 0
    outer loop
      vertex 104.8 3 4.8
      vertex 104.8 3 9.2
      vertex 104.8 0 4.8
    endloop
  endfacet
  facet normal 0 -1 0
    outer loop
      vertex 104.8 3 4.8
      vertex 115.2 3 4.8
      vertex 104.8 3 9.2
    endloop
  endfacet
  facet normal 1 0 0
    outer loop
      vertex 104.8 3 9.2
      vertex 104.8 0 9.2
      vertex 104.8 0 4.8
    endloop
  endfacet
  facet normal 0 0 1
    outer loop
      vertex 115.2 3 4.8
      vertex 104.8 0 4.8
      vertex 115.2 0 4.8
    endloop
  endfacet
  facet normal -1 0 0
    outer loop
      vertex 115.2 3 4.8
      vertex 115.2 0 4.8
      vertex 115.2 0 9.2
    endloop
  endfacet
  facet normal 0 -1 0
    outer loop
      vertex 115.2 3 4.8
      vertex 115.2 3 9.2
      vertex 104.8 3 9.2
    endloop
  endfacet
  facet normal -1 0 0
    outer loop
      vertex 115.2 3 4.8
      vertex 115.2 0 9.2
      vertex 115.2 3 9.2
    endloop
  endfacet
  facet normal 0 0 -1
    outer loop
      vertex 104.8 3 9.2
      vertex 115.2 0 9.2
      vertex 104.8 0 9.2
    endloop
  endfacet
  facet normal 0 0 -1
    outer loop
      vertex 104.8 3 9.2
      vertex 115.2 3 9.2
      vertex 115.2 0 9.2
    endloop
  endfacet
endsolid OpenSCAD_Model
