solid OpenSCAD_Model
  facet normal -0.9984268150178165 -0.05607044723719431 0
    outer loop
      vertex 74.96611679719204 2.70764332026266 0
      vertex 74.79790545548046 5.702923765316109 6
      vertex 74.79790545548046 5.702923765316109 0
    endloop
  endfacet
  facet normal -0.9984268150178165 -0.05607044723719431 0
    outer loop
      vertex 74.96611679719204 2.70764332026266 0
      vertex 74.96611679719204 2.70764332026266 6
      vertex 74.79790545548046 5.702923765316109 6
    endloop
  endfacet
  facet normal 0 0 -1
    outer loop
      vertex 74.96611679719204 2.70764332026266 0
      vertex 74.79790545548046 5.702923765316109 0
      vertex 144.68778250672761 9.627855071919534 0
    endloop
  endfacet
  facet normal -0.056070447237191776 0.9984268150178166 0
    outer loop
      vertex 74.79790545548046 5.702923765316109 0
      vertex 74.79790545548046 5.702923765316109 6
      vertex 144.68778250672761 9.627855071919534 0
    endloop
  endfacet
  facet normal 0.05607044723719177 -0.9984268150178165 0
    outer loop
      vertex 74.96611679719204 2.70764332026266 0
      vertex 144.6746627766662 6.622391292304772 6
      vertex 74.96611679719204 2.70764332026266 6
    endloop
  endfacet
  facet normal 0 0 -1
    outer loop
      vertex 74.96611679719204 2.70764332026266 0
      vertex 144.68778250672761 9.627855071919534 0
      vertex 144.8559938484392 6.632574626866084 0
    endloop
  endfacet
  facet normal 0.056070447237191776 -0.9984268150178166 0
    outer loop
      vertex 74.96611679719204 2.70764332026266 0
      vertex 144.8559938484392 6.632574626866084 0
      vertex 144.8559938484392 6.632574626866084 6
    endloop
  endfacet
  facet normal 0.05607044723719313 -0.9984268150178166 -5.2164247687022024e-14
    outer loop
      vertex 74.96611679719204 2.70764332026266 0
      vertex 144.8559938484392 6.632574626866084 6
      vertex 144.6746627766662 6.622391292304772 6
    endloop
  endfacet
  facet normal -0.05607044723719178 0.9984268150178165 -1.3565265872668407e-16
    outer loop
      vertex 74.79790545548046 5.702923765316109 6
      vertex 144.52745613371843 9.618851335938764 6
      vertex 144.68778250672761 9.627855071919534 0
    endloop
  endfacet
  facet normal 0.9984268150178165 0.05607044723719431 0
    outer loop
      vertex 144.8559938484392 6.632574626866084 0
      vertex 144.68778250672761 9.627855071919534 0
      vertex 144.8559938484392 6.632574626866084 6
    endloop
  endfacet
  facet normal 0.9984268150178165 0.05607044723719431 0
    outer loop
      vertex 144.68778250672761 9.627855071919534 0
      vertex 144.68778250672761 9.627855071919534 6
      vertex 144.8559938484392 6.632574626866084 6
    endloop
  endfacet
  facet normal -0.05607044723718721 0.9984268150178167 0
    outer loop
      vertex 144.68778250672761 9.627855071919534 0
      vertex 144.52745613371843 9.618851335938764 6
      vertex 144.68778250672761 9.627855071919534 6
    endloop
  endfacet
  facet normal 0 0 1
    outer loop
      vertex 144.6746627766662 6.622391292304772 6
      vertex 144.8559938484392 6.632574626866084 6
      vertex 144.68778250672761 9.627855071919534 6
    endloop
  endfacet
  facet normal 0 0 1
    outer loop
      vertex 144.6746627766662 6.622391292304772 6
      vertex 144.68778250672761 9.627855071919534 6
      vertex 144.52745613371843 9.618851335938764 6
    endloop
  endfacet
  facet normal -0.9858710185182366 -0.16750622330473183 0
    outer loop
      vertex 74.19158572382479 11.084160220077877 0
      vertex 74.19158572382479 11.084160220077877 6
      vertex 73.68906705391059 14.041773275632586 6
    endloop
  endfacet
  facet normal -0.9858710185182366 -0.16750622330473183 0
    outer loop
      vertex 74.19158572382479 11.084160220077877 0
      vertex 73.68906705391059 14.041773275632586 6
      vertex 73.68906705391059 14.041773275632586 0
    endloop
  endfacet
  facet normal 0 0 -1
    outer loop
      vertex 74.19158572382479 11.084160220077877 0
      vertex 73.68906705391059 14.041773275632586 0
      vertex 142.7000383501871 25.767208906964136 0
    endloop
  endfacet
  facet normal -0.16750622330473644 0.9858710185182359 0
    outer loop
      vertex 73.68906705391059 14.041773275632586 0
      vertex 73.68906705391059 14.041773275632586 6
      vertex 142.7000383501871 25.767208906964136 0
    endloop
  endfacet
  facet normal 0.1675062233047364 -0.9858710185182358 0
    outer loop
      vertex 74.19158572382479 11.084160220077877 0
      vertex 143.03085202293096 22.780421998990292 6
      vertex 74.19158572382479 11.084160220077877 6
    endloop
  endfacet
  facet normal 0.16750622330473644 -0.9858710185182359 0
    outer loop
      vertex 74.19158572382479 11.084160220077877 0
      vertex 143.2025570201013 22.809595851409426 0
      vertex 143.2025570201013 22.809595851409426 6
    endloop
  endfacet
  facet normal 0 0 -1
    outer loop
      vertex 74.19158572382479 11.084160220077877 0
      vertex 142.7000383501871 25.767208906964136 0
      vertex 143.2025570201013 22.809595851409426 0
    endloop
  endfacet
  facet normal 0.16750622330474055 -0.985871018518235 1.0879178469254175e-13
    outer loop
      vertex 74.19158572382479 11.084160220077877 0
      vertex 143.2025570201013 22.809595851409426 6
      vertex 143.03085202293096 22.780421998990292 6
    endloop
  endfacet
  facet normal -0.16750622330473644 0.9858710185182359 -2.7111302562054365e-16
    outer loop
      vertex 73.68906705391059 14.041773275632586 6
      vertex 142.59056317358778 25.748608326326995 6
      vertex 142.7000383501871 25.767208906964136 0
    endloop
  endfacet
  facet normal 0.9858710185182366 0.16750622330473183 0
    outer loop
      vertex 143.2025570201013 22.809595851409426 0
      vertex 142.7000383501871 25.767208906964136 0
      vertex 143.2025570201013 22.809595851409426 6
    endloop
  endfacet
  facet normal 0.9858710185182366 0.16750622330473183 0
    outer loop
      vertex 143.2025570201013 22.809595851409426 6
      vertex 142.7000383501871 25.767208906964136 0
      vertex 142.7000383501871 25.767208906964136 6
    endloop
  endfacet
  facet normal 0 0 1
    outer loop
      vertex 143.03085202293096 22.780421998990292 6
      vertex 143.2025570201013 22.809595851409426 6
      vertex 142.7000383501871 25.767208906964136 6
    endloop
  endfacet
  facet normal 0 0 1
    outer loop
      vertex 143.03085202293096 22.780421998990292 6
      vertex 142.7000383501871 25.767208906964136 6
      vertex 142.59056317358778 25.748608326326995 6
    endloop
  endfacet
  facet normal -0.16750622330472004 0.9858710185182387 0
    outer loop
      vertex 142.7000383501871 25.767208906964136 0
      vertex 142.59056317358778 25.748608326326995 6
      vertex 142.7000383501871 25.767208906964136 6
    endloop
  endfacet
  facet normal -0.9609173219450995 -0.27683551142484947 0
    outer loop
      vertex 71.65354587874519 22.204039339781353 0
      vertex 72.48405241301974 19.321287373946056 0
      vertex 71.65354587874519 22.204039339781353 6
    endloop
  endfacet
  facet normal -0.9609173219450995 -0.27683551142484947 0
    outer loop
      vertex 72.48405241301974 19.321287373946056 0
      vertex 72.48405241301974 19.321287373946056 6
      vertex 71.65354587874519 22.204039339781353 6
    endloop
  endfacet
  facet normal 0 0 -1
    outer loop
      vertex 71.65354587874519 22.204039339781353 0
      vertex 138.91775841490215 41.58252513952081 0
      vertex 72.48405241301974 19.321287373946056 0
    endloop
  endfacet
  facet normal -0.2768355114248494 0.9609173219450995 0
    outer loop
      vertex 71.65354587874519 22.204039339781353 0
      vertex 71.65354587874519 22.204039339781353 6
      vertex 138.91775841490215 41.58252513952081 0
    endloop
  endfacet
  facet normal 0.2768355114248494 -0.9609173219450996 0
    outer loop
      vertex 72.48405241301974 19.321287373946056 0
      vertex 139.61546019770628 38.66151278389616 6
      vertex 72.48405241301974 19.321287373946056 6
    endloop
  endfacet
  facet normal 0 0 -1
    outer loop
      vertex 72.48405241301974 19.321287373946056 0
      vertex 138.91775841490215 41.58252513952081 0
      vertex 139.7482649491767 38.699773173685514 0
    endloop
  endfacet
  facet normal 0.2768355114248494 -0.9609173219450995 0
    outer loop
      vertex 72.48405241301974 19.321287373946056 0
      vertex 139.7482649491767 38.699773173685514 0
      vertex 139.7482649491767 38.699773173685514 6
    endloop
  endfacet
  facet normal 0.27683551142486423 -0.9609173219450952 -2.7419614241788326e-13
    outer loop
      vertex 72.48405241301974 19.321287373946056 0
      vertex 139.7482649491767 38.699773173685514 6
      vertex 139.61546019770628 38.66151278389616 6
    endloop
  endfacet
  facet normal -0.2768355114248494 0.9609173219450996 5.416210426110301e-16
    outer loop
      vertex 71.65354587874519 22.204039339781353 6
      vertex 138.886071358937 41.573396255959935 6
      vertex 138.91775841490215 41.58252513952081 0
    endloop
  endfacet
  facet normal 0.9609173219450995 0.27683551142484947 0
    outer loop
      vertex 138.91775841490215 41.58252513952081 0
      vertex 139.7482649491767 38.699773173685514 6
      vertex 139.7482649491767 38.699773173685514 0
    endloop
  endfacet
  facet normal 0.9609173219450995 0.27683551142484947 0
    outer loop
      vertex 138.91775841490215 41.58252513952081 0
      vertex 138.91775841490215 41.58252513952081 6
      vertex 139.7482649491767 38.699773173685514 6
    endloop
  endfacet
  facet normal -0.2768355114249039 0.9609173219450837 0
    outer loop
      vertex 138.91775841490215 41.58252513952081 0
      vertex 138.886071358937 41.573396255959935 6
      vertex 138.91775841490215 41.58252513952081 6
    endloop
  endfacet
  facet normal 0 0 1
    outer loop
      vertex 138.886071358937 41.573396255959935 6
      vertex 139.61546019770628 38.66151278389616 6
      vertex 138.91775841490215 41.58252513952081 6
    endloop
  endfacet
  facet normal 0 0 1
    outer loop
      vertex 138.91775841490215 41.58252513952081 6
      vertex 139.61546019770628 38.66151278389616 6
      vertex 139.7482649491767 38.699773173685514 6
    endloop
  endfacet
  facet normal -0.9238795325112868 -0.38268343236508934 0
    outer loop
      vertex 69.86499008689414 27.315438128614804 0
      vertex 68.71693978979887 30.087076726148663 6
      vertex 68.71693978979887 30.087076726148663 0
    endloop
  endfacet
  facet normal -0.9238795455059314 -0.3826834009932407 -8.509976554223165e-9
    outer loop
      vertex 69.86499008689414 27.315438128614804 0
      vertex 69.29096494786772 28.701257404395484 6
      vertex 69.29096492706547 28.701257454616556 6
    endloop
  endfacet
  facet normal -0.9238795325112866 -0.3826834323650903 4.934324650861434e-16
    outer loop
      vertex 69.86499008689414 27.315438128614804 0
      vertex 69.29096492706547 28.701257454616556 6
      vertex 68.71693978979887 30.087076726148663 6
    endloop
  endfacet
  facet normal -0.9238795325112868 -0.3826834323650896 0
    outer loop
      vertex 69.86499008689414 27.315438128614804 0
      vertex 69.86499008689414 27.315438128614804 6
      vertex 69.29096494786772 28.701257404395484 6
    endloop
  endfacet
  facet normal 0 0 1
    outer loop
      vertex 69.29096494786772 28.701257404395484 6
      vertex 69.2909649387002 28.701257430016994 6
      vertex 69.29096492706547 28.701257454616556 6
    endloop
  endfacet
  facet normal 0 0 -1
    outer loop
      vertex 69.86499008689414 27.315438128614804 0
      vertex 68.71693978979887 30.087076726148663 0
      vertex 133.38850706558895 56.87491699170495 0
    endloop
  endfacet
  facet normal 0.3826834323650897 -0.9238795325112868 0
    outer loop
      vertex 69.86499008689414 27.315438128614804 0
      vertex 134.46847642680785 54.07507834719204 6
      vertex 69.86499008689414 27.315438128614804 6
    endloop
  endfacet
  facet normal -0.3826834323650898 0.9238795325112867 0
    outer loop
      vertex 68.71693978979887 30.087076726148663 0
      vertex 68.71693978979887 30.087076726148663 6
      vertex 133.38850706558895 56.87491699170495 0
    endloop
  endfacet
  facet normal 0 0 -1
    outer loop
      vertex 69.86499008689414 27.315438128614804 0
      vertex 133.38850706558895 56.87491699170495 0
      vertex 134.53655736268422 54.103278394171085 0
    endloop
  endfacet
  facet normal 0.3826834323650897 -0.9238795325112868 0
    outer loop
      vertex 69.86499008689414 27.315438128614804 0
      vertex 134.53655736268422 54.103278394171085 0
      vertex 134.53655736268422 54.103278394171085 6
    endloop
  endfacet
  facet normal -0.38268343236508984 0.9238795325112867 -1.0838728004629948e-15
    outer loop
      vertex 68.71693978979887 30.087076726148663 6
      vertex 133.32042612882717 56.84671694435916 6
      vertex 133.38850706558895 56.87491699170495 0
    endloop
  endfacet
  facet normal 0.38268343236506847 -0.9238795325112956 0
    outer loop
      vertex 69.86499008689414 27.315438128614804 0
      vertex 134.53655736268422 54.103278394171085 6
      vertex 134.46847642680785 54.07507834719204 6
    endloop
  endfacet
  facet normal -0.38268343236501523 0.9238795325113177 0
    outer loop
      vertex 133.38850706558895 56.87491699170495 0
      vertex 133.32042612882717 56.84671694435916 6
      vertex 133.38850706558895 56.87491699170495 6
    endloop
  endfacet
  facet normal 0.9238795325112873 0.38268343236508856 0
    outer loop
      vertex 133.38850706558895 56.87491699170495 0
      vertex 134.53655736268422 54.103278394171085 6
      vertex 134.53655736268422 54.103278394171085 0
    endloop
  endfacet
  facet normal 0.923879947588434 0.3826824302785776 -2.7226838097194976e-7
    outer loop
      vertex 133.38850706558895 56.87491699170495 0
      vertex 133.9625322122021 55.48909769760833 6
      vertex 133.96253221688346 55.48909768630647 6
    endloop
  endfacet
  facet normal 0.9238795325112866 0.3826834323650902 9.12850046837822e-16
    outer loop
      vertex 133.38850706558895 56.87491699170495 0
      vertex 133.96253221688346 55.48909768630647 6
      vertex 134.53655736268422 54.103278394171085 6
    endloop
  endfacet
  facet normal 0.9238795325112845 0.382683432365095 0
    outer loop
      vertex 133.38850706558895 56.87491699170495 0
      vertex 133.38850706558895 56.87491699170495 6
      vertex 133.9625322122021 55.48909769760833 6
    endloop
  endfacet
  facet normal 0 0 1
    outer loop
      vertex 134.46847642680785 54.07507834719204 6
      vertex 134.53655736268422 54.103278394171085 6
      vertex 133.96253221688346 55.48909768630647 6
    endloop
  endfacet
  facet normal 0 0 1
    outer loop
      vertex 133.32042612882717 56.84671694435916 6
      vertex 133.9625322122021 55.48909769760833 6
      vertex 133.38850706558895 56.87491699170495 6
    endloop
  endfacet
  facet normal -0.8752234219087551 -0.48371888710523736 0
    outer loop
      vertex 66.36733497381438 34.96608140002985 0
      vertex 64.91617831249867 37.59175166575611 6
      vertex 64.91617831249867 37.59175166575611 0
    endloop
  endfacet
  facet normal -0.8752234219087551 -0.48371888710523736 0
    outer loop
      vertex 66.36733497381438 34.96608140002985 0
      vertex 66.36733497381438 34.96608140002985 6
      vertex 64.91617831249867 37.59175166575611 6
    endloop
  endfacet
  facet normal 0 0 -1
    outer loop
      vertex 66.36733497381438 34.96608140002985 0
      vertex 64.91617831249867 37.59175166575611 0
      vertex 126.18181784611143 71.4520737631229 0
    endloop
  endfacet
  facet normal -0.48371888710523986 0.8752234219087537 0
    outer loop
      vertex 64.91617831249867 37.59175166575611 0
      vertex 64.91617831249867 37.59175166575611 6
      vertex 126.18181784611143 71.4520737631229 0
    endloop
  endfacet
  facet normal 0.4837188871052398 -0.8752234219087537 0
    outer loop
      vertex 66.36733497381438 34.96608140002985 0
      vertex 127.60411327268966 68.81045245678435 6
      vertex 66.36733497381438 34.96608140002985 6
    endloop
  endfacet
  facet normal 0.48371888710523986 -0.8752234219087537 0
    outer loop
      vertex 66.36733497381438 34.96608140002985 0
      vertex 127.63297450742714 68.82640349739664 0
      vertex 127.63297450742714 68.82640349739664 6
    endloop
  endfacet
  facet normal 0 0 -1
    outer loop
      vertex 66.36733497381438 34.96608140002985 0
      vertex 126.18181784611143 71.4520737631229 0
      vertex 127.63297450742714 68.82640349739664 0
    endloop
  endfacet
  facet normal 0.48371888710534383 -0.8752234219086963 0
    outer loop
      vertex 66.36733497381438 34.96608140002985 0
      vertex 127.63297450742714 68.82640349739664 6
      vertex 127.60411327268966 68.81045245678435 6
    endloop
  endfacet
  facet normal -0.48371888710523986 0.8752234219087537 0
    outer loop
      vertex 64.91617831249867 37.59175166575611 6
      vertex 126.0608565186492 71.38522080051 6
      vertex 126.18181784611143 71.4520737631229 0
    endloop
  endfacet
  facet normal 0.8752234219087551 0.48371888710523736 0
    outer loop
      vertex 127.63297450742714 68.82640349739664 0
      vertex 126.18181784611143 71.4520737631229 0
      vertex 127.63297450742714 68.82640349739664 6
    endloop
  endfacet
  facet normal -0.48371888710523253 0.8752234219087578 0
    outer loop
      vertex 126.18181784611143 71.4520737631229 0
      vertex 126.0608565186492 71.38522080051 6
      vertex 126.18181784611143 71.4520737631229 6
    endloop
  endfacet
  facet normal 0.8752234219087551 0.48371888710523736 0
    outer loop
      vertex 126.18181784611143 71.4520737631229 0
      vertex 126.18181784611143 71.4520737631229 6
      vertex 127.63297450742714 68.82640349739664 6
    endloop
  endfacet
  facet normal 0 0 1
    outer loop
      vertex 127.63297450742714 68.82640349739664 6
      vertex 126.18181784611143 71.4520737631229 6
      vertex 127.60411327268966 68.81045245678435 6
    endloop
  endfacet
  facet normal 0 0 1
    outer loop
      vertex 127.60411327268966 68.81045245678435 6
      vertex 126.18181784611143 71.4520737631229 6
      vertex 126.0608565186492 71.38522080051 6
    endloop
  endfacet
  facet normal -0.8155608689592608 -0.5786712961798051 0
    outer loop
      vertex 60.299058227674806 44.623688516924325 0
      vertex 62.035072116214224 42.17700591004654 0
      vertex 60.299058227674806 44.623688516924325 6
    endloop
  endfacet
  facet normal -0.8155608689592608 -0.5786712961798051 0
    outer loop
      vertex 62.035072116214224 42.17700591004654 0
      vertex 62.035072116214224 42.17700591004654 6
      vertex 60.299058227674806 44.623688516924325 6
    endloop
  endfacet
  facet normal 0 0 -1
    outer loop
      vertex 60.299058227674806 44.623688516924325 0
      vertex 117.38831905482301 85.13067924951072 0
      vertex 62.035072116214224 42.17700591004654 0
    endloop
  endfacet
  facet normal -0.5786712961798057 0.8155608689592602 0
    outer loop
      vertex 60.299058227674806 44.623688516924325 0
      vertex 60.299058227674806 44.623688516924325 6
      vertex 117.38831905482301 85.13067924951072 0
    endloop
  endfacet
  facet normal 0.5786712961798058 -0.81556086895926 0
    outer loop
      vertex 62.035072116214224 42.17700591004654 0
      vertex 119.03376970591023 82.61973859887763 6
      vertex 62.035072116214224 42.17700591004654 6
    endloop
  endfacet
  facet normal -0.5786712961798058 0.8155608689592602 -1.0854324333709572e-15
    outer loop
      vertex 60.299058227674806 44.623688516924325 6
      vertex 117.24627625857002 85.0298945108736 6
      vertex 117.38831905482301 85.13067924951072 0
    endloop
  endfacet
  facet normal 0 0 -1
    outer loop
      vertex 62.035072116214224 42.17700591004654 0
      vertex 117.38831905482301 85.13067924951072 0
      vertex 119.12433294336243 82.68399664263295 0
    endloop
  endfacet
  facet normal 0.5786712961798058 -0.81556086895926 0
    outer loop
      vertex 62.035072116214224 42.17700591004654 0
      vertex 119.12433294336243 82.68399664263295 0
      vertex 119.12433294336243 82.68399664263295 6
    endloop
  endfacet
  facet normal 0.5786712961798203 -0.8155608689592498 -6.825325505131991e-13
    outer loop
      vertex 62.035072116214224 42.17700591004654 0
      vertex 119.12433294336243 82.68399664263295 6
      vertex 119.03376970591023 82.61973859887763 6
    endloop
  endfacet
  facet normal 0.8155608689592592 0.5786712961798072 0
    outer loop
      vertex 119.12433294336243 82.68399664263295 0
      vertex 117.38831905482301 85.13067924951072 0
      vertex 119.12433294336243 82.68399664263295 6
    endloop
  endfacet
  facet normal -0.5786712961797809 0.8155608689592778 0
    outer loop
      vertex 117.38831905482301 85.13067924951072 0
      vertex 117.24627625857002 85.0298945108736 6
      vertex 117.38831905482301 85.13067924951072 6
    endloop
  endfacet
  facet normal 0.8155608689592592 0.5786712961798072 0
    outer loop
      vertex 117.38831905482301 85.13067924951072 0
      vertex 117.38831905482301 85.13067924951072 6
      vertex 119.12433294336243 82.68399664263295 6
    endloop
  endfacet
  facet normal 0 0 1
    outer loop
      vertex 119.03376970591023 82.61973859887763 6
      vertex 117.38831905482301 85.13067924951072 6
      vertex 117.24627625857002 85.0298945108736 6
    endloop
  endfacet
  facet normal 0 0 1
    outer loop
      vertex 119.03376970591023 82.61973859887763 6
      vertex 119.12433294336243 82.68399664263295 6
      vertex 117.38831905482301 85.13067924951072 6
    endloop
  endfacet
  facet normal -0.7456421648831659 -0.6663465779520037 0
    outer loop
      vertex 54.923642499309416 51.09445659372504 0
      vertex 56.922682233165425 48.85753009907555 0
      vertex 54.923642499309416 51.09445659372504 6
    endloop
  endfacet
  facet normal -0.7456421648831659 -0.6663465779520037 0
    outer loop
      vertex 56.922682233165425 48.85753009907555 0
      vertex 56.922682233165425 48.85753009907555 6
      vertex 54.923642499309416 51.09445659372504 6
    endloop
  endfacet
  facet normal 0 0 -1
    outer loop
      vertex 54.923642499309416 51.09445659372504 0
      vertex 107.118594041131 97.73871705036532 0
      vertex 56.922682233165425 48.85753009907555 0
    endloop
  endfacet
  facet normal -0.666346577952004 0.7456421648831655 0
    outer loop
      vertex 54.923642499309416 51.09445659372504 0
      vertex 54.923642499309416 51.09445659372504 6
      vertex 107.118594041131 97.73871705036532 0
    endloop
  endfacet
  facet normal 0.6663465779520037 -0.7456421648831657 0
    outer loop
      vertex 56.922682233165425 48.85753009907555 0
      vertex 108.99789931108128 95.39478929687604 6
      vertex 56.922682233165425 48.85753009907555 6
    endloop
  endfacet
  facet normal 0 0 -1
    outer loop
      vertex 56.922682233165425 48.85753009907555 0
      vertex 107.118594041131 97.73871705036532 0
      vertex 109.11763377498703 95.50179055571581 0
    endloop
  endfacet
  facet normal 0.6663465779520038 -0.7456421648831657 0
    outer loop
      vertex 56.922682233165425 48.85753009907555 0
      vertex 109.11763377498703 95.50179055571581 0
      vertex 109.11763377498703 95.50179055571581 6
    endloop
  endfacet
  facet normal -0.6663465779520039 0.7456421648831656 1.0855482704617094e-15
    outer loop
      vertex 54.923642499309416 51.09445659372504 6
      vertex 106.98317290994228 97.61769732857405 6
      vertex 107.118594041131 97.73871705036532 0
    endloop
  endfacet
  facet normal 0.6663465779520303 -0.7456421648831421 -4.719871902779774e-13
    outer loop
      vertex 56.922682233165425 48.85753009907555 0
      vertex 109.11763377498703 95.50179055571581 6
      vertex 108.99789931108128 95.39478929687604 6
    endloop
  endfacet
  facet normal 0.7456421648831657 0.6663465779520039 0
    outer loop
      vertex 109.11763377498703 95.50179055571581 0
      vertex 107.118594041131 97.73871705036532 0
      vertex 109.11763377498703 95.50179055571581 6
    endloop
  endfacet
  facet normal -0.6663465779520358 0.7456421648831373 0
    outer loop
      vertex 107.118594041131 97.73871705036532 0
      vertex 106.98317290994228 97.61769732857405 6
      vertex 107.118594041131 97.73871705036532 6
    endloop
  endfacet
  facet normal 0.7456421648831657 0.6663465779520039 0
    outer loop
      vertex 107.118594041131 97.73871705036532 0
      vertex 107.118594041131 97.73871705036532 6
      vertex 109.11763377498703 95.50179055571581 6
    endloop
  endfacet
  facet normal 0 0 1
    outer loop
      vertex 108.99789931108128 95.39478929687604 6
      vertex 107.118594041131 97.73871705036532 6
      vertex 106.98317290994228 97.61769732857405 6
    endloop
  endfacet
  facet normal 0 0 1
    outer loop
      vertex 108.99789931108128 95.39478929687604 6
      vertex 109.11763377498703 95.50179055571581 6
      vertex 107.118594041131 97.73871705036532 6
    endloop
  endfacet
  facet normal -0.7071067811865475 -0.7071067811865475 0
    outer loop
      vertex 74.23914095677563 74.25328309239936 7
      vertex 74.24621202458749 74.24621202458749 7
      vertex 74.24621202458749 74.24621202458749 11
    endloop
  endfacet
  facet normal -0.8889745564266025 -0.4579565896743111 0
    outer loop
      vertex 74.23914095677563 74.25328309239936 7
      vertex 73.0370594287585 76.58673547031496 10.2
      vertex 73.0370594287585 76.58673547031496 7.8
    endloop
  endfacet
  facet normal -0.8889745564266025 -0.457956589674311 0
    outer loop
      vertex 74.23914095677563 74.25328309239936 7
      vertex 74.23914095677563 74.25328309239936 11
      vertex 73.0370594287585 76.58673547031496 10.2
    endloop
  endfacet
  facet normal -0.7071067811865475 -0.7071067811865475 0
    outer loop
      vertex 74.23914095677563 74.25328309239936 7
      vertex 74.24621202458749 74.24621202458749 11
      vertex 74.23914095677563 74.25328309239936 11
    endloop
  endfacet
  facet normal -0.2155089833761461 0.2155089833761461 -0.9524241471993242
    outer loop
      vertex 74.23914095677563 74.25328309239936 7
      vertex 73.0370594287585 76.58673547031496 7.8
      vertex 78.9767563907255 82.52643243228196 7.8
    endloop
  endfacet
  facet normal -0.7071067811865476 0.7071067811865476 0
    outer loop
      vertex 73.0370594287585 76.58673547031496 7.8
      vertex 73.0370594287585 76.58673547031496 10.2
      vertex 78.9767563907255 82.52643243228196 7.8
    endloop
  endfacet
  facet normal 0 0 -1
    outer loop
      vertex 74.23914095677563 74.25328309239936 7
      vertex 81.31727983645297 81.31727983645297 7
      vertex 74.24621202458749 74.24621202458749 7
    endloop
  endfacet
  facet normal -0.21550898337614605 0.21550898337614605 -0.9524241471993243
    outer loop
      vertex 74.23914095677563 74.25328309239936 7
      vertex 78.9767563907255 82.52643243228196 7.8
      vertex 81.3102087686411 81.32435090426483 7
    endloop
  endfacet
  facet normal 0 0 -1
    outer loop
      vertex 74.23914095677563 74.25328309239936 7
      vertex 81.3102087686411 81.32435090426483 7
      vertex 81.31727983645297 81.31727983645297 7
    endloop
  endfacet
  facet normal 0.4579565896743111 0.8889745564266025 0
    outer loop
      vertex 81.3102087686411 81.32435090426483 7
      vertex 78.9767563907255 82.52643243228196 7.8
      vertex 78.9767563907255 82.52643243228196 10.2
    endloop
  endfacet
  facet normal 0.7071067811865475 0.7071067811865475 0
    outer loop
      vertex 81.3102087686411 81.32435090426483 7
      vertex 81.3102087686411 81.32435090426483 11
      vertex 81.31727983645297 81.31727983645297 7
    endloop
  endfacet
  facet normal -0.7071067811865476 0.7071067811865476 0
    outer loop
      vertex 78.9767563907255 82.52643243228196 7.8
      vertex 73.0370594287585 76.58673547031496 10.2
      vertex 78.9767563907255 82.52643243228196 10.2
    endloop
  endfacet
  facet normal 0.7071067811865475 0.7071067811865475 0
    outer loop
      vertex 81.31727983645297 81.31727983645297 7
      vertex 81.3102087686411 81.32435090426483 11
      vertex 81.31727983645297 81.31727983645297 11
    endloop
  endfacet
  facet normal 0.457956589674311 0.8889745564266025 0
    outer loop
      vertex 81.3102087686411 81.32435090426483 7
      vertex 78.9767563907255 82.52643243228196 10.2
      vertex 81.3102087686411 81.32435090426483 11
    endloop
  endfacet
  facet normal 0 0 1
    outer loop
      vertex 74.23914095677563 74.25328309239936 11
      vertex 74.24621202458749 74.24621202458749 11
      vertex 81.3102087686411 81.32435090426483 11
    endloop
  endfacet
  facet normal -0.21550898337614627 0.2155089833761463 0.9524241471993241
    outer loop
      vertex 73.0370594287585 76.58673547031496 10.2
      vertex 74.23914095677563 74.25328309239936 11
      vertex 81.3102087686411 81.32435090426483 11
    endloop
  endfacet
  facet normal -0.21550898337614627 0.21550898337614627 0.9524241471993241
    outer loop
      vertex 73.0370594287585 76.58673547031496 10.2
      vertex 81.3102087686411 81.32435090426483 11
      vertex 78.9767563907255 82.52643243228196 10.2
    endloop
  endfacet
  facet normal 0 0 1
    outer loop
      vertex 74.24621202458749 74.24621202458749 11
      vertex 81.31727983645297 81.31727983645297 11
      vertex 81.3102087686411 81.32435090426483 11
    endloop
  endfacet
  facet normal 0 0 -1
    outer loop
      vertex 75 0 6
      vertex 74.63885450363159 7.351285524666309 6
      vertex 74.96611679719204 2.70764332026266 6
    endloop
  endfacet
  facet normal 0 0 -1
    outer loop
      vertex 74.96611679719204 2.70764332026266 6
      vertex 74.63885450363159 7.351285524666309 6
      vertex 74.79790545548046 5.702923765316109 6
    endloop
  endfacet
  facet normal 0 0 -1
    outer loop
      vertex 74.63885450363159 7.351285524666309 6
      vertex 73.5588960275054 14.63177414983511 6
      vertex 74.19158572382479 11.084160220077877 6
    endloop
  endfacet
  facet normal -0.9987954562265754 -0.04906767389174844 1.6470510122221576e-16
    outer loop
      vertex 75 0 6
      vertex 74.71113932435101 5.879894183638295 16.990000000000002
      vertex 74.63885450363159 7.351285524666309 6
    endloop
  endfacet
  facet normal 0 0 -1
    outer loop
      vertex 73.5588960275054 14.63177414983511 6
      vertex 71.77052517980337 21.771350793540478 6
      vertex 72.48405241301974 19.321287373946056 6
    endloop
  endfacet
  facet normal 0 0 -1
    outer loop
      vertex 74.19158572382479 11.084160220077877 6
      vertex 73.5588960275054 14.63177414983511 6
      vertex 73.68906705391059 14.041773275632586 6
    endloop
  endfacet
  facet normal 0 0 -1
    outer loop
      vertex 71.65354587874519 22.204039339781353 6
      vertex 72.48405241301974 19.321287373946056 6
      vertex 71.77052517980337 21.771350793540478 6
    endloop
  endfacet
  facet normal 0 0 -1
    outer loop
      vertex 71.65354587874519 22.204039339781353 6
      vertex 71.77052517980337 21.771350793540478 6
      vertex 69.86499008689414 27.315438128614804 6
    endloop
  endfacet
  facet normal 0 0 -1
    outer loop
      vertex 62.36022092401981 41.667767480015755 6
      vertex 64.91617831249867 37.59175166575611 6
      vertex 66.14409482479095 35.3547552600503 6
    endloop
  endfacet
  facet normal 0 0 -1
    outer loop
      vertex 54.923642499309416 51.09445659372504 6
      vertex 57.97578400373459 47.579496309161186 6
      vertex 53.033008590340614 53.033008590340614 6
    endloop
  endfacet
  facet normal 0 0 -1
    outer loop
      vertex 54.923642499309416 51.09445659372504 6
      vertex 56.922682233165425 48.85753009907555 6
      vertex 57.97578400373459 47.579496309161186 6
    endloop
  endfacet
  facet normal 0 0 -1
    outer loop
      vertex 57.97578400373459 47.579496309161186 6
      vertex 60.299058227674806 44.623688516924325 6
      vertex 62.36022092401981 41.667767480015755 6
    endloop
  endfacet
  facet normal 0 0 -1
    outer loop
      vertex 60.299058227674806 44.623688516924325 6
      vertex 62.035072116214224 42.17700591004654 6
      vertex 62.36022092401981 41.667767480015755 6
    endloop
  endfacet
  facet normal 0 0 -1
    outer loop
      vertex 69.29096492706547 28.701257454616556 6
      vertex 66.14409482479095 35.3547552600503 6
      vertex 68.71693978979887 30.087076726148663 6
    endloop
  endfacet
  facet normal 0 0 -1
    outer loop
      vertex 68.71693978979887 30.087076726148663 6
      vertex 66.14409482479095 35.3547552600503 6
      vertex 66.36733497381438 34.96608140002985 6
    endloop
  endfacet
  facet normal 0 0 -1
    outer loop
      vertex 66.36733497381438 34.96608140002985 6
      vertex 66.14409482479095 35.3547552600503 6
      vertex 64.91617831249867 37.59175166575611 6
    endloop
  endfacet
  facet normal 0 0 -1
    outer loop
      vertex 71.77052517980337 21.771350793540478 6
      vertex 69.29096494786772 28.701257404395484 6
      vertex 69.86499008689414 27.315438128614804 6
    endloop
  endfacet
  facet normal -0.9415440652521309 -0.3368898531990701 -3.074495232909814e-16
    outer loop
      vertex 71.77052517980337 21.771350793540478 6
      vertex 69.29096493947574 28.701257427849484 16.990000000000002
      vertex 69.29096494786772 28.701257404395484 6
    endloop
  endfacet
  facet normal -0.9415440780313051 -0.3368898174836684 0
    outer loop
      vertex 69.29096494786772 28.701257404395484 6
      vertex 69.2909649387002 28.701257430016994 16.990000000000002
      vertex 69.2909649387002 28.701257430016994 6
    endloop
  endfacet
  facet normal 0 0 -1
    outer loop
      vertex 75 0 6
      vertex 74.96611679719204 2.70764332026266 6
      vertex 145 0 6
    endloop
  endfacet
  facet normal 0 0 -1
    outer loop
      vertex 74.79790545548046 5.702923765316109 6
      vertex 74.63885450363159 7.351285524666309 6
      vertex 144.52745613371843 9.618851335938764 6
    endloop
  endfacet
  facet normal 0 0 -1
    outer loop
      vertex 74.63885450363159 7.351285524666309 6
      vertex 74.19158572382479 11.084160220077877 6
      vertex 144.30178536474705 14.21248535066843 6
    endloop
  endfacet
  facet normal 0 -1 0
    outer loop
      vertex 75 0 6
      vertex 104.8 0 6.8
      vertex 104.8 0 11.2
    endloop
  endfacet
  facet normal 0 0 -1
    outer loop
      vertex 73.68906705391059 14.041773275632586 6
      vertex 73.5588960275054 14.63177414983511 6
      vertex 142.59056317358778 25.748608326326995 6
    endloop
  endfacet
  facet normal 0 0 -1
    outer loop
      vertex 73.5588960275054 14.63177414983511 6
      vertex 72.48405241301974 19.321287373946056 6
      vertex 142.21386566013098 28.2880966886878 6
    endloop
  endfacet
  facet normal 0 0 -1
    outer loop
      vertex 62.36022092401981 41.667767480015755 6
      vertex 126.0608565186492 71.38522080051 6
      vertex 64.91617831249867 37.59175166575611 6
    endloop
  endfacet
  facet normal 0 0 -1
    outer loop
      vertex 71.65354587874519 22.204039339781353 6
      vertex 69.86499008689414 27.315438128614804 6
      vertex 138.886071358937 41.573396255959935 6
    endloop
  endfacet
  facet normal 0 0 -1
    outer loop
      vertex 68.71693978979887 30.087076726148663 6
      vertex 66.36733497381438 34.96608140002985 6
      vertex 133.32042612882717 56.84671694435916 6
    endloop
  endfacet
  facet normal -0.9891765098435014 -0.14673047527296243 0
    outer loop
      vertex 74.63885450363159 7.351285524666309 6
      vertex 73.5588960275054 14.63177414983511 20
      vertex 73.5588960275054 14.63177414983511 6
    endloop
  endfacet
  facet normal -0.9987954562265869 -0.04906767389151492 3.155543477946423e-14
    outer loop
      vertex 74.63885450363159 7.351285524666309 6
      vertex 74.71113932435101 5.879894183638295 16.990000000000002
      vertex 74.71064843471743 5.889886471771098 16.990000000000002
    endloop
  endfacet
  facet normal -0.9987954562265755 -0.04906767389174813 0
    outer loop
      vertex 75 0 6
      vertex 75 0 19
      vertex 74.71113932435101 5.879894183638295 16.990000000000002
    endloop
  endfacet
  facet normal -0.9987954562265754 -0.0490676738917513 0
    outer loop
      vertex 74.63885450363159 7.351285524666309 6
      vertex 74.71064843471743 5.889886471771098 16.990000000000002
      vertex 74.63885450363159 7.351285524666309 19.497189030132834
    endloop
  endfacet
  facet normal -0.9700312532852532 -0.2429801795411326 0
    outer loop
      vertex 73.5588960275054 14.63177414983511 6
      vertex 71.77052517980337 21.771350793540478 20
      vertex 71.77052517980337 21.771350793540478 6
    endloop
  endfacet
  facet normal -0.9700312532854212 -0.2429801795404617 -1.858700564296383e-13
    outer loop
      vertex 73.5588960275054 14.63177414983511 6
      vertex 72.84340976616922 17.488155423826313 16.990000000000002
      vertex 72.8409798472735 17.49785620384981 16.990000000000002
    endloop
  endfacet
  facet normal -0.9700312532852516 -0.24298017954113843 1.7987051216652476e-15
    outer loop
      vertex 73.5588960275054 14.63177414983511 6
      vertex 72.8409798472735 17.49785620384981 16.990000000000002
      vertex 72.41574404052201 19.1954927079626 19.990000000000002
    endloop
  endfacet
  facet normal -0.9700312532852525 -0.24298017954113507 2.808456939576404e-16
    outer loop
      vertex 73.5588960275054 14.63177414983511 6
      vertex 73.2686455729207 15.790518919713525 19.990000000000002
      vertex 72.84340976616922 17.488155423826313 16.990000000000002
    endloop
  endfacet
  facet normal -0.9891765098435024 -0.14673047527295519 0
    outer loop
      vertex 74.63885450363159 7.351285524666309 6
      vertex 74.63885450363159 7.351285524666309 19.497189030132834
      vertex 74.59657364217139 7.636319938237006 19.990000000000002
    endloop
  endfacet
  facet normal -0.9891765098435014 -0.1467304752729627 1.5654429609519136e-16
    outer loop
      vertex 74.63885450363159 7.351285524666309 6
      vertex 74.59657364217139 7.636319938237006 19.990000000000002
      vertex 73.5588960275054 14.63177414983511 20
    endloop
  endfacet
  facet normal -0.9987954562265754 -0.049067673891748875 -2.1746097084577356e-15
    outer loop
      vertex 74.71113932435101 5.879894183638295 16.990000000000002
      vertex 75 0 19
      vertex 74.79704501022826 4.1312437603978305 19.990000000000002
    endloop
  endfacet
  facet normal -0.9987954562265755 -0.049067673891749396 0
    outer loop
      vertex 75 0 20
      vertex 74.79704501022826 4.1312437603978305 19.990000000000002
      vertex 75 0 19
    endloop
  endfacet
  facet normal 0 0 1
    outer loop
      vertex 75 0 20
      vertex 75 1.0000000000000004 20
      vertex 74.79704501022826 4.1312437603978305 20
    endloop
  endfacet
  facet normal -0.9987954562265754 -0.049067673891749396 0
    outer loop
      vertex 75 0 20
      vertex 74.79704501022826 4.1312437603978305 20
      vertex 74.79704501022826 4.1312437603978305 19.990000000000002
    endloop
  endfacet
  facet normal -0.9891765098435014 -0.14673047527296273 0
    outer loop
      vertex 73.5588960275054 14.63177414983511 20
      vertex 74.59657364217139 7.636319938237006 19.990000000000002
      vertex 74.59657364217139 7.636319938237006 20
    endloop
  endfacet
  facet normal -0.9700312532852534 -0.24298017954113174 -4.787696833702538e-16
    outer loop
      vertex 73.5588960275054 14.63177414983511 6
      vertex 72.41574404052201 19.1954927079626 19.990000000000002
      vertex 71.77052517980337 21.771350793540478 20
    endloop
  endfacet
  facet normal -0.9700312532852533 -0.2429801795411319 0
    outer loop
      vertex 73.5588960275054 14.63177414983511 6
      vertex 73.5588960275054 14.63177414983511 20
      vertex 73.2686455729207 15.790518919713525 19.990000000000002
    endloop
  endfacet
  facet normal -0.9415440652521314 -0.3368898531990691 0
    outer loop
      vertex 71.77052517980337 21.771350793540478 6
      vertex 71.77052517980337 21.771350793540478 20
      vertex 69.88123318653435 27.051568190707656 19.990000000000002
    endloop
  endfacet
  facet normal -0.9700312532852533 -0.24298017954113194 0
    outer loop
      vertex 73.5588960275054 14.63177414983511 20
      vertex 73.2686455729207 15.790518919713525 20
      vertex 73.2686455729207 15.790518919713525 19.990000000000002
    endloop
  endfacet
  facet normal -0.9700312532852534 -0.24298017954113174 0
    outer loop
      vertex 71.77052517980337 21.771350793540478 20
      vertex 72.41574404052201 19.1954927079626 19.990000000000002
      vertex 72.41574404052201 19.1954927079626 20
    endloop
  endfacet
  facet normal -0.9415440652521312 -0.33688985319906906 0
    outer loop
      vertex 71.77052517980337 21.771350793540478 20
      vertex 69.88123318653435 27.051568190707656 20
      vertex 69.88123318653435 27.051568190707656 19.990000000000002
    endloop
  endfacet
  facet normal -0.7409511256161999 -0.6715589545587834 0
    outer loop
      vertex 57.97578400373459 47.579496309161186 6
      vertex 53.033008590340614 53.033008590340614 19
      vertex 53.033008590340614 53.033008590340614 6
    endloop
  endfacet
  facet normal -0.857728610355446 -0.5141027436006499 0
    outer loop
      vertex 62.36022092401981 41.667767480015755 6
      vertex 66.14409482479095 35.3547552600503 6
      vertex 62.36022092401981 41.667767480015755 20
    endloop
  endfacet
  facet normal -0.8032075311726766 -0.5956993049076804 0
    outer loop
      vertex 57.97578400373459 47.579496309161186 6
      vertex 62.36022092401981 41.667767480015755 6
      vertex 57.97578400373459 47.579496309161186 19.51433189355466
    endloop
  endfacet
  facet normal -0.7409511256161242 -0.671558954558867 1.6156382607474134e-14
    outer loop
      vertex 57.97578400373459 47.579496309161186 6
      vertex 56.98646629408605 48.67104019459375 16.990000000000002
      vertex 56.979747790782774 48.67845292068611 16.990000000000002
    endloop
  endfacet
  facet normal -0.7409511196405663 -0.6715589611518793 0
    outer loop
      vertex 57.97578400373459 47.579496309161186 6
      vertex 53.03300861646175 53.03300856152038 19.00000003884941
      vertex 53.033008590340614 53.033008590340614 19
    endloop
  endfacet
  facet normal -0.7409511256161996 -0.6715589545587841 4.664846196500338e-16
    outer loop
      vertex 57.97578400373459 47.579496309161186 6
      vertex 55.80400971271007 49.975679986849144 19.990000000000002
      vertex 53.03300861646175 53.03300856152038 19.00000003884941
    endloop
  endfacet
  facet normal -0.7409511256161998 -0.6715589545587837 0
    outer loop
      vertex 57.97578400373459 47.579496309161186 6
      vertex 57.97578400373459 47.579496309161186 19.51433189355466
      vertex 56.98646629408605 48.67104019459375 16.990000000000002
    endloop
  endfacet
  facet normal -0.7409511256162029 -0.6715589545587802 -7.205665825524805e-16
    outer loop
      vertex 57.97578400373459 47.579496309161186 6
      vertex 56.979747790782774 48.67845292068611 16.990000000000002
      vertex 55.80400971271007 49.975679986849144 19.990000000000002
    endloop
  endfacet
  facet normal -0.8577286103554475 -0.5141027436006474 -1.4075183808465524e-15
    outer loop
      vertex 66.14409482479095 35.3547552600503 6
      vertex 63.86892102824383 39.15065342072103 16.990000000000002
      vertex 62.36022092401981 41.667767480015755 20
    endloop
  endfacet
  facet normal -0.9039893060211664 -0.4275550661603365 -1.6106715939229435e-8
    outer loop
      vertex 69.2909649387002 28.701257430016994 6
      vertex 66.14409482479095 35.3547552600503 20
      vertex 69.29096492706547 28.701257454616556 6
    endloop
  endfacet
  facet normal -0.9039892929220992 -0.42755509385598855 0
    outer loop
      vertex 69.29096492706547 28.701257454616556 6
      vertex 66.14409482479095 35.3547552600503 20
      vertex 66.14409482479095 35.3547552600503 6
    endloop
  endfacet
  facet normal -0.9415446871500078 -0.33688811510588157 -4.4769425784651804e-15
    outer loop
      vertex 69.29096494786772 28.701257404395484 6
      vertex 69.29096493947574 28.701257427849484 16.990000000000002
      vertex 69.2909649387002 28.701257430016994 16.990000000000002
    endloop
  endfacet
  facet normal -0.9039892929219435 -0.4275550938563175 0
    outer loop
      vertex 69.2909649387002 28.701257430016994 6
      vertex 69.2909649387002 28.701257430016994 16.990000000000002
      vertex 69.28668423244646 28.710308222944334 16.990000000000002
    endloop
  endfacet
  facet normal -0.9039892929221007 -0.42755509385598545 -3.347067071722135e-16
    outer loop
      vertex 69.2909649387002 28.701257430016994 6
      vertex 69.28668423244646 28.710308222944334 16.990000000000002
      vertex 68.5375604657965 30.294197349413587 19.990000000000002
    endloop
  endfacet
  facet normal -0.8577286103552676 -0.5141027436009474 1.6162613602390627e-13
    outer loop
      vertex 66.14409482479095 35.3547552600503 6
      vertex 63.87406230344328 39.14207572124915 16.990000000000002
      vertex 63.86892102824383 39.15065342072103 16.990000000000002
    endloop
  endfacet
  facet normal -0.8577286103554456 -0.5141027436006503 2.1876318403602997e-16
    outer loop
      vertex 66.14409482479095 35.3547552600503 6
      vertex 64.77378546334592 37.640978313670715 19.990000000000002
      vertex 63.87406230344328 39.14207572124915 16.990000000000002
    endloop
  endfacet
  facet normal -0.94154406525213 -0.3368898531990727 1.5470441649414466e-15
    outer loop
      vertex 71.77052517980337 21.771350793540478 6
      vertex 69.88123318653435 27.051568190707656 19.990000000000002
      vertex 69.29096493947574 28.701257427849484 16.990000000000002
    endloop
  endfacet
  facet normal -0.8032075311726763 -0.5956993049076807 0
    outer loop
      vertex 62.36022092401981 41.667767480015755 6
      vertex 62.36022092401981 41.667767480015755 20
      vertex 58.141465597190205 47.3561005412899 19.990000000000002
    endloop
  endfacet
  facet normal -0.8032075311726802 -0.5956993049076756 -3.4256114930400942e-15
    outer loop
      vertex 62.36022092401981 41.667767480015755 6
      vertex 58.141465597190205 47.3561005412899 19.990000000000002
      vertex 57.97578400373459 47.579496309161186 19.51433189355466
    endloop
  endfacet
  facet normal -0.7409511256162012 -0.6715589545587822 0
    outer loop
      vertex 53.03300861646175 53.03300856152038 19.00000003884941
      vertex 55.80400971271007 49.975679986849144 19.990000000000002
      vertex 55.80400971271007 49.975679986849144 20
    endloop
  endfacet
  facet normal -0.8577286103554471 -0.5141027436006479 -1.0674832065567718e-15
    outer loop
      vertex 62.36022092401981 41.667767480015755 20
      vertex 63.86892102824383 39.15065342072103 16.990000000000002
      vertex 62.969197868341205 40.651750828299456 19.990000000000002
    endloop
  endfacet
  facet normal -0.8577286103554472 -0.5141027436006479 0
    outer loop
      vertex 62.36022092401981 41.667767480015755 20
      vertex 62.969197868341205 40.651750828299456 19.990000000000002
      vertex 62.969197868341205 40.651750828299456 20
    endloop
  endfacet
  facet normal -0.8032075311726763 -0.5956993049076809 0
    outer loop
      vertex 62.36022092401981 41.667767480015755 20
      vertex 58.141465597190205 47.3561005412899 20
      vertex 58.141465597190205 47.3561005412899 19.990000000000002
    endloop
  endfacet
  facet normal -0.9039892929220992 -0.4275550938559887 1.134344885525116e-16
    outer loop
      vertex 69.2909649387002 28.701257430016994 6
      vertex 68.5375604657965 30.294197349413587 19.990000000000002
      vertex 66.14409482479095 35.3547552600503 20
    endloop
  endfacet
  facet normal -0.8577286103554462 -0.5141027436006493 0
    outer loop
      vertex 66.14409482479095 35.3547552600503 6
      vertex 66.14409482479095 35.3547552600503 20
      vertex 64.77378546334592 37.640978313670715 19.990000000000002
    endloop
  endfacet
  facet normal -0.9039892929220991 -0.4275550938559886 0
    outer loop
      vertex 66.14409482479095 35.3547552600503 20
      vertex 68.5375604657965 30.294197349413587 19.990000000000002
      vertex 68.5375604657965 30.294197349413587 20
    endloop
  endfacet
  facet normal -0.8577286103554463 -0.5141027436006494 0
    outer loop
      vertex 66.14409482479095 35.3547552600503 20
      vertex 64.77378546334592 37.640978313670715 20
      vertex 64.77378546334592 37.640978313670715 19.990000000000002
    endloop
  endfacet
  facet normal 0 0 1
    outer loop
      vertex 62.36022092401981 41.667767480015755 20
      vertex 62.969197868341205 40.651750828299456 20
      vertex 92.43281658788428 58.94348713762574 20
    endloop
  endfacet
  facet normal 0 -1 0
    outer loop
      vertex 75 0 6
      vertex 104.8 0 11.2
      vertex 75 0 19
    endloop
  endfacet
  facet normal 0 -1 0
    outer loop
      vertex 75 0 19
      vertex 104.8 0 11.2
      vertex 115.2 0 11.2
    endloop
  endfacet
  facet normal 0 0 1
    outer loop
      vertex 73.5588960275054 14.63177414983511 20
      vertex 107.03921087526255 23.680531951668147 20
      vertex 73.2686455729207 15.790518919713525 20
    endloop
  endfacet
  facet normal 0 0 1
    outer loop
      vertex 74.79704501022826 4.1312437603978305 20
      vertex 75 1.0000000000000004 20
      vertex 144.950873150049 1.0000000000000004 20
    endloop
  endfacet
  facet normal 0 0 1
    outer loop
      vertex 74.79704501022826 4.1312437603978305 20
      vertex 109.04287272189418 6.728387497472635 20
      vertex 108.85940904443781 6.798124615828672 20
    endloop
  endfacet
  facet normal 0 0 1
    outer loop
      vertex 74.79704501022826 4.1312437603978305 20
      vertex 108.85940904443781 6.798124615828672 20
      vertex 108.83529930203065 6.810112470493071 20
    endloop
  endfacet
  facet normal 0 0 1
    outer loop
      vertex 74.79704501022826 4.1312437603978305 20
      vertex 109.23228840451398 6.676968767421198 20
      vertex 109.04287272189418 6.728387497472635 20
    endloop
  endfacet
  facet normal 0 0 1
    outer loop
      vertex 74.79704501022826 4.1312437603978305 20
      vertex 109.4258319157284 6.644363616153091 20
      vertex 109.23228840451398 6.676968767421198 20
    endloop
  endfacet
  facet normal 0 0 1
    outer loop
      vertex 74.79704501022826 4.1312437603978305 20
      vertex 109.62163932572282 6.630886049098813 20
      vertex 109.4258319157284 6.644363616153091 20
    endloop
  endfacet
  facet normal 0 0 1
    outer loop
      vertex 74.59657364217139 7.636319938237006 20
      vertex 108.57654043690223 10.310601322826184 20
      vertex 108.58263006482208 10.314934997495516 20
    endloop
  endfacet
  facet normal 0 0 1
    outer loop
      vertex 74.59657364217139 7.636319938237006 20
      vertex 108.58263006482208 10.314934997495516 20
      vertex 108.75292571116498 10.412513578439679 20
    endloop
  endfacet
  facet normal 0 0 1
    outer loop
      vertex 74.59657364217139 7.636319938237006 20
      vertex 108.75292571116498 10.412513578439679 20
      vertex 108.93196571088578 10.49293039958055 20
    endloop
  endfacet
  facet normal 0 0 1
    outer loop
      vertex 74.59657364217139 7.636319938237006 20
      vertex 108.93196571088578 10.49293039958055 20
      vertex 109.11802581091393 10.555411002970239 20
    endloop
  endfacet
  facet normal 0 0 1
    outer loop
      vertex 74.59657364217139 7.636319938237006 20
      vertex 109.11802581091393 10.555411002970239 20
      vertex 109.30931415077536 10.599353666242727 20
    endloop
  endfacet
  facet normal 0 0 1
    outer loop
      vertex 74.59657364217139 7.636319938237006 20
      vertex 109.30931415077536 10.599353666242727 20
      vertex 109.50398851918838 10.6243351975292 20
    endloop
  endfacet
  facet normal 0 0 1
    outer loop
      vertex 73.5588960275054 14.63177414983511 20
      vertex 74.59657364217139 7.636319938237006 20
      vertex 142.21386566013098 28.2880966886878 20
    endloop
  endfacet
  facet normal 0 0 1
    outer loop
      vertex 73.5588960275054 14.63177414983511 20
      vertex 107.23471592710835 23.69785134326244 20
      vertex 107.03921087526255 23.680531951668147 20
    endloop
  endfacet
  facet normal 0 0 1
    outer loop
      vertex 73.2686455729207 15.790518919713525 20
      vertex 106.45570808971411 23.743791839429075 20
      vertex 106.43001986461239 23.75186050905413 20
    endloop
  endfacet
  facet normal 0 0 1
    outer loop
      vertex 73.2686455729207 15.790518919713525 20
      vertex 106.64782231366395 23.70361334295932 20
      vertex 106.45570808971411 23.743791839429075 20
    endloop
  endfacet
  facet normal 0 0 1
    outer loop
      vertex 73.2686455729207 15.790518919713525 20
      vertex 106.84294963644204 23.68245880378016 20
      vertex 106.64782231366395 23.70361334295932 20
    endloop
  endfacet
  facet normal 0 0 1
    outer loop
      vertex 73.2686455729207 15.790518919713525 20
      vertex 107.03921087526255 23.680531951668147 20
      vertex 106.84294963644204 23.68245880378016 20
    endloop
  endfacet
  facet normal 0 0 1
    outer loop
      vertex 72.41574404052201 19.1954927079626 20
      vertex 105.62684964950542 27.168773730246016 20
      vertex 105.63218636792186 27.17400667787479 20
    endloop
  endfacet
  facet normal 0 0 1
    outer loop
      vertex 72.41574404052201 19.1954927079626 20
      vertex 105.63218636792186 27.17400667787479 20
      vertex 105.78512073915947 27.297024012899488 20
    endloop
  endfacet
  facet normal 0 0 1
    outer loop
      vertex 72.41574404052201 19.1954927079626 20
      vertex 105.78512073915947 27.297024012899488 20
      vertex 105.94937649698845 27.404458796105178 20
    endloop
  endfacet
  facet normal 0 0 1
    outer loop
      vertex 72.41574404052201 19.1954927079626 20
      vertex 105.94937649698845 27.404458796105178 20
      vertex 106.12337176866957 27.495276371799758 20
    endloop
  endfacet
  facet normal 0 0 1
    outer loop
      vertex 72.41574404052201 19.1954927079626 20
      vertex 106.12337176866957 27.495276371799758 20
      vertex 106.30543088462103 27.568602117083348 20
    endloop
  endfacet
  facet normal 0 0 1
    outer loop
      vertex 72.41574404052201 19.1954927079626 20
      vertex 106.30543088462103 27.568602117083348 20
      vertex 106.49380051603261 27.623729864944945 20
    endloop
  endfacet
  facet normal 0 0 1
    outer loop
      vertex 71.77052517980337 21.771350793540478 20
      vertex 95.19242089706397 36.72401126996094 20
      vertex 69.88123318653435 27.051568190707656 20
    endloop
  endfacet
  facet normal 0 0 1
    outer loop
      vertex 69.88123318653435 27.051568190707656 20
      vertex 95.19242089706397 36.72401126996094 20
      vertex 94.90540832279015 37.416920919344406 20
    endloop
  endfacet
  facet normal 0 0 1
    outer loop
      vertex 68.5375604657965 30.294197349413587 20
      vertex 93.5621894751887 40.65973807845902 20
      vertex 93.27900373523853 41.34340893251738 20
    endloop
  endfacet
  facet normal 0 0 1
    outer loop
      vertex 66.14409482479095 35.3547552600503 20
      vertex 68.5375604657965 30.294197349413587 20
      vertex 127.87858332693577 68.35252683609724 20
    endloop
  endfacet
  facet normal 0 0 1
    outer loop
      vertex 64.77378546334592 37.640978313670715 20
      vertex 93.90815968625253 55.47831089838494 20
      vertex 93.88123537634135 55.47804656109792 20
    endloop
  endfacet
  facet normal 0 0 1
    outer loop
      vertex 64.77378546334592 37.640978313670715 20
      vertex 94.10328700903061 55.49946543756409 20
      vertex 93.90815968625253 55.47831089838494 20
    endloop
  endfacet
  facet normal 0 0 1
    outer loop
      vertex 64.77378546334592 37.640978313670715 20
      vertex 94.29540123298047 55.53964393403385 20
      vertex 94.10328700903061 55.49946543756409 20
    endloop
  endfacet
  facet normal 0 0 1
    outer loop
      vertex 64.77378546334592 37.640978313670715 20
      vertex 94.48265219310514 55.5984594469094 20
      vertex 94.29540123298047 55.53964393403385 20
    endloop
  endfacet
  facet normal 0 0 1
    outer loop
      vertex 64.77378546334592 37.640978313670715 20
      vertex 94.66323656029684 55.67534555064992 20
      vertex 94.48265219310514 55.5984594469094 20
    endloop
  endfacet
  facet normal 0 0 1
    outer loop
      vertex 66.14409482479095 35.3547552600503 20
      vertex 127.87858332693577 68.35252683609724 20
      vertex 64.77378546334592 37.640978313670715 20
    endloop
  endfacet
  facet normal 0 0 1
    outer loop
      vertex 64.77378546334592 37.640978313670715 20
      vertex 94.83541520838205 55.76956179004618 20
      vertex 94.66323656029684 55.67534555064992 20
    endloop
  endfacet
  facet normal 0 0 1
    outer loop
      vertex 71.77052517980337 21.771350793540478 20
      vertex 109.97449341724456 42.846946187802374 20
      vertex 95.19242089706397 36.72401126996094 20
    endloop
  endfacet
  facet normal 0 0 1
    outer loop
      vertex 71.77052517980337 21.771350793540478 20
      vertex 72.41574404052201 19.1954927079626 20
      vertex 138.75634868443012 42.091278202831745 20
    endloop
  endfacet
  facet normal 0 0 1
    outer loop
      vertex 127.87858332693577 68.35252683609724 20
      vertex 68.5375604657965 30.294197349413587 20
      vertex 93.27900373523853 41.34340893251738 20
    endloop
  endfacet
  facet normal 0 0 -1
    outer loop
      vertex 57.97578400373459 47.579496309161186 6
      vertex 56.922682233165425 48.85753009907555 6
      vertex 112.08651573956013 91.98702620714903 6
    endloop
  endfacet
  facet normal 0 0 -1
    outer loop
      vertex 54.923642499309416 51.09445659372504 6
      vertex 53.033008590340614 53.033008590340614 6
      vertex 106.98317290994228 97.61769732857405 6
    endloop
  endfacet
  facet normal -0.7071067811865476 0.7071067811865476 0
    outer loop
      vertex 53.033008590340614 53.033008590340614 6
      vertex 74.24621202458749 74.24621202458749 11
      vertex 74.24621202458749 74.24621202458749 7
    endloop
  endfacet
  facet normal 0 0 -1
    outer loop
      vertex 62.36022092401981 41.667767480015755 6
      vertex 62.035072116214224 42.17700591004654 6
      vertex 120.56309378147125 80.55768378823996 6
    endloop
  endfacet
  facet normal 0 0 -1
    outer loop
      vertex 57.97578400373459 47.579496309161186 6
      vertex 117.24627625857002 85.0298945108736 6
      vertex 60.299058227674806 44.623688516924325 6
    endloop
  endfacet
  facet normal -0.7071067811865475 0.7071067811865475 0
    outer loop
      vertex 53.033008590340614 53.033008590340614 6
      vertex 74.24621202458749 74.24621202458749 7
      vertex 102.53048327565193 102.53048327565193 6
    endloop
  endfacet
  facet normal 0 0 -1
    outer loop
      vertex 57.97578400373459 47.579496309161186 6
      vertex 112.08651573956013 91.98702620714903 6
      vertex 117.24627625857002 85.0298945108736 6
    endloop
  endfacet
  facet normal 0 0 -1
    outer loop
      vertex 53.033008590340614 53.033008590340614 6
      vertex 102.53048327565193 102.53048327565193 6
      vertex 106.98317290994228 97.61769732857405 6
    endloop
  endfacet
  facet normal -0.7071067811865476 0.7071067811865476 0
    outer loop
      vertex 74.24621202458749 74.24621202458749 7
      vertex 81.31727983645297 81.31727983645297 7
      vertex 102.53048327565193 102.53048327565193 6
    endloop
  endfacet
  facet normal 0 0 -1
    outer loop
      vertex 56.922682233165425 48.85753009907555 6
      vertex 108.99789931108128 95.39478929687604 6
      vertex 112.08651573956013 91.98702620714903 6
    endloop
  endfacet
  facet normal -0.7071067811865475 0.7071067811865475 0
    outer loop
      vertex 81.31727983645297 81.31727983645297 7
      vertex 81.31727983645297 81.31727983645297 11
      vertex 102.53048327565193 102.53048327565193 6
    endloop
  endfacet
  facet normal -0.7071067811865475 0.7071067811865475 0
    outer loop
      vertex 53.033008590340614 53.033008590340614 6
      vertex 53.033008590340614 53.033008590340614 19
      vertex 102.5304832720494 102.5304832720494 19
    endloop
  endfacet
  facet normal -0.7409511256161994 -0.6715589545587842 0
    outer loop
      vertex 53.03300861646175 53.03300856152038 19.00000003884941
      vertex 55.80400971271007 49.975679986849144 20
      vertex 53.03300861646175 53.03300856152038 20
    endloop
  endfacet
  facet normal 0 0 1
    outer loop
      vertex 53.03300861646175 53.03300856152038 20
      vertex 55.80400971271007 49.975679986849144 20
      vertex 53.74011537017761 52.32590180780452 20
    endloop
  endfacet
  facet normal 0 0 1
    outer loop
      vertex 58.141465597190205 47.3561005412899 20
      vertex 84.07327452213352 69.48575355367846 20
      vertex 84.04672304661777 69.48128058080455 20
    endloop
  endfacet
  facet normal 0 0 1
    outer loop
      vertex 58.141465597190205 47.3561005412899 20
      vertex 84.2626902047533 69.53717228372989 20
      vertex 84.07327452213352 69.48575355367846 20
    endloop
  endfacet
  facet normal 0 0 1
    outer loop
      vertex 58.141465597190205 47.3561005412899 20
      vertex 84.44615388220969 69.60690940208593 20
      vertex 84.2626902047533 69.53717228372989 20
    endloop
  endfacet
  facet normal 0 0 1
    outer loop
      vertex 58.141465597190205 47.3561005412899 20
      vertex 84.62189869899731 69.69429330217461 20
      vertex 84.44615388220969 69.60690940208593 20
    endloop
  endfacet
  facet normal 0 0 1
    outer loop
      vertex 58.141465597190205 47.3561005412899 20
      vertex 84.78823213645863 69.79848242926917 20
      vertex 84.62189869899731 69.69429330217461 20
    endloop
  endfacet
  facet normal 0 0 1
    outer loop
      vertex 58.141465597190205 47.3561005412899 20
      vertex 84.94355231266377 69.91847338512015 20
      vertex 84.78823213645863 69.79848242926917 20
    endloop
  endfacet
  facet normal 0 0 1
    outer loop
      vertex 55.80400971271007 49.975679986849144 20
      vertex 81.77984700406809 72.16114090613966 20
      vertex 81.7822263464858 72.1682263160785 20
    endloop
  endfacet
  facet normal 0 0 1
    outer loop
      vertex 55.80400971271007 49.975679986849144 20
      vertex 81.7822263464858 72.1682263160785 20
      vertex 81.86264316762667 72.34726631579929 20
    endloop
  endfacet
  facet normal 0 0 1
    outer loop
      vertex 55.80400971271007 49.975679986849144 20
      vertex 103.20285212816157 101.78863856578847 20
      vertex 53.74011537017761 52.32590180780452 20
    endloop
  endfacet
  facet normal 0 0 1
    outer loop
      vertex 55.80400971271007 49.975679986849144 20
      vertex 81.86264316762667 72.34726631579929 20
      vertex 81.96022174857082 72.5175619621422 20
    endloop
  endfacet
  facet normal 0 0 1
    outer loop
      vertex 55.80400971271007 49.975679986849144 20
      vertex 81.96022174857082 72.5175619621422 20
      vertex 82.07402235424192 72.67747321493987 20
    endloop
  endfacet
  facet normal 0 0 1
    outer loop
      vertex 55.80400971271007 49.975679986849144 20
      vertex 82.07402235424192 72.67747321493987 20
      vertex 82.20294902259756 72.82546004141147 20
    endloop
  endfacet
  facet normal -0.7071067811865476 0.7071067811865476 0
    outer loop
      vertex 53.033008590340614 53.033008590340614 6
      vertex 102.5304832720494 102.5304832720494 19
      vertex 74.24621202458749 74.24621202458749 11
    endloop
  endfacet
  facet normal 0 0 1
    outer loop
      vertex 62.36022092401981 41.667767480015755 20
      vertex 120.56309378147125 80.55768378823996 20
      vertex 58.141465597190205 47.3561005412899 20
    endloop
  endfacet
  facet normal 0 0 1
    outer loop
      vertex 62.969197868341205 40.651750828299456 20
      vertex 92.06149085591694 58.479530899883684 20
      vertex 92.06494930699458 58.486156865510345 20
    endloop
  endfacet
  facet normal 0 0 1
    outer loop
      vertex 62.969197868341205 40.651750828299456 20
      vertex 92.06494930699458 58.486156865510345 20
      vertex 92.17238409020025 58.650412623339314 20
    endloop
  endfacet
  facet normal 0 0 1
    outer loop
      vertex 62.969197868341205 40.651750828299456 20
      vertex 92.17238409020025 58.650412623339314 20
      vertex 92.29540142522497 58.80334699457693 20
    endloop
  endfacet
  facet normal 0 0 1
    outer loop
      vertex 62.969197868341205 40.651750828299456 20
      vertex 92.29540142522497 58.80334699457693 20
      vertex 92.43281658788428 58.94348713762574 20
    endloop
  endfacet
  facet normal 0 0 1
    outer loop
      vertex 62.36022092401981 41.667767480015755 20
      vertex 92.43281658788428 58.94348713762574 20
      vertex 92.58330619504301 59.06948342629978 20
    endloop
  endfacet
  facet normal 0 0 1
    outer loop
      vertex 55.80400971271007 49.975679986849144 20
      vertex 82.20294902259756 72.82546004141147 20
      vertex 103.20285212816157 101.78863856578847 20
    endloop
  endfacet
  facet normal 0 0 1
    outer loop
      vertex 112.08651573956013 91.98702620714903 20
      vertex 84.94355231266377 69.91847338512015 20
      vertex 58.141465597190205 47.3561005412899 20
    endloop
  endfacet
  facet normal 0 0 1
    outer loop
      vertex 62.36022092401981 41.667767480015755 20
      vertex 92.58330619504301 59.06948342629978 20
      vertex 120.56309378147125 80.55768378823996 20
    endloop
  endfacet
  facet normal 0 0 1
    outer loop
      vertex 127.87858332693577 68.35252683609724 20
      vertex 94.83541520838205 55.76956179004618 20
      vertex 64.77378546334592 37.640978313670715 20
    endloop
  endfacet
  facet normal 0 0 1
    outer loop
      vertex 120.56309378147125 80.55768378823996 20
      vertex 112.08651573956013 91.98702620714903 20
      vertex 58.141465597190205 47.3561005412899 20
    endloop
  endfacet
  facet normal -0.7071067811865476 0.7071067811865476 0
    outer loop
      vertex 74.24621202458749 74.24621202458749 11
      vertex 102.5304832720494 102.5304832720494 19
      vertex 81.31727983645297 81.31727983645297 11
    endloop
  endfacet
  facet normal -0.7071067811865476 0.7071067811865476 0
    outer loop
      vertex 81.31727983645297 81.31727983645297 11
      vertex 102.5304832720494 102.5304832720494 19
      vertex 102.53048327565193 102.53048327565193 6
    endloop
  endfacet
  facet normal 0 0 1
    outer loop
      vertex 103.20285212816157 101.78863856578847 20
      vertex 82.20294902259756 72.82546004141147 20
      vertex 82.34576011934303 72.96009724752027 20
    endloop
  endfacet
  facet normal 0 0 1
    outer loop
      vertex 103.20285212816157 101.78863856578847 20
      vertex 82.34576011934303 72.96009724752027 20
      vertex 82.50108029554818 73.08008820337123 20
    endloop
  endfacet
  facet normal 0 0 1
    outer loop
      vertex 103.20285212816157 101.78863856578847 20
      vertex 82.50108029554818 73.08008820337123 20
      vertex 82.6674137330095 73.18427733046579 20
    endloop
  endfacet
  facet normal 0 0 1
    outer loop
      vertex 103.20285212816157 101.78863856578847 20
      vertex 82.6674137330095 73.18427733046579 20
      vertex 82.84315854979711 73.27166123055447 20
    endloop
  endfacet
  facet normal 0 0 1
    outer loop
      vertex 103.20285212816157 101.78863856578847 20
      vertex 82.84315854979711 73.27166123055447 20
      vertex 83.02662222725351 73.34139834891052 20
    endloop
  endfacet
  facet normal 0 0 1
    outer loop
      vertex 103.20285212816157 101.78863856578847 20
      vertex 83.02662222725351 73.34139834891052 20
      vertex 83.2160379098733 73.39281707896194 20
    endloop
  endfacet
  facet normal 0 0 1
    outer loop
      vertex 103.20285212816157 101.78863856578847 20
      vertex 83.2160379098733 73.39281707896194 20
      vertex 83.22340829781648 73.39405872541283 20
    endloop
  endfacet
  facet normal 0 0 1
    outer loop
      vertex 111.34957291732086 92.80011731348077 20
      vertex 85.21529007776489 70.20109741770054 20
      vertex 85.08636340940924 70.05311059122893 20
    endloop
  endfacet
  facet normal 0 0 1
    outer loop
      vertex 111.34957291732086 92.80011731348077 20
      vertex 85.32909068343598 70.36100867049821 20
      vertex 85.21529007776489 70.20109741770054 20
    endloop
  endfacet
  facet normal 0 0 1
    outer loop
      vertex 112.08651573956013 91.98702620714903 20
      vertex 85.08636340940924 70.05311059122893 20
      vertex 84.94355231266377 69.91847338512015 20
    endloop
  endfacet
  facet normal 0 0 1
    outer loop
      vertex 111.34957291732086 92.80011731348077 20
      vertex 85.42666926438014 70.53130431684112 20
      vertex 85.32909068343598 70.36100867049821 20
    endloop
  endfacet
  facet normal 0 0 1
    outer loop
      vertex 111.34957291732086 92.80011731348077 20
      vertex 85.5156575545447 70.73586917223574 20
      vertex 85.50708608552101 70.7103443165619 20
    endloop
  endfacet
  facet normal 0 0 1
    outer loop
      vertex 111.34957291732086 92.80011731348077 20
      vertex 85.50708608552101 70.7103443165619 20
      vertex 85.42666926438014 70.53130431684112 20
    endloop
  endfacet
  facet normal 0 0 1
    outer loop
      vertex 103.20285212816157 101.78863856578847 20
      vertex 83.22340829781648 73.39405872541283 20
      vertex 108.99137825708395 95.40198417122602 20
    endloop
  endfacet
  facet normal 0 -1 0
    outer loop
      vertex 75 0 6
      vertex 145 0 6
      vertex 104.8 0 6.8
    endloop
  endfacet
  facet normal 0 0 -1
    outer loop
      vertex 74.96611679719204 2.70764332026266 6
      vertex 144.6746627766662 6.622391292304772 6
      vertex 145 0 6
    endloop
  endfacet
  facet normal 0 -1 0
    outer loop
      vertex 145 0 6
      vertex 115.2 0 6.8
      vertex 104.8 0 6.8
    endloop
  endfacet
  facet normal 0 0 -1
    outer loop
      vertex 74.63885450363159 7.351285524666309 6
      vertex 144.30178536474705 14.21248535066843 6
      vertex 144.52745613371843 9.618851335938764 6
    endloop
  endfacet
  facet normal 0 0 -1
    outer loop
      vertex 74.19158572382479 11.084160220077877 6
      vertex 143.03085202293096 22.780421998990292 6
      vertex 144.30178536474705 14.21248535066843 6
    endloop
  endfacet
  facet normal 0 0 -1
    outer loop
      vertex 73.5588960275054 14.63177414983511 6
      vertex 142.21386566013098 28.2880966886878 6
      vertex 142.59056317358778 25.748608326326995 6
    endloop
  endfacet
  facet normal 0 0 -1
    outer loop
      vertex 69.86499008689414 27.315438128614804 6
      vertex 138.75634868443012 42.091278202831745 6
      vertex 138.886071358937 41.573396255959935 6
    endloop
  endfacet
  facet normal 0 0 -1
    outer loop
      vertex 72.48405241301974 19.321287373946056 6
      vertex 139.61546019770628 38.66151278389616 6
      vertex 142.21386566013098 28.2880966886878 6
    endloop
  endfacet
  facet normal 0 0 -1
    outer loop
      vertex 69.86499008689414 27.315438128614804 6
      vertex 134.46847642680785 54.07507834719204 6
      vertex 138.75634868443012 42.091278202831745 6
    endloop
  endfacet
  facet normal 0 -1 0
    outer loop
      vertex 145 0 6
      vertex 115.2 0 11.2
      vertex 115.2 0 6.8
    endloop
  endfacet
  facet normal 0 -1 0
    outer loop
      vertex 145 0 6
      vertex 75 0 19
      vertex 115.2 0 11.2
    endloop
  endfacet
  facet normal 0 -1 0
    outer loop
      vertex 145 0 6
      vertex 145 0 19
      vertex 75 0 19
    endloop
  endfacet
  facet normal 0 0 1
    outer loop
      vertex 74.79704501022826 4.1312437603978305 20
      vertex 144.950873150049 1.0000000000000004 20
      vertex 109.62163932572282 6.630886049098813 20
    endloop
  endfacet
  facet normal 0 0 1
    outer loop
      vertex 144.30178536474705 14.21248535066843 20
      vertex 74.59657364217139 7.636319938237006 20
      vertex 109.50398851918838 10.6243351975292 20
    endloop
  endfacet
  facet normal 0 0 1
    outer loop
      vertex 73.5588960275054 14.63177414983511 20
      vertex 142.21386566013098 28.2880966886878 20
      vertex 107.23471592710835 23.69785134326244 20
    endloop
  endfacet
  facet normal 0 0 1
    outer loop
      vertex 144.950873150049 1.0000000000000004 20
      vertex 109.81782490209976 6.636665862596688 20
      vertex 109.62163932572282 6.630886049098813 20
    endloop
  endfacet
  facet normal 0 0 1
    outer loop
      vertex 144.950873150049 1.0000000000000004 20
      vertex 110.01249927051279 6.66164739388316 20
      vertex 109.81782490209976 6.636665862596688 20
    endloop
  endfacet
  facet normal 0 0 1
    outer loop
      vertex 144.950873150049 1.0000000000000004 20
      vertex 110.20378761037422 6.705590057155649 20
      vertex 110.01249927051279 6.66164739388316 20
    endloop
  endfacet
  facet normal 0 0 1
    outer loop
      vertex 144.950873150049 1.0000000000000004 20
      vertex 110.38984771040238 6.7680706605453365 20
      vertex 110.20378761037422 6.705590057155649 20
    endloop
  endfacet
  facet normal 0 0 1
    outer loop
      vertex 144.950873150049 1.0000000000000004 20
      vertex 110.56888771012318 6.848487481686208 20
      vertex 110.38984771040238 6.7680706605453365 20
    endloop
  endfacet
  facet normal 0 0 1
    outer loop
      vertex 144.30178536474705 14.21248535066843 20
      vertex 109.50398851918838 10.6243351975292 20
      vertex 109.70017409556533 10.630115011027073 20
    endloop
  endfacet
  facet normal 0 0 1
    outer loop
      vertex 144.3551394434768 13.126438132437197 20
      vertex 109.70017409556533 10.630115011027073 20
      vertex 109.89598150555976 10.616637443972795 20
    endloop
  endfacet
  facet normal 0 0 1
    outer loop
      vertex 144.3551394434768 13.126438132437197 20
      vertex 109.89598150555976 10.616637443972795 20
      vertex 110.08952501677418 10.584032292704688 20
    endloop
  endfacet
  facet normal 0 0 1
    outer loop
      vertex 144.3551394434768 13.126438132437197 20
      vertex 110.08952501677418 10.584032292704688 20
      vertex 110.27894069939397 10.532613562653252 20
    endloop
  endfacet
  facet normal 0 0 1
    outer loop
      vertex 144.3551394434768 13.126438132437197 20
      vertex 110.27894069939397 10.532613562653252 20
      vertex 110.46240437685034 10.462876444297214 20
    endloop
  endfacet
  facet normal 0 0 1
    outer loop
      vertex 144.3551394434768 13.126438132437197 20
      vertex 110.46240437685034 10.462876444297214 20
      vertex 110.4690969674239 10.459548752040316 20
    endloop
  endfacet
  facet normal 0 0 1
    outer loop
      vertex 144.30178536474705 14.21248535066843 20
      vertex 142.21386566013098 28.2880966886878 20
      vertex 74.59657364217139 7.636319938237006 20
    endloop
  endfacet
  facet normal 0 0 1
    outer loop
      vertex 142.21386566013098 28.2880966886878 20
      vertex 107.42758197145623 23.734250183354238 20
      vertex 107.23471592710835 23.69785134326244 20
    endloop
  endfacet
  facet normal 0 0 1
    outer loop
      vertex 142.21386566013098 28.2880966886878 20
      vertex 107.61595160286781 23.78937793121584 20
      vertex 107.42758197145623 23.734250183354238 20
    endloop
  endfacet
  facet normal 0 0 1
    outer loop
      vertex 142.21386566013098 28.2880966886878 20
      vertex 107.79801071881927 23.86270367649943 20
      vertex 107.61595160286781 23.78937793121584 20
    endloop
  endfacet
  facet normal 0 0 1
    outer loop
      vertex 142.21386566013098 28.2880966886878 20
      vertex 107.97200599050039 23.953521252194008 20
      vertex 107.79801071881927 23.86270367649943 20
    endloop
  endfacet
  facet normal 0 0 1
    outer loop
      vertex 142.21386566013098 28.2880966886878 20
      vertex 108.13626174832937 24.0609560353997 20
      vertex 107.97200599050039 23.953521252194008 20
    endloop
  endfacet
  facet normal 0 0 1
    outer loop
      vertex 142.21386566013098 28.2880966886878 20
      vertex 108.28919611956698 24.183973370424397 20
      vertex 108.13626174832937 24.0609560353997 20
    endloop
  endfacet
  facet normal 0 0 1
    outer loop
      vertex 142.21386566013098 28.2880966886878 20
      vertex 108.30842139637213 24.202824817853195 20
      vertex 108.28919611956698 24.183973370424397 20
    endloop
  endfacet
  facet normal 0 0 1
    outer loop
      vertex 138.75634868443012 42.091278202831745 20
      vertex 72.41574404052201 19.1954927079626 20
      vertex 106.49380051603261 27.623729864944945 20
    endloop
  endfacet
  facet normal 0 0 1
    outer loop
      vertex 71.77052517980337 21.771350793540478 20
      vertex 134.55280046219877 53.83940845621189 20
      vertex 109.97449341724456 42.846946187802374 20
    endloop
  endfacet
  facet normal 0 0 1
    outer loop
      vertex 138.75634868443012 42.091278202831745 20
      vertex 106.49380051603261 27.623729864944945 20
      vertex 106.68666656038049 27.660128705036747 20
    endloop
  endfacet
  facet normal 0 0 1
    outer loop
      vertex 138.75634868443012 42.091278202831745 20
      vertex 106.68666656038049 27.660128705036747 20
      vertex 106.88217161222629 27.67744809663104 20
    endloop
  endfacet
  facet normal 0 0 1
    outer loop
      vertex 138.75634868443012 42.091278202831745 20
      vertex 106.88217161222629 27.67744809663104 20
      vertex 107.0784328510468 27.675521244519025 20
    endloop
  endfacet
  facet normal 0 0 1
    outer loop
      vertex 138.75634868443012 42.091278202831745 20
      vertex 107.46567439777473 27.61418820887011 20
      vertex 107.47280515721063 27.611948437852995 20
    endloop
  endfacet
  facet normal 0 0 1
    outer loop
      vertex 138.75634868443012 42.091278202831745 20
      vertex 107.0784328510468 27.675521244519025 20
      vertex 107.27356017382489 27.654366705339868 20
    endloop
  endfacet
  facet normal 0 0 1
    outer loop
      vertex 138.75634868443012 42.091278202831745 20
      vertex 107.27356017382489 27.654366705339868 20
      vertex 107.46567439777473 27.61418820887011 20
    endloop
  endfacet
  facet normal 0 0 1
    outer loop
      vertex 71.77052517980337 21.771350793540478 20
      vertex 138.75634868443012 42.091278202831745 20
      vertex 134.55280046219877 53.83940845621189 20
    endloop
  endfacet
  facet normal 0 0 1
    outer loop
      vertex 134.55280046219877 53.83940845621189 20
      vertex 109.68748084297074 43.53985583718584 20
      vertex 109.97449341724456 42.846946187802374 20
    endloop
  endfacet
  facet normal 0 0 1
    outer loop
      vertex 133.2091277406671 57.08203761458902 20
      vertex 108.06107625541912 47.46634385035881 20
      vertex 108.34426199536928 46.78267299630046 20
    endloop
  endfacet
  facet normal 0.9987954561962868 0.04906767450828632 0
    outer loop
      vertex 145 0 6
      vertex 144.6746627766662 6.622391292304772 6
      vertex 145 0 19
    endloop
  endfacet
  facet normal 0.9987954561962866 0.04906767450829254 3.1768677731347383e-15
    outer loop
      vertex 144.6746627766662 6.622391292304772 6
      vertex 144.52745613371843 9.618851335938764 6
      vertex 145 0 19
    endloop
  endfacet
  facet normal 0.998795456196287 0.049067674508284594 -2.7184923873236984e-15
    outer loop
      vertex 144.52745613371843 9.618851335938764 6
      vertex 144.30178536474705 14.21248535066843 6
      vertex 145 0 19
    endloop
  endfacet
  facet normal 0.9987954561963265 0.04906767450748078 -2.0801342607005407e-13
    outer loop
      vertex 144.30178536474705 14.21248535066843 6
      vertex 144.4410451304319 11.37778770928156 16.990000000000002
      vertex 144.44153602007162 11.367795421149243 16.990000000000002
    endloop
  endfacet
  facet normal 0.9987954561962867 0.049067674508288285 1.3295222828110937e-15
    outer loop
      vertex 144.30178536474705 14.21248535066843 6
      vertex 144.52744170702672 9.619144997993606 19.990000000000002
      vertex 145 0 19
    endloop
  endfacet
  facet normal 0.998795456196287 0.04906767450828606 6.02001021922639e-16
    outer loop
      vertex 144.30178536474705 14.21248535066843 6
      vertex 144.44153602007162 11.367795421149243 16.990000000000002
      vertex 144.52744170702672 9.619144997993606 19.990000000000002
    endloop
  endfacet
  facet normal 0.9891765099996138 0.14673047422053706 0
    outer loop
      vertex 144.30178536474705 14.21248535066843 6
      vertex 143.03085202293096 22.780421998990292 6
      vertex 144.30178536474705 14.21248535066843 20
    endloop
  endfacet
  facet normal 0.9891765099996139 0.14673047422053706 -1.0571212910201896e-17
    outer loop
      vertex 143.03085202293096 22.780421998990292 6
      vertex 142.59056317358778 25.748608326326995 6
      vertex 144.30178536474705 14.21248535066843 20
    endloop
  endfacet
  facet normal 0.9891765099996142 0.1467304742205363 -6.672114843203591e-16
    outer loop
      vertex 142.59056317358778 25.748608326326995 6
      vertex 142.21386566013098 28.2880966886878 6
      vertex 144.30178536474705 14.21248535066843 20
    endloop
  endfacet
  facet normal 0.998795456196287 0.04906767450828548 -2.850039245087188e-16
    outer loop
      vertex 144.30178536474705 14.21248535066843 6
      vertex 144.3551394434768 13.126438132437197 19.990000000000002
      vertex 144.4410451304319 11.37778770928156 16.990000000000002
    endloop
  endfacet
  facet normal 0 0 1
    outer loop
      vertex 144.950873150049 1.0000000000000004 20
      vertex 110.73918335646607 6.946066062630369 20
      vertex 110.56888771012318 6.848487481686208 20
    endloop
  endfacet
  facet normal 0 0 1
    outer loop
      vertex 144.950873150049 1.0000000000000004 20
      vertex 110.76112095430497 6.961677921566869 20
      vertex 110.73918335646607 6.946066062630369 20
    endloop
  endfacet
  facet normal 0 0 1
    outer loop
      vertex 144.950873150049 1.0000000000000004 20
      vertex 144.52744170702672 9.619144997993606 20
      vertex 110.76112095430497 6.961677921566869 20
    endloop
  endfacet
  facet normal 0 0 1
    outer loop
      vertex 144.30178536474705 14.21248535066843 20
      vertex 109.70017409556533 10.630115011027073 20
      vertex 144.3551394434768 13.126438132437197 20
    endloop
  endfacet
  facet normal 0.9987954561962868 0.049067674508288264 1.5549069024424812e-15
    outer loop
      vertex 144.950873150049 1.0000000000000004 20
      vertex 145 0 19
      vertex 144.52744170702672 9.619144997993606 19.990000000000002
    endloop
  endfacet
  facet normal 0.998795456196287 0.04906767450828827 0
    outer loop
      vertex 144.950873150049 1.0000000000000004 20
      vertex 144.52744170702672 9.619144997993606 19.990000000000002
      vertex 144.52744170702672 9.619144997993606 20
    endloop
  endfacet
  facet normal 0.9987954561962867 0.049067674508289146 0
    outer loop
      vertex 144.30178536474705 14.21248535066843 6
      vertex 144.30178536474705 14.21248535066843 20
      vertex 144.3551394434768 13.126438132437197 19.990000000000002
    endloop
  endfacet
  facet normal 0.989176509999614 0.14673047422053695 0
    outer loop
      vertex 142.21386566013098 28.2880966886878 6
      vertex 142.21386566013098 28.2880966886878 20
      vertex 144.30178536474705 14.21248535066843 20
    endloop
  endfacet
  facet normal 0.9987954561962868 0.049067674508289146 0
    outer loop
      vertex 144.30178536474705 14.21248535066843 20
      vertex 144.3551394434768 13.126438132437197 20
      vertex 144.3551394434768 13.126438132437197 19.990000000000002
    endloop
  endfacet
  facet normal 0.9700312532400269 0.2429801797216861 0
    outer loop
      vertex 142.21386566013098 28.2880966886878 6
      vertex 139.61546019770628 38.66151278389616 6
      vertex 142.21386566013098 28.2880966886878 20
    endloop
  endfacet
  facet normal 0.9700312532400266 0.2429801797216874 1.014437170594016e-15
    outer loop
      vertex 138.886071358937 41.573396255959935 6
      vertex 142.21386566013098 28.2880966886878 20
      vertex 139.61546019770628 38.66151278389616 6
    endloop
  endfacet
  facet normal 0.9700312532400206 0.24298017972171107 2.4924652127118266e-14
    outer loop
      vertex 138.886071358937 41.573396255959935 6
      vertex 138.75634868443012 42.091278202831745 6
      vertex 142.21386566013098 28.2880966886878 20
    endloop
  endfacet
  facet normal 0.9700312532403002 0.24298017972059455 -8.727811345378668e-13
    outer loop
      vertex 138.75634868443012 42.091278202831745 6
      vertex 140.82816230099058 33.820134600691645 16.990000000000002
      vertex 140.8305922198881 33.810433820668585 16.990000000000002
    endloop
  endfacet
  facet normal 0.9700312532400267 0.24298017972168723 9.63575975362216e-17
    outer loop
      vertex 138.75634868443012 42.091278202831745 6
      vertex 140.8305922198881 33.810433820668585 16.990000000000002
      vertex 142.21386566013098 28.2880966886878 20
    endloop
  endfacet
  facet normal 0.9700312532400263 0.24298017972168826 -1.981945682475034e-16
    outer loop
      vertex 138.75634868443012 42.091278202831745 6
      vertex 140.40292649392234 35.51777110472839 19.990000000000002
      vertex 140.82816230099058 33.820134600691645 16.990000000000002
    endloop
  endfacet
  facet normal 0.9415442844048041 0.33688924070738474 -4.972622994169413e-7
    outer loop
      vertex 138.75634868443012 42.091278202831745 20
      vertex 133.96253221688346 55.48909768630647 6
      vertex 133.96253221482038 55.48909769207239 6
    endloop
  endfacet
  facet normal 0.9415440651112372 0.33688985359284157 2.7035689878867237e-15
    outer loop
      vertex 138.75634868443012 42.091278202831745 20
      vertex 134.46847642680785 54.07507834719204 6
      vertex 133.96253221688346 55.48909768630647 6
    endloop
  endfacet
  facet normal 0.9415440651112384 0.3368898535928383 0
    outer loop
      vertex 138.75634868443012 42.091278202831745 6
      vertex 134.46847642680785 54.07507834719204 6
      vertex 138.75634868443012 42.091278202831745 20
    endloop
  endfacet
  facet normal 0.9415440651112383 0.3368898535928383 0
    outer loop
      vertex 138.75634868443012 42.091278202831745 20
      vertex 133.96253221482038 55.48909769207239 6
      vertex 133.96253221482038 55.48909769207239 16.990000001819574
    endloop
  endfacet
  facet normal 0 0 1
    outer loop
      vertex 142.21386566013098 28.2880966886878 20
      vertex 141.25582802695635 32.11279731663184 20
      vertex 108.30842139637213 24.202824817853195 20
    endloop
  endfacet
  facet normal 0 0 1
    outer loop
      vertex 138.75634868443012 42.091278202831745 20
      vertex 107.47280515721063 27.611948437852995 20
      vertex 140.40292649392234 35.51777110472839 20
    endloop
  endfacet
  facet normal 0.9700312532400266 0.242980179721687 -6.015895167766772e-16
    outer loop
      vertex 142.21386566013098 28.2880966886878 20
      vertex 140.8305922198881 33.810433820668585 16.990000000000002
      vertex 141.25582802695635 32.11279731663184 19.990000000000002
    endloop
  endfacet
  facet normal 0.9700312532400267 0.242980179721687 0
    outer loop
      vertex 142.21386566013098 28.2880966886878 20
      vertex 141.25582802695635 32.11279731663184 19.990000000000002
      vertex 141.25582802695635 32.11279731663184 20
    endloop
  endfacet
  facet normal 0.9700312532400261 0.2429801797216887 0
    outer loop
      vertex 138.75634868443012 42.091278202831745 20
      vertex 140.40292649392234 35.51777110472839 20
      vertex 140.40292649392234 35.51777110472839 19.990000000000002
    endloop
  endfacet
  facet normal 0.9700312532400261 0.2429801797216887 0
    outer loop
      vertex 138.75634868443012 42.091278202831745 6
      vertex 138.75634868443012 42.091278202831745 20
      vertex 140.40292649392234 35.51777110472839 19.990000000000002
    endloop
  endfacet
  facet normal 0.9415440651112387 0.3368898535928375 -3.798168001639373e-15
    outer loop
      vertex 138.75634868443012 42.091278202831745 20
      vertex 133.96253221482038 55.48909769207239 16.990000001819574
      vertex 134.55280046219877 53.83940845621189 19.990000000000002
    endloop
  endfacet
  facet normal 0.9415440651112387 0.3368898535928376 0
    outer loop
      vertex 138.75634868443012 42.091278202831745 20
      vertex 134.55280046219877 53.83940845621189 19.990000000000002
      vertex 134.55280046219877 53.83940845621189 20
    endloop
  endfacet
  facet normal 0 0 -1
    outer loop
      vertex 66.36733497381438 34.96608140002985 6
      vertex 127.60411327268966 68.81045245678435 6
      vertex 127.87858332693577 68.35252683609724 6
    endloop
  endfacet
  facet normal 0 0 -1
    outer loop
      vertex 66.36733497381438 34.96608140002985 6
      vertex 127.87858332693577 68.35252683609724 6
      vertex 133.32042612882717 56.84671694435916 6
    endloop
  endfacet
  facet normal 0 0 -1
    outer loop
      vertex 62.035072116214224 42.17700591004654 6
      vertex 119.03376970591023 82.61973859887763 6
      vertex 120.56309378147125 80.55768378823996 6
    endloop
  endfacet
  facet normal 0 0 -1
    outer loop
      vertex 62.36022092401981 41.667767480015755 6
      vertex 120.56309378147125 80.55768378823996 6
      vertex 126.0608565186492 71.38522080051 6
    endloop
  endfacet
  facet normal 0.7409511254180539 0.6715589547774039 1.9502227887917454e-16
    outer loop
      vertex 102.53048327565193 102.53048327565193 6
      vertex 110.16711633554965 94.10475710539862 16.990000000000002
      vertex 106.98317290994228 97.61769732857405 6
    endloop
  endfacet
  facet normal 0.9039892929716886 0.42755509375114065 -8.889486049157998e-17
    outer loop
      vertex 133.32042612882717 56.84671694435916 6
      vertex 127.87858332693577 68.35252683609724 6
      vertex 133.9582515071291 55.4981484880419 16.990000000000002
    endloop
  endfacet
  facet normal 0 0 -1
    outer loop
      vertex 133.96253221482038 55.48909769207239 6
      vertex 133.96253221688346 55.48909768630647 6
      vertex 133.9625322122021 55.48909769760833 6
    endloop
  endfacet
  facet normal 0.9039892929716838 0.42755509375115036 -1.74892499959229e-16
    outer loop
      vertex 133.32042612882717 56.84671694435916 6
      vertex 133.96253221436604 55.48909769303306 16.990000000000002
      vertex 133.9625322122021 55.48909769760833 6
    endloop
  endfacet
  facet normal 0.9039899561185506 0.42755369164209206 -8.925188398513642e-16
    outer loop
      vertex 133.96253221482038 55.48909769207239 6
      vertex 133.9625322122021 55.48909769760833 6
      vertex 133.96253221436604 55.48909769303306 16.990000000000002
    endloop
  endfacet
  facet normal 0 0 1
    outer loop
      vertex 127.87858332693577 68.35252683609724 20
      vertex 93.27900373523853 41.34340893251738 20
      vertex 108.06107625541912 47.46634385035881 20
    endloop
  endfacet
  facet normal 0 0 1
    outer loop
      vertex 127.87858332693577 68.35252683609724 20
      vertex 94.9975299628573 55.88020081120895 20
      vertex 94.83541520838205 55.76956179004618 20
    endloop
  endfacet
  facet normal 0 0 1
    outer loop
      vertex 127.87858332693577 68.35252683609724 20
      vertex 95.14801957001603 56.006197099882996 20
      vertex 94.9975299628573 55.88020081120895 20
    endloop
  endfacet
  facet normal 0 0 1
    outer loop
      vertex 127.87858332693577 68.35252683609724 20
      vertex 95.28543473267534 56.14633724293181 20
      vertex 95.14801957001603 56.006197099882996 20
    endloop
  endfacet
  facet normal 0 0 1
    outer loop
      vertex 127.87858332693577 68.35252683609724 20
      vertex 95.40845206770005 56.29927161416942 20
      vertex 95.28543473267534 56.14633724293181 20
    endloop
  endfacet
  facet normal 0 0 1
    outer loop
      vertex 127.87858332693577 68.35252683609724 20
      vertex 95.51588685090573 56.463527371998396 20
      vertex 95.40845206770005 56.29927161416942 20
    endloop
  endfacet
  facet normal 0 0 1
    outer loop
      vertex 127.87858332693577 68.35252683609724 20
      vertex 95.52834575806477 56.48739710117149 20
      vertex 95.51588685090573 56.463527371998396 20
    endloop
  endfacet
  facet normal 0 0 1
    outer loop
      vertex 120.56309378147125 80.55768378823996 20
      vertex 92.58330619504301 59.06948342629978 20
      vertex 92.74542094951826 59.18012244746255 20
    endloop
  endfacet
  facet normal 0 0 1
    outer loop
      vertex 120.56309378147125 80.55768378823996 20
      vertex 92.74542094951826 59.18012244746255 20
      vertex 92.91759959760347 59.27433868685881 20
    endloop
  endfacet
  facet normal 0 0 1
    outer loop
      vertex 120.56309378147125 80.55768378823996 20
      vertex 92.91759959760347 59.27433868685881 20
      vertex 93.09818396479517 59.35122479059933 20
    endloop
  endfacet
  facet normal 0 0 1
    outer loop
      vertex 120.56309378147125 80.55768378823996 20
      vertex 93.09818396479517 59.35122479059933 20
      vertex 93.28543492491984 59.41004030347489 20
    endloop
  endfacet
  facet normal 0 0 1
    outer loop
      vertex 120.56309378147125 80.55768378823996 20
      vertex 93.28543492491984 59.41004030347489 20
      vertex 93.4775491488697 59.45021879994464 20
    endloop
  endfacet
  facet normal 0 0 1
    outer loop
      vertex 120.56309378147125 80.55768378823996 20
      vertex 93.4775491488697 59.45021879994464 20
      vertex 93.67267647164778 59.4713733391238 20
    endloop
  endfacet
  facet normal 0 0 1
    outer loop
      vertex 120.56309378147125 80.55768378823996 20
      vertex 93.67267647164778 59.4713733391238 20
      vertex 93.68015035418323 59.471446716151455 20
    endloop
  endfacet
  facet normal 0 0 1
    outer loop
      vertex 127.87858332693577 68.35252683609724 20
      vertex 124.38957694309701 74.17358231804803 20
      vertex 95.52834575806477 56.48739710117149 20
    endloop
  endfacet
  facet normal 0 0 1
    outer loop
      vertex 120.56309378147125 80.55768378823996 20
      vertex 93.68015035418323 59.471446716151455 20
      vertex 122.58498934667715 77.18435483180957 20
    endloop
  endfacet
  facet normal 0.740951125418055 0.6715589547774027 -5.498112172651724e-16
    outer loop
      vertex 108.99789931108128 95.39478929687604 6
      vertex 106.98317290994228 97.61769732857405 6
      vertex 112.08651573956013 91.98702620714903 20
    endloop
  endfacet
  facet normal 0.7409511254182508 0.6715589547771866 -1.4540744346593752e-13
    outer loop
      vertex 106.98317290994228 97.61769732857405 6
      vertex 110.16711633554965 94.10475710539862 16.990000000000002
      vertex 110.17383483885517 94.09734437930817 16.990000000000002
    endloop
  endfacet
  facet normal 0.740951125418049 0.6715589547774093 3.561643872757355e-15
    outer loop
      vertex 106.98317290994228 97.61769732857405 6
      vertex 110.17383483885517 94.09734437930817 16.990000000000002
      vertex 111.34957291732086 92.80011731348077 19.990000000000002
    endloop
  endfacet
  facet normal 0.740951125418054 0.6715589547774037 1.2580449324048013e-17
    outer loop
      vertex 102.53048327565193 102.53048327565193 6
      vertex 102.53048334538072 102.53048319871807 19.000000103706153
      vertex 110.16711633554965 94.10475710539862 16.990000000000002
    endloop
  endfacet
  facet normal 0.8032075317026661 0.5956993041930724 8.245546070063323e-16
    outer loop
      vertex 119.03376970591023 82.61973859887763 6
      vertex 117.24627625857002 85.0298945108736 6
      vertex 120.56309378147125 80.55768378823996 20
    endloop
  endfacet
  facet normal 0.8032075317026688 0.5956993041930687 0
    outer loop
      vertex 119.03376970591023 82.61973859887763 6
      vertex 120.56309378147125 80.55768378823996 20
      vertex 120.56309378147125 80.55768378823996 6
    endloop
  endfacet
  facet normal 0.8032075317026686 0.5956993041930689 -8.496258512827e-16
    outer loop
      vertex 117.24627625857002 85.0298945108736 6
      vertex 112.08651573956013 91.98702620714903 6
      vertex 120.56309378147125 80.55768378823996 20
    endloop
  endfacet
  facet normal 0.7409511254180537 0.6715589547774039 0
    outer loop
      vertex 108.99789931108128 95.39478929687604 6
      vertex 112.08651573956013 91.98702620714903 20
      vertex 112.08651573956013 91.98702620714903 6
    endloop
  endfacet
  facet normal 0 0 1
    outer loop
      vertex 112.08651573956013 91.98702620714903 20
      vertex 111.34957291732086 92.80011731348077 20
      vertex 85.08636340940924 70.05311059122893 20
    endloop
  endfacet
  facet normal -0.7071067811865476 0.7071067811865476 0
    outer loop
      vertex 102.53048327565193 102.53048327565193 6
      vertex 102.5304832720494 102.5304832720494 19
      vertex 102.53048327565193 102.53048327565193 20
    endloop
  endfacet
  facet normal 0.7409511264758349 0.6715589536103226 0
    outer loop
      vertex 102.53048327565193 102.53048327565193 6
      vertex 102.53048327565193 102.53048327565193 20
      vertex 102.53048334538072 102.53048319871807 19.000000103706153
    endloop
  endfacet
  facet normal 0.7409511254180549 0.671558954777403 -2.3239996951705097e-16
    outer loop
      vertex 106.98317290994228 97.61769732857405 6
      vertex 111.34957291732086 92.80011731348077 19.990000000000002
      vertex 112.08651573956013 91.98702620714903 20
    endloop
  endfacet
  facet normal -0.7071067811865475 0.7071067811865475 0
    outer loop
      vertex 102.53048327565193 102.53048327565193 20
      vertex 102.5304832720494 102.5304832720494 19
      vertex 102.5304832720494 102.5304832720494 20
    endloop
  endfacet
  facet normal 0.7409511264758349 0.6715589536103226 0
    outer loop
      vertex 102.53048327565193 102.53048327565193 20
      vertex 102.53048334538072 102.53048319871807 20
      vertex 102.53048334538072 102.53048319871807 19.000000103706153
    endloop
  endfacet
  facet normal 0 0 1
    outer loop
      vertex 102.53048327565193 102.53048327565193 20
      vertex 102.5304832720494 102.5304832720494 20
      vertex 102.53048334538072 102.53048319871807 20
    endloop
  endfacet
  facet normal 0.7409511254180531 0.671558954777405 -8.494283435209812e-15
    outer loop
      vertex 103.20285212816157 101.78863856578847 20
      vertex 110.16711633554965 94.10475710539862 16.990000000000002
      vertex 102.53048334538072 102.53048319871807 19.000000103706153
    endloop
  endfacet
  facet normal 0.7409511254180557 0.6715589547774018 5.774289173855043e-15
    outer loop
      vertex 103.20285212816157 101.78863856578847 20
      vertex 108.99137825708395 95.40198417122602 19.990000000000002
      vertex 110.16711633554965 94.10475710539862 16.990000000000002
    endloop
  endfacet
  facet normal 0.7409511254180559 0.6715589547774019 0
    outer loop
      vertex 103.20285212816157 101.78863856578847 20
      vertex 108.99137825708395 95.40198417122602 20
      vertex 108.99137825708395 95.40198417122602 19.990000000000002
    endloop
  endfacet
  facet normal 0.8032075317026681 0.5956993041930697 0
    outer loop
      vertex 112.08651573956013 91.98702620714903 6
      vertex 112.08651573956013 91.98702620714903 20
      vertex 120.56309378147125 80.55768378823996 20
    endloop
  endfacet
  facet normal 0.8577286101123709 0.5141027440061963 0
    outer loop
      vertex 120.56309378147125 80.55768378823996 6
      vertex 120.56309378147125 80.55768378823996 20
      vertex 122.58498934667715 77.18435483180957 19.990000000000002
    endloop
  endfacet
  facet normal 0.8577286101123709 0.5141027440061962 0
    outer loop
      vertex 120.56309378147125 80.55768378823996 20
      vertex 122.58498934667715 77.18435483180957 20
      vertex 122.58498934667715 77.18435483180957 19.990000000000002
    endloop
  endfacet
  facet normal 0.7409511254180547 0.671558954777403 0
    outer loop
      vertex 112.08651573956013 91.98702620714903 20
      vertex 111.34957291732086 92.80011731348077 19.990000000000002
      vertex 111.34957291732086 92.80011731348077 20
    endloop
  endfacet
  facet normal 0.9039892929716886 0.42755509375114037 -4.590474517650124e-16
    outer loop
      vertex 127.87858332693577 68.35252683609724 6
      vertex 133.2091277406671 57.08203761458902 19.990000000000002
      vertex 133.9582515071291 55.4981484880419 16.990000000000002
    endloop
  endfacet
  facet normal 0.8577286101123703 0.5141027440061972 3.962645197689209e-17
    outer loop
      vertex 127.60411327268966 68.81045245678435 6
      vertex 126.0608565186492 71.38522080051 6
      vertex 127.87858332693577 68.35252683609724 20
    endloop
  endfacet
  facet normal 0.8577286101123717 0.5141027440061948 -6.644374951245053e-16
    outer loop
      vertex 120.56309378147125 80.55768378823996 6
      vertex 127.87858332693577 68.35252683609724 20
      vertex 126.0608565186492 71.38522080051 6
    endloop
  endfacet
  facet normal 0.8577286101123708 0.5141027440061962 0
    outer loop
      vertex 127.60411327268966 68.81045245678435 6
      vertex 127.87858332693577 68.35252683609724 20
      vertex 127.87858332693577 68.35252683609724 6
    endloop
  endfacet
  facet normal 0.8577286101123837 0.5141027440061745 -1.3191274883694248e-14
    outer loop
      vertex 120.56309378147125 80.55768378823996 6
      vertex 123.48985378248882 75.6746797251941 16.990000000000002
      vertex 124.38957694309701 74.17358231804803 19.990000000000002
    endloop
  endfacet
  facet normal 0.90398929297095 0.427555093752702 2.340868837717692e-13
    outer loop
      vertex 133.32042612882717 56.84671694435916 6
      vertex 133.9582515071291 55.4981484880419 16.990000000000002
      vertex 133.96253221436604 55.48909769303306 16.990000000000002
    endloop
  endfacet
  facet normal 0.9039939024511839 0.4275453476896682 0
    outer loop
      vertex 133.96253221482038 55.48909769207239 6
      vertex 133.96253221436604 55.48909769303306 16.990000000000002
      vertex 133.96253221482038 55.48909769207239 16.990000001819574
    endloop
  endfacet
  facet normal 0 0 1
    outer loop
      vertex 127.87858332693577 68.35252683609724 20
      vertex 108.06107625541912 47.46634385035881 20
      vertex 133.2091277406671 57.08203761458902 20
    endloop
  endfacet
  facet normal 0.9039892929716884 0.4275550937511408 0
    outer loop
      vertex 127.87858332693577 68.35252683609724 20
      vertex 133.2091277406671 57.08203761458902 20
      vertex 133.2091277406671 57.08203761458902 19.990000000000002
    endloop
  endfacet
  facet normal 0.8577286101123716 0.5141027440061952 -2.995858043772633e-16
    outer loop
      vertex 120.56309378147125 80.55768378823996 6
      vertex 124.38957694309701 74.17358231804803 19.990000000000002
      vertex 127.87858332693577 68.35252683609724 20
    endloop
  endfacet
  facet normal 0.9039892929716884 0.42755509375114087 0
    outer loop
      vertex 127.87858332693577 68.35252683609724 6
      vertex 127.87858332693577 68.35252683609724 20
      vertex 133.2091277406671 57.08203761458902 19.990000000000002
    endloop
  endfacet
  facet normal 0.8577286101123714 0.5141027440061952 0
    outer loop
      vertex 127.87858332693577 68.35252683609724 20
      vertex 124.38957694309701 74.17358231804803 19.990000000000002
      vertex 124.38957694309701 74.17358231804803 20
    endloop
  endfacet
  facet normal 0.8577286101117579 0.5141027440072188 6.141793168940586e-13
    outer loop
      vertex 120.56309378147125 80.55768378823996 6
      vertex 123.48471250728534 75.6832574246635 16.990000000000002
      vertex 123.48985378248882 75.6746797251941 16.990000000000002
    endloop
  endfacet
  facet normal 0.8577286101123732 0.5141027440061922 -1.3708622359737403e-15
    outer loop
      vertex 120.56309378147125 80.55768378823996 6
      vertex 122.58498934667715 77.18435483180957 19.990000000000002
      vertex 123.48471250728534 75.6832574246635 16.990000000000002
    endloop
  endfacet
  facet normal 0 0 1
    outer loop
      vertex 60.77884554520797 51.923188934928305 16.990000000000002
      vertex 56.979747790782774 48.67845292068611 16.990000000000002
      vertex 56.98646629408605 48.67104019459375 16.990000000000002
    endloop
  endfacet
  facet normal 0 0 1
    outer loop
      vertex 60.77884554520797 51.923188934928305 16.990000000000002
      vertex 56.98646629408605 48.67104019459375 16.990000000000002
      vertex 60.78556404852305 51.91577620884602 16.990000000000002
    endloop
  endfacet
  facet normal 0.5609795213772795 -0.6568226292026069 0.503871025524085
    outer loop
      vertex 60.77884554520797 51.923188934928305 16.990000000000002
      vertex 55.80400971271007 49.975679986849144 19.990000000000002
      vertex 56.979747790782774 48.67845292068611 16.990000000000002
    endloop
  endfacet
  facet normal -0.5609795213772787 0.6568226292026069 0.5038710255240859
    outer loop
      vertex 60.78556404852305 51.91577620884602 16.990000000000002
      vertex 56.98646629408605 48.67104019459375 16.990000000000002
      vertex 61.416543484863574 51.21959768428499 18.6
    endloop
  endfacet
  facet normal -0.5609795213772786 0.6568226292026059 0.5038710255240872
    outer loop
      vertex 61.416543484863574 51.21959768428499 18.6
      vertex 56.98646629408605 48.67104019459375 16.990000000000002
      vertex 57.97578400373459 47.579496309161186 19.51433189355466
    endloop
  endfacet
  facet normal 0.5609795213772791 -0.6568226292026081 0.5038710255240838
    outer loop
      vertex 60.77884554520797 51.923188934928305 16.990000000000002
      vertex 60.14786610886745 52.619367459489325 18.6
      vertex 55.80400971271007 49.975679986849144 19.990000000000002
    endloop
  endfacet
  facet normal 0.6494480483301834 -0.7604059656000312 0
    outer loop
      vertex 81.77984700406809 72.16114090613966 19.990000000000002
      vertex 55.80400971271007 49.975679986849144 20
      vertex 55.80400971271007 49.975679986849144 19.990000000000002
    endloop
  endfacet
  facet normal -0.5609795213772796 0.6568226292026078 0.5038710255240838
    outer loop
      vertex 83.87973101091909 69.45314840241035 19.84075295646587
      vertex 57.97578400373459 47.579496309161186 19.51433189355466
      vertex 58.141465597190205 47.3561005412899 19.990000000000002
    endloop
  endfacet
  facet normal -0.6494480483301833 0.7604059656000313 0
    outer loop
      vertex 84.04672304661777 69.48128058080455 19.990000000000002
      vertex 58.141465597190205 47.3561005412899 19.990000000000002
      vertex 58.141465597190205 47.3561005412899 20
    endloop
  endfacet
  facet normal -0.5609795213772775 0.6568226292026054 0.5038710255240892
    outer loop
      vertex 61.416543484863574 51.21959768428499 18.6
      vertex 57.97578400373459 47.579496309161186 19.51433189355466
      vertex 82.9157152162451 69.5768554468026 18.60621738340342
    endloop
  endfacet
  facet normal 0.5609795213772791 -0.6568226292026073 0.503871025524085
    outer loop
      vertex 60.14786610886745 52.619367459489325 18.6
      vertex 81.65851930209355 71.20421052140452 18.87766937035292
      vertex 55.80400971271007 49.975679986849144 19.990000000000002
    endloop
  endfacet
  facet normal -0.5609795213773522 0.6568226292026929 0.5038710255238921
    outer loop
      vertex 61.416543484863574 51.21959768428499 18.6
      vertex 82.9157152162451 69.5768554468026 18.60621738340342
      vertex 82.91205542966864 69.57849926049224 18.6
    endloop
  endfacet
  facet normal -0.5609795213772771 0.6568226292026049 0.5038710255240904
    outer loop
      vertex 82.9157152162451 69.5768554468026 18.60621738340342
      vertex 57.97578400373459 47.579496309161186 19.51433189355466
      vertex 83.10177531627325 69.5143748434129 18.894812227495784
    endloop
  endfacet
  facet normal -0.5609795213772746 0.6568226292026021 0.5038710255240967
    outer loop
      vertex 83.10177531627325 69.5143748434129 18.894812227495784
      vertex 57.97578400373459 47.579496309161186 19.51433189355466
      vertex 83.29306365613469 69.47043218014042 19.165062688561054
    endloop
  endfacet
  facet normal -0.5609795213772834 0.6568226292026119 0.5038710255240744
    outer loop
      vertex 83.29306365613469 69.47043218014042 19.165062688561054
      vertex 57.97578400373459 47.579496309161186 19.51433189355466
      vertex 83.48773802454772 69.44545064885395 19.41436610692531
    endloop
  endfacet
  facet normal -0.5609795213772756 0.656822629202603 0.5038710255240946
    outer loop
      vertex 83.48773802454772 69.44545064885395 19.41436610692531
      vertex 57.97578400373459 47.579496309161186 19.51433189355466
      vertex 83.68392360092466 69.43967083535608 19.640321554386503
    endloop
  endfacet
  facet normal -0.5609795213772776 0.6568226292026055 0.5038710255240891
    outer loop
      vertex 83.68392360092466 69.43967083535608 19.640321554386503
      vertex 57.97578400373459 47.579496309161186 19.51433189355466
      vertex 83.87973101091909 69.45314840241035 19.84075295646587
    endloop
  endfacet
  facet normal -0.5609795213772641 0.6568226292025902 0.503871025524124
    outer loop
      vertex 83.87973101091909 69.45314840241035 19.84075295646587
      vertex 58.141465597190205 47.3561005412899 19.990000000000002
      vertex 84.04672304661777 69.48128058080455 19.990000000000002
    endloop
  endfacet
  facet normal -0.6494480483301833 0.7604059656000313 0
    outer loop
      vertex 84.04672304661777 69.48128058080455 19.990000000000002
      vertex 58.141465597190205 47.3561005412899 20
      vertex 84.04672304661777 69.48128058080455 20
    endloop
  endfacet
  facet normal 0.5609795213772801 -0.6568226292026085 0.5038710255240821
    outer loop
      vertex 60.14786610886745 52.619367459489325 18.6
      vertex 81.6898901044769 71.01799407992989 18.6
      vertex 81.65851930209355 71.20421052140452 18.87766937035292
    endloop
  endfacet
  facet normal 0.5609795213772738 -0.6568226292026 0.5038710255241005
    outer loop
      vertex 81.65851930209355 71.20421052140452 18.87766937035292
      vertex 81.64504173503927 71.40001793139893 19.1479198314182
      vertex 55.80400971271007 49.975679986849144 19.990000000000002
    endloop
  endfacet
  facet normal 0.5609795213772816 -0.6568226292026103 0.5038710255240784
    outer loop
      vertex 81.64504173503927 71.40001793139893 19.1479198314182
      vertex 81.65082154853715 71.5962035077759 19.397223249782453
      vertex 55.80400971271007 49.975679986849144 19.990000000000002
    endloop
  endfacet
  facet normal 0.5609795213772741 -0.6568226292026008 0.5038710255240989
    outer loop
      vertex 81.65082154853715 71.5962035077759 19.397223249782453
      vertex 81.67580307982362 71.79087787618892 19.623178697243667
      vertex 55.80400971271007 49.975679986849144 19.990000000000002
    endloop
  endfacet
  facet normal 0.5609795213772898 -0.6568226292026201 0.5038710255240563
    outer loop
      vertex 81.67580307982362 71.79087787618892 19.623178697243667
      vertex 81.71974574309611 71.98216621605035 19.823610099323012
      vertex 55.80400971271007 49.975679986849144 19.990000000000002
    endloop
  endfacet
  facet normal 0.5609795213772907 -0.6568226292026211 0.503871025524054
    outer loop
      vertex 81.71974574309611 71.98216621605035 19.823610099323012
      vertex 81.77984700406809 72.16114090613966 19.990000000000002
      vertex 55.80400971271007 49.975679986849144 19.990000000000002
    endloop
  endfacet
  facet normal 0.6494480483301834 -0.7604059656000312 0
    outer loop
      vertex 81.77984700406809 72.16114090613966 19.990000000000002
      vertex 81.77984700406809 72.16114090613966 20
      vertex 55.80400971271007 49.975679986849144 20
    endloop
  endfacet
  facet normal 0.5609795213772777 -0.6568226292026059 0.5038710255240884
    outer loop
      vertex 84.36655344911644 73.30408054407457 18.6
      vertex 105.73703913920707 91.55619961095437 18.6
      vertex 84.18753711573356 73.36419578922751 18.877669370352926
    endloop
  endfacet
  facet normal -0.5609795213773054 0.6568226292026377 0.5038710255240161
    outer loop
      vertex 85.59713691978504 71.8717755000961 18.6
      vertex 85.59818797864516 71.8679036224503 18.60621738340342
      vertex 107.00571651576394 90.15642983622895 18.6
    endloop
  endfacet
  facet normal -0.5609795213772901 0.6568226292026198 0.5038710255240565
    outer loop
      vertex 85.59818797864516 71.8679036224503 18.60621738340342
      vertex 85.63079312991326 71.67436011123588 18.894812227495777
      vertex 107.00571651576394 90.15642983622895 18.6
    endloop
  endfacet
  facet normal -0.5609795213772754 0.6568226292026033 0.5038710255240946
    outer loop
      vertex 85.64427069696754 71.47855270124147 19.165062688561058
      vertex 85.63849088346966 71.2823671248645 19.4143661069253
      vertex 107.00571651576394 90.15642983622895 18.6
    endloop
  endfacet
  facet normal -0.5609795213772728 0.6568226292026005 0.5038710255241008
    outer loop
      vertex 85.63079312991326 71.67436011123588 18.894812227495777
      vertex 85.64427069696754 71.47855270124147 19.165062688561058
      vertex 107.00571651576394 90.15642983622895 18.6
    endloop
  endfacet
  facet normal -0.5609795213772792 0.6568226292026074 0.5038710255240845
    outer loop
      vertex 85.63849088346966 71.2823671248645 19.4143661069253
      vertex 85.61350935218317 71.08769275645149 19.640321554386507
      vertex 107.00571651576394 90.15642983622895 18.6
    endloop
  endfacet
  facet normal -0.5609795213772788 0.6568226292026069 0.5038710255240858
    outer loop
      vertex 85.61350935218317 71.08769275645149 19.640321554386507
      vertex 85.5695666889107 70.89640441659006 19.840752956465852
      vertex 107.00571651576394 90.15642983622895 18.6
    endloop
  endfacet
  facet normal -0.5609795213772807 0.6568226292026086 0.5038710255240815
    outer loop
      vertex 85.5695666889107 70.89640441659006 19.840752956465852
      vertex 85.5156575545447 70.73586917223574 19.990000000000002
      vertex 107.00571651576394 90.15642983622895 18.6
    endloop
  endfacet
  facet normal 0.5609795213772765 -0.6568226292026044 0.5038710255240918
    outer loop
      vertex 84.18753711573356 73.36419578922751 18.877669370352926
      vertex 108.99137825708395 95.40198417122602 19.990000000000002
      vertex 83.99624877587212 73.40813845249998 19.1479198314182
    endloop
  endfacet
  facet normal 0.6494480483301837 -0.7604059656000309 0
    outer loop
      vertex 83.22340829781648 73.39405872541283 19.990000000000002
      vertex 108.99137825708395 95.40198417122602 19.990000000000002
      vertex 83.22340829781648 73.39405872541283 20
    endloop
  endfacet
  facet normal 0.5609795213772835 -0.6568226292026118 0.5038710255240745
    outer loop
      vertex 83.99624877587212 73.40813845249998 19.1479198314182
      vertex 108.99137825708395 95.40198417122602 19.990000000000002
      vertex 83.80157440745909 73.43311998378645 19.397223249782456
    endloop
  endfacet
  facet normal 0.5609795213772768 -0.6568226292026045 0.5038710255240914
    outer loop
      vertex 83.80157440745909 73.43311998378645 19.397223249782456
      vertex 108.99137825708395 95.40198417122602 19.990000000000002
      vertex 83.60538883108214 73.43889979728432 19.623178697243667
    endloop
  endfacet
  facet normal 0.5609795213772736 -0.656822629202601 0.5038710255240995
    outer loop
      vertex 83.60538883108214 73.43889979728432 19.623178697243667
      vertex 108.99137825708395 95.40198417122602 19.990000000000002
      vertex 83.40958142108772 73.42542223023005 19.823610099323012
    endloop
  endfacet
  facet normal 0.5609795213772875 -0.6568226292026168 0.5038710255240633
    outer loop
      vertex 83.40958142108772 73.42542223023005 19.823610099323012
      vertex 108.99137825708395 95.40198417122602 19.990000000000002
      vertex 83.22340829781648 73.39405872541283 19.990000000000002
    endloop
  endfacet
  facet normal -0.6494480483301835 0.760405965600031 0
    outer loop
      vertex 85.5156575545447 70.73586917223574 19.990000000000002
      vertex 85.5156575545447 70.73586917223574 20
      vertex 111.34957291732086 92.80011731348077 20
    endloop
  endfacet
  facet normal -0.5609795213772779 0.6568226292026059 0.5038710255240881
    outer loop
      vertex 85.5156575545447 70.73586917223574 19.990000000000002
      vertex 111.34957291732086 92.80011731348077 19.990000000000002
      vertex 107.00571651576394 90.15642983622895 18.6
    endloop
  endfacet
  facet normal 0.5609795213772762 -0.6568226292026041 0.5038710255240924
    outer loop
      vertex 84.18753711573356 73.36419578922751 18.877669370352926
      vertex 105.73703913920707 91.55619961095437 18.6
      vertex 108.99137825708395 95.40198417122602 19.990000000000002
    endloop
  endfacet
  facet normal 0.6494480483301837 -0.7604059656000309 0
    outer loop
      vertex 108.99137825708395 95.40198417122602 20
      vertex 83.22340829781648 73.39405872541283 20
      vertex 108.99137825708395 95.40198417122602 19.990000000000002
    endloop
  endfacet
  facet normal -0.6494480483301835 0.760405965600031 0
    outer loop
      vertex 85.5156575545447 70.73586917223574 19.990000000000002
      vertex 111.34957291732086 92.80011731348077 20
      vertex 111.34957291732086 92.80011731348077 19.990000000000002
    endloop
  endfacet
  facet normal 0 0 1
    outer loop
      vertex 106.36801857582648 90.86002108663153 16.990000000000002
      vertex 106.37473707914452 90.85260836055178 16.990000000000002
      vertex 110.16711633554965 94.10475710539862 16.990000000000002
    endloop
  endfacet
  facet normal 0 0 1
    outer loop
      vertex 106.37473707914452 90.85260836055178 16.990000000000002
      vertex 110.17383483885517 94.09734437930817 16.990000000000002
      vertex 110.16711633554965 94.10475710539862 16.990000000000002
    endloop
  endfacet
  facet normal 0.5609795213772791 -0.6568226292026069 0.5038710255240852
    outer loop
      vertex 106.36801857582648 90.86002108663153 16.990000000000002
      vertex 110.16711633554965 94.10475710539862 16.990000000000002
      vertex 105.73703913920707 91.55619961095437 18.6
    endloop
  endfacet
  facet normal -0.5609795213772782 0.6568226292026074 0.5038710255240857
    outer loop
      vertex 106.37473707914452 90.85260836055178 16.990000000000002
      vertex 111.34957291732086 92.80011731348077 19.990000000000002
      vertex 110.17383483885517 94.09734437930817 16.990000000000002
    endloop
  endfacet
  facet normal -0.5609795213772781 0.6568226292026079 0.5038710255240852
    outer loop
      vertex 106.37473707914452 90.85260836055178 16.990000000000002
      vertex 107.00571651576394 90.15642983622895 18.6
      vertex 111.34957291732086 92.80011731348077 19.990000000000002
    endloop
  endfacet
  facet normal 0.5609795213772791 -0.6568226292026051 0.5038710255240878
    outer loop
      vertex 105.73703913920707 91.55619961095437 18.6
      vertex 110.16711633554965 94.10475710539862 16.990000000000002
      vertex 108.99137825708395 95.40198417122602 19.990000000000002
    endloop
  endfacet
  facet normal 0 0 1
    outer loop
      vertex 79.69188193829046 6.271887128609443 16.990000000000002
      vertex 74.71064843471743 5.889886471771098 16.990000000000002
      vertex 74.71113932435101 5.879894183638295 16.990000000000002
    endloop
  endfacet
  facet normal 0 0 1
    outer loop
      vertex 79.69188193829046 6.271887128609443 16.990000000000002
      vertex 79.69139104866707 6.281879416743047 16.990000000000002
      vertex 74.71064843471743 5.889886471771098 16.990000000000002
    endloop
  endfacet
  facet normal -0.06777131147328304 0.8611161588185979 0.5038710255240861
    outer loop
      vertex 79.69188193829046 6.271887128609443 16.990000000000002
      vertex 74.71113932435101 5.879894183638295 16.990000000000002
      vertex 79.73798465542089 5.333444734728406 18.6
    endloop
  endfacet
  facet normal -0.06777131147328296 0.8611161588185983 0.5038710255240859
    outer loop
      vertex 79.73798465542089 5.333444734728406 18.6
      vertex 74.71113932435101 5.879894183638295 16.990000000000002
      vertex 74.79704501022826 4.1312437603978305 19.990000000000002
    endloop
  endfacet
  facet normal 0.06777131147328287 -0.8611161588185977 0.5038710255240867
    outer loop
      vertex 79.69139104866707 6.281879416743047 16.990000000000002
      vertex 74.63885450363159 7.351285524666309 19.497189030132834
      vertex 74.71064843471743 5.889886471771098 16.990000000000002
    endloop
  endfacet
  facet normal 0.06777131147328254 -0.8611161588185979 0.5038710255240861
    outer loop
      vertex 79.69139104866707 6.281879416743047 16.990000000000002
      vertex 79.64528833153665 7.220321810624084 18.6
      vertex 74.63885450363159 7.351285524666309 19.497189030132834
    endloop
  endfacet
  facet normal 0.06777131147328193 -0.8611161588186 0.503871025524083
    outer loop
      vertex 79.64528833153665 7.220321810624084 18.6
      vertex 74.59657364217139 7.636319938237006 19.990000000000002
      vertex 74.63885450363159 7.351285524666309 19.497189030132834
    endloop
  endfacet
  facet normal -0.06777131147328279 0.8611161588185978 0.5038710255240864
    outer loop
      vertex 79.73798465542089 5.333444734728406 18.6
      vertex 74.79704501022826 4.1312437603978305 19.990000000000002
      vertex 107.9764722432115 7.552223884240943 18.60621738340342
    endloop
  endfacet
  facet normal -0.0784590957278449 0.996917333733128 0
    outer loop
      vertex 108.83529930203065 6.810112470493071 19.990000000000002
      vertex 74.79704501022826 4.1312437603978305 19.990000000000002
      vertex 74.79704501022826 4.1312437603978305 20
    endloop
  endfacet
  facet normal 0.06777131147328287 -0.861116158818598 0.503871025524086
    outer loop
      vertex 79.64528833153665 7.220321810624084 18.6
      vertex 107.91591469649848 9.607743013056854 18.877669370352926
      vertex 74.59657364217139 7.636319938237006 19.990000000000002
    endloop
  endfacet
  facet normal 0.07845909572784499 -0.996917333733128 0
    outer loop
      vertex 108.57654043690223 10.310601322826184 19.990000000000002
      vertex 74.59657364217139 7.636319938237006 20
      vertex 74.59657364217139 7.636319938237006 19.990000000000002
    endloop
  endfacet
  facet normal -0.06777131147328319 0.8611161588186003 0.5038710255240821
    outer loop
      vertex 107.9764722432115 7.552223884240943 18.60621738340342
      vertex 74.79704501022826 4.1312437603978305 19.990000000000002
      vertex 108.09027284888259 7.392312631443276 18.89481222749578
    endloop
  endfacet
  facet normal -0.06777131147328286 0.861116158818598 0.5038710255240861
    outer loop
      vertex 108.09027284888259 7.392312631443276 18.89481222749578
      vertex 74.79704501022826 4.1312437603978305 19.990000000000002
      vertex 108.21919951723824 7.2443258049716714 19.165062688561072
    endloop
  endfacet
  facet normal -0.06777131147328308 0.8611161588185997 0.5038710255240834
    outer loop
      vertex 108.21919951723824 7.2443258049716714 19.165062688561072
      vertex 74.79704501022826 4.1312437603978305 19.990000000000002
      vertex 108.36201061398371 7.109688598862883 19.414366106925307
    endloop
  endfacet
  facet normal -0.06777131147328284 0.8611161588185977 0.5038710255240867
    outer loop
      vertex 108.51733079018886 6.989697643011916 19.64032155438653
      vertex 108.36201061398371 7.109688598862883 19.414366106925307
      vertex 74.79704501022826 4.1312437603978305 19.990000000000002
    endloop
  endfacet
  facet normal -0.06777131147328264 0.8611161588185958 0.50387102552409
    outer loop
      vertex 108.51733079018886 6.989697643011916 19.64032155438653
      vertex 74.79704501022826 4.1312437603978305 19.990000000000002
      vertex 108.68366422765017 6.8855085159173495 19.84075295646587
    endloop
  endfacet
  facet normal -0.06777131147328289 0.8611161588185984 0.5038710255240857
    outer loop
      vertex 108.68366422765017 6.8855085159173495 19.84075295646587
      vertex 74.79704501022826 4.1312437603978305 19.990000000000002
      vertex 108.83529930203065 6.810112470493071 19.990000000000002
    endloop
  endfacet
  facet normal -0.0784590957278449 0.996917333733128 0
    outer loop
      vertex 108.83529930203065 6.810112470493071 19.990000000000002
      vertex 74.79704501022826 4.1312437603978305 20
      vertex 108.83529930203065 6.810112470493071 20
    endloop
  endfacet
  facet normal -0.06777131147327438 0.8611161588184906 0.5038710255242712
    outer loop
      vertex 79.73798465542089 5.333444734728406 18.6
      vertex 107.9764722432115 7.552223884240943 18.60621738340342
      vertex 107.97447762311964 7.555704926027633 18.6
    endloop
  endfacet
  facet normal 0.06777131147328273 -0.8611161588185968 0.5038710255240885
    outer loop
      vertex 79.64528833153665 7.220321810624084 18.6
      vertex 107.83183893072064 9.438651452278334 18.6
      vertex 107.91591469649848 9.607743013056854 18.877669370352926
    endloop
  endfacet
  facet normal 0.06777131147328287 -0.8611161588185965 0.5038710255240887
    outer loop
      vertex 107.91591469649848 9.607743013056854 18.877669370352926
      vertex 108.02010382359306 9.774076450518168 19.14791983141821
      vertex 74.59657364217139 7.636319938237006 19.990000000000002
    endloop
  endfacet
  facet normal 0.06777131147328291 -0.8611161588185984 0.5038710255240855
    outer loop
      vertex 108.02010382359306 9.774076450518168 19.14791983141821
      vertex 108.14009477944403 9.929396626723312 19.39722324978245
      vertex 74.59657364217139 7.636319938237006 19.990000000000002
    endloop
  endfacet
  facet normal 0.06777131147328282 -0.8611161588185959 0.5038710255240899
    outer loop
      vertex 108.14009477944403 9.929396626723312 19.39722324978245
      vertex 108.2747319855528 10.07220772346878 19.623178697243667
      vertex 74.59657364217139 7.636319938237006 19.990000000000002
    endloop
  endfacet
  facet normal 0.06777131147328296 -0.8611161588185982 0.503871025524086
    outer loop
      vertex 108.2747319855528 10.07220772346878 19.623178697243667
      vertex 108.4227188120244 10.201134391824434 19.823610099323012
      vertex 74.59657364217139 7.636319938237006 19.990000000000002
    endloop
  endfacet
  facet normal 0.06777131147328304 -0.8611161588185996 0.5038710255240836
    outer loop
      vertex 108.4227188120244 10.201134391824434 19.823610099323012
      vertex 108.57654043690223 10.310601322826184 19.990000000000002
      vertex 74.59657364217139 7.636319938237006 19.990000000000002
    endloop
  endfacet
  facet normal 0.07845909572784499 -0.996917333733128 0
    outer loop
      vertex 108.57654043690223 10.310601322826184 19.990000000000002
      vertex 108.57654043690223 10.310601322826184 20
      vertex 74.59657364217139 7.636319938237006 20
    endloop
  endfacet
  facet normal -0.06777131147327205 0.8611161588184606 0.5038710255243226
    outer loop
      vertex 111.49470813297731 7.832753075569529 18.6
      vertex 111.49328262487835 7.829002863856662 18.60621738340342
      vertex 139.5068961189307 10.037360081956132 18.6
    endloop
  endfacet
  facet normal 0.06777131147328277 -0.8611161588185967 0.5038710255240884
    outer loop
      vertex 111.34103297384416 9.71483101305094 18.6
      vertex 139.41419979392626 11.924237157763647 18.6
      vertex 111.23154057240556 9.868688428682614 18.877669370352926
    endloop
  endfacet
  facet normal 0.06777131147328301 -0.8611161588185999 0.5038710255240831
    outer loop
      vertex 110.63814919363797 10.375492544208537 19.823610099323012
      vertex 110.80448263109929 10.27130341711397 19.623178697243667
      vertex 144.3551394434768 13.126438132437197 19.990000000000002
    endloop
  endfacet
  facet normal 0.06777131147328293 -0.8611161588185989 0.5038710255240848
    outer loop
      vertex 110.63814919363797 10.375492544208537 19.823610099323012
      vertex 144.3551394434768 13.126438132437197 19.990000000000002
      vertex 110.4690969674239 10.459548752040316 19.990000000000002
    endloop
  endfacet
  facet normal 0.07845909572784492 -0.9969173337331281 0
    outer loop
      vertex 110.4690969674239 10.459548752040316 19.990000000000002
      vertex 144.3551394434768 13.126438132437197 20
      vertex 110.4690969674239 10.459548752040316 20
    endloop
  endfacet
  facet normal -0.06777131147328296 0.8611161588185986 0.5038710255240854
    outer loop
      vertex 111.49328262487835 7.829002863856662 18.60621738340342
      vertex 111.40589872478968 7.653258047069035 18.894812227495777
      vertex 144.52744170702672 9.619144997993606 19.990000000000002
    endloop
  endfacet
  facet normal -0.06777131147328297 0.8611161588186015 0.5038710255240804
    outer loop
      vertex 111.40589872478968 7.653258047069035 18.894812227495777
      vertex 111.3017095976951 7.486924609607719 19.165062688561072
      vertex 144.52744170702672 9.619144997993606 19.990000000000002
    endloop
  endfacet
  facet normal -0.06777131147328296 0.861116158818598 0.5038710255240864
    outer loop
      vertex 111.04708143573535 7.188793336657105 19.640321554386528
      vertex 110.89909460926374 7.059866668301453 19.84075295646587
      vertex 144.52744170702672 9.619144997993606 19.990000000000002
    endloop
  endfacet
  facet normal -0.06777131147328334 0.8611161588186038 0.5038710255240764
    outer loop
      vertex 110.89909460926374 7.059866668301453 19.84075295646587
      vertex 110.76112095430497 6.961677921566869 19.990000000000002
      vertex 144.52744170702672 9.619144997993606 19.990000000000002
    endloop
  endfacet
  facet normal -0.07845909572784496 0.9969173337331281 0
    outer loop
      vertex 110.76112095430497 6.961677921566869 19.990000000000002
      vertex 110.76112095430497 6.961677921566869 20
      vertex 144.52744170702672 9.619144997993606 20
    endloop
  endfacet
  facet normal -0.06777131147328289 0.861116158818598 0.5038710255240862
    outer loop
      vertex 111.3017095976951 7.486924609607719 19.165062688561072
      vertex 111.18171864184413 7.3316044334025765 19.414366106925307
      vertex 144.52744170702672 9.619144997993606 19.990000000000002
    endloop
  endfacet
  facet normal -0.06777131147328277 0.8611161588185949 0.5038710255240917
    outer loop
      vertex 111.18171864184413 7.3316044334025765 19.414366106925307
      vertex 111.04708143573535 7.188793336657105 19.640321554386528
      vertex 144.52744170702672 9.619144997993606 19.990000000000002
    endloop
  endfacet
  facet normal 0.067771311473283 -0.8611161588185988 0.5038710255240847
    outer loop
      vertex 111.23154057240556 9.868688428682614 18.877669370352926
      vertex 144.3551394434768 13.126438132437197 19.990000000000002
      vertex 111.10261390404992 10.016675255154215 19.147919831418214
    endloop
  endfacet
  facet normal 0.06777131147328273 -0.8611161588185969 0.5038710255240879
    outer loop
      vertex 111.10261390404992 10.016675255154215 19.147919831418214
      vertex 144.3551394434768 13.126438132437197 19.990000000000002
      vertex 110.95980280730444 10.151312461263005 19.39722324978245
    endloop
  endfacet
  facet normal 0.06777131147328254 -0.8611161588185953 0.5038710255240908
    outer loop
      vertex 110.95980280730444 10.151312461263005 19.39722324978245
      vertex 144.3551394434768 13.126438132437197 19.990000000000002
      vertex 110.80448263109929 10.27130341711397 19.623178697243667
    endloop
  endfacet
  facet normal -0.06777131147328298 0.8611161588185985 0.5038710255240855
    outer loop
      vertex 111.49328262487835 7.829002863856662 18.60621738340342
      vertex 144.52744170702672 9.619144997993606 19.990000000000002
      vertex 139.5068961189307 10.037360081956132 18.6
    endloop
  endfacet
  facet normal -0.07845909572784496 0.9969173337331281 0
    outer loop
      vertex 110.76112095430497 6.961677921566869 19.990000000000002
      vertex 144.52744170702672 9.619144997993606 20
      vertex 144.52744170702672 9.619144997993606 19.990000000000002
    endloop
  endfacet
  facet normal 0.06777131147328284 -0.8611161588185979 0.5038710255240862
    outer loop
      vertex 111.23154057240556 9.868688428682614 18.877669370352926
      vertex 139.41419979392626 11.924237157763647 18.6
      vertex 144.3551394434768 13.126438132437197 19.990000000000002
    endloop
  endfacet
  facet normal 0.07845909572784492 -0.9969173337331281 0
    outer loop
      vertex 110.4690969674239 10.459548752040316 19.990000000000002
      vertex 144.3551394434768 13.126438132437197 19.990000000000002
      vertex 144.3551394434768 13.126438132437197 20
    endloop
  endfacet
  facet normal 0 0 1
    outer loop
      vertex 139.46030251161383 10.985794763926458 16.990000000000002
      vertex 139.46079340124314 10.97580247579332 16.990000000000002
      vertex 144.44153602007162 11.367795421149243 16.990000000000002
    endloop
  endfacet
  facet normal 0 0 1
    outer loop
      vertex 139.46030251161383 10.985794763926458 16.990000000000002
      vertex 144.44153602007162 11.367795421149243 16.990000000000002
      vertex 144.4410451304319 11.37778770928156 16.990000000000002
    endloop
  endfacet
  facet normal 0.06777131147328287 -0.8611161588185978 0.5038710255240867
    outer loop
      vertex 139.46030251161383 10.985794763926458 16.990000000000002
      vertex 144.4410451304319 11.37778770928156 16.990000000000002
      vertex 139.41419979392626 11.924237157763647 18.6
    endloop
  endfacet
  facet normal -0.0677713114732831 0.8611161588185983 0.5038710255240859
    outer loop
      vertex 139.46079340124314 10.97580247579332 16.990000000000002
      vertex 139.5068961189307 10.037360081956132 18.6
      vertex 144.52744170702672 9.619144997993606 19.990000000000002
    endloop
  endfacet
  facet normal -0.06777131147328316 0.8611161588185982 0.5038710255240861
    outer loop
      vertex 139.46079340124314 10.97580247579332 16.990000000000002
      vertex 144.52744170702672 9.619144997993606 19.990000000000002
      vertex 144.44153602007162 11.367795421149243 16.990000000000002
    endloop
  endfacet
  facet normal 0.06777131147328279 -0.8611161588185979 0.5038710255240865
    outer loop
      vertex 139.41419979392626 11.924237157763647 18.6
      vertex 144.4410451304319 11.37778770928156 16.990000000000002
      vertex 144.3551394434768 13.126438132437197 19.990000000000002
    endloop
  endfacet
  facet normal 0 0 1
    outer loop
      vertex 77.6972071639344 18.66373323184472 16.990000000000002
      vertex 72.8409798472735 17.49785620384981 16.990000000000002
      vertex 72.84340976616922 17.488155423826313 16.990000000000002
    endloop
  endfacet
  facet normal 0.20164517981128888 -0.8399126211078017 0.503871025524087
    outer loop
      vertex 77.6972071639344 18.66373323184472 16.990000000000002
      vertex 72.41574404052201 19.1954927079626 19.990000000000002
      vertex 72.8409798472735 17.49785620384981 16.990000000000002
    endloop
  endfacet
  facet normal -0.20164517981128846 0.8399126211078021 0.5038710255240867
    outer loop
      vertex 77.92784696632506 17.742967528076598 18.6
      vertex 72.84340976616922 17.488155423826313 16.990000000000002
      vertex 73.2686455729207 15.790518919713525 19.990000000000002
    endloop
  endfacet
  facet normal 0.2016451798112892 -0.8399126211078015 0.5038710255240875
    outer loop
      vertex 77.6972071639344 18.66373323184472 16.990000000000002
      vertex 77.46899728044511 19.574798155590706 18.6
      vertex 72.41574404052201 19.1954927079626 19.990000000000002
    endloop
  endfacet
  facet normal 0 0 1
    outer loop
      vertex 77.6972071639344 18.66373323184472 16.990000000000002
      vertex 72.84340976616922 17.488155423826313 16.990000000000002
      vertex 77.69963708283578 18.654032451822584 16.990000000000002
    endloop
  endfacet
  facet normal -0.20164517981128874 0.8399126211078016 0.5038710255240875
    outer loop
      vertex 77.69963708283578 18.654032451822584 16.990000000000002
      vertex 72.84340976616922 17.488155423826313 16.990000000000002
      vertex 77.92784696632506 17.742967528076598 18.6
    endloop
  endfacet
  facet normal -0.23344536385590547 0.9723699203976766 0
    outer loop
      vertex 106.43001986461239 23.75186050905413 19.990000000000002
      vertex 73.2686455729207 15.790518919713525 19.990000000000002
      vertex 73.2686455729207 15.790518919713525 20
    endloop
  endfacet
  facet normal 0.2334453638559054 -0.9723699203976766 0
    outer loop
      vertex 105.62684964950542 27.168773730246016 19.990000000000002
      vertex 72.41574404052201 19.1954927079626 20
      vertex 72.41574404052201 19.1954927079626 19.990000000000002
    endloop
  endfacet
  facet normal -0.201645179811289 0.8399126211078026 0.5038710255240857
    outer loop
      vertex 77.92784696632506 17.742967528076598 18.6
      vertex 73.2686455729207 15.790518919713525 19.990000000000002
      vertex 105.46567459001922 24.350485148327028 18.606217383403425
    endloop
  endfacet
  facet normal 0.2016451798112889 -0.8399126211078024 0.503871025524086
    outer loop
      vertex 77.46899728044511 19.574798155590706 18.6
      vertex 105.08430857189944 26.371224138304576 18.877669370352923
      vertex 72.41574404052201 19.1954927079626 19.990000000000002
    endloop
  endfacet
  facet normal 0.2016451798112892 -0.8399126211078037 0.5038710255240838
    outer loop
      vertex 77.46899728044511 19.574798155590706 18.6
      vertex 105.02771966616726 26.191062027788295 18.6
      vertex 105.08430857189944 26.371224138304576 18.877669370352923
    endloop
  endfacet
  facet normal -0.20164517981126645 0.8399126211077085 0.5038710255242517
    outer loop
      vertex 77.92784696632506 17.742967528076598 18.6
      vertex 105.46567459001922 24.350485148327028 18.606217383403425
      vertex 105.46315997210088 24.35361130538584 18.6
    endloop
  endfacet
  facet normal -0.20164517981128915 0.8399126211078031 0.5038710255240847
    outer loop
      vertex 105.46567459001922 24.350485148327028 18.606217383403425
      vertex 73.2686455729207 15.790518919713525 19.990000000000002
      vertex 105.60308975267853 24.21034500527822 18.894812227495784
    endloop
  endfacet
  facet normal -0.2016451798112881 0.8399126211077999 0.5038710255240906
    outer loop
      vertex 105.60308975267853 24.21034500527822 18.894812227495784
      vertex 73.2686455729207 15.790518919713525 19.990000000000002
      vertex 105.75357935983727 24.08434871660418 19.165062688561072
    endloop
  endfacet
  facet normal -0.20164517981128854 0.8399126211078013 0.503871025524088
    outer loop
      vertex 105.75357935983727 24.08434871660418 19.165062688561072
      vertex 73.2686455729207 15.790518919713525 19.990000000000002
      vertex 105.91569411431253 23.97370969544141 19.414366106925307
    endloop
  endfacet
  facet normal -0.2016451798112883 0.8399126211078003 0.5038710255240896
    outer loop
      vertex 105.91569411431253 23.97370969544141 19.414366106925307
      vertex 73.2686455729207 15.790518919713525 19.990000000000002
      vertex 106.08787276239774 23.879493456045154 19.64032155438652
    endloop
  endfacet
  facet normal -0.2016451798112897 0.8399126211078057 0.5038710255240801
    outer loop
      vertex 106.08787276239774 23.879493456045154 19.64032155438652
      vertex 73.2686455729207 15.790518919713525 19.990000000000002
      vertex 106.26845712958944 23.802607352304626 19.84075295646587
    endloop
  endfacet
  facet normal -0.20164517981129007 0.8399126211078073 0.5038710255240774
    outer loop
      vertex 106.26845712958944 23.802607352304626 19.84075295646587
      vertex 73.2686455729207 15.790518919713525 19.990000000000002
      vertex 106.43001986461239 23.75186050905413 19.990000000000002
    endloop
  endfacet
  facet normal -0.23344536385590547 0.9723699203976766 0
    outer loop
      vertex 106.43001986461239 23.75186050905413 19.990000000000002
      vertex 73.2686455729207 15.790518919713525 20
      vertex 106.43001986461239 23.75186050905413 20
    endloop
  endfacet
  facet normal 0.20164517981128846 -0.8399126211077999 0.5038710255240904
    outer loop
      vertex 105.08430857189944 26.371224138304576 18.877669370352923
      vertex 105.16119467563998 26.55180850549628 19.147919831418214
      vertex 72.41574404052201 19.1954927079626 19.990000000000002
    endloop
  endfacet
  facet normal 0.2016451798112896 -0.8399126211078062 0.5038710255240795
    outer loop
      vertex 105.16119467563998 26.55180850549628 19.147919831418214
      vertex 105.25541091503625 26.723987153581493 19.39722324978245
      vertex 72.41574404052201 19.1954927079626 19.990000000000002
    endloop
  endfacet
  facet normal 0.2016451798112884 -0.8399126211078001 0.5038710255240901
    outer loop
      vertex 105.25541091503625 26.723987153581493 19.39722324978245
      vertex 105.36604993619902 26.886101908056737 19.623178697243667
      vertex 72.41574404052201 19.1954927079626 19.990000000000002
    endloop
  endfacet
  facet normal 0.2016451798112889 -0.8399126211078024 0.503871025524086
    outer loop
      vertex 105.36604993619902 26.886101908056737 19.623178697243667
      vertex 105.49204622487305 27.036591515215477 19.823610099323012
      vertex 72.41574404052201 19.1954927079626 19.990000000000002
    endloop
  endfacet
  facet normal 0.20164517981128954 -0.8399126211078052 0.5038710255240811
    outer loop
      vertex 105.49204622487305 27.036591515215477 19.823610099323012
      vertex 105.62684964950542 27.168773730246016 19.990000000000002
      vertex 72.41574404052201 19.1954927079626 19.990000000000002
    endloop
  endfacet
  facet normal 0.2334453638559054 -0.9723699203976766 0
    outer loop
      vertex 105.62684964950542 27.168773730246016 19.990000000000002
      vertex 105.62684964950542 27.168773730246016 20
      vertex 72.41574404052201 19.1954927079626 20
    endloop
  endfacet
  facet normal -0.20164517981126862 0.8399126211077187 0.5038710255242335
    outer loop
      vertex 108.89671072383062 25.177933909099714 18.6
      vertex 108.89588942846494 25.17400687011928 18.606217383403422
      vertex 136.20257478489506 31.733491868490397 18.6
    endloop
  endfacet
  facet normal -0.20164517981128904 0.8399126211078036 0.5038710255240838
    outer loop
      vertex 108.8370739155894 24.98675590999461 18.894812227495784
      vertex 136.20257478489506 31.733491868490397 18.6
      vertex 108.89588942846494 25.17400687011928 18.606217383403422
    endloop
  endfacet
  facet normal 0.20164517981128802 -0.8399126211077982 0.5038710255240935
    outer loop
      vertex 108.4505057056018 27.012800252732482 18.6
      vertex 135.74372509913607 33.56532249603355 18.6
      vertex 108.31829273481031 27.147635043020966 18.87766937035292
    endloop
  endfacet
  facet normal -0.2016451798112888 0.8399126211078026 0.5038710255240856
    outer loop
      vertex 108.8370739155894 24.98675590999461 18.894812227495784
      vertex 108.76018781184887 24.806171542802907 19.16506268856108
      vertex 136.20257478489506 31.733491868490397 18.6
    endloop
  endfacet
  facet normal 0.20164517981128982 -0.8399126211078053 0.5038710255240809
    outer loop
      vertex 108.31829273481031 27.147635043020966 18.87766937035292
      vertex 140.40292649392234 35.51777110472839 19.990000000000002
      vertex 108.16780312765157 27.273631331695007 19.147919831418214
    endloop
  endfacet
  facet normal 0.20164517981128913 -0.8399126211078031 0.5038710255240848
    outer loop
      vertex 108.16780312765157 27.273631331695007 19.147919831418214
      vertex 140.40292649392234 35.51777110472839 19.990000000000002
      vertex 108.00568837317633 27.384270352857776 19.397223249782446
    endloop
  endfacet
  facet normal 0.2016451798112878 -0.8399126211077983 0.5038710255240931
    outer loop
      vertex 108.00568837317633 27.384270352857776 19.397223249782446
      vertex 140.40292649392234 35.51777110472839 19.990000000000002
      vertex 107.8335097250911 27.478486592254033 19.623178697243663
    endloop
  endfacet
  facet normal 0.20164517981128977 -0.8399126211078057 0.5038710255240803
    outer loop
      vertex 107.6529253578994 27.55537269599456 19.823610099323012
      vertex 107.8335097250911 27.478486592254033 19.623178697243663
      vertex 140.40292649392234 35.51777110472839 19.990000000000002
    endloop
  endfacet
  facet normal 0.20164517981128605 -0.839912621107791 0.5038710255241062
    outer loop
      vertex 107.6529253578994 27.55537269599456 19.823610099323012
      vertex 140.40292649392234 35.51777110472839 19.990000000000002
      vertex 107.47280515721063 27.611948437852995 19.990000000000002
    endloop
  endfacet
  facet normal 0.2334453638559053 -0.9723699203976767 0
    outer loop
      vertex 107.47280515721063 27.611948437852995 19.990000000000002
      vertex 140.40292649392234 35.51777110472839 19.990000000000002
      vertex 107.47280515721063 27.611948437852995 20
    endloop
  endfacet
  facet normal -0.2016451798112886 0.8399126211078012 0.503871025524088
    outer loop
      vertex 108.76018781184887 24.806171542802907 19.16506268856108
      vertex 108.6659715724526 24.633992894717693 19.414366106925314
      vertex 141.25582802695635 32.11279731663184 19.990000000000002
    endloop
  endfacet
  facet normal -0.20164517981128813 0.8399126211077989 0.5038710255240924
    outer loop
      vertex 108.6659715724526 24.633992894717693 19.414366106925314
      vertex 108.55533255128982 24.47187814024245 19.640321554386524
      vertex 141.25582802695635 32.11279731663184 19.990000000000002
    endloop
  endfacet
  facet normal -0.20164517981128893 0.8399126211078024 0.503871025524086
    outer loop
      vertex 108.55533255128982 24.47187814024245 19.640321554386524
      vertex 108.42933626261579 24.32138853308371 19.84075295646587
      vertex 141.25582802695635 32.11279731663184 19.990000000000002
    endloop
  endfacet
  facet normal -0.23344536385590536 0.9723699203976767 0
    outer loop
      vertex 108.30842139637213 24.202824817853195 19.990000000000002
      vertex 108.30842139637213 24.202824817853195 20
      vertex 141.25582802695635 32.11279731663184 20
    endloop
  endfacet
  facet normal -0.20164517981129026 0.8399126211078084 0.5038710255240754
    outer loop
      vertex 108.30842139637213 24.202824817853195 19.990000000000002
      vertex 141.25582802695635 32.11279731663184 19.990000000000002
      vertex 108.42933626261579 24.32138853308371 19.84075295646587
    endloop
  endfacet
  facet normal -0.20164517981128902 0.8399126211078035 0.5038710255240844
    outer loop
      vertex 108.76018781184887 24.806171542802907 19.16506268856108
      vertex 141.25582802695635 32.11279731663184 19.990000000000002
      vertex 136.20257478489506 31.733491868490397 18.6
    endloop
  endfacet
  facet normal -0.23344536385590536 0.9723699203976767 0
    outer loop
      vertex 108.30842139637213 24.202824817853195 19.990000000000002
      vertex 141.25582802695635 32.11279731663184 20
      vertex 141.25582802695635 32.11279731663184 19.990000000000002
    endloop
  endfacet
  facet normal 0.20164517981128902 -0.839912621107803 0.5038710255240851
    outer loop
      vertex 108.31829273481031 27.147635043020966 18.87766937035292
      vertex 135.74372509913607 33.56532249603355 18.6
      vertex 140.40292649392234 35.51777110472839 19.990000000000002
    endloop
  endfacet
  facet normal 0.2334453638559053 -0.9723699203976767 0
    outer loop
      vertex 140.40292649392234 35.51777110472839 20
      vertex 107.47280515721063 27.611948437852995 20
      vertex 140.40292649392234 35.51777110472839 19.990000000000002
    endloop
  endfacet
  facet normal 0 0 1
    outer loop
      vertex 135.9719349825652 32.65425757227312 16.990000000000002
      vertex 135.97436490146592 32.64455679225083 16.990000000000002
      vertex 140.82816230099058 33.820134600691645 16.990000000000002
    endloop
  endfacet
  facet normal 0 0 1
    outer loop
      vertex 135.97436490146592 32.64455679225083 16.990000000000002
      vertex 140.8305922198881 33.810433820668585 16.990000000000002
      vertex 140.82816230099058 33.820134600691645 16.990000000000002
    endloop
  endfacet
  facet normal 0.20164517981128835 -0.8399126211078007 0.5038710255240889
    outer loop
      vertex 135.9719349825652 32.65425757227312 16.990000000000002
      vertex 140.82816230099058 33.820134600691645 16.990000000000002
      vertex 135.74372509913607 33.56532249603355 18.6
    endloop
  endfacet
  facet normal -0.20164517981129076 0.8399126211077986 0.5038710255240916
    outer loop
      vertex 135.97436490146592 32.64455679225083 16.990000000000002
      vertex 136.20257478489506 31.733491868490397 18.6
      vertex 141.25582802695635 32.11279731663184 19.990000000000002
    endloop
  endfacet
  facet normal 0.20164517981128793 -0.8399126211078018 0.5038710255240874
    outer loop
      vertex 135.74372509913607 33.56532249603355 18.6
      vertex 140.82816230099058 33.820134600691645 16.990000000000002
      vertex 140.40292649392234 35.51777110472839 19.990000000000002
    endloop
  endfacet
  facet normal -0.20164517981128802 0.8399126211078018 0.5038710255240875
    outer loop
      vertex 135.97436490146592 32.64455679225083 16.990000000000002
      vertex 141.25582802695635 32.11279731663184 19.990000000000002
      vertex 140.8305922198881 33.810433820668585 16.990000000000002
    endloop
  endfacet
  facet normal 0 0 1
    outer loop
      vertex 68.13233312261256 41.751547435349366 16.990000000000002
      vertex 63.86892102824383 39.15065342072103 16.990000000000002
      vertex 63.87406230344328 39.14207572124915 16.990000000000002
    endloop
  endfacet
  facet normal 0 0 1
    outer loop
      vertex 68.12719184740934 41.76012513481892 16.990000000000002
      vertex 63.86892102824383 39.15065342072103 16.990000000000002
      vertex 68.13233312261256 41.751547435349366 16.990000000000002
    endloop
  endfacet
  facet normal 0.45132323595135154 -0.7364925840276382 0.5038710255240847
    outer loop
      vertex 68.12719184740934 41.76012513481892 16.990000000000002
      vertex 62.969197868341205 40.651750828299456 19.990000000000002
      vertex 63.86892102824383 39.15065342072103 16.990000000000002
    endloop
  endfacet
  facet normal -0.45132323595135115 0.7364925840276355 0.503871025524089
    outer loop
      vertex 68.13233312261256 41.751547435349366 16.990000000000002
      vertex 63.87406230344328 39.14207572124915 16.990000000000002
      vertex 68.61518455211663 40.94595849350062 18.6
    endloop
  endfacet
  facet normal -0.45132323595135104 0.7364925840276371 0.5038710255240869
    outer loop
      vertex 68.61518455211663 40.94595849350062 18.6
      vertex 63.87406230344328 39.14207572124915 16.990000000000002
      vertex 64.77378546334592 37.640978313670715 19.990000000000002
    endloop
  endfacet
  facet normal 0.45132323595135226 -0.7364925840276365 0.5038710255240866
    outer loop
      vertex 68.12719184740934 41.76012513481892 16.990000000000002
      vertex 67.64434041790527 42.56571407666766 18.6
      vertex 62.969197868341205 40.651750828299456 19.990000000000002
    endloop
  endfacet
  facet normal -0.4513232359513513 0.7364925840276374 0.5038710255240864
    outer loop
      vertex 68.61518455211663 40.94595849350062 18.6
      vertex 64.77378546334592 37.640978313670715 19.990000000000002
      vertex 92.77910333219418 55.74937334679878 18.606217383403433
    endloop
  endfacet
  facet normal -0.5224985647159491 0.8526401643540922 0
    outer loop
      vertex 93.88123537634135 55.47804656109792 19.990000000000002
      vertex 64.77378546334592 37.640978313670715 19.990000000000002
      vertex 64.77378546334592 37.640978313670715 20
    endloop
  endfacet
  facet normal 0.5224985647159489 -0.8526401643540923 0
    outer loop
      vertex 92.06149085591694 58.479530899883684 19.990000000000002
      vertex 62.969197868341205 40.651750828299456 20
      vertex 62.969197868341205 40.651750828299456 19.990000000000002
    endloop
  endfacet
  facet normal 0.45132323595135226 -0.7364925840276391 0.5038710255240829
    outer loop
      vertex 67.64434041790527 42.56571407666766 18.6
      vertex 91.7919600064687 57.5533617502725 18.877669370352926
      vertex 62.969197868341205 40.651750828299456 19.990000000000002
    endloop
  endfacet
  facet normal -0.45132323595133395 0.736492584027609 0.5038710255241433
    outer loop
      vertex 68.61518455211663 40.94595849350062 18.6
      vertex 92.77910333219418 55.74937334679878 18.606217383403433
      vertex 92.77574575277869 55.751569439169394 18.6
    endloop
  endfacet
  facet normal -0.45132323595135476 0.7364925840276423 0.5038710255240761
    outer loop
      vertex 92.95309860387529 55.658555771104204 18.894812227495766
      vertex 64.77378546334592 37.640978313670715 19.990000000000002
      vertex 93.13515771982676 55.585230025820614 19.165062688561065
    endloop
  endfacet
  facet normal -0.45132323595134666 0.7364925840276311 0.5038710255240995
    outer loop
      vertex 92.77910333219418 55.74937334679878 18.606217383403433
      vertex 64.77378546334592 37.640978313670715 19.990000000000002
      vertex 92.95309860387529 55.658555771104204 18.894812227495766
    endloop
  endfacet
  facet normal -0.4513232359513522 0.7364925840276386 0.5038710255240835
    outer loop
      vertex 93.13515771982676 55.585230025820614 19.165062688561065
      vertex 64.77378546334592 37.640978313670715 19.990000000000002
      vertex 93.32352735123835 55.53010227795902 19.414366106925314
    endloop
  endfacet
  facet normal -0.4513232359513536 0.7364925840276407 0.5038710255240794
    outer loop
      vertex 93.32352735123835 55.53010227795902 19.414366106925314
      vertex 64.77378546334592 37.640978313670715 19.990000000000002
      vertex 93.51639339558622 55.49370343786721 19.64032155438654
    endloop
  endfacet
  facet normal -0.4513232359513463 0.7364925840276294 0.5038710255241022
    outer loop
      vertex 93.51639339558622 55.49370343786721 19.64032155438654
      vertex 64.77378546334592 37.640978313670715 19.990000000000002
      vertex 93.71189844743202 55.47638404627292 19.840752956465874
    endloop
  endfacet
  facet normal -0.4513232359513581 0.7364925840276481 0.5038710255240645
    outer loop
      vertex 93.71189844743202 55.47638404627292 19.840752956465874
      vertex 64.77378546334592 37.640978313670715 19.990000000000002
      vertex 93.88123537634135 55.47804656109792 19.990000000000002
    endloop
  endfacet
  facet normal -0.5224985647159491 0.8526401643540922 0
    outer loop
      vertex 93.88123537634135 55.47804656109792 19.990000000000002
      vertex 64.77378546334592 37.640978313670715 20
      vertex 93.88123537634135 55.47804656109792 20
    endloop
  endfacet
  facet normal 0.4513232359513452 -0.7364925840276282 0.5038710255241053
    outer loop
      vertex 67.64434041790527 42.56571407666766 18.6
      vertex 91.79381391281409 57.36453046751217 18.6
      vertex 91.7919600064687 57.5533617502725 18.877669370352926
    endloop
  endfacet
  facet normal 0.45132323595134904 -0.736492584027633 0.5038710255240948
    outer loop
      vertex 91.7919600064687 57.5533617502725 18.877669370352926
      vertex 91.80927939806298 57.74886680211831 19.14791983141823
      vertex 62.969197868341205 40.651750828299456 19.990000000000002
    endloop
  endfacet
  facet normal 0.4513232359513517 -0.736492584027638 0.5038710255240849
    outer loop
      vertex 91.80927939806298 57.74886680211831 19.14791983141823
      vertex 91.8456782381548 57.94173284646618 19.397223249782446
      vertex 62.969197868341205 40.651750828299456 19.990000000000002
    endloop
  endfacet
  facet normal 0.45132323595135243 -0.7364925840276392 0.5038710255240826
    outer loop
      vertex 91.8456782381548 57.94173284646618 19.397223249782446
      vertex 91.9008059860164 58.130102477877756 19.623178697243674
      vertex 62.969197868341205 40.651750828299456 19.990000000000002
    endloop
  endfacet
  facet normal 0.4513232359513503 -0.7364925840276354 0.50387102552409
    outer loop
      vertex 91.9008059860164 58.130102477877756 19.623178697243674
      vertex 91.97413173129999 58.312161593829224 19.82361009932301
      vertex 62.969197868341205 40.651750828299456 19.990000000000002
    endloop
  endfacet
  facet normal 0.45132323595135865 -0.7364925840276495 0.5038710255240619
    outer loop
      vertex 91.97413173129999 58.312161593829224 19.82361009932301
      vertex 92.06149085591694 58.479530899883684 19.990000000000002
      vertex 62.969197868341205 40.651750828299456 19.990000000000002
    endloop
  endfacet
  facet normal 0.5224985647159489 -0.8526401643540923 0
    outer loop
      vertex 92.06149085591694 58.479530899883684 19.990000000000002
      vertex 92.06149085591694 58.479530899883684 20
      vertex 62.969197868341205 40.651750828299456 20
    endloop
  endfacet
  facet normal -0.451323235951354 0.7364925840276414 0.5038710255240781
    outer loop
      vertex 95.78694929931959 57.592583726056745 18.60621738340342
      vertex 95.78887615143161 57.39632248723623 18.894812227495784
      vertex 119.71443439520841 72.25961907070656 18.6
    endloop
  endfacet
  facet normal -0.4513232359513289 0.7364925840276008 0.5038710255241599
    outer loop
      vertex 95.7865168758464 57.59657235629423 18.6
      vertex 95.78694929931959 57.592583726056745 18.60621738340342
      vertex 119.71443439520841 72.25961907070656 18.6
    endloop
  endfacet
  facet normal -0.45132323595135243 0.7364925840276392 0.5038710255240825
    outer loop
      vertex 95.78887615143161 57.39632248723623 18.894812227495784
      vertex 95.77155675983731 57.200817435390434 19.165062688561072
      vertex 119.71443439520841 72.25961907070656 18.6
    endloop
  endfacet
  facet normal -0.4513232359513526 0.7364925840276394 0.5038710255240822
    outer loop
      vertex 95.77155675983731 57.200817435390434 19.165062688561072
      vertex 95.7351579197455 57.00795139104255 19.414366106925314
      vertex 119.71443439520841 72.25961907070656 18.6
    endloop
  endfacet
  facet normal -0.4513232359513504 0.7364925840276363 0.5038710255240886
    outer loop
      vertex 95.7351579197455 57.00795139104255 19.414366106925314
      vertex 95.68003017188391 56.81958175963098 19.64032155438654
      vertex 119.71443439520841 72.25961907070656 18.6
    endloop
  endfacet
  facet normal -0.4513232359513499 0.7364925840276355 0.5038710255240904
    outer loop
      vertex 95.68003017188391 56.81958175963098 19.64032155438654
      vertex 95.60670442660032 56.63752264367951 19.840752956465874
      vertex 119.71443439520841 72.25961907070656 18.6
    endloop
  endfacet
  facet normal -0.4513232359513438 0.7364925840276275 0.5038710255241073
    outer loop
      vertex 95.60670442660032 56.63752264367951 19.840752956465874
      vertex 95.52834575806477 56.48739710117149 19.990000000000002
      vertex 119.71443439520841 72.25961907070656 18.6
    endloop
  endfacet
  facet normal -0.522498564715949 0.8526401643540922 0
    outer loop
      vertex 95.52834575806477 56.48739710117149 19.990000000000002
      vertex 95.52834575806477 56.48739710117149 20
      vertex 124.38957694309701 74.17358231804803 20
    endloop
  endfacet
  facet normal 0.4513232359513534 -0.7364925840276411 0.5038710255240788
    outer loop
      vertex 94.79514580306711 59.20374901532875 18.6
      vertex 118.74359026058536 73.87937465362131 18.6
      vertex 94.62773755402502 59.29112846640453 18.87766937035292
    endloop
  endfacet
  facet normal 0.451323235951349 -0.736492584027634 0.5038710255240932
    outer loop
      vertex 94.62773755402502 59.29112846640453 18.87766937035292
      vertex 122.58498934667715 77.18435483180957 19.990000000000002
      vertex 94.44567843807353 59.36445421168813 19.14791983141823
    endloop
  endfacet
  facet normal 0.522498564715949 -0.8526401643540922 0
    outer loop
      vertex 93.68015035418323 59.471446716151455 19.990000000000002
      vertex 122.58498934667715 77.18435483180957 19.990000000000002
      vertex 93.68015035418323 59.471446716151455 20
    endloop
  endfacet
  facet normal 0.45132323595134965 -0.7364925840276348 0.5038710255240914
    outer loop
      vertex 94.44567843807353 59.36445421168813 19.14791983141823
      vertex 122.58498934667715 77.18435483180957 19.990000000000002
      vertex 94.25730880666195 59.41958195954972 19.39722324978245
    endloop
  endfacet
  facet normal 0.45132323595135354 -0.7364925840276406 0.5038710255240794
    outer loop
      vertex 94.25730880666195 59.41958195954972 19.39722324978245
      vertex 122.58498934667715 77.18435483180957 19.990000000000002
      vertex 94.06444276231409 59.45598079964152 19.623178697243674
    endloop
  endfacet
  facet normal 0.45132323595135265 -0.7364925840276393 0.5038710255240824
    outer loop
      vertex 94.06444276231409 59.45598079964152 19.623178697243674
      vertex 122.58498934667715 77.18435483180957 19.990000000000002
      vertex 93.86893771046829 59.473300191235815 19.82361009932302
    endloop
  endfacet
  facet normal 0.45132323595134927 -0.736492584027634 0.5038710255240931
    outer loop
      vertex 93.86893771046829 59.473300191235815 19.82361009932302
      vertex 122.58498934667715 77.18435483180957 19.990000000000002
      vertex 93.68015035418323 59.471446716151455 19.990000000000002
    endloop
  endfacet
  facet normal 0 0 1
    outer loop
      vertex 119.22644169029418 73.07378571189804 16.990000000000002
      vertex 119.2315829654996 73.06520801242984 16.990000000000002
      vertex 123.48985378248882 75.6746797251941 16.990000000000002
    endloop
  endfacet
  facet normal 0.45132323595135027 -0.7364925840276356 0.5038710255240896
    outer loop
      vertex 94.62773755402502 59.29112846640453 18.87766937035292
      vertex 118.74359026058536 73.87937465362131 18.6
      vertex 122.58498934667715 77.18435483180957 19.990000000000002
    endloop
  endfacet
  facet normal -0.4513232359513515 0.7364925840276374 0.5038710255240859
    outer loop
      vertex 95.52834575806477 56.48739710117149 19.990000000000002
      vertex 124.38957694309701 74.17358231804803 19.990000000000002
      vertex 119.71443439520841 72.25961907070656 18.6
    endloop
  endfacet
  facet normal -0.522498564715949 0.8526401643540922 0
    outer loop
      vertex 95.52834575806477 56.48739710117149 19.990000000000002
      vertex 124.38957694309701 74.17358231804803 20
      vertex 124.38957694309701 74.17358231804803 19.990000000000002
    endloop
  endfacet
  facet normal 0.522498564715949 -0.8526401643540922 0
    outer loop
      vertex 122.58498934667715 77.18435483180957 20
      vertex 93.68015035418323 59.471446716151455 20
      vertex 122.58498934667715 77.18435483180957 19.990000000000002
    endloop
  endfacet
  facet normal -0.45132323595135143 0.7364925840276363 0.5038710255240877
    outer loop
      vertex 119.2315829654996 73.06520801242984 16.990000000000002
      vertex 119.71443439520841 72.25961907070656 18.6
      vertex 124.38957694309701 74.17358231804803 19.990000000000002
    endloop
  endfacet
  facet normal 0.45132323595135104 -0.7364925840276365 0.5038710255240877
    outer loop
      vertex 119.22644169029418 73.07378571189804 16.990000000000002
      vertex 123.48471250728534 75.6832574246635 16.990000000000002
      vertex 118.74359026058536 73.87937465362131 18.6
    endloop
  endfacet
  facet normal 0.4513232359513511 -0.7364925840276363 0.503871025524088
    outer loop
      vertex 118.74359026058536 73.87937465362131 18.6
      vertex 123.48471250728534 75.6832574246635 16.990000000000002
      vertex 122.58498934667715 77.18435483180957 19.990000000000002
    endloop
  endfacet
  facet normal 0 0 1
    outer loop
      vertex 119.22644169029418 73.07378571189804 16.990000000000002
      vertex 123.48985378248882 75.6746797251941 16.990000000000002
      vertex 123.48471250728534 75.6832574246635 16.990000000000002
    endloop
  endfacet
  facet normal -0.45132323595135054 0.7364925840276384 0.5038710255240856
    outer loop
      vertex 119.2315829654996 73.06520801242984 16.990000000000002
      vertex 124.38957694309701 74.17358231804803 19.990000000000002
      vertex 123.48985378248882 75.6746797251941 16.990000000000002
    endloop
  endfacet
  facet normal 0 0 1
    outer loop
      vertex 73.9060818945046 30.623725384563375 16.990000000000002
      vertex 69.28668423244646 28.710308222944334 16.990000000000002
      vertex 69.2909649387002 28.701257430016994 16.990000000000002
    endloop
  endfacet
  facet normal 0 0 1
    outer loop
      vertex 73.91036260164311 30.614674589513776 16.990000000000002
      vertex 69.2909649387002 28.701257430016994 16.990000000000002
      vertex 69.29096493947574 28.701257427849484 16.990000000000002
    endloop
  endfacet
  facet normal 0 0 1
    outer loop
      vertex 73.9060818945046 30.623725384563375 16.990000000000002
      vertex 69.2909649387002 28.701257430016994 16.990000000000002
      vertex 73.91036260128021 30.61467459052801 16.990000000000002
    endloop
  endfacet
  facet normal 0 0 1
    outer loop
      vertex 73.91036260164311 30.614674589513776 16.990000000000002
      vertex 73.91036260128021 30.61467459052801 16.990000000000002
      vertex 69.2909649387002 28.701257430016994 16.990000000000002
    endloop
  endfacet
  facet normal -0.3305538746003564 0.7980276471551575 0.5038710255240872
    outer loop
      vertex 74.22713989385001 29.729341365423085 18.6
      vertex 69.29096493947574 28.701257427849484 16.990000000000002
      vertex 69.88123318653435 27.051568190707656 19.990000000000002
    endloop
  endfacet
  facet normal 0.33055387460035673 -0.7980276471551588 0.5038710255240848
    outer loop
      vertex 73.9060818945046 30.623725384563375 16.990000000000002
      vertex 68.5375604657965 30.294197349413587 19.990000000000002
      vertex 69.28668423244646 28.710308222944334 16.990000000000002
    endloop
  endfacet
  facet normal -0.33055387460035646 0.7980276471551571 0.5038710255240877
    outer loop
      vertex 73.91036260164311 30.614674589513776 16.990000000000002
      vertex 69.29096493947574 28.701257427849484 16.990000000000002
      vertex 74.22713989385001 29.729341365423085 18.6
    endloop
  endfacet
  facet normal 0.3305538746003583 -0.7980276471551563 0.5038710255240879
    outer loop
      vertex 73.9060818945046 30.623725384563375 16.990000000000002
      vertex 73.50405213990584 31.473745882505654 18.6
      vertex 68.5375604657965 30.294197349413587 19.990000000000002
    endloop
  endfacet
  facet normal -0.38268343236508984 0.9238795325112866 0
    outer loop
      vertex 69.88123318653435 27.051568190707656 20
      vertex 94.90540832279015 37.416920919344406 20
      vertex 69.88123318653435 27.051568190707656 19.990000000000002
    endloop
  endfacet
  facet normal -0.3305538746003575 0.7980276471551583 0.5038710255240851
    outer loop
      vertex 74.22713989385001 29.729341365423085 18.6
      vertex 69.88123318653435 27.051568190707656 19.990000000000002
      vertex 94.90540832279015 37.416920919344406 19.990000000000002
    endloop
  endfacet
  facet normal 0.3305538746003578 -0.7980276471551595 0.5038710255240832
    outer loop
      vertex 73.50405213990584 31.473745882505654 18.6
      vertex 93.87248195826471 39.91062575751445 18.6
      vertex 68.5375604657965 30.294197349413587 19.990000000000002
    endloop
  endfacet
  facet normal 0.3826834323650896 -0.9238795325112868 0
    outer loop
      vertex 93.5621894751887 40.65973807845902 19.990000000000002
      vertex 68.5375604657965 30.294197349413587 20
      vertex 68.5375604657965 30.294197349413587 19.990000000000002
    endloop
  endfacet
  facet normal -0.38268343236508984 0.9238795325112866 0
    outer loop
      vertex 94.90540832279015 37.416920919344406 19.990000000000002
      vertex 69.88123318653435 27.051568190707656 19.990000000000002
      vertex 94.90540832279015 37.416920919344406 20
    endloop
  endfacet
  facet normal 0.3305538746003577 -0.7980276471551593 0.5038710255240836
    outer loop
      vertex 93.87248195826471 39.91062575751445 18.6
      vertex 93.5621894751887 40.65973807845902 19.990000000000002
      vertex 68.5375604657965 30.294197349413587 19.990000000000002
    endloop
  endfacet
  facet normal 0.3826834323650896 -0.9238795325112868 0
    outer loop
      vertex 93.5621894751887 40.65973807845902 19.990000000000002
      vertex 93.5621894751887 40.65973807845902 20
      vertex 68.5375604657965 30.294197349413587 20
    endloop
  endfacet
  facet normal -0.3305538746003574 0.798027647155158 0.5038710255240858
    outer loop
      vertex 74.22713989385001 29.729341365423085 18.6
      vertex 94.90540832279015 37.416920919344406 19.990000000000002
      vertex 94.59511583971413 38.166033240288975 18.6
    endloop
  endfacet
  facet normal 0.3305538746003563 -0.7980276471551547 0.5038710255240917
    outer loop
      vertex 108.65455447844532 46.033560675355886 18.6
      vertex 128.9368240907412 54.43475182447654 18.6
      vertex 108.34426199536928 46.78267299630046 19.990000000000002
    endloop
  endfacet
  facet normal -0.33055387460035657 0.7980276471551563 0.5038710255240891
    outer loop
      vertex 109.37718835989472 44.288968158130416 18.6
      vertex 109.68748084297074 43.53985583718584 19.990000000000002
      vertex 134.55280046219877 53.83940845621189 19.990000000000002
    endloop
  endfacet
  facet normal -0.3826834323650897 0.9238795325112868 0
    outer loop
      vertex 109.68748084297074 43.53985583718584 19.990000000000002
      vertex 109.68748084297074 43.53985583718584 20
      vertex 134.55280046219877 53.83940845621189 20
    endloop
  endfacet
  facet normal 0.3826834323650899 -0.9238795325112866 0
    outer loop
      vertex 108.34426199536928 46.78267299630046 19.990000000000002
      vertex 133.2091277406671 57.08203761458902 19.990000000000002
      vertex 108.34426199536928 46.78267299630046 20
    endloop
  endfacet
  facet normal -0.33055387460035646 0.798027647155156 0.5038710255240896
    outer loop
      vertex 109.37718835989472 44.288968158130416 18.6
      vertex 134.55280046219877 53.83940845621189 19.990000000000002
      vertex 129.6599118450336 52.69034730753823 18.6
    endloop
  endfacet
  facet normal -0.3826834323650897 0.9238795325112868 0
    outer loop
      vertex 109.68748084297074 43.53985583718584 19.990000000000002
      vertex 134.55280046219877 53.83940845621189 20
      vertex 134.55280046219877 53.83940845621189 19.990000000000002
    endloop
  endfacet
  facet normal 0 0 1
    outer loop
      vertex 129.343134552295 53.57568053140867 16.990000000000002
      vertex 133.96253221436604 55.48909769303306 16.990000000000002
      vertex 129.34313455224037 53.575680531561375 16.990000000000002
    endloop
  endfacet
  facet normal 0 0 1
    outer loop
      vertex 129.33885384507633 53.58473132642507 16.990000000000002
      vertex 129.34313455224037 53.575680531561375 16.990000000000002
      vertex 133.9582515071291 55.4981484880419 16.990000000000002
    endloop
  endfacet
  facet normal 0 0 1
    outer loop
      vertex 129.34313455224037 53.575680531561375 16.990000000000002
      vertex 133.96253221436604 55.48909769303306 16.990000000000002
      vertex 133.9582515071291 55.4981484880419 16.990000000000002
    endloop
  endfacet
  facet normal 0.33055387460035657 -0.7980276471551558 0.5038710255240898
    outer loop
      vertex 108.34426199536928 46.78267299630046 19.990000000000002
      vertex 128.9368240907412 54.43475182447654 18.6
      vertex 133.2091277406671 57.08203761458902 19.990000000000002
    endloop
  endfacet
  facet normal 0.3826834323650899 -0.9238795325112866 0
    outer loop
      vertex 133.2091277406671 57.08203761458902 20
      vertex 108.34426199536928 46.78267299630046 20
      vertex 133.2091277406671 57.08203761458902 19.990000000000002
    endloop
  endfacet
  facet normal -0.33055387460035696 0.7980276471551586 0.5038710255240848
    outer loop
      vertex 129.343134552295 53.57568053140867 16.990000000000002
      vertex 129.6599118450336 52.69034730753823 18.6
      vertex 133.96253221436604 55.48909769303306 16.990000000000002
    endloop
  endfacet
  facet normal -0.330553874600356 0.7980276471551574 0.5038710255240874
    outer loop
      vertex 129.6599118450336 52.69034730753823 18.6
      vertex 134.55280046219877 53.83940845621189 19.990000000000002
      vertex 133.96253221482038 55.48909769207239 16.990000001819574
    endloop
  endfacet
  facet normal 0.3305538746003582 -0.7980276471551574 0.5038710255240861
    outer loop
      vertex 129.33885384507633 53.58473132642507 16.990000000000002
      vertex 133.9582515071291 55.4981484880419 16.990000000000002
      vertex 128.9368240907412 54.43475182447654 18.6
    endloop
  endfacet
  facet normal -0.3305546260565653 0.7980280993175257 0.5038698164131898
    outer loop
      vertex 129.6599118450336 52.69034730753823 18.6
      vertex 133.96253221482038 55.48909769207239 16.990000001819574
      vertex 133.96253221436604 55.48909769303306 16.990000000000002
    endloop
  endfacet
  facet normal 0.33055387460035823 -0.798027647155157 0.5038710255240868
    outer loop
      vertex 128.9368240907412 54.43475182447654 18.6
      vertex 133.9582515071291 55.4981484880419 16.990000000000002
      vertex 133.2091277406671 57.08203761458902 19.990000000000002
    endloop
  endfacet
  facet normal 0.8676570098195329 0.49716326625267393 0
    outer loop
      vertex 107.97447762311964 7.555704926027633 18.6
      vertex 107.9764722432115 7.552223884240943 18.60621738340342
      vertex 107.9764722432115 7.552223884240943 18.6
    endloop
  endfacet
  facet normal 0.8147484825274782 0.5798145481265297 0
    outer loop
      vertex 108.09027284888259 7.392312631443276 18.6
      vertex 107.9764722432115 7.552223884240943 18.6
      vertex 107.9764722432115 7.552223884240943 18.60621738340342
    endloop
  endfacet
  facet normal 0.7539934819618861 0.6568818989430222 0
    outer loop
      vertex 108.09027284888259 7.392312631443276 18.6
      vertex 108.09027284888259 7.392312631443276 18.89481222749578
      vertex 108.21919951723824 7.2443258049716714 18.6
    endloop
  endfacet
  facet normal 0.8147484825274781 0.5798145481265295 0
    outer loop
      vertex 108.09027284888259 7.392312631443276 18.6
      vertex 107.9764722432115 7.552223884240943 18.60621738340342
      vertex 108.09027284888259 7.392312631443276 18.89481222749578
    endloop
  endfacet
  facet normal 0.8954205553687309 -0.4452213258854001 0
    outer loop
      vertex 107.83183893072064 9.438651452278334 18.6
      vertex 107.91591469649848 9.607743013056854 18.6
      vertex 107.91591469649848 9.607743013056854 18.877669370352926
    endloop
  endfacet
  facet normal 0.6859771119901744 0.7276231179845922 0
    outer loop
      vertex 108.21919951723824 7.2443258049716714 18.6
      vertex 108.21919951723824 7.2443258049716714 19.165062688561072
      vertex 108.36201061398371 7.109688598862883 18.6
    endloop
  endfacet
  facet normal 0.6859771119901744 0.7276231179845922 0
    outer loop
      vertex 108.36201061398371 7.109688598862883 18.6
      vertex 108.21919951723824 7.2443258049716714 19.165062688561072
      vertex 108.36201061398371 7.109688598862883 19.414366106925307
    endloop
  endfacet
  facet normal 0.7539934819618861 0.6568818989430223 0
    outer loop
      vertex 108.21919951723824 7.2443258049716714 18.6
      vertex 108.09027284888259 7.392312631443276 18.89481222749578
      vertex 108.21919951723824 7.2443258049716714 19.165062688561072
    endloop
  endfacet
  facet normal 0.6113544074367999 0.7913569286406731 0
    outer loop
      vertex 108.51733079018886 6.989697643011916 18.6
      vertex 108.36201061398371 7.109688598862883 18.6
      vertex 108.36201061398371 7.109688598862883 19.414366106925307
    endloop
  endfacet
  facet normal 0.530844025739532 0.8474695394742203 0
    outer loop
      vertex 108.51733079018886 6.989697643011916 18.6
      vertex 108.51733079018886 6.989697643011916 19.64032155438653
      vertex 108.68366422765017 6.8855085159173495 18.6
    endloop
  endfacet
  facet normal 0.44522132588543906 0.8954205553687115 0
    outer loop
      vertex 108.68366422765017 6.8855085159173495 18.6
      vertex 108.68366422765017 6.8855085159173495 19.84075295646587
      vertex 108.85940904443781 6.798124615828672 18.6
    endloop
  endfacet
  facet normal 0.6113544074367999 0.7913569286406731 0
    outer loop
      vertex 108.51733079018886 6.989697643011916 18.6
      vertex 108.36201061398371 7.109688598862883 19.414366106925307
      vertex 108.51733079018886 6.989697643011916 19.64032155438653
    endloop
  endfacet
  facet normal 0.35531090128044635 0.9347481818282809 0
    outer loop
      vertex 108.85940904443781 6.798124615828672 18.6
      vertex 108.85940904443781 6.798124615828672 20
      vertex 109.04287272189418 6.728387497472635 18.6
    endloop
  endfacet
  facet normal 0.5308440257395319 0.8474695394742203 0
    outer loop
      vertex 108.68366422765017 6.8855085159173495 18.6
      vertex 108.51733079018886 6.989697643011916 19.64032155438653
      vertex 108.68366422765017 6.8855085159173495 19.84075295646587
    endloop
  endfacet
  facet normal 0.26197863846333125 0.965073672311549 0
    outer loop
      vertex 109.04287272189418 6.728387497472635 18.6
      vertex 109.04287272189418 6.728387497472635 20
      vertex 109.23228840451398 6.676968767421198 18.6
    endloop
  endfacet
  facet normal 0.1661233781457743 0.9861049757675072 0
    outer loop
      vertex 109.23228840451398 6.676968767421198 18.6
      vertex 109.23228840451398 6.676968767421198 20
      vertex 109.4258319157284 6.644363616153091 18.6
    endloop
  endfacet
  facet normal 0.06866825888437066 0.997639549247016 0
    outer loop
      vertex 109.4258319157284 6.644363616153091 18.6
      vertex 109.4258319157284 6.644363616153091 20
      vertex 109.62163932572282 6.630886049098813 18.6
    endloop
  endfacet
  facet normal -0.0294481732479705 0.9995663085020212 0
    outer loop
      vertex 109.62163932572282 6.630886049098813 18.6
      vertex 109.62163932572282 6.630886049098813 20
      vertex 109.81782490209976 6.636665862596688 18.6
    endloop
  endfacet
  facet normal -0.12728100337390158 0.9918666977876275 0
    outer loop
      vertex 109.81782490209976 6.636665862596688 18.6
      vertex 109.81782490209976 6.636665862596688 20
      vertex 110.01249927051279 6.66164739388316 18.6
    endloop
  endfacet
  facet normal -0.22388804785850988 0.9746148685640423 0
    outer loop
      vertex 110.01249927051279 6.66164739388316 18.6
      vertex 110.01249927051279 6.66164739388316 20
      vertex 110.20378761037422 6.705590057155649 18.6
    endloop
  endfacet
  facet normal -0.318338928052539 0.9479769653775139 0
    outer loop
      vertex 110.20378761037422 6.705590057155649 18.6
      vertex 110.20378761037422 6.705590057155649 20
      vertex 110.38984771040238 6.7680706605453365 18.6
    endloop
  endfacet
  facet normal -0.40972403034768445 0.9122095257974727 0
    outer loop
      vertex 110.38984771040238 6.7680706605453365 18.6
      vertex 110.38984771040238 6.7680706605453365 20
      vertex 110.56888771012318 6.848487481686208 18.6
    endloop
  endfacet
  facet normal 0.44522132588552 0.8954205553686713 0
    outer loop
      vertex 108.85940904443781 6.798124615828672 18.6
      vertex 108.83529930203065 6.810112470493071 19.990000000000002
      vertex 108.85940904443781 6.798124615828672 20
    endloop
  endfacet
  facet normal 0.44522132588542773 0.895420555368717 -1.994428564510405e-15
    outer loop
      vertex 108.85940904443781 6.798124615828672 18.6
      vertex 108.68366422765017 6.8855085159173495 19.84075295646587
      vertex 108.83529930203065 6.810112470493071 19.990000000000002
    endloop
  endfacet
  facet normal 0.35531090128044635 0.9347481818282809 0
    outer loop
      vertex 109.04287272189418 6.728387497472635 18.6
      vertex 108.85940904443781 6.798124615828672 20
      vertex 109.04287272189418 6.728387497472635 20
    endloop
  endfacet
  facet normal 0.44522132588551994 0.8954205553686712 0
    outer loop
      vertex 108.83529930203065 6.810112470493071 19.990000000000002
      vertex 108.83529930203065 6.810112470493071 20
      vertex 108.85940904443781 6.798124615828672 20
    endloop
  endfacet
  facet normal 0.26197863846333125 0.965073672311549 0
    outer loop
      vertex 109.23228840451398 6.676968767421198 18.6
      vertex 109.04287272189418 6.728387497472635 20
      vertex 109.23228840451398 6.676968767421198 20
    endloop
  endfacet
  facet normal 0.1661233781457743 0.9861049757675072 0
    outer loop
      vertex 109.4258319157284 6.644363616153091 18.6
      vertex 109.23228840451398 6.676968767421198 20
      vertex 109.4258319157284 6.644363616153091 20
    endloop
  endfacet
  facet normal 0.06866825888437066 0.997639549247016 0
    outer loop
      vertex 109.62163932572282 6.630886049098813 18.6
      vertex 109.4258319157284 6.644363616153091 20
      vertex 109.62163932572282 6.630886049098813 20
    endloop
  endfacet
  facet normal -0.0294481732479705 0.9995663085020212 0
    outer loop
      vertex 109.81782490209976 6.636665862596688 18.6
      vertex 109.62163932572282 6.630886049098813 20
      vertex 109.81782490209976 6.636665862596688 20
    endloop
  endfacet
  facet normal -0.12728100337390158 0.9918666977876275 0
    outer loop
      vertex 110.01249927051279 6.66164739388316 18.6
      vertex 109.81782490209976 6.636665862596688 20
      vertex 110.01249927051279 6.66164739388316 20
    endloop
  endfacet
  facet normal -0.22388804785850988 0.9746148685640423 0
    outer loop
      vertex 110.20378761037422 6.705590057155649 18.6
      vertex 110.01249927051279 6.66164739388316 20
      vertex 110.20378761037422 6.705590057155649 20
    endloop
  endfacet
  facet normal -0.318338928052539 0.9479769653775139 0
    outer loop
      vertex 110.38984771040238 6.7680706605453365 18.6
      vertex 110.20378761037422 6.705590057155649 20
      vertex 110.38984771040238 6.7680706605453365 20
    endloop
  endfacet
  facet normal -0.40972403034768445 0.9122095257974727 0
    outer loop
      vertex 110.56888771012318 6.848487481686208 18.6
      vertex 110.38984771040238 6.7680706605453365 20
      vertex 110.56888771012318 6.848487481686208 20
    endloop
  endfacet
  facet normal 0.8474695394741903 -0.5308440257395799 0
    outer loop
      vertex 107.91591469649848 9.607743013056854 18.6
      vertex 108.02010382359306 9.774076450518168 18.6
      vertex 108.02010382359306 9.774076450518168 19.14791983141821
    endloop
  endfacet
  facet normal 0.8474695394741903 -0.5308440257395798 0
    outer loop
      vertex 107.91591469649848 9.607743013056854 18.6
      vertex 108.02010382359306 9.774076450518168 19.14791983141821
      vertex 107.91591469649848 9.607743013056854 18.877669370352926
    endloop
  endfacet
  facet normal 0.7913569286406616 -0.6113544074368145 0
    outer loop
      vertex 108.02010382359306 9.774076450518168 18.6
      vertex 108.14009477944403 9.929396626723312 18.6
      vertex 108.14009477944403 9.929396626723312 19.39722324978245
    endloop
  endfacet
  facet normal 0.7913569286406618 -0.6113544074368146 0
    outer loop
      vertex 108.02010382359306 9.774076450518168 18.6
      vertex 108.14009477944403 9.929396626723312 19.39722324978245
      vertex 108.02010382359306 9.774076450518168 19.14791983141821
    endloop
  endfacet
  facet normal 0.7276231179846022 -0.6859771119901636 0
    outer loop
      vertex 108.14009477944403 9.929396626723312 18.6
      vertex 108.2747319855528 10.07220772346878 18.6
      vertex 108.2747319855528 10.07220772346878 19.623178697243667
    endloop
  endfacet
  facet normal 0.6568818989430675 -0.7539934819618467 0
    outer loop
      vertex 108.2747319855528 10.07220772346878 18.6
      vertex 108.4227188120244 10.201134391824434 18.6
      vertex 108.2747319855528 10.07220772346878 19.623178697243667
    endloop
  endfacet
  facet normal 0.7276231179846022 -0.6859771119901636 0
    outer loop
      vertex 108.14009477944403 9.929396626723312 18.6
      vertex 108.2747319855528 10.07220772346878 19.623178697243667
      vertex 108.14009477944403 9.929396626723312 19.39722324978245
    endloop
  endfacet
  facet normal 0.5798145481264709 -0.8147484825275199 -9.665038271479936e-16
    outer loop
      vertex 108.4227188120244 10.201134391824434 18.6
      vertex 108.58263006482208 10.314934997495516 18.6
      vertex 108.57654043690223 10.310601322826184 19.990000000000002
    endloop
  endfacet
  facet normal 0.49716326625268376 -0.8676570098195273 0
    outer loop
      vertex 108.58263006482208 10.314934997495516 18.6
      vertex 108.75292571116498 10.412513578439679 18.6
      vertex 108.75292571116498 10.412513578439679 20
    endloop
  endfacet
  facet normal 0.6568818989430676 -0.7539934819618467 0
    outer loop
      vertex 108.4227188120244 10.201134391824434 18.6
      vertex 108.4227188120244 10.201134391824434 19.823610099323012
      vertex 108.2747319855528 10.07220772346878 19.623178697243667
    endloop
  endfacet
  facet normal 0.4097240303476807 -0.9122095257974743 0
    outer loop
      vertex 108.75292571116498 10.412513578439679 18.6
      vertex 108.93196571088578 10.49293039958055 18.6
      vertex 108.93196571088578 10.49293039958055 20
    endloop
  endfacet
  facet normal 0.31833892805254715 -0.9479769653775112 0
    outer loop
      vertex 108.93196571088578 10.49293039958055 18.6
      vertex 109.11802581091393 10.555411002970239 18.6
      vertex 109.11802581091393 10.555411002970239 20
    endloop
  endfacet
  facet normal 0.22388804785850988 -0.9746148685640423 0
    outer loop
      vertex 109.11802581091393 10.555411002970239 18.6
      vertex 109.30931415077536 10.599353666242727 18.6
      vertex 109.30931415077536 10.599353666242727 20
    endloop
  endfacet
  facet normal 0.12728100337391515 -0.9918666977876257 0
    outer loop
      vertex 109.30931415077536 10.599353666242727 18.6
      vertex 109.50398851918838 10.6243351975292 18.6
      vertex 109.50398851918838 10.6243351975292 20
    endloop
  endfacet
  facet normal 0.029448173247954797 -0.9995663085020214 0
    outer loop
      vertex 109.50398851918838 10.6243351975292 18.6
      vertex 109.70017409556533 10.630115011027073 18.6
      vertex 109.70017409556533 10.630115011027073 20
    endloop
  endfacet
  facet normal -0.06866825888437066 -0.997639549247016 0
    outer loop
      vertex 109.70017409556533 10.630115011027073 18.6
      vertex 109.89598150555976 10.616637443972795 18.6
      vertex 109.89598150555976 10.616637443972795 20
    endloop
  endfacet
  facet normal -0.1661233781457743 -0.9861049757675072 0
    outer loop
      vertex 109.89598150555976 10.616637443972795 18.6
      vertex 110.08952501677418 10.584032292704688 18.6
      vertex 110.08952501677418 10.584032292704688 20
    endloop
  endfacet
  facet normal -0.2619786384633271 -0.9650736723115502 0
    outer loop
      vertex 110.08952501677418 10.584032292704688 18.6
      vertex 110.27894069939397 10.532613562653252 18.6
      vertex 110.27894069939397 10.532613562653252 20
    endloop
  endfacet
  facet normal -0.3553109012804503 -0.9347481818282793 0
    outer loop
      vertex 110.27894069939397 10.532613562653252 18.6
      vertex 110.46240437685034 10.462876444297214 18.6
      vertex 110.46240437685034 10.462876444297214 20
    endloop
  endfacet
  facet normal 0.5798145481264652 -0.8147484825275241 0
    outer loop
      vertex 108.4227188120244 10.201134391824434 18.6
      vertex 108.57654043690223 10.310601322826184 19.990000000000002
      vertex 108.4227188120244 10.201134391824434 19.823610099323012
    endloop
  endfacet
  facet normal 0.5798145481266246 -0.8147484825274105 0
    outer loop
      vertex 108.58263006482208 10.314934997495516 18.6
      vertex 108.57654043690223 10.310601322826184 20
      vertex 108.57654043690223 10.310601322826184 19.990000000000002
    endloop
  endfacet
  facet normal 0.5798145481266184 -0.8147484825274149 0
    outer loop
      vertex 108.58263006482208 10.314934997495516 18.6
      vertex 108.58263006482208 10.314934997495516 20
      vertex 108.57654043690223 10.310601322826184 20
    endloop
  endfacet
  facet normal 0.49716326625268376 -0.8676570098195273 0
    outer loop
      vertex 108.58263006482208 10.314934997495516 18.6
      vertex 108.75292571116498 10.412513578439679 20
      vertex 108.58263006482208 10.314934997495516 20
    endloop
  endfacet
  facet normal 0.4097240303476807 -0.9122095257974743 0
    outer loop
      vertex 108.75292571116498 10.412513578439679 18.6
      vertex 108.93196571088578 10.49293039958055 20
      vertex 108.75292571116498 10.412513578439679 20
    endloop
  endfacet
  facet normal 0.31833892805254715 -0.9479769653775112 0
    outer loop
      vertex 108.93196571088578 10.49293039958055 18.6
      vertex 109.11802581091393 10.555411002970239 20
      vertex 108.93196571088578 10.49293039958055 20
    endloop
  endfacet
  facet normal 0.22388804785850988 -0.9746148685640423 0
    outer loop
      vertex 109.11802581091393 10.555411002970239 18.6
      vertex 109.30931415077536 10.599353666242727 20
      vertex 109.11802581091393 10.555411002970239 20
    endloop
  endfacet
  facet normal 0.12728100337391515 -0.9918666977876257 0
    outer loop
      vertex 109.30931415077536 10.599353666242727 18.6
      vertex 109.50398851918838 10.6243351975292 20
      vertex 109.30931415077536 10.599353666242727 20
    endloop
  endfacet
  facet normal 0.029448173247954797 -0.9995663085020214 0
    outer loop
      vertex 109.50398851918838 10.6243351975292 18.6
      vertex 109.70017409556533 10.630115011027073 20
      vertex 109.50398851918838 10.6243351975292 20
    endloop
  endfacet
  facet normal -0.06866825888437066 -0.997639549247016 0
    outer loop
      vertex 109.70017409556533 10.630115011027073 18.6
      vertex 109.89598150555976 10.616637443972795 20
      vertex 109.70017409556533 10.630115011027073 20
    endloop
  endfacet
  facet normal -0.4452213258858085 -0.8954205553685278 0
    outer loop
      vertex 110.46240437685034 10.462876444297214 18.6
      vertex 110.4690969674239 10.459548752040316 19.990000000000002
      vertex 110.4690969674239 10.459548752040316 20
    endloop
  endfacet
  facet normal -0.1661233781457743 -0.9861049757675072 0
    outer loop
      vertex 109.89598150555976 10.616637443972795 18.6
      vertex 110.08952501677418 10.584032292704688 20
      vertex 109.89598150555976 10.616637443972795 20
    endloop
  endfacet
  facet normal -0.2619786384633271 -0.9650736723115502 0
    outer loop
      vertex 110.08952501677418 10.584032292704688 18.6
      vertex 110.27894069939397 10.532613562653252 20
      vertex 110.08952501677418 10.584032292704688 20
    endloop
  endfacet
  facet normal -0.3553109012804503 -0.9347481818282793 0
    outer loop
      vertex 110.27894069939397 10.532613562653252 18.6
      vertex 110.46240437685034 10.462876444297214 20
      vertex 110.27894069939397 10.532613562653252 20
    endloop
  endfacet
  facet normal -0.4452213258858049 -0.8954205553685297 0
    outer loop
      vertex 110.46240437685034 10.462876444297214 18.6
      vertex 110.4690969674239 10.459548752040316 20
      vertex 110.46240437685034 10.462876444297214 20
    endloop
  endfacet
  facet normal -0.9347481818287785 0.3553109012791375 0
    outer loop
      vertex 111.49470813297731 7.832753075569529 18.6
      vertex 111.49328262487835 7.829002863856662 18.6
      vertex 111.49328262487835 7.829002863856662 18.60621738340342
    endloop
  endfacet
  facet normal -0.8954205553687161 0.4452213258854298 0
    outer loop
      vertex 111.40589872478968 7.653258047069035 18.6
      vertex 111.40589872478968 7.653258047069035 18.894812227495777
      vertex 111.49328262487835 7.829002863856662 18.6
    endloop
  endfacet
  facet normal -0.895420555368716 0.4452213258854297 0
    outer loop
      vertex 111.49328262487835 7.829002863856662 18.6
      vertex 111.40589872478968 7.653258047069035 18.894812227495777
      vertex 111.49328262487835 7.829002863856662 18.60621738340342
    endloop
  endfacet
  facet normal -0.7539934819618802 -0.656881898943029 0
    outer loop
      vertex 111.23154057240556 9.868688428682614 18.6
      vertex 111.23154057240556 9.868688428682614 18.877669370352926
      vertex 111.10261390404992 10.016675255154215 18.6
    endloop
  endfacet
  facet normal -0.8147484825274928 -0.5798145481265089 0
    outer loop
      vertex 111.34103297384416 9.71483101305094 18.6
      vertex 111.23154057240556 9.868688428682614 18.877669370352926
      vertex 111.23154057240556 9.868688428682614 18.6
    endloop
  endfacet
  facet normal -0.6568818989430292 0.7539934819618802 0
    outer loop
      vertex 110.89909460926374 7.059866668301453 18.6
      vertex 111.04708143573535 7.188793336657105 19.640321554386528
      vertex 111.04708143573535 7.188793336657105 18.6
    endloop
  endfacet
  facet normal -0.7913569286406583 0.611354407436819 0
    outer loop
      vertex 111.18171864184413 7.3316044334025765 18.6
      vertex 111.18171864184413 7.3316044334025765 19.414366106925307
      vertex 111.3017095976951 7.486924609607719 18.6
    endloop
  endfacet
  facet normal -0.7276231179846087 0.685977111990157 0
    outer loop
      vertex 111.04708143573535 7.188793336657105 18.6
      vertex 111.04708143573535 7.188793336657105 19.640321554386528
      vertex 111.18171864184413 7.3316044334025765 18.6
    endloop
  endfacet
  facet normal -0.8474695394741941 0.5308440257395738 0
    outer loop
      vertex 111.3017095976951 7.486924609607719 18.6
      vertex 111.3017095976951 7.486924609607719 19.165062688561072
      vertex 111.40589872478968 7.653258047069035 18.6
    endloop
  endfacet
  facet normal -0.8474695394741942 0.5308440257395738 0
    outer loop
      vertex 111.40589872478968 7.653258047069035 18.6
      vertex 111.3017095976951 7.486924609607719 19.165062688561072
      vertex 111.40589872478968 7.653258047069035 18.894812227495777
    endloop
  endfacet
  facet normal -0.7913569286406583 0.611354407436819 0
    outer loop
      vertex 111.3017095976951 7.486924609607719 18.6
      vertex 111.18171864184413 7.3316044334025765 19.414366106925307
      vertex 111.3017095976951 7.486924609607719 19.165062688561072
    endloop
  endfacet
  facet normal -0.4971632662526804 0.8676570098195292 0
    outer loop
      vertex 110.56888771012318 6.848487481686208 18.6
      vertex 110.56888771012318 6.848487481686208 20
      vertex 110.73918335646607 6.946066062630369 18.6
    endloop
  endfacet
  facet normal -0.5798145481265081 0.8147484825274934 -2.6229133467011175e-15
    outer loop
      vertex 110.73918335646607 6.946066062630369 18.6
      vertex 110.76112095430497 6.961677921566869 19.990000000000002
      vertex 110.89909460926374 7.059866668301453 18.6
    endloop
  endfacet
  facet normal -0.6568818989430291 0.7539934819618801 0
    outer loop
      vertex 110.89909460926374 7.059866668301453 18.6
      vertex 110.89909460926374 7.059866668301453 19.84075295646587
      vertex 111.04708143573535 7.188793336657105 19.640321554386528
    endloop
  endfacet
  facet normal -0.7276231179846087 0.685977111990157 0
    outer loop
      vertex 111.18171864184413 7.3316044334025765 18.6
      vertex 111.04708143573535 7.188793336657105 19.640321554386528
      vertex 111.18171864184413 7.3316044334025765 19.414366106925307
    endloop
  endfacet
  facet normal -0.5798145481266279 0.8147484825274082 0
    outer loop
      vertex 110.73918335646607 6.946066062630369 18.6
      vertex 110.76112095430497 6.961677921566869 20
      vertex 110.76112095430497 6.961677921566869 19.990000000000002
    endloop
  endfacet
  facet normal -0.5798145481264907 0.814748482527506 0
    outer loop
      vertex 110.89909460926374 7.059866668301453 18.6
      vertex 110.76112095430497 6.961677921566869 19.990000000000002
      vertex 110.89909460926374 7.059866668301453 19.84075295646587
    endloop
  endfacet
  facet normal -0.4971632662526804 0.8676570098195292 0
    outer loop
      vertex 110.73918335646607 6.946066062630369 18.6
      vertex 110.56888771012318 6.848487481686208 20
      vertex 110.73918335646607 6.946066062630369 20
    endloop
  endfacet
  facet normal -0.5798145481266185 0.8147484825274148 0
    outer loop
      vertex 110.73918335646607 6.946066062630369 18.6
      vertex 110.73918335646607 6.946066062630369 20
      vertex 110.76112095430497 6.961677921566869 20
    endloop
  endfacet
  facet normal -0.7539934819618803 -0.656881898943029 0
    outer loop
      vertex 111.10261390404992 10.016675255154215 18.6
      vertex 111.23154057240556 9.868688428682614 18.877669370352926
      vertex 111.10261390404992 10.016675255154215 19.147919831418214
    endloop
  endfacet
  facet normal -0.6859771119901792 -0.7276231179845876 0
    outer loop
      vertex 110.95980280730444 10.151312461263005 18.6
      vertex 111.10261390404992 10.016675255154215 18.6
      vertex 111.10261390404992 10.016675255154215 19.147919831418214
    endloop
  endfacet
  facet normal -0.6113544074367914 -0.7913569286406795 0
    outer loop
      vertex 110.80448263109929 10.27130341711397 18.6
      vertex 110.95980280730444 10.151312461263005 18.6
      vertex 110.95980280730444 10.151312461263005 19.39722324978245
    endloop
  endfacet
  facet normal -0.5308440257395027 -0.8474695394742388 0
    outer loop
      vertex 110.63814919363797 10.375492544208537 18.6
      vertex 110.80448263109929 10.27130341711397 18.6
      vertex 110.80448263109929 10.27130341711397 19.623178697243667
    endloop
  endfacet
  facet normal -0.44522132588546426 -0.8954205553686989 0
    outer loop
      vertex 110.46240437685034 10.462876444297214 18.6
      vertex 110.63814919363797 10.375492544208537 18.6
      vertex 110.63814919363797 10.375492544208537 19.823610099323012
    endloop
  endfacet
  facet normal -0.6859771119901792 -0.7276231179845877 0
    outer loop
      vertex 110.95980280730444 10.151312461263005 18.6
      vertex 111.10261390404992 10.016675255154215 19.147919831418214
      vertex 110.95980280730444 10.151312461263005 19.39722324978245
    endloop
  endfacet
  facet normal -0.6113544074367913 -0.7913569286406795 0
    outer loop
      vertex 110.80448263109929 10.27130341711397 18.6
      vertex 110.95980280730444 10.151312461263005 19.39722324978245
      vertex 110.80448263109929 10.27130341711397 19.623178697243667
    endloop
  endfacet
  facet normal -0.5308440257395027 -0.8474695394742388 0
    outer loop
      vertex 110.63814919363797 10.375492544208537 18.6
      vertex 110.80448263109929 10.27130341711397 19.623178697243667
      vertex 110.63814919363797 10.375492544208537 19.823610099323012
    endloop
  endfacet
  facet normal -0.4452213258854525 -0.8954205553687049 -2.115600996980701e-15
    outer loop
      vertex 110.46240437685034 10.462876444297214 18.6
      vertex 110.63814919363797 10.375492544208537 19.823610099323012
      vertex 110.4690969674239 10.459548752040316 19.990000000000002
    endloop
  endfacet
  facet normal 0.7792012426405726 0.6267738216194 0
    outer loop
      vertex 105.46315997210088 24.35361130538584 18.6
      vertex 105.46567459001922 24.350485148327028 18.606217383403425
      vertex 105.46567459001922 24.350485148327028 18.6
    endloop
  endfacet
  facet normal 0.7140145980512699 0.7001308118985219 0
    outer loop
      vertex 105.46567459001922 24.350485148327028 18.6
      vertex 105.46567459001922 24.350485148327028 18.606217383403425
      vertex 105.60308975267853 24.21034500527822 18.6
    endloop
  endfacet
  facet normal 0.6419516025626837 0.7667451597285778 0
    outer loop
      vertex 105.75357935983727 24.08434871660418 18.6
      vertex 105.60308975267853 24.21034500527822 18.6
      vertex 105.60308975267853 24.21034500527822 18.894812227495784
    endloop
  endfacet
  facet normal 0.7140145980512699 0.7001308118985219 0
    outer loop
      vertex 105.46567459001922 24.350485148327028 18.606217383403425
      vertex 105.60308975267853 24.21034500527822 18.894812227495784
      vertex 105.60308975267853 24.21034500527822 18.6
    endloop
  endfacet
  facet normal -0.9788227513491666 0.20470960270892885 0
    outer loop
      vertex 108.89671072383062 25.177933909099714 18.6
      vertex 108.89588942846494 25.17400687011928 18.6
      vertex 108.89588942846494 25.17400687011928 18.606217383403422
    endloop
  endfacet
  facet normal -0.9540444024062957 0.2996652769962081 0
    outer loop
      vertex 108.8370739155894 24.98675590999461 18.6
      vertex 108.8370739155894 24.98675590999461 18.894812227495784
      vertex 108.89588942846494 25.17400687011928 18.6
    endloop
  endfacet
  facet normal -0.9540444024062955 0.29966527699620893 0
    outer loop
      vertex 108.8370739155894 24.98675590999461 18.894812227495784
      vertex 108.89588942846494 25.17400687011928 18.606217383403422
      vertex 108.89588942846494 25.17400687011928 18.6
    endloop
  endfacet
  facet normal 0.48003212240901816 0.8772509113449205 0
    outer loop
      vertex 105.91569411431253 23.97370969544141 18.6
      vertex 105.91569411431253 23.97370969544141 19.414366106925307
      vertex 106.08787276239774 23.879493456045154 18.6
    endloop
  endfacet
  facet normal 0.39173501085196305 0.9200780843345918 0
    outer loop
      vertex 106.08787276239774 23.879493456045154 18.6
      vertex 106.08787276239774 23.879493456045154 19.64032155438652
      vertex 106.26845712958944 23.802607352304626 18.6
    endloop
  endfacet
  facet normal 0.5637062622149879 0.8259753325248927 0
    outer loop
      vertex 105.91569411431253 23.97370969544141 18.6
      vertex 105.75357935983727 24.08434871660418 19.165062688561072
      vertex 105.91569411431253 23.97370969544141 19.414366106925307
    endloop
  endfacet
  facet normal 0.48003212240901816 0.8772509113449205 0
    outer loop
      vertex 106.08787276239774 23.879493456045154 18.6
      vertex 105.91569411431253 23.97370969544141 19.414366106925307
      vertex 106.08787276239774 23.879493456045154 19.64032155438652
    endloop
  endfacet
  facet normal 0.5637062622149879 0.8259753325248927 0
    outer loop
      vertex 105.91569411431253 23.97370969544141 18.6
      vertex 105.75357935983727 24.08434871660418 18.6
      vertex 105.75357935983727 24.08434871660418 19.165062688561072
    endloop
  endfacet
  facet normal 0.6419516025626836 0.7667451597285777 0
    outer loop
      vertex 105.75357935983727 24.08434871660418 18.6
      vertex 105.60308975267853 24.21034500527822 18.894812227495784
      vertex 105.75357935983727 24.08434871660418 19.165062688561072
    endloop
  endfacet
  facet normal 0.29966527699625234 0.9540444024062819 0
    outer loop
      vertex 106.26845712958944 23.802607352304626 18.6
      vertex 106.26845712958944 23.802607352304626 19.84075295646587
      vertex 106.45570808971411 23.743791839429075 18.6
    endloop
  endfacet
  facet normal 0.2047096027093954 0.9788227513490689 0
    outer loop
      vertex 106.45570808971411 23.743791839429075 18.6
      vertex 106.45570808971411 23.743791839429075 20
      vertex 106.64782231366395 23.70361334295932 18.6
    endloop
  endfacet
  facet normal 0.10778246304276054 0.994174502117428 0
    outer loop
      vertex 106.64782231366395 23.70361334295932 18.6
      vertex 106.64782231366395 23.70361334295932 20
      vertex 106.84294963644204 23.68245880378016 18.6
    endloop
  endfacet
  facet normal 0.009817319337149034 0.999951808959328 0
    outer loop
      vertex 106.84294963644204 23.68245880378016 18.6
      vertex 106.84294963644204 23.68245880378016 20
      vertex 107.03921087526255 23.680531951668147 18.6
    endloop
  endfacet
  facet normal 0.39173501085196305 0.9200780843345918 0
    outer loop
      vertex 106.26845712958944 23.802607352304626 18.6
      vertex 106.08787276239774 23.879493456045154 19.64032155438652
      vertex 106.26845712958944 23.802607352304626 19.84075295646587
    endloop
  endfacet
  facet normal -0.08824237052037114 0.9960990332516871 0
    outer loop
      vertex 107.03921087526255 23.680531951668147 18.6
      vertex 107.03921087526255 23.680531951668147 20
      vertex 107.23471592710835 23.69785134326244 18.6
    endloop
  endfacet
  facet normal -0.18545223811157407 0.982653279330715 0
    outer loop
      vertex 107.23471592710835 23.69785134326244 18.6
      vertex 107.23471592710835 23.69785134326244 20
      vertex 107.42758197145623 23.734250183354238 18.6
    endloop
  endfacet
  facet normal -0.2808760992713104 0.959744037156852 0
    outer loop
      vertex 107.42758197145623 23.734250183354238 18.6
      vertex 107.42758197145623 23.734250183354238 20
      vertex 107.61595160286781 23.78937793121584 18.6
    endloop
  endfacet
  facet normal 0.2996652769962526 0.9540444024062817 3.9852341888494834e-17
    outer loop
      vertex 106.45570808971411 23.743791839429075 18.6
      vertex 106.26845712958944 23.802607352304626 19.84075295646587
      vertex 106.43001986461239 23.75186050905413 19.990000000000002
    endloop
  endfacet
  facet normal 0.2996652769962506 0.9540444024062824 0
    outer loop
      vertex 106.45570808971411 23.743791839429075 18.6
      vertex 106.43001986461239 23.75186050905413 19.990000000000002
      vertex 106.45570808971411 23.743791839429075 20
    endloop
  endfacet
  facet normal 0.2047096027093954 0.9788227513490689 0
    outer loop
      vertex 106.64782231366395 23.70361334295932 18.6
      vertex 106.45570808971411 23.743791839429075 20
      vertex 106.64782231366395 23.70361334295932 20
    endloop
  endfacet
  facet normal 0.10778246304276054 0.994174502117428 0
    outer loop
      vertex 106.84294963644204 23.68245880378016 18.6
      vertex 106.64782231366395 23.70361334295932 20
      vertex 106.84294963644204 23.68245880378016 20
    endloop
  endfacet
  facet normal 0.009817319337149034 0.999951808959328 0
    outer loop
      vertex 107.03921087526255 23.680531951668147 18.6
      vertex 106.84294963644204 23.68245880378016 20
      vertex 107.03921087526255 23.680531951668147 20
    endloop
  endfacet
  facet normal -0.08824237052037114 0.9960990332516871 0
    outer loop
      vertex 107.23471592710835 23.69785134326244 18.6
      vertex 107.03921087526255 23.680531951668147 20
      vertex 107.23471592710835 23.69785134326244 20
    endloop
  endfacet
  facet normal -0.18545223811157407 0.982653279330715 0
    outer loop
      vertex 107.42758197145623 23.734250183354238 18.6
      vertex 107.23471592710835 23.69785134326244 20
      vertex 107.42758197145623 23.734250183354238 20
    endloop
  endfacet
  facet normal -0.2808760992713104 0.959744037156852 0
    outer loop
      vertex 107.61595160286781 23.78937793121584 18.6
      vertex 107.42758197145623 23.734250183354238 20
      vertex 107.61595160286781 23.78937793121584 20
    endloop
  endfacet
  facet normal 0.2996652769962506 0.9540444024062822 0
    outer loop
      vertex 106.43001986461239 23.75186050905413 19.990000000000002
      vertex 106.43001986461239 23.75186050905413 20
      vertex 106.45570808971411 23.743791839429075 20
    endloop
  endfacet
  facet normal -0.37359497005251646 0.9275919352557239 0
    outer loop
      vertex 107.61595160286781 23.78937793121584 18.6
      vertex 107.61595160286781 23.78937793121584 20
      vertex 107.79801071881927 23.86270367649943 18.6
    endloop
  endfacet
  facet normal -0.46271591704433396 0.8865066159447549 0
    outer loop
      vertex 107.79801071881927 23.86270367649943 18.6
      vertex 107.79801071881927 23.86270367649943 20
      vertex 107.97200599050039 23.953521252194008 18.6
    endloop
  endfacet
  facet normal -0.5473806568087887 0.8368837533084145 0
    outer loop
      vertex 107.97200599050039 23.953521252194008 18.6
      vertex 107.97200599050039 23.953521252194008 20
      vertex 108.13626174832937 24.0609560353997 18.6
    endloop
  endfacet
  facet normal -0.8772509113449212 0.4800321224090169 0
    outer loop
      vertex 108.6659715724526 24.633992894717693 18.6
      vertex 108.6659715724526 24.633992894717693 19.414366106925314
      vertex 108.76018781184887 24.806171542802907 18.6
    endloop
  endfacet
  facet normal -0.7001308118985221 0.7140145980512698 0
    outer loop
      vertex 108.28919611956698 24.183973370424397 18.6
      vertex 108.42933626261579 24.32138853308371 19.84075295646587
      vertex 108.42933626261579 24.32138853308371 18.6
    endloop
  endfacet
  facet normal -0.7667451597285896 0.6419516025626695 0
    outer loop
      vertex 108.42933626261579 24.32138853308371 18.6
      vertex 108.42933626261579 24.32138853308371 19.84075295646587
      vertex 108.55533255128982 24.47187814024245 18.6
    endloop
  endfacet
  facet normal -0.8259753325248419 0.5637062622150627 0
    outer loop
      vertex 108.55533255128982 24.47187814024245 18.6
      vertex 108.55533255128982 24.47187814024245 19.640321554386524
      vertex 108.6659715724526 24.633992894717693 18.6
    endloop
  endfacet
  facet normal -0.8772509113449212 0.4800321224090168 0
    outer loop
      vertex 108.76018781184887 24.806171542802907 18.6
      vertex 108.6659715724526 24.633992894717693 19.414366106925314
      vertex 108.76018781184887 24.806171542802907 19.16506268856108
    endloop
  endfacet
  facet normal -0.9200780843345816 0.39173501085198714 0
    outer loop
      vertex 108.76018781184887 24.806171542802907 18.6
      vertex 108.76018781184887 24.806171542802907 19.16506268856108
      vertex 108.8370739155894 24.98675590999461 18.6
    endloop
  endfacet
  facet normal -0.9200780843345816 0.39173501085198714 0
    outer loop
      vertex 108.8370739155894 24.98675590999461 18.6
      vertex 108.76018781184887 24.806171542802907 19.16506268856108
      vertex 108.8370739155894 24.98675590999461 18.894812227495784
    endloop
  endfacet
  facet normal -0.6267738216194887 0.7792012426405013 0
    outer loop
      vertex 108.13626174832937 24.0609560353997 18.6
      vertex 108.13626174832937 24.0609560353997 20
      vertex 108.28919611956698 24.183973370424397 18.6
    endloop
  endfacet
  facet normal -0.8259753325248419 0.5637062622150627 0
    outer loop
      vertex 108.6659715724526 24.633992894717693 18.6
      vertex 108.55533255128982 24.47187814024245 19.640321554386524
      vertex 108.6659715724526 24.633992894717693 19.414366106925314
    endloop
  endfacet
  facet normal -0.7667451597285896 0.6419516025626696 0
    outer loop
      vertex 108.55533255128982 24.47187814024245 18.6
      vertex 108.42933626261579 24.32138853308371 19.84075295646587
      vertex 108.55533255128982 24.47187814024245 19.640321554386524
    endloop
  endfacet
  facet normal -0.37359497005251646 0.9275919352557239 0
    outer loop
      vertex 107.79801071881927 23.86270367649943 18.6
      vertex 107.61595160286781 23.78937793121584 20
      vertex 107.79801071881927 23.86270367649943 20
    endloop
  endfacet
  facet normal -0.46271591704433396 0.8865066159447549 0
    outer loop
      vertex 107.97200599050039 23.953521252194008 18.6
      vertex 107.79801071881927 23.86270367649943 20
      vertex 107.97200599050039 23.953521252194008 20
    endloop
  endfacet
  facet normal -0.5473806568087887 0.8368837533084145 0
    outer loop
      vertex 108.13626174832937 24.0609560353997 18.6
      vertex 107.97200599050039 23.953521252194008 20
      vertex 108.13626174832937 24.0609560353997 20
    endloop
  endfacet
  facet normal -0.7001308118984608 0.7140145980513298 0
    outer loop
      vertex 108.28919611956698 24.183973370424397 18.6
      vertex 108.30842139637213 24.202824817853195 20
      vertex 108.30842139637213 24.202824817853195 19.990000000000002
    endloop
  endfacet
  facet normal -0.7001308118985297 0.7140145980512622 1.700970410604434e-15
    outer loop
      vertex 108.28919611956698 24.183973370424397 18.6
      vertex 108.30842139637213 24.202824817853195 19.990000000000002
      vertex 108.42933626261579 24.32138853308371 19.84075295646587
    endloop
  endfacet
  facet normal -0.6267738216194887 0.7792012426405013 0
    outer loop
      vertex 108.28919611956698 24.183973370424397 18.6
      vertex 108.13626174832937 24.0609560353997 20
      vertex 108.28919611956698 24.183973370424397 20
    endloop
  endfacet
  facet normal -0.7001308118984672 0.7140145980513237 0
    outer loop
      vertex 108.28919611956698 24.183973370424397 18.6
      vertex 108.28919611956698 24.183973370424397 20
      vertex 108.30842139637213 24.202824817853195 20
    endloop
  endfacet
  facet normal 0.9540444024062882 -0.29966527699623186 0
    outer loop
      vertex 105.02771966616726 26.191062027788295 18.6
      vertex 105.08430857189944 26.371224138304576 18.6
      vertex 105.08430857189944 26.371224138304576 18.877669370352923
    endloop
  endfacet
  facet normal -0.6419516025626837 -0.7667451597285777 0
    outer loop
      vertex 108.16780312765157 27.273631331695007 18.6
      vertex 108.31829273481031 27.147635043020966 18.6
      vertex 108.31829273481031 27.147635043020966 18.87766937035292
    endloop
  endfacet
  facet normal -0.7140145980512549 -0.7001308118985372 0
    outer loop
      vertex 108.4505057056018 27.012800252732482 18.6
      vertex 108.31829273481031 27.147635043020966 18.87766937035292
      vertex 108.31829273481031 27.147635043020966 18.6
    endloop
  endfacet
  facet normal 0.9200780843345816 -0.39173501085198714 0
    outer loop
      vertex 105.08430857189944 26.371224138304576 18.6
      vertex 105.16119467563998 26.55180850549628 19.147919831418214
      vertex 105.08430857189944 26.371224138304576 18.877669370352923
    endloop
  endfacet
  facet normal 0.9200780843345816 -0.39173501085198714 0
    outer loop
      vertex 105.08430857189944 26.371224138304576 18.6
      vertex 105.16119467563998 26.55180850549628 18.6
      vertex 105.16119467563998 26.55180850549628 19.147919831418214
    endloop
  endfacet
  facet normal 0.8772509113448907 -0.4800321224090726 0
    outer loop
      vertex 105.16119467563998 26.55180850549628 18.6
      vertex 105.25541091503625 26.723987153581493 18.6
      vertex 105.25541091503625 26.723987153581493 19.39722324978245
    endloop
  endfacet
  facet normal 0.8259753325248755 -0.5637062622150132 0
    outer loop
      vertex 105.25541091503625 26.723987153581493 18.6
      vertex 105.36604993619902 26.886101908056737 18.6
      vertex 105.36604993619902 26.886101908056737 19.623178697243667
    endloop
  endfacet
  facet normal 0.8772509113448905 -0.48003212240907256 0
    outer loop
      vertex 105.16119467563998 26.55180850549628 18.6
      vertex 105.25541091503625 26.723987153581493 19.39722324978245
      vertex 105.16119467563998 26.55180850549628 19.147919831418214
    endloop
  endfacet
  facet normal 0.7667451597285896 -0.6419516025626696 0
    outer loop
      vertex 105.36604993619902 26.886101908056737 18.6
      vertex 105.49204622487305 27.036591515215477 18.6
      vertex 105.49204622487305 27.036591515215477 19.823610099323012
    endloop
  endfacet
  facet normal 0.8259753325248755 -0.5637062622150133 0
    outer loop
      vertex 105.25541091503625 26.723987153581493 18.6
      vertex 105.36604993619902 26.886101908056737 19.623178697243667
      vertex 105.25541091503625 26.723987153581493 19.39722324978245
    endloop
  endfacet
  facet normal 0.7667451597285896 -0.6419516025626695 0
    outer loop
      vertex 105.36604993619902 26.886101908056737 18.6
      vertex 105.49204622487305 27.036591515215477 19.823610099323012
      vertex 105.36604993619902 26.886101908056737 19.623178697243667
    endloop
  endfacet
  facet normal 0.7001308118985221 -0.7140145980512699 -2.0347448992590304e-15
    outer loop
      vertex 105.49204622487305 27.036591515215477 18.6
      vertex 105.63218636792186 27.17400667787479 18.6
      vertex 105.62684964950542 27.168773730246016 19.990000000000002
    endloop
  endfacet
  facet normal 0.6267738216194887 -0.7792012426405013 0
    outer loop
      vertex 105.63218636792186 27.17400667787479 18.6
      vertex 105.78512073915947 27.297024012899488 18.6
      vertex 105.78512073915947 27.297024012899488 20
    endloop
  endfacet
  facet normal 0.5473806568087887 -0.8368837533084145 0
    outer loop
      vertex 105.78512073915947 27.297024012899488 18.6
      vertex 105.94937649698845 27.404458796105178 18.6
      vertex 105.94937649698845 27.404458796105178 20
    endloop
  endfacet
  facet normal 0.46271591704433396 -0.8865066159447549 0
    outer loop
      vertex 105.94937649698845 27.404458796105178 18.6
      vertex 106.12337176866957 27.495276371799758 18.6
      vertex 106.12337176866957 27.495276371799758 20
    endloop
  endfacet
  facet normal -0.2996652769962523 -0.9540444024062817 0
    outer loop
      vertex 107.46567439777473 27.61418820887011 18.6
      vertex 107.6529253578994 27.55537269599456 18.6
      vertex 107.6529253578994 27.55537269599456 19.823610099323012
    endloop
  endfacet
  facet normal 0.37359497005251646 -0.9275919352557239 0
    outer loop
      vertex 106.12337176866957 27.495276371799758 18.6
      vertex 106.30543088462103 27.568602117083348 18.6
      vertex 106.30543088462103 27.568602117083348 20
    endloop
  endfacet
  facet normal 0.28087609927129376 -0.9597440371568569 0
    outer loop
      vertex 106.30543088462103 27.568602117083348 18.6
      vertex 106.49380051603261 27.623729864944945 18.6
      vertex 106.49380051603261 27.623729864944945 20
    endloop
  endfacet
  facet normal 0.18545223811159156 -0.9826532793307116 0
    outer loop
      vertex 106.49380051603261 27.623729864944945 18.6
      vertex 106.68666656038049 27.660128705036747 18.6
      vertex 106.68666656038049 27.660128705036747 20
    endloop
  endfacet
  facet normal 0.08824237052037114 -0.9960990332516871 0
    outer loop
      vertex 106.68666656038049 27.660128705036747 18.6
      vertex 106.88217161222629 27.67744809663104 18.6
      vertex 106.88217161222629 27.67744809663104 20
    endloop
  endfacet
  facet normal -0.009817319337149034 -0.999951808959328 0
    outer loop
      vertex 106.88217161222629 27.67744809663104 18.6
      vertex 107.0784328510468 27.675521244519025 18.6
      vertex 107.0784328510468 27.675521244519025 20
    endloop
  endfacet
  facet normal -0.10778246304276054 -0.994174502117428 0
    outer loop
      vertex 107.0784328510468 27.675521244519025 18.6
      vertex 107.27356017382489 27.654366705339868 18.6
      vertex 107.27356017382489 27.654366705339868 20
    endloop
  endfacet
  facet normal -0.2047096027093954 -0.9788227513490689 0
    outer loop
      vertex 107.27356017382489 27.654366705339868 18.6
      vertex 107.46567439777473 27.61418820887011 18.6
      vertex 107.46567439777473 27.61418820887011 20
    endloop
  endfacet
  facet normal 0.7001308118985113 -0.7140145980512802 0
    outer loop
      vertex 105.49204622487305 27.036591515215477 18.6
      vertex 105.62684964950542 27.168773730246016 19.990000000000002
      vertex 105.49204622487305 27.036591515215477 19.823610099323012
    endloop
  endfacet
  facet normal 0.7001308118987918 -0.7140145980510053 0
    outer loop
      vertex 105.63218636792186 27.17400667787479 18.6
      vertex 105.62684964950542 27.168773730246016 20
      vertex 105.62684964950542 27.168773730246016 19.990000000000002
    endloop
  endfacet
  facet normal 0.7001308118987916 -0.7140145980510054 0
    outer loop
      vertex 105.63218636792186 27.17400667787479 18.6
      vertex 105.63218636792186 27.17400667787479 20
      vertex 105.62684964950542 27.168773730246016 20
    endloop
  endfacet
  facet normal 0.6267738216194887 -0.7792012426405013 0
    outer loop
      vertex 105.63218636792186 27.17400667787479 18.6
      vertex 105.78512073915947 27.297024012899488 20
      vertex 105.63218636792186 27.17400667787479 20
    endloop
  endfacet
  facet normal 0.5473806568087887 -0.8368837533084145 0
    outer loop
      vertex 105.78512073915947 27.297024012899488 18.6
      vertex 105.94937649698845 27.404458796105178 20
      vertex 105.78512073915947 27.297024012899488 20
    endloop
  endfacet
  facet normal 0.46271591704433396 -0.8865066159447549 0
    outer loop
      vertex 105.94937649698845 27.404458796105178 18.6
      vertex 106.12337176866957 27.495276371799758 20
      vertex 105.94937649698845 27.404458796105178 20
    endloop
  endfacet
  facet normal 0.37359497005251646 -0.9275919352557239 0
    outer loop
      vertex 106.12337176866957 27.495276371799758 18.6
      vertex 106.30543088462103 27.568602117083348 20
      vertex 106.12337176866957 27.495276371799758 20
    endloop
  endfacet
  facet normal 0.28087609927129376 -0.9597440371568569 0
    outer loop
      vertex 106.30543088462103 27.568602117083348 18.6
      vertex 106.49380051603261 27.623729864944945 20
      vertex 106.30543088462103 27.568602117083348 20
    endloop
  endfacet
  facet normal 0.18545223811159156 -0.9826532793307116 0
    outer loop
      vertex 106.49380051603261 27.623729864944945 18.6
      vertex 106.68666656038049 27.660128705036747 20
      vertex 106.49380051603261 27.623729864944945 20
    endloop
  endfacet
  facet normal 0.08824237052037114 -0.9960990332516871 0
    outer loop
      vertex 106.68666656038049 27.660128705036747 18.6
      vertex 106.88217161222629 27.67744809663104 20
      vertex 106.68666656038049 27.660128705036747 20
    endloop
  endfacet
  facet normal -0.29966527699625106 -0.9540444024062822 -2.2081199910176865e-16
    outer loop
      vertex 107.46567439777473 27.61418820887011 18.6
      vertex 107.6529253578994 27.55537269599456 19.823610099323012
      vertex 107.47280515721063 27.611948437852995 19.990000000000002
    endloop
  endfacet
  facet normal -0.29966527699629286 -0.9540444024062691 0
    outer loop
      vertex 107.46567439777473 27.61418820887011 18.6
      vertex 107.47280515721063 27.611948437852995 19.990000000000002
      vertex 107.47280515721063 27.611948437852995 20
    endloop
  endfacet
  facet normal -0.009817319337149034 -0.999951808959328 0
    outer loop
      vertex 106.88217161222629 27.67744809663104 18.6
      vertex 107.0784328510468 27.675521244519025 20
      vertex 106.88217161222629 27.67744809663104 20
    endloop
  endfacet
  facet normal -0.10778246304276054 -0.994174502117428 0
    outer loop
      vertex 107.0784328510468 27.675521244519025 18.6
      vertex 107.27356017382489 27.654366705339868 20
      vertex 107.0784328510468 27.675521244519025 20
    endloop
  endfacet
  facet normal -0.2996652769962902 -0.95404440240627 0
    outer loop
      vertex 107.46567439777473 27.61418820887011 18.6
      vertex 107.47280515721063 27.611948437852995 20
      vertex 107.46567439777473 27.61418820887011 20
    endloop
  endfacet
  facet normal -0.2047096027093954 -0.9788227513490689 0
    outer loop
      vertex 107.27356017382489 27.654366705339868 18.6
      vertex 107.46567439777473 27.61418820887011 20
      vertex 107.27356017382489 27.654366705339868 20
    endloop
  endfacet
  facet normal -0.6419516025626836 -0.7667451597285777 0
    outer loop
      vertex 108.16780312765157 27.273631331695007 18.6
      vertex 108.31829273481031 27.147635043020966 18.87766937035292
      vertex 108.16780312765157 27.273631331695007 19.147919831418214
    endloop
  endfacet
  facet normal -0.4800321224089877 -0.8772509113449372 0
    outer loop
      vertex 108.00568837317633 27.384270352857776 18.6
      vertex 108.00568837317633 27.384270352857776 19.397223249782446
      vertex 107.8335097250911 27.478486592254033 18.6
    endloop
  endfacet
  facet normal -0.5637062622150216 -0.8259753325248698 0
    outer loop
      vertex 108.00568837317633 27.384270352857776 18.6
      vertex 108.16780312765157 27.273631331695007 18.6
      vertex 108.16780312765157 27.273631331695007 19.147919831418214
    endloop
  endfacet
  facet normal -0.391735010851963 -0.9200780843345918 0
    outer loop
      vertex 107.6529253578994 27.55537269599456 18.6
      vertex 107.8335097250911 27.478486592254033 18.6
      vertex 107.8335097250911 27.478486592254033 19.623178697243663
    endloop
  endfacet
  facet normal -0.5637062622150216 -0.8259753325248699 0
    outer loop
      vertex 108.00568837317633 27.384270352857776 18.6
      vertex 108.16780312765157 27.273631331695007 19.147919831418214
      vertex 108.00568837317633 27.384270352857776 19.397223249782446
    endloop
  endfacet
  facet normal -0.48003212240898757 -0.8772509113449372 0
    outer loop
      vertex 107.8335097250911 27.478486592254033 18.6
      vertex 108.00568837317633 27.384270352857776 19.397223249782446
      vertex 107.8335097250911 27.478486592254033 19.623178697243663
    endloop
  endfacet
  facet normal -0.3917350108519631 -0.9200780843345919 0
    outer loop
      vertex 107.6529253578994 27.55537269599456 18.6
      vertex 107.8335097250911 27.478486592254033 19.623178697243663
      vertex 107.6529253578994 27.55537269599456 19.823610099323012
    endloop
  endfacet
  facet normal 0.9999518089593274 0.009817319337206525 0
    outer loop
      vertex 91.79381391281409 57.36453046751217 18.6
      vertex 91.7919600064687 57.5533617502725 18.6
      vertex 91.7919600064687 57.5533617502725 18.877669370352926
    endloop
  endfacet
  facet normal 0.5473806568075843 0.8368837533092023 0
    outer loop
      vertex 92.77574575277869 55.751569439169394 18.6
      vertex 92.77910333219418 55.74937334679878 18.606217383403433
      vertex 92.77910333219418 55.74937334679878 18.6
    endloop
  endfacet
  facet normal 0.46271591704433535 0.8865066159447542 0
    outer loop
      vertex 92.77910333219418 55.74937334679878 18.6
      vertex 92.77910333219418 55.74937334679878 18.606217383403433
      vertex 92.95309860387529 55.658555771104204 18.6
    endloop
  endfacet
  facet normal 0.4627159170443353 0.8865066159447542 0
    outer loop
      vertex 92.77910333219418 55.74937334679878 18.606217383403433
      vertex 92.95309860387529 55.658555771104204 18.894812227495766
      vertex 92.95309860387529 55.658555771104204 18.6
    endloop
  endfacet
  facet normal 0.37359497005249137 0.9275919352557341 0
    outer loop
      vertex 93.13515771982676 55.585230025820614 18.6
      vertex 92.95309860387529 55.658555771104204 18.6
      vertex 92.95309860387529 55.658555771104204 18.894812227495766
    endloop
  endfacet
  facet normal 0.9960990332516905 -0.08824237052033201 0
    outer loop
      vertex 91.7919600064687 57.5533617502725 18.6
      vertex 91.80927939806298 57.74886680211831 19.14791983141823
      vertex 91.7919600064687 57.5533617502725 18.877669370352926
    endloop
  endfacet
  facet normal 0.2808760992712742 0.9597440371568626 0
    outer loop
      vertex 93.13515771982676 55.585230025820614 18.6
      vertex 93.13515771982676 55.585230025820614 19.165062688561065
      vertex 93.32352735123835 55.53010227795902 18.6
    endloop
  endfacet
  facet normal 0.37359497005249137 0.9275919352557341 0
    outer loop
      vertex 93.13515771982676 55.585230025820614 18.6
      vertex 92.95309860387529 55.658555771104204 18.894812227495766
      vertex 93.13515771982676 55.585230025820614 19.165062688561065
    endloop
  endfacet
  facet normal 0.2808760992712742 0.9597440371568625 0
    outer loop
      vertex 93.13515771982676 55.585230025820614 19.165062688561065
      vertex 93.32352735123835 55.53010227795902 19.414366106925314
      vertex 93.32352735123835 55.53010227795902 18.6
    endloop
  endfacet
  facet normal 0.9960990332516906 -0.08824237052033201 0
    outer loop
      vertex 91.7919600064687 57.5533617502725 18.6
      vertex 91.80927939806298 57.74886680211831 18.6
      vertex 91.80927939806298 57.74886680211831 19.14791983141823
    endloop
  endfacet
  facet normal 0.9826532793306939 -0.18545223811168557 0
    outer loop
      vertex 91.80927939806298 57.74886680211831 18.6
      vertex 91.8456782381548 57.94173284646618 19.397223249782446
      vertex 91.80927939806298 57.74886680211831 19.14791983141823
    endloop
  endfacet
  facet normal 0.9826532793306939 -0.18545223811168557 0
    outer loop
      vertex 91.80927939806298 57.74886680211831 18.6
      vertex 91.8456782381548 57.94173284646618 18.6
      vertex 91.8456782381548 57.94173284646618 19.397223249782446
    endloop
  endfacet
  facet normal 0.9597440371568666 -0.2808760992712604 0
    outer loop
      vertex 91.8456782381548 57.94173284646618 18.6
      vertex 91.9008059860164 58.130102477877756 18.6
      vertex 91.9008059860164 58.130102477877756 19.623178697243674
    endloop
  endfacet
  facet normal 0.9275919352557165 -0.37359497005253506 0
    outer loop
      vertex 91.9008059860164 58.130102477877756 18.6
      vertex 91.97413173129999 58.312161593829224 18.6
      vertex 91.97413173129999 58.312161593829224 19.82361009932301
    endloop
  endfacet
  facet normal 0.9597440371568666 -0.2808760992712604 0
    outer loop
      vertex 91.8456782381548 57.94173284646618 18.6
      vertex 91.9008059860164 58.130102477877756 19.623178697243674
      vertex 91.8456782381548 57.94173284646618 19.397223249782446
    endloop
  endfacet
  facet normal 0.8865066159447399 -0.46271591704436243 -7.248778703610024e-16
    outer loop
      vertex 91.97413173129999 58.312161593829224 18.6
      vertex 92.06494930699458 58.486156865510345 18.6
      vertex 92.06149085591694 58.479530899883684 19.990000000000002
    endloop
  endfacet
  facet normal 0.9275919352557166 -0.3735949700525351 0
    outer loop
      vertex 91.9008059860164 58.130102477877756 18.6
      vertex 91.97413173129999 58.312161593829224 19.82361009932301
      vertex 91.9008059860164 58.130102477877756 19.623178697243674
    endloop
  endfacet
  facet normal 0.836883753308426 -0.547380656808771 0
    outer loop
      vertex 92.06494930699458 58.486156865510345 18.6
      vertex 92.17238409020025 58.650412623339314 18.6
      vertex 92.17238409020025 58.650412623339314 20
    endloop
  endfacet
  facet normal 0.7792012426404802 -0.626773821619515 0
    outer loop
      vertex 92.17238409020025 58.650412623339314 18.6
      vertex 92.29540142522497 58.80334699457693 18.6
      vertex 92.29540142522497 58.80334699457693 20
    endloop
  endfacet
  facet normal 0.7140145980512788 -0.7001308118985129 0
    outer loop
      vertex 92.29540142522497 58.80334699457693 18.6
      vertex 92.43281658788428 58.94348713762574 18.6
      vertex 92.43281658788428 58.94348713762574 20
    endloop
  endfacet
  facet normal 0.64195160256273 -0.7667451597285391 0
    outer loop
      vertex 92.43281658788428 58.94348713762574 18.6
      vertex 92.58330619504301 59.06948342629978 18.6
      vertex 92.58330619504301 59.06948342629978 20
    endloop
  endfacet
  facet normal 0.5637062622149879 -0.8259753325248929 0
    outer loop
      vertex 92.58330619504301 59.06948342629978 18.6
      vertex 92.74542094951826 59.18012244746255 18.6
      vertex 92.74542094951826 59.18012244746255 20
    endloop
  endfacet
  facet normal 0.48003212240903215 -0.8772509113449128 0
    outer loop
      vertex 92.74542094951826 59.18012244746255 18.6
      vertex 92.91759959760347 59.27433868685881 18.6
      vertex 92.91759959760347 59.27433868685881 20
    endloop
  endfacet
  facet normal 0.3917350108519324 -0.9200780843346049 0
    outer loop
      vertex 92.91759959760347 59.27433868685881 18.6
      vertex 93.09818396479517 59.35122479059933 18.6
      vertex 93.09818396479517 59.35122479059933 20
    endloop
  endfacet
  facet normal 0.2996652769962689 -0.9540444024062767 0
    outer loop
      vertex 93.09818396479517 59.35122479059933 18.6
      vertex 93.28543492491984 59.41004030347489 18.6
      vertex 93.28543492491984 59.41004030347489 20
    endloop
  endfacet
  facet normal 0.8865066159447375 -0.4627159170443672 0
    outer loop
      vertex 91.97413173129999 58.312161593829224 18.6
      vertex 92.06149085591694 58.479530899883684 19.990000000000002
      vertex 91.97413173129999 58.312161593829224 19.82361009932301
    endloop
  endfacet
  facet normal 0.8865066159448043 -0.46271591704423914 0
    outer loop
      vertex 92.06494930699458 58.486156865510345 18.6
      vertex 92.06149085591694 58.479530899883684 20
      vertex 92.06149085591694 58.479530899883684 19.990000000000002
    endloop
  endfacet
  facet normal 0.8865066159448024 -0.46271591704424286 0
    outer loop
      vertex 92.06494930699458 58.486156865510345 18.6
      vertex 92.06494930699458 58.486156865510345 20
      vertex 92.06149085591694 58.479530899883684 20
    endloop
  endfacet
  facet normal 0.836883753308426 -0.547380656808771 0
    outer loop
      vertex 92.06494930699458 58.486156865510345 18.6
      vertex 92.17238409020025 58.650412623339314 20
      vertex 92.06494930699458 58.486156865510345 20
    endloop
  endfacet
  facet normal 0.7792012426404802 -0.626773821619515 0
    outer loop
      vertex 92.17238409020025 58.650412623339314 18.6
      vertex 92.29540142522497 58.80334699457693 20
      vertex 92.17238409020025 58.650412623339314 20
    endloop
  endfacet
  facet normal 0.7140145980512788 -0.7001308118985129 0
    outer loop
      vertex 92.29540142522497 58.80334699457693 18.6
      vertex 92.43281658788428 58.94348713762574 20
      vertex 92.29540142522497 58.80334699457693 20
    endloop
  endfacet
  facet normal 0.64195160256273 -0.7667451597285391 0
    outer loop
      vertex 92.43281658788428 58.94348713762574 18.6
      vertex 92.58330619504301 59.06948342629978 20
      vertex 92.43281658788428 58.94348713762574 20
    endloop
  endfacet
  facet normal 0.5637062622149879 -0.8259753325248929 0
    outer loop
      vertex 92.58330619504301 59.06948342629978 18.6
      vertex 92.74542094951826 59.18012244746255 20
      vertex 92.58330619504301 59.06948342629978 20
    endloop
  endfacet
  facet normal 0.48003212240903215 -0.8772509113449128 0
    outer loop
      vertex 92.74542094951826 59.18012244746255 18.6
      vertex 92.91759959760347 59.27433868685881 20
      vertex 92.74542094951826 59.18012244746255 20
    endloop
  endfacet
  facet normal 0.3917350108519324 -0.9200780843346049 0
    outer loop
      vertex 92.91759959760347 59.27433868685881 18.6
      vertex 93.09818396479517 59.35122479059933 20
      vertex 92.91759959760347 59.27433868685881 20
    endloop
  endfacet
  facet normal 0.2996652769962689 -0.9540444024062767 0
    outer loop
      vertex 93.09818396479517 59.35122479059933 18.6
      vertex 93.28543492491984 59.41004030347489 20
      vertex 93.09818396479517 59.35122479059933 20
    endloop
  endfacet
  facet normal -0.9941745021175671 -0.10778246304147858 0
    outer loop
      vertex 95.7865168758464 57.59657235629423 18.6
      vertex 95.78694929931959 57.592583726056745 18.6
      vertex 95.78694929931959 57.592583726056745 18.60621738340342
    endloop
  endfacet
  facet normal -0.9999518089593276 -0.009817319337185234 0
    outer loop
      vertex 95.78887615143161 57.39632248723623 18.6
      vertex 95.78887615143161 57.39632248723623 18.894812227495784
      vertex 95.78694929931959 57.592583726056745 18.6
    endloop
  endfacet
  facet normal -0.9999518089593278 -0.009817319337185234 0
    outer loop
      vertex 95.78694929931959 57.592583726056745 18.6
      vertex 95.78887615143161 57.39632248723623 18.894812227495784
      vertex 95.78694929931959 57.592583726056745 18.60621738340342
    endloop
  endfacet
  facet normal 0.18545223811162223 0.9826532793307058 0
    outer loop
      vertex 93.32352735123835 55.53010227795902 18.6
      vertex 93.32352735123835 55.53010227795902 19.414366106925314
      vertex 93.51639339558622 55.49370343786721 18.6
    endloop
  endfacet
  facet normal 0.08824237052037111 0.996099033251687 0
    outer loop
      vertex 93.51639339558622 55.49370343786721 18.6
      vertex 93.51639339558622 55.49370343786721 19.64032155438654
      vertex 93.71189844743202 55.47638404627292 18.6
    endloop
  endfacet
  facet normal -0.009817319337185234 0.9999518089593277 0
    outer loop
      vertex 93.71189844743202 55.47638404627292 18.6
      vertex 93.71189844743202 55.47638404627292 19.840752956465874
      vertex 93.90815968625253 55.47831089838494 18.6
    endloop
  endfacet
  facet normal 0.18545223811162226 0.9826532793307058 0
    outer loop
      vertex 93.51639339558622 55.49370343786721 18.6
      vertex 93.32352735123835 55.53010227795902 19.414366106925314
      vertex 93.51639339558622 55.49370343786721 19.64032155438654
    endloop
  endfacet
  facet normal -0.10778246304273255 0.9941745021174312 0
    outer loop
      vertex 93.90815968625253 55.47831089838494 18.6
      vertex 93.90815968625253 55.47831089838494 20
      vertex 94.10328700903061 55.49946543756409 18.6
    endloop
  endfacet
  facet normal 0.08824237052037111 0.996099033251687 0
    outer loop
      vertex 93.71189844743202 55.47638404627292 18.6
      vertex 93.51639339558622 55.49370343786721 19.64032155438654
      vertex 93.71189844743202 55.47638404627292 19.840752956465874
    endloop
  endfacet
  facet normal -0.2047096027093809 0.978822751349072 0
    outer loop
      vertex 94.10328700903061 55.49946543756409 18.6
      vertex 94.10328700903061 55.49946543756409 20
      vertex 94.29540123298047 55.53964393403385 18.6
    endloop
  endfacet
  facet normal -0.2996652769962689 0.9540444024062767 0
    outer loop
      vertex 94.29540123298047 55.53964393403385 18.6
      vertex 94.29540123298047 55.53964393403385 20
      vertex 94.48265219310514 55.5984594469094 18.6
    endloop
  endfacet
  facet normal -0.3917350108519324 0.9200780843346049 0
    outer loop
      vertex 94.48265219310514 55.5984594469094 18.6
      vertex 94.48265219310514 55.5984594469094 20
      vertex 94.66323656029684 55.67534555064992 18.6
    endloop
  endfacet
  facet normal -0.48003212240903215 0.8772509113449128 0
    outer loop
      vertex 94.66323656029684 55.67534555064992 18.6
      vertex 94.66323656029684 55.67534555064992 20
      vertex 94.83541520838205 55.76956179004618 18.6
    endloop
  endfacet
  facet normal -0.5637062622149879 0.8259753325248929 0
    outer loop
      vertex 94.83541520838205 55.76956179004618 18.6
      vertex 94.83541520838205 55.76956179004618 20
      vertex 94.9975299628573 55.88020081120895 18.6
    endloop
  endfacet
  facet normal -0.64195160256273 0.7667451597285391 0
    outer loop
      vertex 94.9975299628573 55.88020081120895 18.6
      vertex 94.9975299628573 55.88020081120895 20
      vertex 95.14801957001603 56.006197099882996 18.6
    endloop
  endfacet
  facet normal -0.7140145980512788 0.7001308118985129 0
    outer loop
      vertex 95.14801957001603 56.006197099882996 18.6
      vertex 95.14801957001603 56.006197099882996 20
      vertex 95.28543473267534 56.14633724293181 18.6
    endloop
  endfacet
  facet normal -0.9275919352557166 0.3735949700525351 0
    outer loop
      vertex 95.60670442660032 56.63752264367951 18.6
      vertex 95.60670442660032 56.63752264367951 19.840752956465874
      vertex 95.68003017188391 56.81958175963098 18.6
    endloop
  endfacet
  facet normal -0.9960990332516839 0.08824237052040704 0
    outer loop
      vertex 95.77155675983731 57.200817435390434 18.6
      vertex 95.77155675983731 57.200817435390434 19.165062688561072
      vertex 95.78887615143161 57.39632248723623 18.6
    endloop
  endfacet
  facet normal -0.9826532793307082 0.18545223811160902 0
    outer loop
      vertex 95.7351579197455 57.00795139104255 18.6
      vertex 95.7351579197455 57.00795139104255 19.414366106925314
      vertex 95.77155675983731 57.200817435390434 18.6
    endloop
  endfacet
  facet normal -0.9960990332516839 0.08824237052040702 0
    outer loop
      vertex 95.78887615143161 57.39632248723623 18.6
      vertex 95.77155675983731 57.200817435390434 19.165062688561072
      vertex 95.78887615143161 57.39632248723623 18.894812227495784
    endloop
  endfacet
  facet normal -0.9597440371568667 0.2808760992712604 0
    outer loop
      vertex 95.68003017188391 56.81958175963098 18.6
      vertex 95.68003017188391 56.81958175963098 19.64032155438654
      vertex 95.7351579197455 57.00795139104255 18.6
    endloop
  endfacet
  facet normal -0.9826532793307083 0.18545223811160905 0
    outer loop
      vertex 95.77155675983731 57.200817435390434 18.6
      vertex 95.7351579197455 57.00795139104255 19.414366106925314
      vertex 95.77155675983731 57.200817435390434 19.165062688561072
    endloop
  endfacet
  facet normal -0.7792012426404802 0.626773821619515 0
    outer loop
      vertex 95.28543473267534 56.14633724293181 18.6
      vertex 95.28543473267534 56.14633724293181 20
      vertex 95.40845206770005 56.29927161416942 18.6
    endloop
  endfacet
  facet normal -0.8368837533084369 0.5473806568087545 0
    outer loop
      vertex 95.40845206770005 56.29927161416942 18.6
      vertex 95.40845206770005 56.29927161416942 20
      vertex 95.51588685090573 56.463527371998396 18.6
    endloop
  endfacet
  facet normal -0.8865066159447322 0.46271591704437737 0
    outer loop
      vertex 95.51588685090573 56.463527371998396 18.6
      vertex 95.51588685090573 56.463527371998396 20
      vertex 95.60670442660032 56.63752264367951 18.6
    endloop
  endfacet
  facet normal -0.9275919352557166 0.37359497005253517 0
    outer loop
      vertex 95.68003017188391 56.81958175963098 18.6
      vertex 95.60670442660032 56.63752264367951 19.840752956465874
      vertex 95.68003017188391 56.81958175963098 19.64032155438654
    endloop
  endfacet
  facet normal -0.9597440371568666 0.2808760992712604 0
    outer loop
      vertex 95.7351579197455 57.00795139104255 18.6
      vertex 95.68003017188391 56.81958175963098 19.64032155438654
      vertex 95.7351579197455 57.00795139104255 19.414366106925314
    endloop
  endfacet
  facet normal -0.009817319337181753 0.9999518089593277 5.505453849951166e-16
    outer loop
      vertex 93.90815968625253 55.47831089838494 18.6
      vertex 93.71189844743202 55.47638404627292 19.840752956465874
      vertex 93.88123537634135 55.47804656109792 19.990000000000002
    endloop
  endfacet
  facet normal -0.009817319337210176 0.9999518089593274 0
    outer loop
      vertex 93.90815968625253 55.47831089838494 18.6
      vertex 93.88123537634135 55.47804656109792 19.990000000000002
      vertex 93.90815968625253 55.47831089838494 20
    endloop
  endfacet
  facet normal -0.10778246304273255 0.9941745021174312 0
    outer loop
      vertex 94.10328700903061 55.49946543756409 18.6
      vertex 93.90815968625253 55.47831089838494 20
      vertex 94.10328700903061 55.49946543756409 20
    endloop
  endfacet
  facet normal -0.2047096027093809 0.978822751349072 0
    outer loop
      vertex 94.29540123298047 55.53964393403385 18.6
      vertex 94.10328700903061 55.49946543756409 20
      vertex 94.29540123298047 55.53964393403385 20
    endloop
  endfacet
  facet normal -0.2996652769962689 0.9540444024062767 0
    outer loop
      vertex 94.48265219310514 55.5984594469094 18.6
      vertex 94.29540123298047 55.53964393403385 20
      vertex 94.48265219310514 55.5984594469094 20
    endloop
  endfacet
  facet normal -0.3917350108519324 0.9200780843346049 0
    outer loop
      vertex 94.66323656029684 55.67534555064992 18.6
      vertex 94.48265219310514 55.5984594469094 20
      vertex 94.66323656029684 55.67534555064992 20
    endloop
  endfacet
  facet normal -0.009817319337210173 0.9999518089593273 0
    outer loop
      vertex 93.88123537634135 55.47804656109792 19.990000000000002
      vertex 93.88123537634135 55.47804656109792 20
      vertex 93.90815968625253 55.47831089838494 20
    endloop
  endfacet
  facet normal -0.48003212240903215 0.8772509113449128 0
    outer loop
      vertex 94.83541520838205 55.76956179004618 18.6
      vertex 94.66323656029684 55.67534555064992 20
      vertex 94.83541520838205 55.76956179004618 20
    endloop
  endfacet
  facet normal -0.5637062622149879 0.8259753325248929 0
    outer loop
      vertex 94.9975299628573 55.88020081120895 18.6
      vertex 94.83541520838205 55.76956179004618 20
      vertex 94.9975299628573 55.88020081120895 20
    endloop
  endfacet
  facet normal -0.64195160256273 0.7667451597285391 0
    outer loop
      vertex 95.14801957001603 56.006197099882996 18.6
      vertex 94.9975299628573 55.88020081120895 20
      vertex 95.14801957001603 56.006197099882996 20
    endloop
  endfacet
  facet normal -0.7140145980512788 0.7001308118985129 0
    outer loop
      vertex 95.28543473267534 56.14633724293181 18.6
      vertex 95.14801957001603 56.006197099882996 20
      vertex 95.28543473267534 56.14633724293181 20
    endloop
  endfacet
  facet normal -0.7792012426404802 0.626773821619515 0
    outer loop
      vertex 95.40845206770005 56.29927161416942 18.6
      vertex 95.28543473267534 56.14633724293181 20
      vertex 95.40845206770005 56.29927161416942 20
    endloop
  endfacet
  facet normal -0.8865066159447449 0.462715917044353 0
    outer loop
      vertex 95.60670442660032 56.63752264367951 18.6
      vertex 95.52834575806477 56.48739710117149 19.990000000000002
      vertex 95.60670442660032 56.63752264367951 19.840752956465874
    endloop
  endfacet
  facet normal -0.886506615944648 0.46271591704453874 2.5535524134360325e-14
    outer loop
      vertex 95.60670442660032 56.63752264367951 18.6
      vertex 95.51588685090573 56.463527371998396 20
      vertex 95.52834575806477 56.48739710117149 19.990000000000002
    endloop
  endfacet
  facet normal -0.8368837533084369 0.5473806568087545 0
    outer loop
      vertex 95.51588685090573 56.463527371998396 18.6
      vertex 95.40845206770005 56.29927161416942 20
      vertex 95.51588685090573 56.463527371998396 20
    endloop
  endfacet
  facet normal -0.8865066159446523 0.4627159170445302 0
    outer loop
      vertex 95.52834575806477 56.48739710117149 19.990000000000002
      vertex 95.51588685090573 56.463527371998396 20
      vertex 95.52834575806477 56.48739710117149 20
    endloop
  endfacet
  facet normal -0.4627159170443465 -0.8865066159447483 0
    outer loop
      vertex 94.79514580306711 59.20374901532875 18.6
      vertex 94.62773755402502 59.29112846640453 18.87766937035292
      vertex 94.62773755402502 59.29112846640453 18.6
    endloop
  endfacet
  facet normal -0.3735949700524975 -0.9275919352557317 0
    outer loop
      vertex 94.44567843807353 59.36445421168813 18.6
      vertex 94.62773755402502 59.29112846640453 18.6
      vertex 94.62773755402502 59.29112846640453 18.87766937035292
    endloop
  endfacet
  facet normal 0.009817319337149034 -0.9999518089593279 0
    outer loop
      vertex 93.67267647164778 59.4713733391238 18.6
      vertex 93.86893771046829 59.473300191235815 18.6
      vertex 93.86893771046829 59.473300191235815 19.82361009932302
    endloop
  endfacet
  facet normal -0.18545223811162226 -0.9826532793307059 0
    outer loop
      vertex 94.06444276231409 59.45598079964152 18.6
      vertex 94.25730880666195 59.41958195954972 18.6
      vertex 94.25730880666195 59.41958195954972 19.39722324978245
    endloop
  endfacet
  facet normal -0.2808760992712604 -0.9597440371568667 0
    outer loop
      vertex 94.25730880666195 59.41958195954972 18.6
      vertex 94.44567843807353 59.36445421168813 18.6
      vertex 94.44567843807353 59.36445421168813 19.14791983141823
    endloop
  endfacet
  facet normal -0.3735949700524974 -0.9275919352557316 0
    outer loop
      vertex 94.44567843807353 59.36445421168813 18.6
      vertex 94.62773755402502 59.29112846640453 18.87766937035292
      vertex 94.44567843807353 59.36445421168813 19.14791983141823
    endloop
  endfacet
  facet normal -0.08824237052037112 -0.9960990332516869 0
    outer loop
      vertex 93.86893771046829 59.473300191235815 18.6
      vertex 94.06444276231409 59.45598079964152 18.6
      vertex 94.06444276231409 59.45598079964152 19.623178697243674
    endloop
  endfacet
  facet normal -0.2808760992712604 -0.9597440371568666 0
    outer loop
      vertex 94.25730880666195 59.41958195954972 18.6
      vertex 94.44567843807353 59.36445421168813 19.14791983141823
      vertex 94.25730880666195 59.41958195954972 19.39722324978245
    endloop
  endfacet
  facet normal 0.2047096027093809 -0.978822751349072 0
    outer loop
      vertex 93.28543492491984 59.41004030347489 18.6
      vertex 93.4775491488697 59.45021879994464 18.6
      vertex 93.4775491488697 59.45021879994464 20
    endloop
  endfacet
  facet normal 0.10778246304276833 -0.9941745021174273 0
    outer loop
      vertex 93.4775491488697 59.45021879994464 18.6
      vertex 93.67267647164778 59.4713733391238 18.6
      vertex 93.67267647164778 59.4713733391238 20
    endloop
  endfacet
  facet normal -0.08824237052037112 -0.996099033251687 0
    outer loop
      vertex 93.86893771046829 59.473300191235815 18.6
      vertex 94.06444276231409 59.45598079964152 19.623178697243674
      vertex 93.86893771046829 59.473300191235815 19.82361009932302
    endloop
  endfacet
  facet normal -0.18545223811162226 -0.9826532793307059 0
    outer loop
      vertex 94.06444276231409 59.45598079964152 18.6
      vertex 94.25730880666195 59.41958195954972 19.39722324978245
      vertex 94.06444276231409 59.45598079964152 19.623178697243674
    endloop
  endfacet
  facet normal 0.009817319337149978 -0.9999518089593281 -1.512171558094635e-16
    outer loop
      vertex 93.67267647164778 59.4713733391238 18.6
      vertex 93.86893771046829 59.473300191235815 19.82361009932302
      vertex 93.68015035418323 59.471446716151455 19.990000000000002
    endloop
  endfacet
  facet normal 0.009817319337121669 -0.9999518089593283 0
    outer loop
      vertex 93.67267647164778 59.4713733391238 18.6
      vertex 93.68015035418323 59.471446716151455 19.990000000000002
      vertex 93.68015035418323 59.471446716151455 20
    endloop
  endfacet
  facet normal 0.2047096027093809 -0.978822751349072 0
    outer loop
      vertex 93.28543492491984 59.41004030347489 18.6
      vertex 93.4775491488697 59.45021879994464 20
      vertex 93.28543492491984 59.41004030347489 20
    endloop
  endfacet
  facet normal 0.10778246304276833 -0.9941745021174273 0
    outer loop
      vertex 93.4775491488697 59.45021879994464 18.6
      vertex 93.67267647164778 59.4713733391238 20
      vertex 93.4775491488697 59.45021879994464 20
    endloop
  endfacet
  facet normal 0.009817319337121856 -0.9999518089593283 0
    outer loop
      vertex 93.67267647164778 59.4713733391238 18.6
      vertex 93.68015035418323 59.471446716151455 20
      vertex 93.67267647164778 59.4713733391238 20
    endloop
  endfacet
  facet normal 0.9861049757675155 0.16612337814572473 0
    outer loop
      vertex 81.6898901044769 71.01799407992989 18.6
      vertex 81.65851930209355 71.20421052140452 18.6
      vertex 81.65851930209355 71.20421052140452 18.87766937035292
    endloop
  endfacet
  facet normal 0.9976395492470143 0.06866825888439362 0
    outer loop
      vertex 81.65851930209355 71.20421052140452 18.6
      vertex 81.64504173503927 71.40001793139893 19.1479198314182
      vertex 81.65851930209355 71.20421052140452 18.87766937035292
    endloop
  endfacet
  facet normal 0.9976395492470144 0.06866825888439362 0
    outer loop
      vertex 81.64504173503927 71.40001793139893 18.6
      vertex 81.64504173503927 71.40001793139893 19.1479198314182
      vertex 81.65851930209355 71.20421052140452 18.6
    endloop
  endfacet
  facet normal 0.9995663085020202 -0.02944817324799788 0
    outer loop
      vertex 81.64504173503927 71.40001793139893 18.6
      vertex 81.65082154853715 71.5962035077759 18.6
      vertex 81.65082154853715 71.5962035077759 19.397223249782453
    endloop
  endfacet
  facet normal 0.9995663085020202 -0.02944817324799788 0
    outer loop
      vertex 81.64504173503927 71.40001793139893 18.6
      vertex 81.65082154853715 71.5962035077759 19.397223249782453
      vertex 81.64504173503927 71.40001793139893 19.1479198314182
    endloop
  endfacet
  facet normal 0.991866697787627 -0.1272810033739063 0
    outer loop
      vertex 81.65082154853715 71.5962035077759 18.6
      vertex 81.67580307982362 71.79087787618892 18.6
      vertex 81.67580307982362 71.79087787618892 19.623178697243667
    endloop
  endfacet
  facet normal 0.9746148685640424 -0.2238880478585099 0
    outer loop
      vertex 81.67580307982362 71.79087787618892 18.6
      vertex 81.71974574309611 71.98216621605035 18.6
      vertex 81.71974574309611 71.98216621605035 19.823610099323012
    endloop
  endfacet
  facet normal 0.9918666977876269 -0.12728100337390627 0
    outer loop
      vertex 81.65082154853715 71.5962035077759 18.6
      vertex 81.67580307982362 71.79087787618892 19.623178697243667
      vertex 81.65082154853715 71.5962035077759 19.397223249782453
    endloop
  endfacet
  facet normal 0.9746148685640423 -0.22388804785850988 0
    outer loop
      vertex 81.67580307982362 71.79087787618892 18.6
      vertex 81.71974574309611 71.98216621605035 19.823610099323012
      vertex 81.67580307982362 71.79087787618892 19.623178697243667
    endloop
  endfacet
  facet normal 0.9479769653775141 -0.31833892805253905 -4.718064735156815e-15
    outer loop
      vertex 81.71974574309611 71.98216621605035 18.6
      vertex 81.7822263464858 72.1682263160785 18.6
      vertex 81.77984700406809 72.16114090613966 19.990000000000002
    endloop
  endfacet
  facet normal 0.9479769653775029 -0.3183389280525719 0
    outer loop
      vertex 81.71974574309611 71.98216621605035 18.6
      vertex 81.77984700406809 72.16114090613966 19.990000000000002
      vertex 81.71974574309611 71.98216621605035 19.823610099323012
    endloop
  endfacet
  facet normal 0.4097240303487582 0.9122095257969903 0
    outer loop
      vertex 82.9157152162451 69.5768554468026 18.6
      vertex 82.91205542966864 69.57849926049224 18.6
      vertex 82.9157152162451 69.5768554468026 18.60621738340342
    endloop
  endfacet
  facet normal 0.318338928052626 0.9479769653774849 0
    outer loop
      vertex 82.9157152162451 69.5768554468026 18.6
      vertex 82.9157152162451 69.5768554468026 18.60621738340342
      vertex 83.10177531627325 69.5143748434129 18.6
    endloop
  endfacet
  facet normal 0.3183389280526259 0.9479769653774848 0
    outer loop
      vertex 82.9157152162451 69.5768554468026 18.60621738340342
      vertex 83.10177531627325 69.5143748434129 18.894812227495784
      vertex 83.10177531627325 69.5143748434129 18.6
    endloop
  endfacet
  facet normal 0.22388804785842534 0.9746148685640619 0
    outer loop
      vertex 83.10177531627325 69.5143748434129 18.6
      vertex 83.10177531627325 69.5143748434129 18.894812227495784
      vertex 83.29306365613469 69.47043218014042 18.6
    endloop
  endfacet
  facet normal 0.12728100337389714 0.9918666977876281 0
    outer loop
      vertex 83.29306365613469 69.47043218014042 18.6
      vertex 83.29306365613469 69.47043218014042 19.165062688561054
      vertex 83.48773802454772 69.44545064885395 18.6
    endloop
  endfacet
  facet normal 0.2238880478584253 0.9746148685640618 0
    outer loop
      vertex 83.29306365613469 69.47043218014042 18.6
      vertex 83.10177531627325 69.5143748434129 18.894812227495784
      vertex 83.29306365613469 69.47043218014042 19.165062688561054
    endloop
  endfacet
  facet normal 0.029448173247929803 0.9995663085020223 0
    outer loop
      vertex 83.48773802454772 69.44545064885395 18.6
      vertex 83.48773802454772 69.44545064885395 19.41436610692531
      vertex 83.68392360092466 69.43967083535608 18.6
    endloop
  endfacet
  facet normal 0.1272810033738971 0.991866697787628 0
    outer loop
      vertex 83.48773802454772 69.44545064885395 18.6
      vertex 83.29306365613469 69.47043218014042 19.165062688561054
      vertex 83.48773802454772 69.44545064885395 19.41436610692531
    endloop
  endfacet
  facet normal -0.0686682588843166 0.9976395492470197 0
    outer loop
      vertex 83.68392360092466 69.43967083535608 18.6
      vertex 83.68392360092466 69.43967083535608 19.640321554386503
      vertex 83.87973101091909 69.45314840241035 18.6
    endloop
  endfacet
  facet normal -0.16612337814579764 0.9861049757675033 0
    outer loop
      vertex 83.87973101091909 69.45314840241035 18.6
      vertex 83.87973101091909 69.45314840241035 19.84075295646587
      vertex 84.07327452213352 69.48575355367846 18.6
    endloop
  endfacet
  facet normal 0.029448173247929803 0.9995663085020223 0
    outer loop
      vertex 83.68392360092466 69.43967083535608 18.6
      vertex 83.48773802454772 69.44545064885395 19.41436610692531
      vertex 83.68392360092466 69.43967083535608 19.640321554386503
    endloop
  endfacet
  facet normal -0.0686682588843166 0.9976395492470196 0
    outer loop
      vertex 83.87973101091909 69.45314840241035 18.6
      vertex 83.68392360092466 69.43967083535608 19.640321554386503
      vertex 83.87973101091909 69.45314840241035 19.84075295646587
    endloop
  endfacet
  facet normal -0.26197863846328634 0.9650736723115613 0
    outer loop
      vertex 84.07327452213352 69.48575355367846 18.6
      vertex 84.07327452213352 69.48575355367846 20
      vertex 84.2626902047533 69.53717228372989 18.6
    endloop
  endfacet
  facet normal -0.3553109012804579 0.9347481818282766 0
    outer loop
      vertex 84.2626902047533 69.53717228372989 18.6
      vertex 84.2626902047533 69.53717228372989 20
      vertex 84.44615388220969 69.60690940208593 18.6
    endloop
  endfacet
  facet normal -0.4452213258854861 0.8954205553686881 0
    outer loop
      vertex 84.44615388220969 69.60690940208593 18.6
      vertex 84.44615388220969 69.60690940208593 20
      vertex 84.62189869899731 69.69429330217461 18.6
    endloop
  endfacet
  facet normal -0.16612337814575978 0.9861049757675098 6.074312065344704e-15
    outer loop
      vertex 84.07327452213352 69.48575355367846 18.6
      vertex 83.87973101091909 69.45314840241035 19.84075295646587
      vertex 84.04672304661777 69.48128058080455 19.990000000000002
    endloop
  endfacet
  facet normal -0.166123378146069 0.9861049757674577 0
    outer loop
      vertex 84.07327452213352 69.48575355367846 18.6
      vertex 84.04672304661777 69.48128058080455 19.990000000000002
      vertex 84.07327452213352 69.48575355367846 20
    endloop
  endfacet
  facet normal -0.26197863846328634 0.9650736723115613 0
    outer loop
      vertex 84.2626902047533 69.53717228372989 18.6
      vertex 84.07327452213352 69.48575355367846 20
      vertex 84.2626902047533 69.53717228372989 20
    endloop
  endfacet
  facet normal -0.3553109012804579 0.9347481818282766 0
    outer loop
      vertex 84.44615388220969 69.60690940208593 18.6
      vertex 84.2626902047533 69.53717228372989 20
      vertex 84.44615388220969 69.60690940208593 20
    endloop
  endfacet
  facet normal -0.4452213258854861 0.8954205553686881 0
    outer loop
      vertex 84.62189869899731 69.69429330217461 18.6
      vertex 84.44615388220969 69.60690940208593 20
      vertex 84.62189869899731 69.69429330217461 20
    endloop
  endfacet
  facet normal -0.166123378146069 0.9861049757674577 0
    outer loop
      vertex 84.04672304661777 69.48128058080455 19.990000000000002
      vertex 84.04672304661777 69.48128058080455 20
      vertex 84.07327452213352 69.48575355367846 20
    endloop
  endfacet
  facet normal -0.5308440257394637 0.8474695394742632 0
    outer loop
      vertex 84.62189869899731 69.69429330217461 18.6
      vertex 84.62189869899731 69.69429330217461 20
      vertex 84.78823213645863 69.79848242926917 18.6
    endloop
  endfacet
  facet normal -0.6113544074368775 0.7913569286406132 0
    outer loop
      vertex 84.78823213645863 69.79848242926917 18.6
      vertex 84.78823213645863 69.79848242926917 20
      vertex 84.94355231266377 69.91847338512015 18.6
    endloop
  endfacet
  facet normal -0.6859771119901455 0.7276231179846193 0
    outer loop
      vertex 84.94355231266377 69.91847338512015 18.6
      vertex 84.94355231266377 69.91847338512015 20
      vertex 85.08636340940924 70.05311059122893 18.6
    endloop
  endfacet
  facet normal -0.7539934819618959 0.6568818989430111 0
    outer loop
      vertex 85.08636340940924 70.05311059122893 18.6
      vertex 85.08636340940924 70.05311059122893 20
      vertex 85.21529007776489 70.20109741770054 18.6
    endloop
  endfacet
  facet normal -0.8147484825274827 0.5798145481265231 0
    outer loop
      vertex 85.21529007776489 70.20109741770054 18.6
      vertex 85.21529007776489 70.20109741770054 20
      vertex 85.32909068343598 70.36100867049821 18.6
    endloop
  endfacet
  facet normal -0.867657009819553 0.49716326625263896 0
    outer loop
      vertex 85.32909068343598 70.36100867049821 18.6
      vertex 85.32909068343598 70.36100867049821 20
      vertex 85.42666926438014 70.53130431684112 18.6
    endloop
  endfacet
  facet normal -0.5308440257394637 0.8474695394742632 0
    outer loop
      vertex 84.78823213645863 69.79848242926917 18.6
      vertex 84.62189869899731 69.69429330217461 20
      vertex 84.78823213645863 69.79848242926917 20
    endloop
  endfacet
  facet normal -0.6113544074368775 0.7913569286406132 0
    outer loop
      vertex 84.94355231266377 69.91847338512015 18.6
      vertex 84.78823213645863 69.79848242926917 20
      vertex 84.94355231266377 69.91847338512015 20
    endloop
  endfacet
  facet normal -0.6859771119901455 0.7276231179846193 0
    outer loop
      vertex 85.08636340940924 70.05311059122893 18.6
      vertex 84.94355231266377 69.91847338512015 20
      vertex 85.08636340940924 70.05311059122893 20
    endloop
  endfacet
  facet normal -0.7539934819618959 0.6568818989430111 0
    outer loop
      vertex 85.21529007776489 70.20109741770054 18.6
      vertex 85.08636340940924 70.05311059122893 20
      vertex 85.21529007776489 70.20109741770054 20
    endloop
  endfacet
  facet normal -0.8147484825274827 0.5798145481265231 0
    outer loop
      vertex 85.32909068343598 70.36100867049821 18.6
      vertex 85.21529007776489 70.20109741770054 20
      vertex 85.32909068343598 70.36100867049821 20
    endloop
  endfacet
  facet normal -0.867657009819553 0.49716326625263896 0
    outer loop
      vertex 85.42666926438014 70.53130431684112 18.6
      vertex 85.32909068343598 70.36100867049821 20
      vertex 85.42666926438014 70.53130431684112 20
    endloop
  endfacet
  facet normal -0.22388804785842534 -0.9746148685640618 0
    outer loop
      vertex 83.99624877587212 73.40813845249998 18.6
      vertex 84.18753711573356 73.36419578922751 18.6
      vertex 84.18753711573356 73.36419578922751 18.877669370352926
    endloop
  endfacet
  facet normal -0.31833892805259695 -0.9479769653774945 0
    outer loop
      vertex 84.18753711573356 73.36419578922751 18.6
      vertex 84.36655344911644 73.30408054407457 18.6
      vertex 84.18753711573356 73.36419578922751 18.877669370352926
    endloop
  endfacet
  facet normal -0.9650736723115286 -0.2619786384634069 0
    outer loop
      vertex 85.59713691978504 71.8717755000961 18.6
      vertex 85.59818797864516 71.8679036224503 18.6
      vertex 85.59818797864516 71.8679036224503 18.60621738340342
    endloop
  endfacet
  facet normal -0.9861049757675132 -0.1661233781457391 0
    outer loop
      vertex 85.63079312991326 71.67436011123588 18.6
      vertex 85.63079312991326 71.67436011123588 18.894812227495777
      vertex 85.59818797864516 71.8679036224503 18.6
    endloop
  endfacet
  facet normal -0.9861049757675132 -0.16612337814573913 0
    outer loop
      vertex 85.59818797864516 71.8679036224503 18.6
      vertex 85.63079312991326 71.67436011123588 18.894812227495777
      vertex 85.59818797864516 71.8679036224503 18.60621738340342
    endloop
  endfacet
  facet normal 0.9122095257974587 -0.40972403034771526 0
    outer loop
      vertex 81.7822263464858 72.1682263160785 18.6
      vertex 81.86264316762667 72.34726631579929 18.6
      vertex 81.86264316762667 72.34726631579929 20
    endloop
  endfacet
  facet normal 0.8676570098195842 -0.4971632662525844 0
    outer loop
      vertex 81.86264316762667 72.34726631579929 18.6
      vertex 81.96022174857082 72.5175619621422 18.6
      vertex 81.96022174857082 72.5175619621422 20
    endloop
  endfacet
  facet normal 0.8147484825274484 -0.5798145481265712 0
    outer loop
      vertex 81.96022174857082 72.5175619621422 18.6
      vertex 82.07402235424192 72.67747321493987 18.6
      vertex 82.07402235424192 72.67747321493987 20
    endloop
  endfacet
  facet normal 0.7539934819618959 -0.6568818989430111 0
    outer loop
      vertex 82.07402235424192 72.67747321493987 18.6
      vertex 82.20294902259756 72.82546004141147 18.6
      vertex 82.20294902259756 72.82546004141147 20
    endloop
  endfacet
  facet normal 0.68597711199022 -0.727623117984549 0
    outer loop
      vertex 82.20294902259756 72.82546004141147 18.6
      vertex 82.34576011934303 72.96009724752027 18.6
      vertex 82.34576011934303 72.96009724752027 20
    endloop
  endfacet
  facet normal 0.611354407436797 -0.7913569286406752 0
    outer loop
      vertex 82.34576011934303 72.96009724752027 18.6
      vertex 82.50108029554818 73.08008820337123 18.6
      vertex 82.50108029554818 73.08008820337123 20
    endloop
  endfacet
  facet normal 0.5308440257394637 -0.8474695394742632 0
    outer loop
      vertex 82.50108029554818 73.08008820337123 18.6
      vertex 82.6674137330095 73.18427733046579 18.6
      vertex 82.6674137330095 73.18427733046579 20
    endloop
  endfacet
  facet normal 0.44522132588551483 -0.8954205553686736 0
    outer loop
      vertex 82.6674137330095 73.18427733046579 18.6
      vertex 82.84315854979711 73.27166123055447 18.6
      vertex 82.84315854979711 73.27166123055447 20
    endloop
  endfacet
  facet normal 0.3553109012804338 -0.9347481818282856 0
    outer loop
      vertex 82.84315854979711 73.27166123055447 18.6
      vertex 83.02662222725351 73.34139834891052 18.6
      vertex 83.02662222725351 73.34139834891052 20
    endloop
  endfacet
  facet normal 0.26197863846328634 -0.9650736723115613 0
    outer loop
      vertex 83.02662222725351 73.34139834891052 18.6
      vertex 83.2160379098733 73.39281707896194 18.6
      vertex 83.2160379098733 73.39281707896194 20
    endloop
  endfacet
  facet normal -0.02944817324792767 -0.9995663085020223 0
    outer loop
      vertex 83.60538883108214 73.43889979728432 18.6
      vertex 83.80157440745909 73.43311998378645 18.6
      vertex 83.80157440745909 73.43311998378645 19.397223249782456
    endloop
  endfacet
  facet normal 0.06866825888432156 -0.9976395492470193 0
    outer loop
      vertex 83.40958142108772 73.42542223023005 18.6
      vertex 83.60538883108214 73.43889979728432 18.6
      vertex 83.60538883108214 73.43889979728432 19.623178697243667
    endloop
  endfacet
  facet normal 0.16612337814579767 -0.9861049757675033 0
    outer loop
      vertex 83.2160379098733 73.39281707896194 18.6
      vertex 83.40958142108772 73.42542223023005 18.6
      vertex 83.40958142108772 73.42542223023005 19.823610099323012
    endloop
  endfacet
  facet normal -0.1272810033738971 -0.9918666977876281 0
    outer loop
      vertex 83.80157440745909 73.43311998378645 18.6
      vertex 83.99624877587212 73.40813845249998 19.1479198314182
      vertex 83.80157440745909 73.43311998378645 19.397223249782456
    endloop
  endfacet
  facet normal -0.1272810033738971 -0.991866697787628 0
    outer loop
      vertex 83.80157440745909 73.43311998378645 18.6
      vertex 83.99624877587212 73.40813845249998 18.6
      vertex 83.99624877587212 73.40813845249998 19.1479198314182
    endloop
  endfacet
  facet normal -0.2238880478584253 -0.9746148685640618 0
    outer loop
      vertex 83.99624877587212 73.40813845249998 18.6
      vertex 84.18753711573356 73.36419578922751 18.877669370352926
      vertex 83.99624877587212 73.40813845249998 19.1479198314182
    endloop
  endfacet
  facet normal -0.029448173247927673 -0.9995663085020223 0
    outer loop
      vertex 83.60538883108214 73.43889979728432 18.6
      vertex 83.80157440745909 73.43311998378645 19.397223249782456
      vertex 83.60538883108214 73.43889979728432 19.623178697243667
    endloop
  endfacet
  facet normal 0.06866825888432156 -0.9976395492470193 0
    outer loop
      vertex 83.40958142108772 73.42542223023005 18.6
      vertex 83.60538883108214 73.43889979728432 19.623178697243667
      vertex 83.40958142108772 73.42542223023005 19.823610099323012
    endloop
  endfacet
  facet normal 0.9479769653777924 -0.3183389280517099 0
    outer loop
      vertex 81.7822263464858 72.1682263160785 18.6
      vertex 81.77984700406809 72.16114090613966 20
      vertex 81.77984700406809 72.16114090613966 19.990000000000002
    endloop
  endfacet
  facet normal 0.9479769653777933 -0.31833892805170727 0
    outer loop
      vertex 81.7822263464858 72.1682263160785 18.6
      vertex 81.7822263464858 72.1682263160785 20
      vertex 81.77984700406809 72.16114090613966 20
    endloop
  endfacet
  facet normal 0.9122095257974587 -0.40972403034771526 0
    outer loop
      vertex 81.7822263464858 72.1682263160785 18.6
      vertex 81.86264316762667 72.34726631579929 20
      vertex 81.7822263464858 72.1682263160785 20
    endloop
  endfacet
  facet normal 0.8676570098195842 -0.4971632662525844 0
    outer loop
      vertex 81.86264316762667 72.34726631579929 18.6
      vertex 81.96022174857082 72.5175619621422 20
      vertex 81.86264316762667 72.34726631579929 20
    endloop
  endfacet
  facet normal 0.8147484825274484 -0.5798145481265712 0
    outer loop
      vertex 81.96022174857082 72.5175619621422 18.6
      vertex 82.07402235424192 72.67747321493987 20
      vertex 81.96022174857082 72.5175619621422 20
    endloop
  endfacet
  facet normal 0.7539934819618959 -0.6568818989430111 0
    outer loop
      vertex 82.07402235424192 72.67747321493987 18.6
      vertex 82.20294902259756 72.82546004141147 20
      vertex 82.07402235424192 72.67747321493987 20
    endloop
  endfacet
  facet normal 0.68597711199022 -0.727623117984549 0
    outer loop
      vertex 82.20294902259756 72.82546004141147 18.6
      vertex 82.34576011934303 72.96009724752027 20
      vertex 82.20294902259756 72.82546004141147 20
    endloop
  endfacet
  facet normal 0.611354407436797 -0.7913569286406752 0
    outer loop
      vertex 82.34576011934303 72.96009724752027 18.6
      vertex 82.50108029554818 73.08008820337123 20
      vertex 82.34576011934303 72.96009724752027 20
    endloop
  endfacet
  facet normal 0.5308440257394637 -0.8474695394742632 0
    outer loop
      vertex 82.50108029554818 73.08008820337123 18.6
      vertex 82.6674137330095 73.18427733046579 20
      vertex 82.50108029554818 73.08008820337123 20
    endloop
  endfacet
  facet normal 0.44522132588551483 -0.8954205553686736 0
    outer loop
      vertex 82.6674137330095 73.18427733046579 18.6
      vertex 82.84315854979711 73.27166123055447 20
      vertex 82.6674137330095 73.18427733046579 20
    endloop
  endfacet
  facet normal 0.3553109012804338 -0.9347481818282856 0
    outer loop
      vertex 82.84315854979711 73.27166123055447 18.6
      vertex 83.02662222725351 73.34139834891052 20
      vertex 82.84315854979711 73.27166123055447 20
    endloop
  endfacet
  facet normal 0.26197863846328634 -0.9650736723115613 0
    outer loop
      vertex 83.02662222725351 73.34139834891052 18.6
      vertex 83.2160379098733 73.39281707896194 20
      vertex 83.02662222725351 73.34139834891052 20
    endloop
  endfacet
  facet normal 0.1661233781457836 -0.9861049757675058 2.29056469459312e-15
    outer loop
      vertex 83.2160379098733 73.39281707896194 18.6
      vertex 83.40958142108772 73.42542223023005 19.823610099323012
      vertex 83.22340829781648 73.39405872541283 19.990000000000002
    endloop
  endfacet
  facet normal 0.16612337814620542 -0.9861049757674345 0
    outer loop
      vertex 83.2160379098733 73.39281707896194 18.6
      vertex 83.22340829781648 73.39405872541283 19.990000000000002
      vertex 83.22340829781648 73.39405872541283 20
    endloop
  endfacet
  facet normal 0.16612337814620365 -0.9861049757674349 0
    outer loop
      vertex 83.2160379098733 73.39281707896194 18.6
      vertex 83.22340829781648 73.39405872541283 20
      vertex 83.2160379098733 73.39281707896194 20
    endloop
  endfacet
  facet normal -0.9918666977876178 0.12728100337397752 0
    outer loop
      vertex 85.61350935218317 71.08769275645149 18.6
      vertex 85.61350935218317 71.08769275645149 19.640321554386507
      vertex 85.63849088346966 71.2823671248645 18.6
    endloop
  endfacet
  facet normal -0.9746148685640581 0.2238880478584411 0
    outer loop
      vertex 85.5695666889107 70.89640441659006 18.6
      vertex 85.5695666889107 70.89640441659006 19.840752956465852
      vertex 85.61350935218317 71.08769275645149 18.6
    endloop
  endfacet
  facet normal -0.9976395492470144 -0.06866825888439362 0
    outer loop
      vertex 85.64427069696754 71.47855270124147 18.6
      vertex 85.64427069696754 71.47855270124147 19.165062688561058
      vertex 85.63079312991326 71.67436011123588 18.6
    endloop
  endfacet
  facet normal -0.9995663085020203 0.02944817324799788 0
    outer loop
      vertex 85.63849088346966 71.2823671248645 18.6
      vertex 85.63849088346966 71.2823671248645 19.4143661069253
      vertex 85.64427069696754 71.47855270124147 18.6
    endloop
  endfacet
  facet normal -0.9976395492470143 -0.06866825888439364 0
    outer loop
      vertex 85.63079312991326 71.67436011123588 18.6
      vertex 85.64427069696754 71.47855270124147 19.165062688561058
      vertex 85.63079312991326 71.67436011123588 18.894812227495777
    endloop
  endfacet
  facet normal -0.9995663085020202 0.029448173247997884 0
    outer loop
      vertex 85.64427069696754 71.47855270124147 18.6
      vertex 85.63849088346966 71.2823671248645 19.4143661069253
      vertex 85.64427069696754 71.47855270124147 19.165062688561058
    endloop
  endfacet
  facet normal -0.9122095257974587 0.40972403034771526 0
    outer loop
      vertex 85.42666926438014 70.53130431684112 18.6
      vertex 85.42666926438014 70.53130431684112 20
      vertex 85.50708608552101 70.7103443165619 18.6
    endloop
  endfacet
  facet normal -0.9479769653775139 0.318338928052539 0
    outer loop
      vertex 85.50708608552101 70.7103443165619 18.6
      vertex 85.50708608552101 70.7103443165619 20
      vertex 85.5695666889107 70.89640441659006 18.6
    endloop
  endfacet
  facet normal -0.9918666977876177 0.1272810033739775 0
    outer loop
      vertex 85.63849088346966 71.2823671248645 18.6
      vertex 85.61350935218317 71.08769275645149 19.640321554386507
      vertex 85.63849088346966 71.2823671248645 19.4143661069253
    endloop
  endfacet
  facet normal -0.9746148685640581 0.2238880478584411 0
    outer loop
      vertex 85.61350935218317 71.08769275645149 18.6
      vertex 85.5695666889107 70.89640441659006 19.840752956465852
      vertex 85.61350935218317 71.08769275645149 19.640321554386507
    endloop
  endfacet
  facet normal -0.9479769653774812 0.31833892805263675 1.4418347277387647e-14
    outer loop
      vertex 85.5695666889107 70.89640441659006 18.6
      vertex 85.50708608552101 70.7103443165619 20
      vertex 85.5156575545447 70.73586917223574 19.990000000000002
    endloop
  endfacet
  facet normal -0.9479769653775189 0.3183389280525243 0
    outer loop
      vertex 85.5695666889107 70.89640441659006 18.6
      vertex 85.5156575545447 70.73586917223574 19.990000000000002
      vertex 85.5695666889107 70.89640441659006 19.840752956465852
    endloop
  endfacet
  facet normal -0.9122095257974587 0.40972403034771526 0
    outer loop
      vertex 85.50708608552101 70.7103443165619 18.6
      vertex 85.42666926438014 70.53130431684112 20
      vertex 85.50708608552101 70.7103443165619 20
    endloop
  endfacet
  facet normal -0.9479769653774829 0.3183389280526317 0
    outer loop
      vertex 85.5156575545447 70.73586917223574 19.990000000000002
      vertex 85.50708608552101 70.7103443165619 20
      vertex 85.5156575545447 70.73586917223574 20
    endloop
  endfacet
  facet normal 1 0 0
    outer loop
      vertex 75 0 20
      vertex 75 0 19
      vertex 75 1.0000000000000004 20
    endloop
  endfacet
  facet normal 0 -0.7071067811865474 0.7071067811865477
    outer loop
      vertex 75 0 19
      vertex 144.950873150049 1.0000000000000004 20
      vertex 75 1.0000000000000004 20
    endloop
  endfacet
  facet normal 0 -0.7071067811865474 0.7071067811865477
    outer loop
      vertex 75 0 19
      vertex 145 0 19
      vertex 144.950873150049 1.0000000000000004 20
    endloop
  endfacet
  facet normal -0.5000006240338207 0.4999993759657922 0.7071067811862702
    outer loop
      vertex 53.03300861646175 53.03300856152038 19.00000003884941
      vertex 53.74011537017761 52.32590180780452 20
      vertex 53.033008590340614 53.033008590340614 19
    endloop
  endfacet
  facet normal 0.7071067811865475 0.7071067811865475 0
    outer loop
      vertex 53.03300861646175 53.03300856152038 19.00000003884941
      vertex 53.03300861646175 53.03300856152038 20
      vertex 53.74011537017761 52.32590180780452 20
    endloop
  endfacet
  facet normal -0.5000000000000006 0.5000000000000006 0.7071067811865468
    outer loop
      vertex 53.033008590340614 53.033008590340614 19
      vertex 53.74011537017761 52.32590180780452 20
      vertex 102.5304832720494 102.5304832720494 19
    endloop
  endfacet
  facet normal -0.5000000000000006 0.5000000000000006 0.7071067811865468
    outer loop
      vertex 53.74011537017761 52.32590180780452 20
      vertex 103.20285212816157 101.78863856578847 20
      vertex 102.5304832720494 102.5304832720494 19
    endloop
  endfacet
  facet normal -0.7071067811865476 -0.7071067811865476 0
    outer loop
      vertex 102.5304832720494 102.5304832720494 20
      vertex 102.5304832720494 102.5304832720494 19
      vertex 102.53048334538072 102.53048319871807 19.000000103706153
    endloop
  endfacet
  facet normal -0.5000003655471038 0.499999656737369 0.7071067654288676
    outer loop
      vertex 103.20285212816157 101.78863856578847 20
      vertex 102.53048334538072 102.53048319871807 19.000000103706153
      vertex 102.5304832720494 102.5304832720494 19
    endloop
  endfacet
  facet normal -0.7071067811865476 -0.7071067811865476 0
    outer loop
      vertex 102.5304832720494 102.5304832720494 20
      vertex 102.53048334538072 102.53048319871807 19.000000103706153
      vertex 102.53048334538072 102.53048319871807 20
    endloop
  endfacet
  facet normal 0.9415440653997904 0.33688985278638967 0
    outer loop
      vertex 76.55522685497999 23.222774177789688 12
      vertex 74.22713989385001 29.729341365423085 18.6
      vertex 76.55522685497999 23.222774177789688 18.6
    endloop
  endfacet
  facet normal 0.8032075316764435 0.5956993042284295 0
    outer loop
      vertex 61.84083627164364 50.75146273523569 12
      vertex 61.84083627164364 50.75146273523569 18.6
      vertex 66.51756898313761 44.44561864435673 12
    endloop
  endfacet
  facet normal 0.9415440653997902 0.33688985278639044 -6.081899043715218e-16
    outer loop
      vertex 73.91036260128021 30.61467459052801 12
      vertex 73.91036260164311 30.614674589513776 16.990000000000002
      vertex 76.55522685497999 23.222774177789688 12
    endloop
  endfacet
  facet normal 0.9039892930057027 0.4275550936792237 0
    outer loop
      vertex 73.91036260128021 30.61467459052801 12
      vertex 70.5537011474371 37.71173894405365 12
      vertex 70.5537011474371 37.71173894405365 18.6
    endloop
  endfacet
  facet normal 0.8577286101267119 0.5141027439822698 0
    outer loop
      vertex 70.5537011474371 37.71173894405365 12
      vertex 66.51756898313761 44.44561864435673 12
      vertex 66.51756898313761 44.44561864435673 18.6
    endloop
  endfacet
  facet normal 0.7409511245750166 0.6715589557075525 0
    outer loop
      vertex 61.84083627164364 50.75146273523569 12
      vertex 61.416543484863574 51.21959768428499 18.6
      vertex 61.84083627164364 50.75146273523569 18.6
    endloop
  endfacet
  facet normal 0.94154406539979 0.3368898527863908 -1.2298853325022676e-15
    outer loop
      vertex 76.55522685497999 23.222774177789688 12
      vertex 73.91036260164311 30.614674589513776 16.990000000000002
      vertex 74.22713989385001 29.729341365423085 18.6
    endloop
  endfacet
  facet normal 0.9415431162589384 0.33689250544559035 0
    outer loop
      vertex 73.91036260128021 30.61467459052801 12
      vertex 73.91036260128021 30.61467459052801 16.990000000000002
      vertex 73.91036260164311 30.614674589513776 16.990000000000002
    endloop
  endfacet
  facet normal 0.9039892930059784 0.4275550936786407 0
    outer loop
      vertex 73.91036260128021 30.61467459052801 12
      vertex 73.9060818945046 30.623725384563375 16.990000000000002
      vertex 73.91036260128021 30.61467459052801 16.990000000000002
    endloop
  endfacet
  facet normal 0.9039892930057023 0.4275550936792246 -1.2959788203181735e-15
    outer loop
      vertex 73.91036260128021 30.61467459052801 12
      vertex 70.5537011474371 37.71173894405365 18.6
      vertex 73.9060818945046 30.623725384563375 16.990000000000002
    endloop
  endfacet
  facet normal 0.9039892930057033 0.42755509367922245 1.0592747456902757e-14
    outer loop
      vertex 73.9060818945046 30.623725384563375 16.990000000000002
      vertex 70.5537011474371 37.71173894405365 18.6
      vertex 73.50405213990584 31.473745882505654 18.6
    endloop
  endfacet
  facet normal 0.8577286101271374 0.5141027439815598 8.543188304184071e-13
    outer loop
      vertex 70.5537011474371 37.71173894405365 12
      vertex 68.12719184740934 41.76012513481892 16.990000000000002
      vertex 68.13233312261256 41.751547435349366 16.990000000000002
    endloop
  endfacet
  facet normal 0.8577286101267101 0.5141027439822724 -3.5419348385440944e-15
    outer loop
      vertex 70.5537011474371 37.71173894405365 12
      vertex 66.51756898313761 44.44561864435673 18.6
      vertex 68.12719184740934 41.76012513481892 16.990000000000002
    endloop
  endfacet
  facet normal 0.8577286101267104 0.514102743982272 -1.4477716718290761e-15
    outer loop
      vertex 70.5537011474371 37.71173894405365 12
      vertex 68.13233312261256 41.751547435349366 16.990000000000002
      vertex 68.61518455211663 40.94595849350062 18.6
    endloop
  endfacet
  facet normal 0.8577286101267118 0.51410274398227 0
    outer loop
      vertex 70.5537011474371 37.71173894405365 12
      vertex 68.61518455211663 40.94595849350062 18.6
      vertex 70.5537011474371 37.71173894405365 18.6
    endloop
  endfacet
  facet normal 0.8032075316764435 0.5956993042284295 0
    outer loop
      vertex 66.51756898313761 44.44561864435673 12
      vertex 61.84083627164364 50.75146273523569 18.6
      vertex 66.51756898313761 44.44561864435673 18.6
    endloop
  endfacet
  facet normal 0.857728610126713 0.514102743982268 6.481352881601707e-15
    outer loop
      vertex 68.12719184740934 41.76012513481892 16.990000000000002
      vertex 66.51756898313761 44.44561864435673 18.6
      vertex 67.64434041790527 42.56571407666766 18.6
    endloop
  endfacet
  facet normal 0 0 -1
    outer loop
      vertex 66.51756898313761 44.44561864435673 18.6
      vertex 92.29540142522497 58.80334699457693 18.6
      vertex 67.64434041790527 42.56571407666766 18.6
    endloop
  endfacet
  facet normal 0.9987954562766879 0.04906767287168498 0
    outer loop
      vertex 79.79455859959126 4.181855611503124 12
      vertex 79.61477813124657 7.841371223330498 12
      vertex 79.61477813124657 7.841371223330498 18.6
    endloop
  endfacet
  facet normal 0.9891765099737756 0.14673047439472486 0
    outer loop
      vertex 79.61477813124657 7.841371223330498 12
      vertex 78.4628224298358 15.607225760817528 12
      vertex 78.4628224298358 15.607225760817528 18.6
    endloop
  endfacet
  facet normal 0.9700312531435442 0.24298018010686626 0
    outer loop
      vertex 78.4628224298358 15.607225760817528 12
      vertex 76.55522685497999 23.222774177789688 12
      vertex 76.55522685497999 23.222774177789688 18.6
    endloop
  endfacet
  facet normal 0 0 1
    outer loop
      vertex 79.61477813124657 7.841371223330498 12
      vertex 137.30993925780058 27.312645085155964 12
      vertex 78.4628224298358 15.607225760817528 12
    endloop
  endfacet
  facet normal 0.9987954562766937 0.04906767287156588 5.1150411215812594e-14
    outer loop
      vertex 79.79455859959126 4.181855611503124 12
      vertex 79.69139104866707 6.281879416743047 16.990000000000002
      vertex 79.69188193829046 6.271887128609443 16.990000000000002
    endloop
  endfacet
  facet normal 0.9987954562766878 0.049067672871686834 4.18530460336384e-16
    outer loop
      vertex 79.79455859959126 4.181855611503124 12
      vertex 79.69188193829046 6.271887128609443 16.990000000000002
      vertex 79.73798465542089 5.333444734728406 18.6
    endloop
  endfacet
  facet normal 0.9987954562766883 0.04906767287167789 3.968561995108633e-15
    outer loop
      vertex 79.79455859959126 4.181855611503124 12
      vertex 79.61477813124657 7.841371223330498 18.6
      vertex 79.69139104866707 6.281879416743047 16.990000000000002
    endloop
  endfacet
  facet normal 0.9987954562766876 0.04906767287168923 0
    outer loop
      vertex 79.79455859959126 4.181855611503124 12
      vertex 79.73798465542089 5.333444734728406 18.6
      vertex 79.79455859959126 4.181855611503124 18.6
    endloop
  endfacet
  facet normal 0.9891765099737756 0.14673047439472486 0
    outer loop
      vertex 79.61477813124657 7.841371223330498 12
      vertex 78.4628224298358 15.607225760817528 18.6
      vertex 79.61477813124657 7.841371223330498 18.6
    endloop
  endfacet
  facet normal 0.9987954562766884 0.049067672871675634 6.1134076885068856e-15
    outer loop
      vertex 79.69139104866707 6.281879416743047 16.990000000000002
      vertex 79.61477813124657 7.841371223330498 18.6
      vertex 79.64528833153665 7.220321810624084 18.6
    endloop
  endfacet
  facet normal 0.9700312531437513 0.24298018010603997 5.428484234954426e-13
    outer loop
      vertex 78.4628224298358 15.607225760817528 12
      vertex 77.6972071639344 18.66373323184472 16.990000000000002
      vertex 77.69963708283578 18.654032451822584 16.990000000000002
    endloop
  endfacet
  facet normal 0.9700312531435434 0.24298018010686956 -1.2761740173740454e-15
    outer loop
      vertex 78.4628224298358 15.607225760817528 12
      vertex 77.69963708283578 18.654032451822584 16.990000000000002
      vertex 77.92784696632506 17.742967528076598 18.6
    endloop
  endfacet
  facet normal 0.9700312531435439 0.24298018010686756 -1.73968370152635e-15
    outer loop
      vertex 78.4628224298358 15.607225760817528 12
      vertex 76.55522685497999 23.222774177789688 18.6
      vertex 77.6972071639344 18.66373323184472 16.990000000000002
    endloop
  endfacet
  facet normal 0.9700312531435443 0.24298018010686595 0
    outer loop
      vertex 78.4628224298358 15.607225760817528 12
      vertex 77.92784696632506 17.742967528076598 18.6
      vertex 78.4628224298358 15.607225760817528 18.6
    endloop
  endfacet
  facet normal 0.9700312531435443 0.24298018010686595 3.447275198562099e-15
    outer loop
      vertex 77.6972071639344 18.66373323184472 16.990000000000002
      vertex 76.55522685497999 23.222774177789688 18.6
      vertex 77.46899728044511 19.574798155590706 18.6
    endloop
  endfacet
  facet normal 0 0 -1
    outer loop
      vertex 79.79455859959126 4.181855611503124 18.6
      vertex 79.73798465542089 5.333444734728406 18.6
      vertex 109.04287272189418 6.728387497472635 18.6
    endloop
  endfacet
  facet normal 0 0 -1
    outer loop
      vertex 79.64528833153665 7.220321810624084 18.6
      vertex 79.61477813124657 7.841371223330498 18.6
      vertex 109.11802581091393 10.555411002970239 18.6
    endloop
  endfacet
  facet normal 0 0 -1
    outer loop
      vertex 79.73798465542089 5.333444734728406 18.6
      vertex 108.51733079018886 6.989697643011916 18.6
      vertex 108.68366422765017 6.8855085159173495 18.6
    endloop
  endfacet
  facet normal 0 0 -1
    outer loop
      vertex 79.73798465542089 5.333444734728406 18.6
      vertex 107.9764722432115 7.552223884240943 18.6
      vertex 108.09027284888259 7.392312631443276 18.6
    endloop
  endfacet
  facet normal 0 0 -1
    outer loop
      vertex 79.73798465542089 5.333444734728406 18.6
      vertex 107.97447762311964 7.555704926027633 18.6
      vertex 107.9764722432115 7.552223884240943 18.6
    endloop
  endfacet
  facet normal 0 0 -1
    outer loop
      vertex 79.73798465542089 5.333444734728406 18.6
      vertex 108.21919951723824 7.2443258049716714 18.6
      vertex 108.36201061398371 7.109688598862883 18.6
    endloop
  endfacet
  facet normal 0 0 -1
    outer loop
      vertex 79.73798465542089 5.333444734728406 18.6
      vertex 108.09027284888259 7.392312631443276 18.6
      vertex 108.21919951723824 7.2443258049716714 18.6
    endloop
  endfacet
  facet normal 0 0 -1
    outer loop
      vertex 79.73798465542089 5.333444734728406 18.6
      vertex 108.36201061398371 7.109688598862883 18.6
      vertex 108.51733079018886 6.989697643011916 18.6
    endloop
  endfacet
  facet normal 0 0 -1
    outer loop
      vertex 79.64528833153665 7.220321810624084 18.6
      vertex 107.91591469649848 9.607743013056854 18.6
      vertex 107.83183893072064 9.438651452278334 18.6
    endloop
  endfacet
  facet normal 0 0 -1
    outer loop
      vertex 79.64528833153665 7.220321810624084 18.6
      vertex 108.02010382359306 9.774076450518168 18.6
      vertex 107.91591469649848 9.607743013056854 18.6
    endloop
  endfacet
  facet normal 0 0 -1
    outer loop
      vertex 79.64528833153665 7.220321810624084 18.6
      vertex 108.14009477944403 9.929396626723312 18.6
      vertex 108.02010382359306 9.774076450518168 18.6
    endloop
  endfacet
  facet normal 0 0 -1
    outer loop
      vertex 79.64528833153665 7.220321810624084 18.6
      vertex 108.2747319855528 10.07220772346878 18.6
      vertex 108.14009477944403 9.929396626723312 18.6
    endloop
  endfacet
  facet normal 0 0 -1
    outer loop
      vertex 79.64528833153665 7.220321810624084 18.6
      vertex 108.4227188120244 10.201134391824434 18.6
      vertex 108.2747319855528 10.07220772346878 18.6
    endloop
  endfacet
  facet normal 0 0 -1
    outer loop
      vertex 79.64528833153665 7.220321810624084 18.6
      vertex 108.58263006482208 10.314934997495516 18.6
      vertex 108.4227188120244 10.201134391824434 18.6
    endloop
  endfacet
  facet normal 0 0 -1
    outer loop
      vertex 79.64528833153665 7.220321810624084 18.6
      vertex 108.75292571116498 10.412513578439679 18.6
      vertex 108.58263006482208 10.314934997495516 18.6
    endloop
  endfacet
  facet normal 0 0 -1
    outer loop
      vertex 78.4628224298358 15.607225760817528 18.6
      vertex 77.92784696632506 17.742967528076598 18.6
      vertex 106.64782231366395 23.70361334295932 18.6
    endloop
  endfacet
  facet normal 0 0 -1
    outer loop
      vertex 79.61477813124657 7.841371223330498 18.6
      vertex 78.4628224298358 15.607225760817528 18.6
      vertex 137.30993925780058 27.312645085155964 18.6
    endloop
  endfacet
  facet normal 0 0 -1
    outer loop
      vertex 77.46899728044511 19.574798155590706 18.6
      vertex 105.08430857189944 26.371224138304576 18.6
      vertex 105.02771966616726 26.191062027788295 18.6
    endloop
  endfacet
  facet normal 0 0 -1
    outer loop
      vertex 77.46899728044511 19.574798155590706 18.6
      vertex 105.16119467563998 26.55180850549628 18.6
      vertex 105.08430857189944 26.371224138304576 18.6
    endloop
  endfacet
  facet normal 0 0 -1
    outer loop
      vertex 77.46899728044511 19.574798155590706 18.6
      vertex 105.25541091503625 26.723987153581493 18.6
      vertex 105.16119467563998 26.55180850549628 18.6
    endloop
  endfacet
  facet normal 0 0 -1
    outer loop
      vertex 77.46899728044511 19.574798155590706 18.6
      vertex 105.36604993619902 26.886101908056737 18.6
      vertex 105.25541091503625 26.723987153581493 18.6
    endloop
  endfacet
  facet normal 0 0 -1
    outer loop
      vertex 77.46899728044511 19.574798155590706 18.6
      vertex 105.49204622487305 27.036591515215477 18.6
      vertex 105.36604993619902 26.886101908056737 18.6
    endloop
  endfacet
  facet normal 0 0 -1
    outer loop
      vertex 77.92784696632506 17.742967528076598 18.6
      vertex 105.60308975267853 24.21034500527822 18.6
      vertex 105.75357935983727 24.08434871660418 18.6
    endloop
  endfacet
  facet normal 0 0 -1
    outer loop
      vertex 77.92784696632506 17.742967528076598 18.6
      vertex 105.46315997210088 24.35361130538584 18.6
      vertex 105.46567459001922 24.350485148327028 18.6
    endloop
  endfacet
  facet normal 0 0 -1
    outer loop
      vertex 77.92784696632506 17.742967528076598 18.6
      vertex 105.46567459001922 24.350485148327028 18.6
      vertex 105.60308975267853 24.21034500527822 18.6
    endloop
  endfacet
  facet normal 0 0 -1
    outer loop
      vertex 77.92784696632506 17.742967528076598 18.6
      vertex 105.75357935983727 24.08434871660418 18.6
      vertex 105.91569411431253 23.97370969544141 18.6
    endloop
  endfacet
  facet normal 0 0 -1
    outer loop
      vertex 77.92784696632506 17.742967528076598 18.6
      vertex 105.91569411431253 23.97370969544141 18.6
      vertex 106.08787276239774 23.879493456045154 18.6
    endloop
  endfacet
  facet normal 0 0 -1
    outer loop
      vertex 77.92784696632506 17.742967528076598 18.6
      vertex 106.08787276239774 23.879493456045154 18.6
      vertex 106.26845712958944 23.802607352304626 18.6
    endloop
  endfacet
  facet normal 0 0 -1
    outer loop
      vertex 78.4628224298358 15.607225760817528 18.6
      vertex 106.64782231366395 23.70361334295932 18.6
      vertex 106.84294963644204 23.68245880378016 18.6
    endloop
  endfacet
  facet normal 0 0 -1
    outer loop
      vertex 78.4628224298358 15.607225760817528 18.6
      vertex 106.84294963644204 23.68245880378016 18.6
      vertex 107.03921087526255 23.680531951668147 18.6
    endloop
  endfacet
  facet normal 0 0 -1
    outer loop
      vertex 78.4628224298358 15.607225760817528 18.6
      vertex 107.03921087526255 23.680531951668147 18.6
      vertex 107.23471592710835 23.69785134326244 18.6
    endloop
  endfacet
  facet normal 0 0 -1
    outer loop
      vertex 77.92784696632506 17.742967528076598 18.6
      vertex 106.26845712958944 23.802607352304626 18.6
      vertex 106.45570808971411 23.743791839429075 18.6
    endloop
  endfacet
  facet normal 0 0 -1
    outer loop
      vertex 77.92784696632506 17.742967528076598 18.6
      vertex 106.45570808971411 23.743791839429075 18.6
      vertex 106.64782231366395 23.70361334295932 18.6
    endloop
  endfacet
  facet normal 0 0 -1
    outer loop
      vertex 77.46899728044511 19.574798155590706 18.6
      vertex 105.63218636792186 27.17400667787479 18.6
      vertex 105.49204622487305 27.036591515215477 18.6
    endloop
  endfacet
  facet normal 0 0 -1
    outer loop
      vertex 77.46899728044511 19.574798155590706 18.6
      vertex 105.78512073915947 27.297024012899488 18.6
      vertex 105.63218636792186 27.17400667787479 18.6
    endloop
  endfacet
  facet normal 0 0 -1
    outer loop
      vertex 77.46899728044511 19.574798155590706 18.6
      vertex 105.94937649698845 27.404458796105178 18.6
      vertex 105.78512073915947 27.297024012899488 18.6
    endloop
  endfacet
  facet normal 0 0 -1
    outer loop
      vertex 77.46899728044511 19.574798155590706 18.6
      vertex 106.12337176866957 27.495276371799758 18.6
      vertex 105.94937649698845 27.404458796105178 18.6
    endloop
  endfacet
  facet normal 0 0 -1
    outer loop
      vertex 77.46899728044511 19.574798155590706 18.6
      vertex 106.30543088462103 27.568602117083348 18.6
      vertex 106.12337176866957 27.495276371799758 18.6
    endloop
  endfacet
  facet normal 0 0 1
    outer loop
      vertex 70.5537011474371 37.71173894405365 12
      vertex 123.46897701174021 65.99554315209389 12
      vertex 66.51756898313761 44.44561864435673 12
    endloop
  endfacet
  facet normal 0 0 1
    outer loop
      vertex 73.91036260128021 30.61467459052801 12
      vertex 76.55522685497999 23.222774177789688 12
      vertex 133.97164700180292 40.639854818582535 12
    endloop
  endfacet
  facet normal 0 0 1
    outer loop
      vertex 78.4628224298358 15.607225760817528 12
      vertex 133.97164700180292 40.639854818582535 12
      vertex 76.55522685497999 23.222774177789688 12
    endloop
  endfacet
  facet normal 0 0 1
    outer loop
      vertex 73.91036260128021 30.61467459052801 12
      vertex 129.34313455224037 53.575680531561375 12
      vertex 70.5537011474371 37.71173894405365 12
    endloop
  endfacet
  facet normal 0 0 -1
    outer loop
      vertex 73.50405213990584 31.473745882505654 18.6
      vertex 70.5537011474371 37.71173894405365 18.6
      vertex 93.27900373523853 41.34340893251738 18.6
    endloop
  endfacet
  facet normal 0 0 -1
    outer loop
      vertex 73.50405213990584 31.473745882505654 18.6
      vertex 93.27900373523853 41.34340893251738 18.6
      vertex 93.87248195826471 39.91062575751445 18.6
    endloop
  endfacet
  facet normal 0 0 -1
    outer loop
      vertex 68.61518455211663 40.94595849350062 18.6
      vertex 92.77574575277869 55.751569439169394 18.6
      vertex 92.77910333219418 55.74937334679878 18.6
    endloop
  endfacet
  facet normal 0 0 -1
    outer loop
      vertex 68.61518455211663 40.94595849350062 18.6
      vertex 92.77910333219418 55.74937334679878 18.6
      vertex 92.95309860387529 55.658555771104204 18.6
    endloop
  endfacet
  facet normal 0 0 -1
    outer loop
      vertex 68.61518455211663 40.94595849350062 18.6
      vertex 92.95309860387529 55.658555771104204 18.6
      vertex 93.13515771982676 55.585230025820614 18.6
    endloop
  endfacet
  facet normal 0 0 -1
    outer loop
      vertex 68.61518455211663 40.94595849350062 18.6
      vertex 93.32352735123835 55.53010227795902 18.6
      vertex 93.51639339558622 55.49370343786721 18.6
    endloop
  endfacet
  facet normal 0 0 -1
    outer loop
      vertex 68.61518455211663 40.94595849350062 18.6
      vertex 93.13515771982676 55.585230025820614 18.6
      vertex 93.32352735123835 55.53010227795902 18.6
    endloop
  endfacet
  facet normal 0 0 -1
    outer loop
      vertex 68.61518455211663 40.94595849350062 18.6
      vertex 93.51639339558622 55.49370343786721 18.6
      vertex 93.71189844743202 55.47638404627292 18.6
    endloop
  endfacet
  facet normal 0 0 -1
    outer loop
      vertex 68.61518455211663 40.94595849350062 18.6
      vertex 93.71189844743202 55.47638404627292 18.6
      vertex 93.90815968625253 55.47831089838494 18.6
    endloop
  endfacet
  facet normal 0 0 -1
    outer loop
      vertex 68.61518455211663 40.94595849350062 18.6
      vertex 93.90815968625253 55.47831089838494 18.6
      vertex 94.10328700903061 55.49946543756409 18.6
    endloop
  endfacet
  facet normal 0 0 -1
    outer loop
      vertex 68.61518455211663 40.94595849350062 18.6
      vertex 94.10328700903061 55.49946543756409 18.6
      vertex 94.29540123298047 55.53964393403385 18.6
    endloop
  endfacet
  facet normal 0 0 -1
    outer loop
      vertex 68.61518455211663 40.94595849350062 18.6
      vertex 94.29540123298047 55.53964393403385 18.6
      vertex 94.48265219310514 55.5984594469094 18.6
    endloop
  endfacet
  facet normal 0 0 -1
    outer loop
      vertex 74.22713989385001 29.729341365423085 18.6
      vertex 94.59511583971413 38.166033240288975 18.6
      vertex 95.19242089706397 36.72401126996094 18.6
    endloop
  endfacet
  facet normal 0 0 -1
    outer loop
      vertex 77.46899728044511 19.574798155590706 18.6
      vertex 76.55522685497999 23.222774177789688 18.6
      vertex 133.97164700180292 40.639854818582535 18.6
    endloop
  endfacet
  facet normal 0 0 -1
    outer loop
      vertex 74.22713989385001 29.729341365423085 18.6
      vertex 133.97164700180292 40.639854818582535 18.6
      vertex 76.55522685497999 23.222774177789688 18.6
    endloop
  endfacet
  facet normal 0 0 -1
    outer loop
      vertex 70.5537011474371 37.71173894405365 18.6
      vertex 108.06107625541912 47.46634385035881 18.6
      vertex 93.27900373523853 41.34340893251738 18.6
    endloop
  endfacet
  facet normal 0 0 -1
    outer loop
      vertex 70.5537011474371 37.71173894405365 18.6
      vertex 68.61518455211663 40.94595849350062 18.6
      vertex 123.46897701174021 65.99554315209389 18.6
    endloop
  endfacet
  facet normal 0.7409511245750185 0.6715589557075503 0
    outer loop
      vertex 61.84083627164364 50.75146273523569 12
      vertex 59.3802919536829 53.46625503152609 12
      vertex 59.3802919536829 53.46625503152609 18.6
    endloop
  endfacet
  facet normal 0 0 1
    outer loop
      vertex 61.84083627164364 50.75146273523569 12
      vertex 103.91551091521978 93.56594629585743 12
      vertex 59.3802919536829 53.46625503152609 12
    endloop
  endfacet
  facet normal 0.7409511245749116 0.671558955707668 -5.337434213866837e-14
    outer loop
      vertex 61.84083627164364 50.75146273523569 12
      vertex 60.77884554520797 51.923188934928305 16.990000000000002
      vertex 60.78556404852305 51.91577620884602 16.990000000000002
    endloop
  endfacet
  facet normal 0.7409511245750185 0.6715589557075502 0
    outer loop
      vertex 61.84083627164364 50.75146273523569 12
      vertex 59.3802919536829 53.46625503152609 18.6
      vertex 60.77884554520797 51.923188934928305 16.990000000000002
    endloop
  endfacet
  facet normal 0.7409511245750204 0.6715589557075481 5.613873762905807e-16
    outer loop
      vertex 61.84083627164364 50.75146273523569 12
      vertex 60.78556404852305 51.91577620884602 16.990000000000002
      vertex 61.416543484863574 51.21959768428499 18.6
    endloop
  endfacet
  facet normal 0.7409511245750192 0.6715589557075494 1.3273053240242987e-15
    outer loop
      vertex 60.77884554520797 51.923188934928305 16.990000000000002
      vertex 59.3802919536829 53.46625503152609 18.6
      vertex 60.14786610886745 52.619367459489325 18.6
    endloop
  endfacet
  facet normal 0 0 -1
    outer loop
      vertex 61.84083627164364 50.75146273523569 18.6
      vertex 61.416543484863574 51.21959768428499 18.6
      vertex 84.62189869899731 69.69429330217461 18.6
    endloop
  endfacet
  facet normal 0 0 -1
    outer loop
      vertex 59.3802919536829 53.46625503152609 18.6
      vertex 81.65851930209355 71.20421052140452 18.6
      vertex 60.14786610886745 52.619367459489325 18.6
    endloop
  endfacet
  facet normal 0 0 -1
    outer loop
      vertex 61.416543484863574 51.21959768428499 18.6
      vertex 82.91205542966864 69.57849926049224 18.6
      vertex 82.9157152162451 69.5768554468026 18.6
    endloop
  endfacet
  facet normal 0 0 -1
    outer loop
      vertex 61.416543484863574 51.21959768428499 18.6
      vertex 82.9157152162451 69.5768554468026 18.6
      vertex 83.10177531627325 69.5143748434129 18.6
    endloop
  endfacet
  facet normal 0 0 -1
    outer loop
      vertex 61.416543484863574 51.21959768428499 18.6
      vertex 83.10177531627325 69.5143748434129 18.6
      vertex 83.29306365613469 69.47043218014042 18.6
    endloop
  endfacet
  facet normal 0.6691306063374202 -0.7431448254966971 0
    outer loop
      vertex 59.3802919536829 53.46625503152609 12
      vertex 103.91551091521978 93.56594629585743 18.6
      vertex 59.3802919536829 53.46625503152609 18.6
    endloop
  endfacet
  facet normal 0 0 -1
    outer loop
      vertex 59.3802919536829 53.46625503152609 18.6
      vertex 81.64504173503927 71.40001793139893 18.6
      vertex 81.65851930209355 71.20421052140452 18.6
    endloop
  endfacet
  facet normal 0 0 -1
    outer loop
      vertex 59.3802919536829 53.46625503152609 18.6
      vertex 81.65082154853715 71.5962035077759 18.6
      vertex 81.64504173503927 71.40001793139893 18.6
    endloop
  endfacet
  facet normal 0 0 -1
    outer loop
      vertex 60.14786610886745 52.619367459489325 18.6
      vertex 81.65851930209355 71.20421052140452 18.6
      vertex 81.6898901044769 71.01799407992989 18.6
    endloop
  endfacet
  facet normal 0 0 -1
    outer loop
      vertex 59.3802919536829 53.46625503152609 18.6
      vertex 81.67580307982362 71.79087787618892 18.6
      vertex 81.65082154853715 71.5962035077759 18.6
    endloop
  endfacet
  facet normal 0 0 -1
    outer loop
      vertex 59.3802919536829 53.46625503152609 18.6
      vertex 81.71974574309611 71.98216621605035 18.6
      vertex 81.67580307982362 71.79087787618892 18.6
    endloop
  endfacet
  facet normal 0 0 -1
    outer loop
      vertex 59.3802919536829 53.46625503152609 18.6
      vertex 81.7822263464858 72.1682263160785 18.6
      vertex 81.71974574309611 71.98216621605035 18.6
    endloop
  endfacet
  facet normal 0 0 -1
    outer loop
      vertex 59.3802919536829 53.46625503152609 18.6
      vertex 81.86264316762667 72.34726631579929 18.6
      vertex 81.7822263464858 72.1682263160785 18.6
    endloop
  endfacet
  facet normal 0 0 -1
    outer loop
      vertex 59.3802919536829 53.46625503152609 18.6
      vertex 81.96022174857082 72.5175619621422 18.6
      vertex 81.86264316762667 72.34726631579929 18.6
    endloop
  endfacet
  facet normal 0 0 -1
    outer loop
      vertex 59.3802919536829 53.46625503152609 18.6
      vertex 82.07402235424192 72.67747321493987 18.6
      vertex 81.96022174857082 72.5175619621422 18.6
    endloop
  endfacet
  facet normal 0 0 -1
    outer loop
      vertex 59.3802919536829 53.46625503152609 18.6
      vertex 82.20294902259756 72.82546004141147 18.6
      vertex 82.07402235424192 72.67747321493987 18.6
    endloop
  endfacet
  facet normal 0 0 1
    outer loop
      vertex 61.84083627164364 50.75146273523569 12
      vertex 66.51756898313761 44.44561864435673 12
      vertex 116.40574572235346 77.77983262389898 12
    endloop
  endfacet
  facet normal 0 0 1
    outer loop
      vertex 61.84083627164364 50.75146273523569 12
      vertex 116.40574572235346 77.77983262389898 12
      vertex 108.22146347165108 88.81505978107452 12
    endloop
  endfacet
  facet normal 0 0 -1
    outer loop
      vertex 61.84083627164364 50.75146273523569 18.6
      vertex 116.40574572235346 77.77983262389898 18.6
      vertex 66.51756898313761 44.44561864435673 18.6
    endloop
  endfacet
  facet normal 0 0 -1
    outer loop
      vertex 61.416543484863574 51.21959768428499 18.6
      vertex 83.29306365613469 69.47043218014042 18.6
      vertex 83.48773802454772 69.44545064885395 18.6
    endloop
  endfacet
  facet normal 0 0 -1
    outer loop
      vertex 61.416543484863574 51.21959768428499 18.6
      vertex 83.48773802454772 69.44545064885395 18.6
      vertex 83.68392360092466 69.43967083535608 18.6
    endloop
  endfacet
  facet normal 0 0 -1
    outer loop
      vertex 61.416543484863574 51.21959768428499 18.6
      vertex 83.68392360092466 69.43967083535608 18.6
      vertex 83.87973101091909 69.45314840241035 18.6
    endloop
  endfacet
  facet normal 0 0 -1
    outer loop
      vertex 61.416543484863574 51.21959768428499 18.6
      vertex 83.87973101091909 69.45314840241035 18.6
      vertex 84.07327452213352 69.48575355367846 18.6
    endloop
  endfacet
  facet normal 0 0 -1
    outer loop
      vertex 61.416543484863574 51.21959768428499 18.6
      vertex 84.07327452213352 69.48575355367846 18.6
      vertex 84.2626902047533 69.53717228372989 18.6
    endloop
  endfacet
  facet normal 0 0 -1
    outer loop
      vertex 61.416543484863574 51.21959768428499 18.6
      vertex 84.2626902047533 69.53717228372989 18.6
      vertex 84.44615388220969 69.60690940208593 18.6
    endloop
  endfacet
  facet normal 0 0 -1
    outer loop
      vertex 61.416543484863574 51.21959768428499 18.6
      vertex 84.44615388220969 69.60690940208593 18.6
      vertex 84.62189869899731 69.69429330217461 18.6
    endloop
  endfacet
  facet normal 0 0 -1
    outer loop
      vertex 61.84083627164364 50.75146273523569 18.6
      vertex 84.62189869899731 69.69429330217461 18.6
      vertex 84.78823213645863 69.79848242926917 18.6
    endloop
  endfacet
  facet normal 0 0 -1
    outer loop
      vertex 61.84083627164364 50.75146273523569 18.6
      vertex 84.78823213645863 69.79848242926917 18.6
      vertex 84.94355231266377 69.91847338512015 18.6
    endloop
  endfacet
  facet normal 0 0 -1
    outer loop
      vertex 67.64434041790527 42.56571407666766 18.6
      vertex 91.7919600064687 57.5533617502725 18.6
      vertex 91.79381391281409 57.36453046751217 18.6
    endloop
  endfacet
  facet normal 0 0 -1
    outer loop
      vertex 67.64434041790527 42.56571407666766 18.6
      vertex 91.80927939806298 57.74886680211831 18.6
      vertex 91.7919600064687 57.5533617502725 18.6
    endloop
  endfacet
  facet normal 0 0 -1
    outer loop
      vertex 67.64434041790527 42.56571407666766 18.6
      vertex 91.8456782381548 57.94173284646618 18.6
      vertex 91.80927939806298 57.74886680211831 18.6
    endloop
  endfacet
  facet normal 0 0 -1
    outer loop
      vertex 67.64434041790527 42.56571407666766 18.6
      vertex 91.9008059860164 58.130102477877756 18.6
      vertex 91.8456782381548 57.94173284646618 18.6
    endloop
  endfacet
  facet normal 0 0 -1
    outer loop
      vertex 67.64434041790527 42.56571407666766 18.6
      vertex 91.97413173129999 58.312161593829224 18.6
      vertex 91.9008059860164 58.130102477877756 18.6
    endloop
  endfacet
  facet normal 0 0 -1
    outer loop
      vertex 67.64434041790527 42.56571407666766 18.6
      vertex 92.06494930699458 58.486156865510345 18.6
      vertex 91.97413173129999 58.312161593829224 18.6
    endloop
  endfacet
  facet normal 0 0 -1
    outer loop
      vertex 66.51756898313761 44.44561864435673 18.6
      vertex 92.43281658788428 58.94348713762574 18.6
      vertex 92.29540142522497 58.80334699457693 18.6
    endloop
  endfacet
  facet normal 0 0 -1
    outer loop
      vertex 66.51756898313761 44.44561864435673 18.6
      vertex 92.58330619504301 59.06948342629978 18.6
      vertex 92.43281658788428 58.94348713762574 18.6
    endloop
  endfacet
  facet normal 0 0 -1
    outer loop
      vertex 67.64434041790527 42.56571407666766 18.6
      vertex 92.17238409020025 58.650412623339314 18.6
      vertex 92.06494930699458 58.486156865510345 18.6
    endloop
  endfacet
  facet normal 0 0 -1
    outer loop
      vertex 67.64434041790527 42.56571407666766 18.6
      vertex 92.29540142522497 58.80334699457693 18.6
      vertex 92.17238409020025 58.650412623339314 18.6
    endloop
  endfacet
  facet normal 0 0 -1
    outer loop
      vertex 61.84083627164364 50.75146273523569 18.6
      vertex 84.94355231266377 69.91847338512015 18.6
      vertex 108.22146347165108 88.81505978107452 18.6
    endloop
  endfacet
  facet normal 0 0 -1
    outer loop
      vertex 59.3802919536829 53.46625503152609 18.6
      vertex 103.91551091521978 93.56594629585743 18.6
      vertex 82.20294902259756 72.82546004141147 18.6
    endloop
  endfacet
  facet normal 0 0 -1
    outer loop
      vertex 66.51756898313761 44.44561864435673 18.6
      vertex 116.40574572235346 77.77983262389898 18.6
      vertex 92.58330619504301 59.06948342629978 18.6
    endloop
  endfacet
  facet normal 0 0 -1
    outer loop
      vertex 68.61518455211663 40.94595849350062 18.6
      vertex 94.48265219310514 55.5984594469094 18.6
      vertex 123.46897701174021 65.99554315209389 18.6
    endloop
  endfacet
  facet normal 0 0 -1
    outer loop
      vertex 84.94355231266377 69.91847338512015 18.6
      vertex 85.08636340940924 70.05311059122893 18.6
      vertex 108.22146347165108 88.81505978107452 18.6
    endloop
  endfacet
  facet normal 0 0 -1
    outer loop
      vertex 85.08636340940924 70.05311059122893 18.6
      vertex 85.21529007776489 70.20109741770054 18.6
      vertex 108.22146347165108 88.81505978107452 18.6
    endloop
  endfacet
  facet normal 0 0 -1
    outer loop
      vertex 61.84083627164364 50.75146273523569 18.6
      vertex 108.22146347165108 88.81505978107452 18.6
      vertex 116.40574572235346 77.77983262389898 18.6
    endloop
  endfacet
  facet normal 0 0 1
    outer loop
      vertex 61.84083627164364 50.75146273523569 12
      vertex 108.22146347165108 88.81505978107452 12
      vertex 103.91551091521978 93.56594629585743 12
    endloop
  endfacet
  facet normal 0.6691306063374202 -0.7431448254966971 0
    outer loop
      vertex 59.3802919536829 53.46625503152609 12
      vertex 103.91551091521978 93.56594629585743 12
      vertex 103.91551091521978 93.56594629585743 18.6
    endloop
  endfacet
  facet normal 0 0 -1
    outer loop
      vertex 82.20294902259756 72.82546004141147 18.6
      vertex 103.91551091521978 93.56594629585743 18.6
      vertex 82.34576011934303 72.96009724752027 18.6
    endloop
  endfacet
  facet normal 0 0 -1
    outer loop
      vertex 82.34576011934303 72.96009724752027 18.6
      vertex 103.91551091521978 93.56594629585743 18.6
      vertex 82.50108029554818 73.08008820337123 18.6
    endloop
  endfacet
  facet normal 0 0 -1
    outer loop
      vertex 82.50108029554818 73.08008820337123 18.6
      vertex 103.91551091521978 93.56594629585743 18.6
      vertex 82.6674137330095 73.18427733046579 18.6
    endloop
  endfacet
  facet normal 0 0 -1
    outer loop
      vertex 82.6674137330095 73.18427733046579 18.6
      vertex 103.91551091521978 93.56594629585743 18.6
      vertex 82.84315854979711 73.27166123055447 18.6
    endloop
  endfacet
  facet normal 0 0 -1
    outer loop
      vertex 82.84315854979711 73.27166123055447 18.6
      vertex 103.91551091521978 93.56594629585743 18.6
      vertex 83.02662222725351 73.34139834891052 18.6
    endloop
  endfacet
  facet normal 0 0 -1
    outer loop
      vertex 83.02662222725351 73.34139834891052 18.6
      vertex 103.91551091521978 93.56594629585743 18.6
      vertex 83.2160379098733 73.39281707896194 18.6
    endloop
  endfacet
  facet normal 0 0 -1
    outer loop
      vertex 83.2160379098733 73.39281707896194 18.6
      vertex 103.91551091521978 93.56594629585743 18.6
      vertex 83.40958142108772 73.42542223023005 18.6
    endloop
  endfacet
  facet normal 0 0 -1
    outer loop
      vertex 83.40958142108772 73.42542223023005 18.6
      vertex 103.91551091521978 93.56594629585743 18.6
      vertex 83.60538883108214 73.43889979728432 18.6
    endloop
  endfacet
  facet normal 0 0 -1
    outer loop
      vertex 83.99624877587212 73.40813845249998 18.6
      vertex 105.73703913920707 91.55619961095437 18.6
      vertex 84.18753711573356 73.36419578922751 18.6
    endloop
  endfacet
  facet normal 0 0 -1
    outer loop
      vertex 84.18753711573356 73.36419578922751 18.6
      vertex 105.73703913920707 91.55619961095437 18.6
      vertex 84.36655344911644 73.30408054407457 18.6
    endloop
  endfacet
  facet normal 0 0 -1
    outer loop
      vertex 85.21529007776489 70.20109741770054 18.6
      vertex 85.32909068343598 70.36100867049821 18.6
      vertex 107.00571651576394 90.15642983622895 18.6
    endloop
  endfacet
  facet normal 0 0 -1
    outer loop
      vertex 85.32909068343598 70.36100867049821 18.6
      vertex 85.42666926438014 70.53130431684112 18.6
      vertex 107.00571651576394 90.15642983622895 18.6
    endloop
  endfacet
  facet normal 0 0 -1
    outer loop
      vertex 85.42666926438014 70.53130431684112 18.6
      vertex 85.50708608552101 70.7103443165619 18.6
      vertex 107.00571651576394 90.15642983622895 18.6
    endloop
  endfacet
  facet normal 0 0 -1
    outer loop
      vertex 85.50708608552101 70.7103443165619 18.6
      vertex 85.5695666889107 70.89640441659006 18.6
      vertex 107.00571651576394 90.15642983622895 18.6
    endloop
  endfacet
  facet normal 0 0 -1
    outer loop
      vertex 85.5695666889107 70.89640441659006 18.6
      vertex 85.61350935218317 71.08769275645149 18.6
      vertex 107.00571651576394 90.15642983622895 18.6
    endloop
  endfacet
  facet normal 0 0 -1
    outer loop
      vertex 85.61350935218317 71.08769275645149 18.6
      vertex 85.63849088346966 71.2823671248645 18.6
      vertex 107.00571651576394 90.15642983622895 18.6
    endloop
  endfacet
  facet normal 0 0 -1
    outer loop
      vertex 85.63849088346966 71.2823671248645 18.6
      vertex 85.64427069696754 71.47855270124147 18.6
      vertex 107.00571651576394 90.15642983622895 18.6
    endloop
  endfacet
  facet normal 0 0 -1
    outer loop
      vertex 85.64427069696754 71.47855270124147 18.6
      vertex 85.63079312991326 71.67436011123588 18.6
      vertex 107.00571651576394 90.15642983622895 18.6
    endloop
  endfacet
  facet normal 0 0 -1
    outer loop
      vertex 85.63079312991326 71.67436011123588 18.6
      vertex 85.59818797864516 71.8679036224503 18.6
      vertex 107.00571651576394 90.15642983622895 18.6
    endloop
  endfacet
  facet normal 0 0 -1
    outer loop
      vertex 85.59713691978504 71.8717755000961 18.6
      vertex 107.00571651576394 90.15642983622895 18.6
      vertex 85.59818797864516 71.8679036224503 18.6
    endloop
  endfacet
  facet normal 0 0 -1
    outer loop
      vertex 83.60538883108214 73.43889979728432 18.6
      vertex 103.91551091521978 93.56594629585743 18.6
      vertex 83.80157440745909 73.43311998378645 18.6
    endloop
  endfacet
  facet normal 0 0 -1
    outer loop
      vertex 83.80157440745909 73.43311998378645 18.6
      vertex 103.91551091521978 93.56594629585743 18.6
      vertex 83.99624877587212 73.40813845249998 18.6
    endloop
  endfacet
  facet normal 0 0 -1
    outer loop
      vertex 83.99624877587212 73.40813845249998 18.6
      vertex 103.91551091521978 93.56594629585743 18.6
      vertex 105.73703913920707 91.55619961095437 18.6
    endloop
  endfacet
  facet normal 0 0 1
    outer loop
      vertex 79.79455859959126 4.181855611503124 12
      vertex 139.64047756046057 7.318247325718403 12
      vertex 79.61477813124657 7.841371223330498 12
    endloop
  endfacet
  facet normal -0.052335956281605284 0.9986295347525477 0
    outer loop
      vertex 79.79455859959126 4.181855611503124 12
      vertex 79.79455859959126 4.181855611503124 18.6
      vertex 139.64047756046057 7.318247325718403 12
    endloop
  endfacet
  facet normal 0 0 1
    outer loop
      vertex 79.61477813124657 7.841371223330498 12
      vertex 139.64047756046057 7.318247325718403 12
      vertex 139.32586173713207 13.722399644553661 12
    endloop
  endfacet
  facet normal 0 0 1
    outer loop
      vertex 79.61477813124657 7.841371223330498 12
      vertex 139.32586173713207 13.722399644553661 12
      vertex 137.30993925780058 27.312645085155964 12
    endloop
  endfacet
  facet normal 0 0 -1
    outer loop
      vertex 79.79455859959126 4.181855611503124 18.6
      vertex 109.04287272189418 6.728387497472635 18.6
      vertex 109.23228840451398 6.676968767421198 18.6
    endloop
  endfacet
  facet normal 0 0 -1
    outer loop
      vertex 79.73798465542089 5.333444734728406 18.6
      vertex 108.68366422765017 6.8855085159173495 18.6
      vertex 108.85940904443781 6.798124615828672 18.6
    endloop
  endfacet
  facet normal 0 0 -1
    outer loop
      vertex 79.73798465542089 5.333444734728406 18.6
      vertex 108.85940904443781 6.798124615828672 18.6
      vertex 109.04287272189418 6.728387497472635 18.6
    endloop
  endfacet
  facet normal 0 0 -1
    outer loop
      vertex 79.79455859959126 4.181855611503124 18.6
      vertex 109.23228840451398 6.676968767421198 18.6
      vertex 109.4258319157284 6.644363616153091 18.6
    endloop
  endfacet
  facet normal 0 0 -1
    outer loop
      vertex 79.79455859959126 4.181855611503124 18.6
      vertex 109.4258319157284 6.644363616153091 18.6
      vertex 109.62163932572282 6.630886049098813 18.6
    endloop
  endfacet
  facet normal 0 0 -1
    outer loop
      vertex 79.64528833153665 7.220321810624084 18.6
      vertex 108.93196571088578 10.49293039958055 18.6
      vertex 108.75292571116498 10.412513578439679 18.6
    endloop
  endfacet
  facet normal 0 0 -1
    outer loop
      vertex 79.64528833153665 7.220321810624084 18.6
      vertex 109.11802581091393 10.555411002970239 18.6
      vertex 108.93196571088578 10.49293039958055 18.6
    endloop
  endfacet
  facet normal 0 0 -1
    outer loop
      vertex 79.61477813124657 7.841371223330498 18.6
      vertex 109.30931415077536 10.599353666242727 18.6
      vertex 109.11802581091393 10.555411002970239 18.6
    endloop
  endfacet
  facet normal 0 0 -1
    outer loop
      vertex 79.61477813124657 7.841371223330498 18.6
      vertex 109.50398851918838 10.6243351975292 18.6
      vertex 109.30931415077536 10.599353666242727 18.6
    endloop
  endfacet
  facet normal 0 0 -1
    outer loop
      vertex 79.79455859959126 4.181855611503124 18.6
      vertex 109.62163932572282 6.630886049098813 18.6
      vertex 139.64047756046057 7.318247325718403 18.6
    endloop
  endfacet
  facet normal 0 0 -1
    outer loop
      vertex 79.61477813124657 7.841371223330498 18.6
      vertex 139.32586173713207 13.722399644553661 18.6
      vertex 109.50398851918838 10.6243351975292 18.6
    endloop
  endfacet
  facet normal 0 0 -1
    outer loop
      vertex 78.4628224298358 15.607225760817528 18.6
      vertex 107.23471592710835 23.69785134326244 18.6
      vertex 137.30993925780058 27.312645085155964 18.6
    endloop
  endfacet
  facet normal -0.052335956281605284 0.9986295347525477 0
    outer loop
      vertex 79.79455859959126 4.181855611503124 18.6
      vertex 139.64047756046057 7.318247325718403 18.6
      vertex 139.64047756046057 7.318247325718403 12
    endloop
  endfacet
  facet normal 0 0 -1
    outer loop
      vertex 109.62163932572282 6.630886049098813 18.6
      vertex 109.81782490209976 6.636665862596688 18.6
      vertex 139.64047756046057 7.318247325718403 18.6
    endloop
  endfacet
  facet normal 0 0 -1
    outer loop
      vertex 109.81782490209976 6.636665862596688 18.6
      vertex 110.01249927051279 6.66164739388316 18.6
      vertex 139.64047756046057 7.318247325718403 18.6
    endloop
  endfacet
  facet normal 0 0 -1
    outer loop
      vertex 110.01249927051279 6.66164739388316 18.6
      vertex 110.20378761037422 6.705590057155649 18.6
      vertex 139.64047756046057 7.318247325718403 18.6
    endloop
  endfacet
  facet normal 0 0 -1
    outer loop
      vertex 110.20378761037422 6.705590057155649 18.6
      vertex 110.38984771040238 6.7680706605453365 18.6
      vertex 139.64047756046057 7.318247325718403 18.6
    endloop
  endfacet
  facet normal 0 0 -1
    outer loop
      vertex 110.38984771040238 6.7680706605453365 18.6
      vertex 110.56888771012318 6.848487481686208 18.6
      vertex 139.64047756046057 7.318247325718403 18.6
    endloop
  endfacet
  facet normal 0 0 -1
    outer loop
      vertex 110.56888771012318 6.848487481686208 18.6
      vertex 110.73918335646607 6.946066062630369 18.6
      vertex 139.64047756046057 7.318247325718403 18.6
    endloop
  endfacet
  facet normal 0 0 -1
    outer loop
      vertex 110.73918335646607 6.946066062630369 18.6
      vertex 110.89909460926374 7.059866668301453 18.6
      vertex 139.64047756046057 7.318247325718403 18.6
    endloop
  endfacet
  facet normal 0 0 -1
    outer loop
      vertex 110.89909460926374 7.059866668301453 18.6
      vertex 111.04708143573535 7.188793336657105 18.6
      vertex 139.64047756046057 7.318247325718403 18.6
    endloop
  endfacet
  facet normal 0 0 -1
    outer loop
      vertex 111.04708143573535 7.188793336657105 18.6
      vertex 111.18171864184413 7.3316044334025765 18.6
      vertex 139.64047756046057 7.318247325718403 18.6
    endloop
  endfacet
  facet normal 0 0 -1
    outer loop
      vertex 111.18171864184413 7.3316044334025765 18.6
      vertex 111.3017095976951 7.486924609607719 18.6
      vertex 139.64047756046057 7.318247325718403 18.6
    endloop
  endfacet
  facet normal 0 0 -1
    outer loop
      vertex 111.3017095976951 7.486924609607719 18.6
      vertex 111.40589872478968 7.653258047069035 18.6
      vertex 139.64047756046057 7.318247325718403 18.6
    endloop
  endfacet
  facet normal 0 0 -1
    outer loop
      vertex 111.40589872478968 7.653258047069035 18.6
      vertex 111.49328262487835 7.829002863856662 18.6
      vertex 139.64047756046057 7.318247325718403 18.6
    endloop
  endfacet
  facet normal 0 0 -1
    outer loop
      vertex 111.49470813297731 7.832753075569529 18.6
      vertex 139.64047756046057 7.318247325718403 18.6
      vertex 111.49328262487835 7.829002863856662 18.6
    endloop
  endfacet
  facet normal 0 0 -1
    outer loop
      vertex 110.27894069939397 10.532613562653252 18.6
      vertex 139.41419979392626 11.924237157763647 18.6
      vertex 110.46240437685034 10.462876444297214 18.6
    endloop
  endfacet
  facet normal 0 0 -1
    outer loop
      vertex 110.46240437685034 10.462876444297214 18.6
      vertex 139.41419979392626 11.924237157763647 18.6
      vertex 110.63814919363797 10.375492544208537 18.6
    endloop
  endfacet
  facet normal 0 0 -1
    outer loop
      vertex 110.80448263109929 10.27130341711397 18.6
      vertex 139.41419979392626 11.924237157763647 18.6
      vertex 110.95980280730444 10.151312461263005 18.6
    endloop
  endfacet
  facet normal 0 0 -1
    outer loop
      vertex 110.95980280730444 10.151312461263005 18.6
      vertex 139.41419979392626 11.924237157763647 18.6
      vertex 111.10261390404992 10.016675255154215 18.6
    endloop
  endfacet
  facet normal 0 0 -1
    outer loop
      vertex 110.63814919363797 10.375492544208537 18.6
      vertex 139.41419979392626 11.924237157763647 18.6
      vertex 110.80448263109929 10.27130341711397 18.6
    endloop
  endfacet
  facet normal 0 0 -1
    outer loop
      vertex 109.50398851918838 10.6243351975292 18.6
      vertex 139.32586173713207 13.722399644553661 18.6
      vertex 109.70017409556533 10.630115011027073 18.6
    endloop
  endfacet
  facet normal 0 0 -1
    outer loop
      vertex 109.70017409556533 10.630115011027073 18.6
      vertex 139.32586173713207 13.722399644553661 18.6
      vertex 109.89598150555976 10.616637443972795 18.6
    endloop
  endfacet
  facet normal 0 0 -1
    outer loop
      vertex 109.89598150555976 10.616637443972795 18.6
      vertex 139.32586173713207 13.722399644553661 18.6
      vertex 110.08952501677418 10.584032292704688 18.6
    endloop
  endfacet
  facet normal 0 0 -1
    outer loop
      vertex 110.08952501677418 10.584032292704688 18.6
      vertex 139.32586173713207 13.722399644553661 18.6
      vertex 110.27894069939397 10.532613562653252 18.6
    endloop
  endfacet
  facet normal 0 0 -1
    outer loop
      vertex 111.23154057240556 9.868688428682614 18.6
      vertex 111.10261390404992 10.016675255154215 18.6
      vertex 139.41419979392626 11.924237157763647 18.6
    endloop
  endfacet
  facet normal 0 0 -1
    outer loop
      vertex 111.34103297384416 9.71483101305094 18.6
      vertex 111.23154057240556 9.868688428682614 18.6
      vertex 139.41419979392626 11.924237157763647 18.6
    endloop
  endfacet
  facet normal 0 0 -1
    outer loop
      vertex 79.61477813124657 7.841371223330498 18.6
      vertex 137.30993925780058 27.312645085155964 18.6
      vertex 139.32586173713207 13.722399644553661 18.6
    endloop
  endfacet
  facet normal 0 0 -1
    outer loop
      vertex 107.23471592710835 23.69785134326244 18.6
      vertex 107.42758197145623 23.734250183354238 18.6
      vertex 137.30993925780058 27.312645085155964 18.6
    endloop
  endfacet
  facet normal 0 0 -1
    outer loop
      vertex 107.42758197145623 23.734250183354238 18.6
      vertex 107.61595160286781 23.78937793121584 18.6
      vertex 137.30993925780058 27.312645085155964 18.6
    endloop
  endfacet
  facet normal 0 0 -1
    outer loop
      vertex 107.61595160286781 23.78937793121584 18.6
      vertex 107.79801071881927 23.86270367649943 18.6
      vertex 137.30993925780058 27.312645085155964 18.6
    endloop
  endfacet
  facet normal 0 0 -1
    outer loop
      vertex 107.79801071881927 23.86270367649943 18.6
      vertex 107.97200599050039 23.953521252194008 18.6
      vertex 137.30993925780058 27.312645085155964 18.6
    endloop
  endfacet
  facet normal 0 0 -1
    outer loop
      vertex 107.97200599050039 23.953521252194008 18.6
      vertex 108.13626174832937 24.0609560353997 18.6
      vertex 137.30993925780058 27.312645085155964 18.6
    endloop
  endfacet
  facet normal 0 0 1
    outer loop
      vertex 78.4628224298358 15.607225760817528 12
      vertex 137.30993925780058 27.312645085155964 12
      vertex 133.97164700180292 40.639854818582535 12
    endloop
  endfacet
  facet normal 0 0 1
    outer loop
      vertex 73.91036260128021 30.61467459052801 12
      vertex 133.97164700180292 40.639854818582535 12
      vertex 129.34313455224037 53.575680531561375 12
    endloop
  endfacet
  facet normal 0 0 -1
    outer loop
      vertex 74.22713989385001 29.729341365423085 18.6
      vertex 95.19242089706397 36.72401126996094 18.6
      vertex 133.97164700180292 40.639854818582535 18.6
    endloop
  endfacet
  facet normal 0 0 -1
    outer loop
      vertex 77.46899728044511 19.574798155590706 18.6
      vertex 133.97164700180292 40.639854818582535 18.6
      vertex 106.30543088462103 27.568602117083348 18.6
    endloop
  endfacet
  facet normal 0 0 -1
    outer loop
      vertex 70.5537011474371 37.71173894405365 18.6
      vertex 128.9368240907412 54.43475182447654 18.6
      vertex 108.06107625541912 47.46634385035881 18.6
    endloop
  endfacet
  facet normal 0 0 -1
    outer loop
      vertex 106.30543088462103 27.568602117083348 18.6
      vertex 133.97164700180292 40.639854818582535 18.6
      vertex 106.49380051603261 27.623729864944945 18.6
    endloop
  endfacet
  facet normal 0 0 -1
    outer loop
      vertex 106.49380051603261 27.623729864944945 18.6
      vertex 133.97164700180292 40.639854818582535 18.6
      vertex 106.68666656038049 27.660128705036747 18.6
    endloop
  endfacet
  facet normal 0 0 -1
    outer loop
      vertex 106.68666656038049 27.660128705036747 18.6
      vertex 133.97164700180292 40.639854818582535 18.6
      vertex 106.88217161222629 27.67744809663104 18.6
    endloop
  endfacet
  facet normal 0 0 -1
    outer loop
      vertex 106.88217161222629 27.67744809663104 18.6
      vertex 133.97164700180292 40.639854818582535 18.6
      vertex 107.0784328510468 27.675521244519025 18.6
    endloop
  endfacet
  facet normal 0 0 -1
    outer loop
      vertex 107.0784328510468 27.675521244519025 18.6
      vertex 133.97164700180292 40.639854818582535 18.6
      vertex 107.27356017382489 27.654366705339868 18.6
    endloop
  endfacet
  facet normal 0 0 -1
    outer loop
      vertex 107.27356017382489 27.654366705339868 18.6
      vertex 133.97164700180292 40.639854818582535 18.6
      vertex 107.46567439777473 27.61418820887011 18.6
    endloop
  endfacet
  facet normal 0 0 -1
    outer loop
      vertex 108.13626174832937 24.0609560353997 18.6
      vertex 108.28919611956698 24.183973370424397 18.6
      vertex 136.20257478489506 31.733491868490397 18.6
    endloop
  endfacet
  facet normal 0 0 -1
    outer loop
      vertex 108.28919611956698 24.183973370424397 18.6
      vertex 108.42933626261579 24.32138853308371 18.6
      vertex 136.20257478489506 31.733491868490397 18.6
    endloop
  endfacet
  facet normal 0 0 -1
    outer loop
      vertex 108.42933626261579 24.32138853308371 18.6
      vertex 108.55533255128982 24.47187814024245 18.6
      vertex 136.20257478489506 31.733491868490397 18.6
    endloop
  endfacet
  facet normal 0 0 -1
    outer loop
      vertex 108.55533255128982 24.47187814024245 18.6
      vertex 108.6659715724526 24.633992894717693 18.6
      vertex 136.20257478489506 31.733491868490397 18.6
    endloop
  endfacet
  facet normal 0 0 -1
    outer loop
      vertex 108.6659715724526 24.633992894717693 18.6
      vertex 108.76018781184887 24.806171542802907 18.6
      vertex 136.20257478489506 31.733491868490397 18.6
    endloop
  endfacet
  facet normal 0 0 -1
    outer loop
      vertex 108.76018781184887 24.806171542802907 18.6
      vertex 108.8370739155894 24.98675590999461 18.6
      vertex 136.20257478489506 31.733491868490397 18.6
    endloop
  endfacet
  facet normal 0 0 -1
    outer loop
      vertex 108.8370739155894 24.98675590999461 18.6
      vertex 108.89588942846494 25.17400687011928 18.6
      vertex 136.20257478489506 31.733491868490397 18.6
    endloop
  endfacet
  facet normal 0 0 -1
    outer loop
      vertex 108.89671072383062 25.177933909099714 18.6
      vertex 136.20257478489506 31.733491868490397 18.6
      vertex 108.89588942846494 25.17400687011928 18.6
    endloop
  endfacet
  facet normal 0 0 -1
    outer loop
      vertex 107.6529253578994 27.55537269599456 18.6
      vertex 135.74372509913607 33.56532249603355 18.6
      vertex 107.8335097250911 27.478486592254033 18.6
    endloop
  endfacet
  facet normal 0 0 -1
    outer loop
      vertex 108.00568837317633 27.384270352857776 18.6
      vertex 135.74372509913607 33.56532249603355 18.6
      vertex 108.16780312765157 27.273631331695007 18.6
    endloop
  endfacet
  facet normal 0 0 -1
    outer loop
      vertex 108.00568837317633 27.384270352857776 18.6
      vertex 107.8335097250911 27.478486592254033 18.6
      vertex 135.74372509913607 33.56532249603355 18.6
    endloop
  endfacet
  facet normal 0 0 -1
    outer loop
      vertex 108.16780312765157 27.273631331695007 18.6
      vertex 135.74372509913607 33.56532249603355 18.6
      vertex 108.31829273481031 27.147635043020966 18.6
    endloop
  endfacet
  facet normal 0 0 -1
    outer loop
      vertex 108.4505057056018 27.012800252732482 18.6
      vertex 108.31829273481031 27.147635043020966 18.6
      vertex 135.74372509913607 33.56532249603355 18.6
    endloop
  endfacet
  facet normal 0 0 -1
    outer loop
      vertex 107.46567439777473 27.61418820887011 18.6
      vertex 133.97164700180292 40.639854818582535 18.6
      vertex 107.6529253578994 27.55537269599456 18.6
    endloop
  endfacet
  facet normal 0 0 -1
    outer loop
      vertex 95.19242089706397 36.72401126996094 18.6
      vertex 109.97449341724456 42.846946187802374 18.6
      vertex 133.97164700180292 40.639854818582535 18.6
    endloop
  endfacet
  facet normal 0 0 -1
    outer loop
      vertex 108.65455447844532 46.033560675355886 18.6
      vertex 108.06107625541912 47.46634385035881 18.6
      vertex 128.9368240907412 54.43475182447654 18.6
    endloop
  endfacet
  facet normal 0 0 -1
    outer loop
      vertex 109.97449341724456 42.846946187802374 18.6
      vertex 109.37718835989472 44.288968158130416 18.6
      vertex 129.6599118450336 52.69034730753823 18.6
    endloop
  endfacet
  facet normal -0.9987954562475146 -0.049067673465521634 0
    outer loop
      vertex 139.64047756046057 7.318247325718403 12
      vertex 139.64047756046057 7.318247325718403 18.6
      vertex 139.32586173713207 13.722399644553661 12
    endloop
  endfacet
  facet normal -0.989176509954098 -0.14673047452738006 0
    outer loop
      vertex 139.32586173713207 13.722399644553661 12
      vertex 139.32586173713207 13.722399644553661 18.6
      vertex 137.30993925780058 27.312645085155964 12
    endloop
  endfacet
  facet normal 0 0 -1
    outer loop
      vertex 111.49470813297731 7.832753075569529 18.6
      vertex 139.5068961189307 10.037360081956132 18.6
      vertex 139.64047756046057 7.318247325718403 18.6
    endloop
  endfacet
  facet normal 0 0 -1
    outer loop
      vertex 110.27894069939397 10.532613562653252 18.6
      vertex 139.32586173713207 13.722399644553661 18.6
      vertex 139.41419979392626 11.924237157763647 18.6
    endloop
  endfacet
  facet normal -0.9987954562476219 -0.049067673463338644 1.2020346635925787e-12
    outer loop
      vertex 139.32586173713207 13.722399644553661 12
      vertex 139.46079340124314 10.97580247579332 16.990000000000002
      vertex 139.46030251161383 10.985794763926458 16.990000000000002
    endloop
  endfacet
  facet normal -0.9987954562475144 -0.04906767346552706 -5.284158208627762e-15
    outer loop
      vertex 139.32586173713207 13.722399644553661 12
      vertex 139.64047756046057 7.318247325718403 18.6
      vertex 139.46079340124314 10.97580247579332 16.990000000000002
    endloop
  endfacet
  facet normal -0.9987954562475143 -0.04906767346552664 -6.557836034991838e-16
    outer loop
      vertex 139.32586173713207 13.722399644553661 12
      vertex 139.46030251161383 10.985794763926458 16.990000000000002
      vertex 139.41419979392626 11.924237157763647 18.6
    endloop
  endfacet
  facet normal -0.9987954562475145 -0.04906767346552366 2.450669062016926e-15
    outer loop
      vertex 139.46079340124314 10.97580247579332 16.990000000000002
      vertex 139.64047756046057 7.318247325718403 18.6
      vertex 139.5068961189307 10.037360081956132 18.6
    endloop
  endfacet
  facet normal -0.989176509954098 -0.14673047452738006 0
    outer loop
      vertex 137.30993925780058 27.312645085155964 12
      vertex 139.32586173713207 13.722399644553661 18.6
      vertex 137.30993925780058 27.312645085155964 18.6
    endloop
  endfacet
  facet normal -0.9987954562475145 -0.04906767346552424 0
    outer loop
      vertex 139.32586173713207 13.722399644553661 12
      vertex 139.41419979392626 11.924237157763647 18.6
      vertex 139.32586173713207 13.722399644553661 18.6
    endloop
  endfacet
  facet normal -0.9415440651938444 -0.3368898533619699 0
    outer loop
      vertex 133.97164700180292 40.639854818582535 12
      vertex 133.97164700180292 40.639854818582535 18.6
      vertex 129.34313455224037 53.575680531561375 12
    endloop
  endfacet
  facet normal -0.9700312531595526 -0.24298018004295707 0
    outer loop
      vertex 133.97164700180292 40.639854818582535 12
      vertex 137.30993925780058 27.312645085155964 12
      vertex 137.30993925780058 27.312645085155964 18.6
    endloop
  endfacet
  facet normal 0 0 -1
    outer loop
      vertex 108.13626174832937 24.0609560353997 18.6
      vertex 136.20257478489506 31.733491868490397 18.6
      vertex 137.30993925780058 27.312645085155964 18.6
    endloop
  endfacet
  facet normal 0 0 -1
    outer loop
      vertex 107.6529253578994 27.55537269599456 18.6
      vertex 133.97164700180292 40.639854818582535 18.6
      vertex 135.74372509913607 33.56532249603355 18.6
    endloop
  endfacet
  facet normal -0.941544065193844 -0.3368898533619709 -2.176483843023274e-15
    outer loop
      vertex 133.97164700180292 40.639854818582535 18.6
      vertex 129.343134552295 53.57568053140867 16.990000000000002
      vertex 129.34313455224037 53.575680531561375 12
    endloop
  endfacet
  facet normal 0 0 -1
    outer loop
      vertex 109.97449341724456 42.846946187802374 18.6
      vertex 129.6599118450336 52.69034730753823 18.6
      vertex 133.97164700180292 40.639854818582535 18.6
    endloop
  endfacet
  facet normal -0.9415440651938446 -0.33688985336196964 9.999958082435557e-15
    outer loop
      vertex 133.97164700180292 40.639854818582535 18.6
      vertex 129.6599118450336 52.69034730753823 18.6
      vertex 129.343134552295 53.57568053140867 16.990000000000002
    endloop
  endfacet
  facet normal -0.9700312531595513 -0.24298018004296273 -1.1793773174150412e-14
    outer loop
      vertex 133.97164700180292 40.639854818582535 12
      vertex 137.30993925780058 27.312645085155964 18.6
      vertex 135.97436490146592 32.64455679225083 16.990000000000002
    endloop
  endfacet
  facet normal -0.9700312531600422 -0.24298018004100255 3.3104854678784214e-12
    outer loop
      vertex 133.97164700180292 40.639854818582535 12
      vertex 135.97436490146592 32.64455679225083 16.990000000000002
      vertex 135.9719349825652 32.65425757227312 16.990000000000002
    endloop
  endfacet
  facet normal -0.970031253159552 -0.2429801800429598 -3.0693956674123135e-15
    outer loop
      vertex 133.97164700180292 40.639854818582535 12
      vertex 135.9719349825652 32.65425757227312 16.990000000000002
      vertex 135.74372509913607 33.56532249603355 18.6
    endloop
  endfacet
  facet normal -0.9700312531595526 -0.2429801800429571 0
    outer loop
      vertex 133.97164700180292 40.639854818582535 12
      vertex 135.74372509913607 33.56532249603355 18.6
      vertex 133.97164700180292 40.639854818582535 18.6
    endloop
  endfacet
  facet normal -0.970031253159554 -0.24298018004295224 2.47541442011341e-14
    outer loop
      vertex 135.97436490146592 32.64455679225083 16.990000000000002
      vertex 137.30993925780058 27.312645085155964 18.6
      vertex 136.20257478489506 31.733491868490397 18.6
    endloop
  endfacet
  facet normal 0 0 1
    outer loop
      vertex 66.51756898313761 44.44561864435673 12
      vertex 123.46897701174021 65.99554315209389 12
      vertex 116.40574572235346 77.77983262389898 12
    endloop
  endfacet
  facet normal 0 0 1
    outer loop
      vertex 70.5537011474371 37.71173894405365 12
      vertex 129.34313455224037 53.575680531561375 12
      vertex 123.46897701174021 65.99554315209389 12
    endloop
  endfacet
  facet normal -0.857728609995264 -0.5141027442015771 0
    outer loop
      vertex 116.40574572235346 77.77983262389898 12
      vertex 123.46897701174021 65.99554315209389 12
      vertex 123.46897701174021 65.99554315209389 18.6
    endloop
  endfacet
  facet normal 0 0 -1
    outer loop
      vertex 94.48265219310514 55.5984594469094 18.6
      vertex 94.66323656029684 55.67534555064992 18.6
      vertex 123.46897701174021 65.99554315209389 18.6
    endloop
  endfacet
  facet normal 0 0 -1
    outer loop
      vertex 94.66323656029684 55.67534555064992 18.6
      vertex 94.83541520838205 55.76956179004618 18.6
      vertex 123.46897701174021 65.99554315209389 18.6
    endloop
  endfacet
  facet normal 0 0 -1
    outer loop
      vertex 94.83541520838205 55.76956179004618 18.6
      vertex 94.9975299628573 55.88020081120895 18.6
      vertex 123.46897701174021 65.99554315209389 18.6
    endloop
  endfacet
  facet normal 0 0 -1
    outer loop
      vertex 94.9975299628573 55.88020081120895 18.6
      vertex 95.14801957001603 56.006197099882996 18.6
      vertex 123.46897701174021 65.99554315209389 18.6
    endloop
  endfacet
  facet normal 0 0 -1
    outer loop
      vertex 95.14801957001603 56.006197099882996 18.6
      vertex 95.28543473267534 56.14633724293181 18.6
      vertex 123.46897701174021 65.99554315209389 18.6
    endloop
  endfacet
  facet normal 0 0 -1
    outer loop
      vertex 95.28543473267534 56.14633724293181 18.6
      vertex 95.40845206770005 56.29927161416942 18.6
      vertex 123.46897701174021 65.99554315209389 18.6
    endloop
  endfacet
  facet normal 0 0 -1
    outer loop
      vertex 95.51588685090573 56.463527371998396 18.6
      vertex 95.60670442660032 56.63752264367951 18.6
      vertex 119.71443439520841 72.25961907070656 18.6
    endloop
  endfacet
  facet normal 0 0 -1
    outer loop
      vertex 95.60670442660032 56.63752264367951 18.6
      vertex 95.68003017188391 56.81958175963098 18.6
      vertex 119.71443439520841 72.25961907070656 18.6
    endloop
  endfacet
  facet normal 0 0 -1
    outer loop
      vertex 95.68003017188391 56.81958175963098 18.6
      vertex 95.7351579197455 57.00795139104255 18.6
      vertex 119.71443439520841 72.25961907070656 18.6
    endloop
  endfacet
  facet normal 0 0 -1
    outer loop
      vertex 95.7351579197455 57.00795139104255 18.6
      vertex 95.77155675983731 57.200817435390434 18.6
      vertex 119.71443439520841 72.25961907070656 18.6
    endloop
  endfacet
  facet normal 0 0 -1
    outer loop
      vertex 95.77155675983731 57.200817435390434 18.6
      vertex 95.78887615143161 57.39632248723623 18.6
      vertex 119.71443439520841 72.25961907070656 18.6
    endloop
  endfacet
  facet normal 0 0 -1
    outer loop
      vertex 95.78887615143161 57.39632248723623 18.6
      vertex 95.78694929931959 57.592583726056745 18.6
      vertex 119.71443439520841 72.25961907070656 18.6
    endloop
  endfacet
  facet normal 0 0 -1
    outer loop
      vertex 95.7865168758464 57.59657235629423 18.6
      vertex 119.71443439520841 72.25961907070656 18.6
      vertex 95.78694929931959 57.592583726056745 18.6
    endloop
  endfacet
  facet normal 0 0 -1
    outer loop
      vertex 70.5537011474371 37.71173894405365 18.6
      vertex 123.46897701174021 65.99554315209389 18.6
      vertex 128.9368240907412 54.43475182447654 18.6
    endloop
  endfacet
  facet normal 0 0 -1
    outer loop
      vertex 95.40845206770005 56.29927161416942 18.6
      vertex 95.51588685090573 56.463527371998396 18.6
      vertex 123.46897701174021 65.99554315209389 18.6
    endloop
  endfacet
  facet normal 0 0 -1
    outer loop
      vertex 92.58330619504301 59.06948342629978 18.6
      vertex 116.40574572235346 77.77983262389898 18.6
      vertex 92.74542094951826 59.18012244746255 18.6
    endloop
  endfacet
  facet normal 0 0 -1
    outer loop
      vertex 92.74542094951826 59.18012244746255 18.6
      vertex 116.40574572235346 77.77983262389898 18.6
      vertex 92.91759959760347 59.27433868685881 18.6
    endloop
  endfacet
  facet normal 0 0 -1
    outer loop
      vertex 92.91759959760347 59.27433868685881 18.6
      vertex 116.40574572235346 77.77983262389898 18.6
      vertex 93.09818396479517 59.35122479059933 18.6
    endloop
  endfacet
  facet normal 0 0 -1
    outer loop
      vertex 93.09818396479517 59.35122479059933 18.6
      vertex 116.40574572235346 77.77983262389898 18.6
      vertex 93.28543492491984 59.41004030347489 18.6
    endloop
  endfacet
  facet normal 0 0 -1
    outer loop
      vertex 93.28543492491984 59.41004030347489 18.6
      vertex 116.40574572235346 77.77983262389898 18.6
      vertex 93.4775491488697 59.45021879994464 18.6
    endloop
  endfacet
  facet normal 0 0 -1
    outer loop
      vertex 93.4775491488697 59.45021879994464 18.6
      vertex 116.40574572235346 77.77983262389898 18.6
      vertex 93.67267647164778 59.4713733391238 18.6
    endloop
  endfacet
  facet normal 0 0 -1
    outer loop
      vertex 93.67267647164778 59.4713733391238 18.6
      vertex 118.74359026058536 73.87937465362131 18.6
      vertex 93.86893771046829 59.473300191235815 18.6
    endloop
  endfacet
  facet normal 0 0 -1
    outer loop
      vertex 93.86893771046829 59.473300191235815 18.6
      vertex 118.74359026058536 73.87937465362131 18.6
      vertex 94.06444276231409 59.45598079964152 18.6
    endloop
  endfacet
  facet normal 0 0 -1
    outer loop
      vertex 94.06444276231409 59.45598079964152 18.6
      vertex 118.74359026058536 73.87937465362131 18.6
      vertex 94.25730880666195 59.41958195954972 18.6
    endloop
  endfacet
  facet normal 0 0 -1
    outer loop
      vertex 94.25730880666195 59.41958195954972 18.6
      vertex 118.74359026058536 73.87937465362131 18.6
      vertex 94.44567843807353 59.36445421168813 18.6
    endloop
  endfacet
  facet normal 0 0 -1
    outer loop
      vertex 94.44567843807353 59.36445421168813 18.6
      vertex 118.74359026058536 73.87937465362131 18.6
      vertex 94.62773755402502 59.29112846640453 18.6
    endloop
  endfacet
  facet normal 0 0 -1
    outer loop
      vertex 94.79514580306711 59.20374901532875 18.6
      vertex 94.62773755402502 59.29112846640453 18.6
      vertex 118.74359026058536 73.87937465362131 18.6
    endloop
  endfacet
  facet normal 0 0 -1
    outer loop
      vertex 93.67267647164778 59.4713733391238 18.6
      vertex 116.40574572235346 77.77983262389898 18.6
      vertex 118.74359026058536 73.87937465362131 18.6
    endloop
  endfacet
  facet normal -0.8577286099949926 -0.5141027442020302 -6.051425048816567e-13
    outer loop
      vertex 116.40574572235346 77.77983262389898 12
      vertex 119.2315829654996 73.06520801242984 16.990000000000002
      vertex 119.22644169029418 73.07378571189804 16.990000000000002
    endloop
  endfacet
  facet normal -0.8577286099952659 -0.514102744201574 3.810188989019315e-15
    outer loop
      vertex 116.40574572235346 77.77983262389898 12
      vertex 119.22644169029418 73.07378571189804 16.990000000000002
      vertex 118.74359026058536 73.87937465362131 18.6
    endloop
  endfacet
  facet normal -0.8577286099952646 -0.5141027442015763 1.76097382152717e-15
    outer loop
      vertex 116.40574572235346 77.77983262389898 12
      vertex 123.46897701174021 65.99554315209389 18.6
      vertex 119.2315829654996 73.06520801242984 16.990000000000002
    endloop
  endfacet
  facet normal -0.8577286099952631 -0.5141027442015786 0
    outer loop
      vertex 116.40574572235346 77.77983262389898 12
      vertex 118.74359026058536 73.87937465362131 18.6
      vertex 116.40574572235346 77.77983262389898 18.6
    endloop
  endfacet
  facet normal 0 0 -1
    outer loop
      vertex 95.51588685090573 56.463527371998396 18.6
      vertex 119.71443439520841 72.25961907070656 18.6
      vertex 123.46897701174021 65.99554315209389 18.6
    endloop
  endfacet
  facet normal -0.8577286099952638 -0.5141027442015778 -6.382986612727894e-15
    outer loop
      vertex 119.2315829654996 73.06520801242984 16.990000000000002
      vertex 123.46897701174021 65.99554315209389 18.6
      vertex 119.71443439520841 72.25961907070656 18.6
    endloop
  endfacet
  facet normal -0.7409511243129933 -0.6715589559966507 0
    outer loop
      vertex 108.22146347165108 88.81505978107452 12
      vertex 108.22146347165108 88.81505978107452 18.6
      vertex 103.91551091521978 93.56594629585743 12
    endloop
  endfacet
  facet normal -0.8032075314337297 -0.5956993045556913 0
    outer loop
      vertex 108.22146347165108 88.81505978107452 12
      vertex 116.40574572235346 77.77983262389898 12
      vertex 116.40574572235346 77.77983262389898 18.6
    endloop
  endfacet
  facet normal 0 0 -1
    outer loop
      vertex 85.21529007776489 70.20109741770054 18.6
      vertex 107.00571651576394 90.15642983622895 18.6
      vertex 108.22146347165108 88.81505978107452 18.6
    endloop
  endfacet
  facet normal -0.7409511243129936 -0.6715589559966502 0
    outer loop
      vertex 103.91551091521978 93.56594629585743 12
      vertex 105.73703913920707 91.55619961095437 18.6
      vertex 103.91551091521978 93.56594629585743 18.6
    endloop
  endfacet
  facet normal -0.7409511243131819 -0.6715589559964426 2.1349736855231536e-13
    outer loop
      vertex 103.91551091521978 93.56594629585743 12
      vertex 106.37473707914452 90.85260836055178 16.990000000000002
      vertex 106.36801857582648 90.86002108663153 16.990000000000002
    endloop
  endfacet
  facet normal -0.740951124312992 -0.6715589559966518 -1.3618394281065888e-15
    outer loop
      vertex 103.91551091521978 93.56594629585743 12
      vertex 108.22146347165108 88.81505978107452 18.6
      vertex 106.37473707914452 90.85260836055178 16.990000000000002
    endloop
  endfacet
  facet normal -0.7409511243129921 -0.6715589559966517 -8.404307316141257e-16
    outer loop
      vertex 103.91551091521978 93.56594629585743 12
      vertex 106.36801857582648 90.86002108663153 16.990000000000002
      vertex 105.73703913920707 91.55619961095437 18.6
    endloop
  endfacet
  facet normal -0.7409511243129936 -0.6715589559966502 2.1331104105041685e-15
    outer loop
      vertex 106.37473707914452 90.85260836055178 16.990000000000002
      vertex 108.22146347165108 88.81505978107452 18.6
      vertex 107.00571651576394 90.15642983622895 18.6
    endloop
  endfacet
  facet normal -0.8032075314337297 -0.5956993045556913 0
    outer loop
      vertex 108.22146347165108 88.81505978107452 12
      vertex 116.40574572235346 77.77983262389898 18.6
      vertex 108.22146347165108 88.81505978107452 18.6
    endloop
  endfacet
  facet normal -0.9039892931352864 -0.4275550934052423 -4.674015247499962e-16
    outer loop
      vertex 129.34313455224037 53.575680531561375 12
      vertex 129.33885384507633 53.58473132642507 16.990000000000002
      vertex 123.46897701174021 65.99554315209389 12
    endloop
  endfacet
  facet normal -0.9039892931352864 -0.4275550934052423 -5.303412279082679e-16
    outer loop
      vertex 123.46897701174021 65.99554315209389 12
      vertex 129.33885384507633 53.58473132642507 16.990000000000002
      vertex 128.9368240907412 54.43475182447654 18.6
    endloop
  endfacet
  facet normal -0.9039892931352864 -0.427555093405242 0
    outer loop
      vertex 123.46897701174021 65.99554315209389 12
      vertex 128.9368240907412 54.43475182447654 18.6
      vertex 123.46897701174021 65.99554315209389 18.6
    endloop
  endfacet
  facet normal -0.941566336729469 -0.3368276021020966 0
    outer loop
      vertex 129.34313455224037 53.575680531561375 12
      vertex 129.343134552295 53.57568053140867 16.990000000000002
      vertex 129.34313455224037 53.575680531561375 16.990000000000002
    endloop
  endfacet
  facet normal -0.9039892931351867 -0.42755509340545284 0
    outer loop
      vertex 129.34313455224037 53.575680531561375 12
      vertex 129.34313455224037 53.575680531561375 16.990000000000002
      vertex 129.33885384507633 53.58473132642507 16.990000000000002
    endloop
  endfacet
  facet normal 0.9238795325112873 0.3826834323650885 5.1172766713278297e-17
    outer loop
      vertex 95.19242089706397 36.72401126996094 18.6
      vertex 94.59511583971413 38.166033240288975 18.6
      vertex 94.90540832279015 37.416920919344406 19.990000000000002
    endloop
  endfacet
  facet normal 0.9238795325112873 0.3826834323650885 0
    outer loop
      vertex 95.19242089706397 36.72401126996094 18.6
      vertex 94.90540832279015 37.416920919344406 19.990000000000002
      vertex 95.19242089706397 36.72401126996094 20
    endloop
  endfacet
  facet normal 0.9238795325112873 0.3826834323650885 0
    outer loop
      vertex 94.90540832279015 37.416920919344406 19.990000000000002
      vertex 94.90540832279015 37.416920919344406 20
      vertex 95.19242089706397 36.72401126996094 20
    endloop
  endfacet
  facet normal 0.9238795325112898 0.3826834323650824 0
    outer loop
      vertex 93.87248195826471 39.91062575751445 18.6
      vertex 93.27900373523853 41.34340893251738 18.6
      vertex 93.27900373523853 41.34340893251738 20
    endloop
  endfacet
  facet normal 0.9238795325112856 0.3826834323650924 -1.1967224887555787e-14
    outer loop
      vertex 93.87248195826471 39.91062575751445 18.6
      vertex 93.27900373523853 41.34340893251738 20
      vertex 93.5621894751887 40.65973807845902 19.990000000000002
    endloop
  endfacet
  facet normal 0.9238795325112857 0.3826834323650922 0
    outer loop
      vertex 93.5621894751887 40.65973807845902 19.990000000000002
      vertex 93.27900373523853 41.34340893251738 20
      vertex 93.5621894751887 40.65973807845902 20
    endloop
  endfacet
  facet normal 0.38268343236508956 -0.9238795325112868 0
    outer loop
      vertex 93.27900373523853 41.34340893251738 18.6
      vertex 108.06107625541912 47.46634385035881 20
      vertex 93.27900373523853 41.34340893251738 20
    endloop
  endfacet
  facet normal -0.38268343236508956 0.9238795325112868 0
    outer loop
      vertex 95.19242089706397 36.72401126996094 18.6
      vertex 95.19242089706397 36.72401126996094 20
      vertex 109.97449341724456 42.846946187802374 18.6
    endloop
  endfacet
  facet normal 0.38268343236508956 -0.9238795325112868 0
    outer loop
      vertex 93.27900373523853 41.34340893251738 18.6
      vertex 108.06107625541912 47.46634385035881 18.6
      vertex 108.06107625541912 47.46634385035881 20
    endloop
  endfacet
  facet normal -0.38268343236508956 0.9238795325112868 0
    outer loop
      vertex 109.97449341724456 42.846946187802374 18.6
      vertex 95.19242089706397 36.72401126996094 20
      vertex 109.97449341724456 42.846946187802374 20
    endloop
  endfacet
  facet normal -0.923879532511288 -0.3826834323650869 0
    outer loop
      vertex 109.97449341724456 42.846946187802374 18.6
      vertex 109.97449341724456 42.846946187802374 20
      vertex 109.37718835989472 44.288968158130416 18.6
    endloop
  endfacet
  facet normal -0.9238795325112873 -0.38268343236508845 -2.0929546977070722e-15
    outer loop
      vertex 109.37718835989472 44.288968158130416 18.6
      vertex 109.97449341724456 42.846946187802374 20
      vertex 109.68748084297074 43.53985583718584 19.990000000000002
    endloop
  endfacet
  facet normal -0.9238795325112873 -0.3826834323650885 0
    outer loop
      vertex 109.68748084297074 43.53985583718584 19.990000000000002
      vertex 109.97449341724456 42.846946187802374 20
      vertex 109.68748084297074 43.53985583718584 20
    endloop
  endfacet
  facet normal -0.9238795325112864 -0.3826834323650901 -6.33483655165949e-15
    outer loop
      vertex 108.65455447844532 46.033560675355886 18.6
      vertex 108.34426199536928 46.78267299630046 19.990000000000002
      vertex 108.06107625541912 47.46634385035881 18.6
    endloop
  endfacet
  facet normal -0.9238795325112912 -0.38268343236507923 0
    outer loop
      vertex 108.06107625541912 47.46634385035881 18.6
      vertex 108.34426199536928 46.78267299630046 19.990000000000002
      vertex 108.06107625541912 47.46634385035881 20
    endloop
  endfacet
  facet normal -0.9238795325112912 -0.38268343236507923 0
    outer loop
      vertex 108.34426199536928 46.78267299630046 19.990000000000002
      vertex 108.34426199536928 46.78267299630046 20
      vertex 108.06107625541912 47.46634385035881 20
    endloop
  endfacet
  facet normal 0 0 1
    outer loop
      vertex 104.8 3 6.8
      vertex 104.8 0 6.8
      vertex 115.2 3 6.8
    endloop
  endfacet
  facet normal 1 0 0
    outer loop
      vertex 104.8 3 6.8
      vertex 104.8 3 11.2
      vertex 104.8 0 6.8
    endloop
  endfacet
  facet normal 0 -1 0
    outer loop
      vertex 104.8 3 6.8
      vertex 115.2 3 6.8
      vertex 104.8 3 11.2
    endloop
  endfacet
  facet normal 1 0 0
    outer loop
      vertex 104.8 3 11.2
      vertex 104.8 0 11.2
      vertex 104.8 0 6.8
    endloop
  endfacet
  facet normal 0 0 1
    outer loop
      vertex 115.2 3 6.8
      vertex 104.8 0 6.8
      vertex 115.2 0 6.8
    endloop
  endfacet
  facet normal -1 0 0
    outer loop
      vertex 115.2 3 6.8
      vertex 115.2 0 6.8
      vertex 115.2 0 11.2
    endloop
  endfacet
  facet normal 0 -1 0
    outer loop
      vertex 115.2 3 6.8
      vertex 115.2 3 11.2
      vertex 104.8 3 11.2
    endloop
  endfacet
  facet normal -1 0 0
    outer loop
      vertex 115.2 3 6.8
      vertex 115.2 0 11.2
      vertex 115.2 3 11.2
    endloop
  endfacet
  facet normal 0 0 -1
    outer loop
      vertex 104.8 3 11.2
      vertex 115.2 0 11.2
      vertex 104.8 0 11.2
    endloop
  endfacet
  facet normal 0 0 -1
    outer loop
      vertex 104.8 3 11.2
      vertex 115.2 3 11.2
      vertex 115.2 0 11.2
    endloop
  endfacet
endsolid OpenSCAD_Model
